ticker,signal_type,signal_date,entry_date,entry_open,regime,swing_start,swing_low,swing_distance_pct,stop_hit_20d,days_to_stop,mfe_20d_pct,mae_20d_pct,mfe_before_stop_pct,mae_before_stop_pct,ret_5d_pct,ret_10d_pct,ret_15d_pct,ret_20d_pct,hit_2pct_before_stop,days_to_2pct,hit_3pct_before_stop,days_to_3pct,hit_5pct_before_stop,days_to_5pct
CINF,V0.1,2015-01-08,2015-01-09,47.955,GREEN,2015-01-07,46.18,3.8436552620181974,False,,0.5526013971431487,-4.1247002398081545,0.5526013971431487,-4.1247002398081545,-1.2595141278281652,0.14597018037743048,-1.8517360025023466,-1.5097487227609174,False,,False,,False,
HRL,STOCH_ONLY_CONTROL,2015-01-08,2015-01-09,24.623,GREEN,2015-01-07,24.031,2.4634846656402143,True,1.0,4.849124802014382,-3.452057019859489,0.5401453925191868,-2.944401575762501,-0.3736344068553832,3.045932664581885,0.10559233237217303,2.7250944239125996,False,,False,,False,
NUE,STOCH_ONLY_CONTROL,2015-01-08,2015-01-09,44.134,GREEN,2015-01-05,42.104,4.821394641839261,True,2.0,1.9146236461684785,-10.615398558934164,0.16767118321474594,-5.76879503330765,-7.520279149861786,-7.703811120677928,-7.95531789550007,0.04531653600399199,False,,False,,False,
APD,STOCH_ONLY_CONTROL,2015-01-16,2015-01-20,130.95,GREEN,2015-01-15,127.33,2.8430063614230727,False,,9.400534555173735,-1.8174875906834642,9.400534555173735,-1.8174875906834642,0.6338297059946596,5.276823214967563,6.613211149293652,9.16380297823598,True,2.0,True,7.0,True,7.0
PG,STOCH_ONLY_CONTROL,2015-01-16,2015-01-20,82.955,GREEN,2015-01-13,81.219,2.1374308967113675,True,5.0,1.1958290639503488,-7.643903321077683,1.1958290639503488,-5.061780483394607,-4.542221686456516,-5.137725272738236,-5.754927370260987,-4.7965764571152985,False,,False,,False,
PG,V0.1,2015-01-16,2015-01-20,82.955,GREEN,2015-01-13,81.219,2.1374308967113675,True,5.0,1.1958290639503488,-7.643903321077683,1.1958290639503488,-5.061780483394607,-4.542221686456516,-5.137725272738236,-5.754927370260987,-4.7965764571152985,False,,False,,False,
BEN,STOCH_ONLY_CONTROL,2015-01-21,2015-01-22,50.002,GREEN,2015-01-13,48.06,4.040782355389094,False,,3.6938522459101453,-3.6198552057917777,3.6938522459101453,-3.6198552057917777,0.22999080036798514,1.751929922803086,2.1899124035038575,3.1018759249629824,True,0.0,True,0.0,False,
BEN,V0.1,2015-01-21,2015-01-22,50.002,GREEN,2015-01-13,48.06,4.040782355389094,False,,3.6938522459101453,-3.6198552057917777,3.6938522459101453,-3.6198552057917777,0.22999080036798514,1.751929922803086,2.1899124035038575,3.1018759249629824,True,0.0,True,0.0,False,
GPC,STOCH_ONLY_CONTROL,2015-01-21,2015-01-22,90.918,GREEN,2015-01-12,87.104,4.378673769287289,True,6.0,0.8029213137112468,-6.513561670956259,0.8029213137112468,-5.50716029829077,-2.869618777359828,-2.332871378604906,-1.476055346576055,-1.9963043621725185,False,,False,,False,
GPC,V0.1,2015-01-21,2015-01-22,90.918,GREEN,2015-01-12,87.104,4.378673769287289,True,6.0,0.8029213137112468,-6.513561670956259,0.8029213137112468,-5.50716029829077,-2.869618777359828,-2.332871378604906,-1.476055346576055,-1.9963043621725185,False,,False,,False,
GWW,STOCH_ONLY_CONTROL,2015-01-21,2015-01-22,229.07,GREEN,2015-01-13,219.55,4.33614210885902,True,2.0,0.9953289387523379,-6.60060243593662,0.9953289387523379,-4.775832714890649,-3.7936002095429355,-1.680708953594967,-4.020605055223281,-2.4533985244685086,False,,False,,False,
GWW,V0.1,2015-01-21,2015-01-22,229.07,GREEN,2015-01-13,219.55,4.33614210885902,True,2.0,0.9953289387523379,-6.60060243593662,0.9953289387523379,-4.775832714890649,-3.7936002095429355,-1.680708953594967,-4.020605055223281,-2.4533985244685086,False,,False,,False,
SWK,STOCH_ONLY_CONTROL,2015-01-21,2015-01-22,88.074,GREEN,2015-01-15,85.584,2.9094223219293225,False,,6.623975293503204,-3.1382700910597805,6.623975293503204,-3.1382700910597805,2.764720575879376,3.398278720167136,4.6052183391239065,6.387810250471193,True,5.0,True,5.0,True,16.0
SWK,V0.1,2015-01-21,2015-01-22,88.074,GREEN,2015-01-15,85.584,2.9094223219293225,False,,6.623975293503204,-3.1382700910597805,6.623975293503204,-3.1382700910597805,2.764720575879376,3.398278720167136,4.6052183391239065,6.387810250471193,True,5.0,True,5.0,True,16.0
TROW,STOCH_ONLY_CONTROL,2015-01-21,2015-01-22,73.674,GREEN,2015-01-14,71.323,3.2962718898532195,True,5.0,4.168363330347202,-4.70586638434185,4.168363330347202,-4.70586638434185,-3.2033010288568753,-0.07601053288814885,0.5700789966609499,2.101148301978961,True,0.0,True,2.0,False,
TROW,V0.1,2015-01-21,2015-01-22,73.674,GREEN,2015-01-14,71.323,3.2962718898532195,True,5.0,4.168363330347202,-4.70586638434185,4.168363330347202,-4.70586638434185,-3.2033010288568753,-0.07601053288814885,0.5700789966609499,2.101148301978961,True,0.0,True,2.0,False,
ADM,STOCH_ONLY_CONTROL,2015-01-23,2015-01-26,44.088,GREEN,2015-01-07,43.063,2.3802336112207723,True,7.0,2.96679368535655,-3.79241516966069,2.5607875158773385,-3.79241516966069,1.0320268553801526,-0.6237524950099771,0.7915986209399373,2.6492469606242075,True,1.0,False,,False,
ADM,V0.1,2015-01-23,2015-01-26,44.088,GREEN,2015-01-07,43.063,2.3802336112207723,True,7.0,2.96679368535655,-3.79241516966069,2.5607875158773385,-3.79241516966069,1.0320268553801526,-0.6237524950099771,0.7915986209399373,2.6492469606242075,True,1.0,False,,False,
ABT,STOCH_ONLY_CONTROL,2015-01-29,2015-01-30,42.599,GREEN,2015-01-27,40.674,4.732753110094889,False,,5.457874597995271,-2.467194065588385,5.457874597995271,-2.467194065588385,0.21596751097445743,1.5188149956571806,4.225451301673755,4.007136317753934,True,11.0,True,14.0,True,17.0
CL,STOCH_ONLY_CONTROL,2015-01-29,2015-01-30,64.285,GREEN,2015-01-27,61.011,5.366245431151739,False,,4.301158901765567,-2.003577817531299,4.301158901765567,-2.003577817531299,1.390682118690223,2.5309170101890155,3.408260091778792,3.8920432449249587,True,3.0,True,11.0,False,
ABBV,STOCH_ONLY_CONTROL,2015-02-02,2015-02-03,55.815,GREEN,2015-01-22,53.142,5.029919837416719,True,1.0,0.48732419600467924,-10.42192958882021,0.26157842873779646,-8.033682701782663,-7.648481590970169,-3.830511511242496,-1.5909701693093248,-2.157126220550032,False,,False,,False,
PEP,STOCH_ONLY_CONTROL,2015-02-02,2015-02-03,88.78,GREEN,2015-01-30,86.504,2.631092203828711,False,,4.938049110159937,-0.45731020500113795,4.938049110159937,-0.45731020500113795,2.048884883982871,3.4455958549222787,3.623563865735524,2.073665239918898,True,5.0,True,6.0,False,
WBA,STOCH_ONLY_CONTROL,2015-02-02,2015-02-03,71.133,GREEN,2015-01-29,69.128,2.9004166184469327,False,,12.36416290610547,-1.2132203056246738,12.36416290610547,-1.2132203056246738,2.093261917815936,3.992521052113651,6.961607130305203,10.987867796943762,True,3.0,True,6.0,True,6.0
BDX,STOCH_ONLY_CONTROL,2015-02-03,2015-02-04,134.46,GREEN,2015-01-30,130.03,3.4069060985926436,False,,6.63394318012791,-1.100699092666979,6.63394318012791,-1.100699092666979,0.8478357875948195,1.9485348802617874,5.615052803807807,6.299271158708919,True,1.0,True,1.0,True,13.0
JNJ,STOCH_ONLY_CONTROL,2015-02-03,2015-02-04,94.595,GREEN,2015-01-30,92.049,2.765918152288438,True,6.0,1.9546487657910117,-4.8734076853956365,0.42496960727311794,-4.8734076853956365,-1.7125640890110483,-1.397536867699145,1.3753369628416001,1.0920238913261882,False,,False,,False,
JNJ,V0.1,2015-02-03,2015-02-04,94.595,GREEN,2015-01-30,92.049,2.765918152288438,True,6.0,1.9546487657910117,-4.8734076853956365,0.42496960727311794,-4.8734076853956365,-1.7125640890110483,-1.397536867699145,1.3753369628416001,1.0920238913261882,False,,False,,False,
SYY,STOCH_ONLY_CONTROL,2015-02-03,2015-02-04,36.689,GREEN,2015-01-30,35.245,4.097035040431285,False,,2.2731608929106972,-2.9518384256861707,2.2731608929106972,-2.9518384256861707,-1.668074899833738,-2.5702526642862877,-1.1065987080596362,-1.1583853471067496,True,3.0,False,,False,
KMB,STOCH_ONLY_CONTROL,2015-02-04,2015-02-05,101.22,GREEN,2015-01-27,98.876,2.370646061733872,False,,1.5807152736613261,-2.433313574392404,1.5807152736613261,-2.433313574392404,0.06915629322268302,0.7804781663702798,-0.4149377593360981,-2.1981821774352817,False,,False,,False,
KMB,V0.1,2015-02-04,2015-02-05,101.22,GREEN,2015-01-27,98.876,2.370646061733872,False,,1.5807152736613261,-2.433313574392404,1.5807152736613261,-2.433313574392404,0.06915629322268302,0.7804781663702798,-0.4149377593360981,-2.1981821774352817,False,,False,,False,
KO,STOCH_ONLY_CONTROL,2015-02-04,2015-02-05,38.218,GREEN,2015-01-29,37.393,2.2062952959110094,False,,4.448165785755398,-1.8237479721597172,4.448165785755398,-1.8237479721597172,0.8817834528232593,0.40556805693650055,3.592548014024799,-0.6724580040818551,True,3.0,True,15.0,False,
KO,V0.1,2015-02-04,2015-02-05,38.218,GREEN,2015-01-29,37.393,2.2062952959110094,False,,4.448165785755398,-1.8237479721597172,4.448165785755398,-1.8237479721597172,0.8817834528232593,0.40556805693650055,3.592548014024799,-0.6724580040818551,True,3.0,True,15.0,False,
VFC,STOCH_ONLY_CONTROL,2015-02-04,2015-02-05,64.883,GREEN,2015-01-20,63.77,1.7453347969264454,False,,12.212752184701703,-2.1746836613596665,12.212752184701703,-2.1746836613596665,2.3642556601883413,9.285945471078726,10.52664026016059,7.849513740116842,True,1.0,True,6.0,True,6.0
ABBV,V0.1,2015-02-12,2015-02-13,51.965,GREEN,2015-02-06,49.998,3.934157366294655,False,,7.932262099490051,-4.479938420090446,7.932262099490051,-4.479938420090446,5.61339363032809,5.422880785143835,-3.157894736842115,3.086692966419702,True,1.0,True,2.0,True,4.0
HCP,STOCH_ONLY_CONTROL,2015-02-18,2015-02-19,37.291,GREEN,2015-02-04,35.588,4.785320894683598,True,11.0,0.46123729586229345,-8.404172588560243,0.46123729586229345,-7.712316644766826,-4.043871175350611,-3.668445469416204,-7.371751897240609,-5.282776004934164,False,,False,,False,
HCP,V0.1,2015-02-18,2015-02-19,37.291,GREEN,2015-02-04,35.588,4.785320894683598,True,11.0,0.46123729586229345,-8.404172588560243,0.46123729586229345,-7.712316644766826,-4.043871175350611,-3.668445469416204,-7.371751897240609,-5.282776004934164,False,,False,,False,
ED,STOCH_ONLY_CONTROL,2015-02-20,2015-02-23,58.371,GREEN,2015-02-06,56.793,2.7785114362685492,True,5.0,2.9620873378903845,-7.1628034469171435,2.9620873378903845,-4.043103595963748,-3.558273800346068,-5.740864470370555,-3.717599492898871,-4.010553185657262,True,1.0,False,,False,
ED,V0.1,2015-02-20,2015-02-23,58.371,GREEN,2015-02-06,56.793,2.7785114362685492,True,5.0,2.9620873378903845,-7.1628034469171435,2.9620873378903845,-4.043103595963748,-3.558273800346068,-5.740864470370555,-3.717599492898871,-4.010553185657262,True,1.0,False,,False,
BCR,STOCH_ONLY_CONTROL,2015-03-05,2015-03-06,167.54,GREEN,2015-03-02,163.79,2.2895170645338636,True,2.0,2.106959532052044,-3.3424853766264695,0.12534320162349566,-2.5188014802435266,-2.2143965620150308,1.1818073295929432,-1.0325892324220987,-0.907246030798603,False,,False,,False,
CB,STOCH_ONLY_CONTROL,2015-03-09,2015-03-10,104.56,GREEN,2015-03-06,104.6,-0.03824091778201755,True,0.0,3.136954858454466,-1.4824024483550136,0.22953328232593329,-1.4824024483550136,1.4345830145371163,0.5451415455240971,0.35386381025248603,0.11476664116296664,False,,False,,False,
CLX,STOCH_ONLY_CONTROL,2015-03-11,2015-03-12,100.37,GREEN,2015-03-10,99.297,1.0805965940562157,False,,4.652784696622492,-0.2191890006974173,4.652784696622492,-0.2191890006974173,1.7634751419746797,1.8132908239513634,2.3313739165089054,2.759788781508421,True,2.0,True,6.0,False,
ABBV,STOCH_ONLY_CONTROL,2015-03-12,2015-03-13,52.663,GREEN,2015-03-09,49.637,6.096258839172375,False,,7.836621536942445,-3.081860129502678,7.836621536942445,-3.081860129502678,3.921159068036384,-0.8108159428821038,-0.8772762660691491,6.171315724512461,True,1.0,True,2.0,True,4.0
ABT,STOCH_ONLY_CONTROL,2015-03-12,2015-03-13,44.297,GREEN,2015-03-11,43.359,2.1633340252311895,True,13.0,1.3522360430729075,-3.5171682055218145,1.3522360430729075,-3.5171682055218145,0.5485698805788308,-0.912025645077541,-1.9324107727385464,-0.936858026502918,False,,False,,False,
GPC,STOCH_ONLY_CONTROL,2015-03-12,2015-03-13,88.228,GREEN,2015-03-05,85.659,2.9991010868676726,True,13.0,2.048102643151828,-4.234483383959731,2.048102643151828,-4.234483383959731,1.2751054087137836,-1.8905562859863,-1.5289930634265647,-1.9948315727433386,True,6.0,False,,False,
ADP,STOCH_ONLY_CONTROL,2015-03-13,2015-03-16,81.564,GREEN,2015-03-06,79.794,2.21821189563125,True,8.0,1.7336079642979785,-3.0172625177774526,1.7336079642979785,-3.0172625177774526,0.9133931636506443,-0.7270364376440464,-0.7687214947771026,-1.0396743661419294,False,,False,,False,
ADP,V0.1,2015-03-13,2015-03-16,81.564,GREEN,2015-03-06,79.794,2.21821189563125,True,8.0,1.7336079642979785,-3.0172625177774526,1.7336079642979785,-3.0172625177774526,0.9133931636506443,-0.7270364376440464,-0.7687214947771026,-1.0396743661419294,False,,False,,False,
HRL,STOCH_ONLY_CONTROL,2015-03-13,2015-03-16,26.461,GREEN,2015-03-12,26.106,1.359840649659061,False,,5.317259362835869,-1.458750614111326,5.317259362835869,-1.458750614111326,2.588715468047331,3.268961868410125,4.406485015683459,4.640792109141767,True,4.0,True,5.0,True,16.0
ITW,STOCH_ONLY_CONTROL,2015-03-13,2015-03-16,92.268,GREEN,2015-03-10,90.61,1.829820108155844,False,,2.28356526639788,-2.1741015303247013,2.28356526639788,-2.1741015303247013,-0.009754194303546182,0.48554211644340484,0.5386482854293995,2.1285819569081266,True,2.0,False,,False,
ITW,V0.1,2015-03-13,2015-03-16,92.268,GREEN,2015-03-10,90.61,1.829820108155844,False,,2.28356526639788,-2.1741015303247013,2.28356526639788,-2.1741015303247013,-0.009754194303546182,0.48554211644340484,0.5386482854293995,2.1285819569081266,True,2.0,False,,False,
KMB,STOCH_ONLY_CONTROL,2015-03-13,2015-03-16,98.213,GREEN,2015-03-06,96.074,2.226408809875724,False,,3.9577245374848635,-1.2981988127844457,3.9577245374848635,-1.2981988127844457,2.8377098754747365,1.6667854561005058,0.9275757791738393,1.585329844317962,True,4.0,True,5.0,False,
KMB,V0.1,2015-03-13,2015-03-16,98.213,GREEN,2015-03-06,96.074,2.226408809875724,False,,3.9577245374848635,-1.2981988127844457,3.9577245374848635,-1.2981988127844457,2.8377098754747365,1.6667854561005058,0.9275757791738393,1.585329844317962,True,4.0,True,5.0,False,
LEG,STOCH_ONLY_CONTROL,2015-03-13,2015-03-16,42.458,GREEN,2015-03-12,40.967,3.6395147313691423,False,,3.0995336567902543,-2.2327947618823285,3.0995336567902543,-2.2327947618823285,1.6698855339394303,0.9892128691883828,0.3509350416882606,-0.6806726647510475,True,3.0,True,5.0,False,
PEP,STOCH_ONLY_CONTROL,2015-03-13,2015-03-16,88.014,GREEN,2015-03-05,86.983,1.1852890794752824,False,,2.749562569591202,-2.454155020792148,2.749562569591202,-2.454155020792148,1.3656918217556324,2.0746699388733747,1.745176903674417,2.0417206353534834,True,6.0,False,,False,
PEP,V0.1,2015-03-13,2015-03-16,88.014,GREEN,2015-03-05,86.983,1.1852890794752824,False,,2.749562569591202,-2.454155020792148,2.749562569591202,-2.454155020792148,1.3656918217556324,2.0746699388733747,1.745176903674417,2.0417206353534834,True,6.0,False,,False,
PPG,STOCH_ONLY_CONTROL,2015-03-13,2015-03-16,109.71,GREEN,2015-03-10,107.92,1.658636026686433,True,7.0,1.5039649986327674,-3.7918147844316796,1.5039649986327674,-2.807401330781145,-0.9935283930361805,-1.8503326952875598,-1.6771488469601525,-0.3190228784978544,False,,False,,False,
PPG,V0.1,2015-03-13,2015-03-16,109.71,GREEN,2015-03-10,107.92,1.658636026686433,True,7.0,1.5039649986327674,-3.7918147844316796,1.5039649986327674,-2.807401330781145,-0.9935283930361805,-1.8503326952875598,-1.6771488469601525,-0.3190228784978544,False,,False,,False,
SHW,STOCH_ONLY_CONTROL,2015-03-13,2015-03-16,278.14,GREEN,2015-03-11,273.37,1.7448878808940194,True,8.0,2.3369526137916097,-3.4982382972603587,1.459696555691381,-3.4982382972603587,0.704681095851023,-0.5572733155964626,0.6147983030128756,1.5280074782483721,False,,False,,False,
SHW,V0.1,2015-03-13,2015-03-16,278.14,GREEN,2015-03-11,273.37,1.7448878808940194,True,8.0,2.3369526137916097,-3.4982382972603587,1.459696555691381,-3.4982382972603587,0.704681095851023,-0.5572733155964626,0.6147983030128756,1.5280074782483721,False,,False,,False,
SWK,STOCH_ONLY_CONTROL,2015-03-13,2015-03-16,90.658,GREEN,2015-03-10,90.37,0.3186898306960284,True,1.0,2.1299830130821373,-2.03843014405789,0.2603190010809886,-2.03843014405789,0.8074301219969549,1.0390699110944368,0.9850206269716999,0.7434534183414554,False,,False,,False,
SWK,V0.1,2015-03-13,2015-03-16,90.658,GREEN,2015-03-10,90.37,0.3186898306960284,True,1.0,2.1299830130821373,-2.03843014405789,0.2603190010809886,-2.03843014405789,0.8074301219969549,1.0390699110944368,0.9850206269716999,0.7434534183414554,False,,False,,False,
SYY,STOCH_ONLY_CONTROL,2015-03-13,2015-03-16,35.865,GREEN,2015-03-10,35.419,1.2592111578531462,True,3.0,0.5437055625261422,-3.3514568520842225,0.12547051442910462,-1.7565872020075313,-0.07528230865746499,-1.1097169942841267,-1.0818346577443294,-1.5279520423811532,False,,False,,False,
SYY,V0.1,2015-03-13,2015-03-16,35.865,GREEN,2015-03-10,35.419,1.2592111578531462,True,3.0,0.5437055625261422,-3.3514568520842225,0.12547051442910462,-1.7565872020075313,-0.07528230865746499,-1.1097169942841267,-1.0818346577443294,-1.5279520423811532,False,,False,,False,
WMT,STOCH_ONLY_CONTROL,2015-03-13,2015-03-16,76.851,GREEN,2015-03-04,75.071,2.371088702694779,True,15.0,1.7579471965231352,-3.359748083954661,1.7579471965231352,-2.7898140557702678,1.0461802709138546,0.09498900469742111,-2.365616582738028,-2.7898140557702678,False,,False,,False,
WMT,V0.1,2015-03-13,2015-03-16,76.851,GREEN,2015-03-04,75.071,2.371088702694779,True,15.0,1.7579471965231352,-3.359748083954661,1.7579471965231352,-2.7898140557702678,1.0461802709138546,0.09498900469742111,-2.365616582738028,-2.7898140557702678,False,,False,,False,
APD,STOCH_ONLY_CONTROL,2015-03-16,2015-03-17,141.51,GREEN,2015-03-10,140.39,0.79777761948856,True,6.0,2.275457564836403,-2.2330577344357283,2.275457564836403,-1.3002614656208111,-0.09186629920147071,-0.15546604480248805,-0.36746519680587175,0.5299978800084704,True,1.0,False,,False,
BCR,V0.1,2015-03-16,2015-03-17,165.64,GREEN,2015-03-10,162.17,2.1397299130542002,False,,3.278193673025842,-2.2337599613619807,3.278193673025842,-2.2337599613619807,0.549384206713377,-0.11470659261048066,0.821057715527651,1.0685824680028988,True,2.0,True,3.0,False,
CL,STOCH_ONLY_CONTROL,2015-03-16,2015-03-17,64.471,GREEN,2015-03-10,63.665,1.2660017277939195,False,,3.0664950132617497,-2.43520342479564,3.0664950132617497,-2.43520342479564,1.1121279334894707,1.152456143072067,1.9714290145957047,1.9435094848846868,True,4.0,True,5.0,False,
CL,V0.1,2015-03-16,2015-03-17,64.471,GREEN,2015-03-10,63.665,1.2660017277939195,False,,3.0664950132617497,-2.43520342479564,3.0664950132617497,-2.43520342479564,1.1121279334894707,1.152456143072067,1.9714290145957047,1.9435094848846868,True,4.0,True,5.0,False,
MDT,STOCH_ONLY_CONTROL,2015-03-16,2015-03-17,73.147,GREEN,2015-03-10,71.615,2.1392166445577177,False,,2.686371279751709,-1.7061533624072145,2.686371279751709,-1.7061533624072145,1.6774440510205268,1.1333342447400252,-0.9433059455616899,1.029433879721653,True,5.0,False,,False,
MDT,V0.1,2015-03-16,2015-03-17,73.147,GREEN,2015-03-10,71.615,2.1392166445577177,False,,2.686371279751709,-1.7061533624072145,2.686371279751709,-1.7061533624072145,1.6774440510205268,1.1333342447400252,-0.9433059455616899,1.029433879721653,True,5.0,False,,False,
MKC,STOCH_ONLY_CONTROL,2015-03-16,2015-03-17,68.545,GREEN,2015-03-10,67.71,1.2332004135283015,False,,9.52658837260194,-1.6879422277335965,9.52658837260194,-1.6879422277335965,4.0002917791231996,6.759063389014508,8.413451017579687,7.939309942373618,True,5.0,True,5.0,True,5.0
MMM,STOCH_ONLY_CONTROL,2015-03-16,2015-03-17,155.19,GREEN,2015-03-10,151.56,2.3950910530482927,False,,1.3209614021522098,-2.6097042335202048,1.3209614021522098,-2.6097042335202048,0.4768348476061668,-0.34151685031251766,0.451059990978786,0.5541594174882425,False,,False,,False,
PG,STOCH_ONLY_CONTROL,2015-03-16,2015-03-17,76.322,GREEN,2015-03-06,73.987,3.1559598307810965,False,,2.0976913602893,-2.29029637588114,2.0976913602893,-2.29029637588114,0.6708419590681691,-1.703309661696495,-0.7088388669060031,0.17950263357877638,True,4.0,False,,False,
PG,V0.1,2015-03-16,2015-03-17,76.322,GREEN,2015-03-06,73.987,3.1559598307810965,False,,2.0976913602893,-2.29029637588114,2.0976913602893,-2.29029637588114,0.6708419590681691,-1.703309661696495,-0.7088388669060031,0.17950263357877638,True,4.0,False,,False,
APD,V0.1,2015-03-18,2015-03-19,142.83,GREEN,2015-03-17,139.67,2.262475835898914,False,,1.0572008681649425,-3.136595953231125,1.0572008681649425,-3.136595953231125,-1.680319260659524,-1.2392354547364093,-0.6581250437583286,-2.0023804522859456,False,,False,,False,
BDX,STOCH_ONLY_CONTROL,2015-03-18,2015-03-19,139.03,GREEN,2015-03-11,134.55,3.3296172426607207,False,,2.1434222829604943,-3.474070344529967,2.1434222829604943,-3.474070344529967,-1.136445371502559,-2.4886715097460987,-1.136445371502559,-2.2872761274545073,True,3.0,False,,False,
BDX,V0.1,2015-03-18,2015-03-19,139.03,GREEN,2015-03-11,134.55,3.3296172426607207,False,,2.1434222829604943,-3.474070344529967,2.1434222829604943,-3.474070344529967,-1.136445371502559,-2.4886715097460987,-1.136445371502559,-2.2872761274545073,True,3.0,False,,False,
HRL,V0.1,2015-03-18,2015-03-19,26.674,GREEN,2015-03-17,26.075,2.297219558964536,False,,4.701207168028798,-0.6410737047311987,4.701207168028798,-0.6410737047311987,1.199670090725058,2.5530479118242466,3.5202819224713133,1.0872010197195747,True,2.0,True,10.0,False,
KO,STOCH_ONLY_CONTROL,2015-03-18,2015-03-19,37.317,GREEN,2015-03-09,36.515,2.1963576612351154,False,,2.797652544416751,-1.3318326767960964,2.797652544416751,-1.3318326767960964,-0.32156925797892644,0.4957526060508588,0.9861457244687566,-0.44483747353751824,True,11.0,False,,False,
KO,V0.1,2015-03-18,2015-03-19,37.317,GREEN,2015-03-09,36.515,2.1963576612351154,False,,2.797652544416751,-1.3318326767960964,2.797652544416751,-1.3318326767960964,-0.32156925797892644,0.4957526060508588,0.9861457244687566,-0.44483747353751824,True,11.0,False,,False,
MKC,V0.1,2015-03-18,2015-03-19,68.736,GREEN,2015-03-17,67.388,2.0003561464949193,False,,9.222241620111738,-0.7739757914339118,9.222241620111738,-0.7739757914339118,6.1016061452513926,6.668994413407803,7.9041550279329575,6.129248137802601,True,3.0,True,3.0,True,3.0
VFC,STOCH_ONLY_CONTROL,2015-03-18,2015-03-19,69.432,GREEN,2015-03-10,67.863,2.3120109632642327,False,,3.478223297614913,-1.2040557667934104,3.478223297614913,-1.2040557667934104,-0.040327226639025326,2.124380689019456,2.2597649498790284,-0.23044129508007494,True,2.0,True,2.0,False,
VFC,V0.1,2015-03-18,2015-03-19,69.432,GREEN,2015-03-10,67.863,2.3120109632642327,False,,3.478223297614913,-1.2040557667934104,3.478223297614913,-1.2040557667934104,-0.040327226639025326,2.124380689019456,2.2597649498790284,-0.23044129508007494,True,2.0,True,2.0,False,
TROW,STOCH_ONLY_CONTROL,2015-04-01,2015-04-02,74.127,GREEN,2015-03-27,73.032,1.4993427538613213,False,,4.66226880893601,-1.0293145547506155,4.66226880893601,-1.0293145547506155,1.4798926167253645,3.284902936851619,3.4737679927691723,2.1193357346176223,True,4.0,True,7.0,False,
ABBV,V0.1,2015-04-07,2015-04-08,53.006,GREEN,2015-04-06,51.357,3.210857332009276,False,,14.894540240727473,-0.9395162811757118,14.894540240727473,-0.9395162811757118,6.914311587367461,11.206278534505532,13.119269516658495,10.208278308116059,True,1.0,True,1.0,True,2.0
CTAS,STOCH_ONLY_CONTROL,2015-04-09,2015-04-10,79.025,GREEN,2015-03-26,77.876,1.4754224664851767,True,14.0,0.9528630180322573,-2.8598544764315115,0.9528630180322573,-2.8598544764315115,-0.574501739955724,0.34039860803543043,-0.7099019297690745,0.6833280607402514,False,,False,,False,
CTAS,V0.1,2015-04-09,2015-04-10,79.025,GREEN,2015-03-26,77.876,1.4754224664851767,True,14.0,0.9528630180322573,-2.8598544764315115,0.9528630180322573,-2.8598544764315115,-0.574501739955724,0.34039860803543043,-0.7099019297690745,0.6833280607402514,False,,False,,False,
LEG,STOCH_ONLY_CONTROL,2015-04-15,2015-04-16,41.909,GREEN,2015-04-14,41.51,0.9612141652613815,True,0.0,5.428428261232665,-5.807821708940796,0.08590040325466841,-1.3815648190126262,-1.8945811162280113,-5.521487031425232,2.956405545348262,5.270944188599125,False,,False,,False,
LEG,V0.1,2015-04-15,2015-04-16,41.909,GREEN,2015-04-14,41.51,0.9612141652613815,True,0.0,5.428428261232665,-5.807821708940796,0.08590040325466841,-1.3815648190126262,-1.8945811162280113,-5.521487031425232,2.956405545348262,5.270944188599125,False,,False,,False,
LOW,STOCH_ONLY_CONTROL,2015-04-22,2015-04-23,69.765,GREEN,2015-04-21,69.393,0.5360771259348862,True,2.0,1.3430803411452752,-7.333189994983158,1.3029456030961173,-1.58962230344728,-5.607396258869068,-0.9044649896079671,-0.9460331111588838,-5.798036264602602,False,,False,,False,
LOW,V0.1,2015-04-22,2015-04-23,69.765,GREEN,2015-04-21,69.393,0.5360771259348862,True,2.0,1.3430803411452752,-7.333189994983158,1.3029456030961173,-1.58962230344728,-5.607396258869068,-0.9044649896079671,-0.9460331111588838,-5.798036264602602,False,,False,,False,
VFC,STOCH_ONLY_CONTROL,2015-04-22,2015-04-23,69.346,GREEN,2015-04-20,69.149,0.28489204471504603,True,2.0,0.7484209615550963,-6.105615320278035,0.7484209615550963,-0.7022755458137575,-1.8818677357021363,-3.8589103913708067,-4.386698583912551,-3.44071756121479,False,,False,,False,
CLX,STOCH_ONLY_CONTROL,2015-04-23,2015-04-24,102.33,GREEN,2015-04-20,101.61,0.7085916740478204,True,3.0,1.8274210886348063,-3.3235610280465178,0.44952604319359324,-1.983777973223888,-2.6189778168669964,-1.319261213720313,0.14658457930225577,0.6742890647903899,False,,False,,False,
CLX,V0.1,2015-04-23,2015-04-24,102.33,GREEN,2015-04-20,101.61,0.7085916740478204,True,3.0,1.8274210886348063,-3.3235610280465178,0.44952604319359324,-1.983777973223888,-2.6189778168669964,-1.319261213720313,0.14658457930225577,0.6742890647903899,False,,False,,False,
WMT,STOCH_ONLY_CONTROL,2015-04-23,2015-04-24,73.989,GREEN,2015-04-06,72.282,2.3615837967958964,True,17.0,1.952993012474824,-4.2114368352052285,1.952993012474824,-3.3626620173269006,-0.9812269391396011,-0.44601224506345405,0.45141845409450987,-3.8316506507724224,False,,False,,False,
WMT,V0.1,2015-04-23,2015-04-24,73.989,GREEN,2015-04-06,72.282,2.3615837967958964,True,17.0,1.952993012474824,-4.2114368352052285,1.952993012474824,-3.3626620173269006,-0.9812269391396011,-0.44601224506345405,0.45141845409450987,-3.8316506507724224,False,,False,,False,
CB,STOCH_ONLY_CONTROL,2015-04-24,2015-04-27,102.51,GREEN,2015-04-23,101.12,1.3746044303797555,True,3.0,0.3414301043800583,-2.4290313140181485,0.14632718759144403,-2.0583357721197904,-1.3559652716808146,-0.6048190420446797,-0.17559262510975504,-1.9900497512437831,False,,False,,False,
CINF,STOCH_ONLY_CONTROL,2015-04-24,2015-04-27,48.714,GREEN,2015-04-21,47.697,2.1322095729291,True,2.0,0.0,-4.696801740772671,0.0,-4.413515621792497,-2.8225971999835786,-3.1243585006363594,-2.9396066839101787,-4.3355092991747775,False,,False,,False,
CINF,V0.1,2015-04-24,2015-04-27,48.714,GREEN,2015-04-21,47.697,2.1322095729291,True,2.0,0.0,-4.696801740772671,0.0,-4.413515621792497,-2.8225971999835786,-3.1243585006363594,-2.9396066839101787,-4.3355092991747775,False,,False,,False,
SHW,STOCH_ONLY_CONTROL,2015-04-27,2015-04-28,274.7,GREEN,2015-04-21,272.21,0.9147349472833577,True,1.0,4.503094284674192,-2.9377502730251193,0.2730251183108878,-1.8128867855842556,-2.6137604659628666,2.2715689843465725,3.840553330906449,2.8758645795413207,False,,False,,False,
SHW,V0.1,2015-04-27,2015-04-28,274.7,GREEN,2015-04-21,272.21,0.9147349472833577,True,1.0,4.503094284674192,-2.9377502730251193,0.2730251183108878,-1.8128867855842556,-2.6137604659628666,2.2715689843465725,3.840553330906449,2.8758645795413207,False,,False,,False,
ITW,STOCH_ONLY_CONTROL,2015-04-28,2015-04-29,89.363,GREEN,2015-04-21,88.578,0.8862245704351013,False,,3.8282063046227277,-1.1011268645860106,3.8282063046227277,-1.1011268645860106,0.5416111813614011,1.5285968465696076,2.4697022257533785,1.2622673813547092,True,4.0,True,11.0,False,
ITW,V0.1,2015-04-28,2015-04-29,89.363,GREEN,2015-04-21,88.578,0.8862245704351013,False,,3.8282063046227277,-1.1011268645860106,3.8282063046227277,-1.1011268645860106,0.5416111813614011,1.5285968465696076,2.4697022257533785,1.2622673813547092,True,4.0,True,11.0,False,
PEP,STOCH_ONLY_CONTROL,2015-04-30,2015-05-01,88.572,GREEN,2015-04-27,86.805,2.035597027820968,False,,3.446913245720995,-0.4199972903400573,3.446913245720995,-0.4199972903400573,1.462087341371987,3.2165921510183937,1.1572505983832304,0.8524138553944738,True,6.0,True,10.0,False,
PPG,STOCH_ONLY_CONTROL,2015-04-30,2015-05-01,106.36,GREEN,2015-04-27,104.85,1.4401525989508945,False,,4.945468221135774,-0.48890560361037894,4.945468221135774,-0.48890560361037894,3.619781872884542,4.842045881910506,3.6949981195938397,3.619781872884542,True,2.0,True,5.0,False,
PPG,V0.1,2015-04-30,2015-05-01,106.36,GREEN,2015-04-27,104.85,1.4401525989508945,False,,4.945468221135774,-0.48890560361037894,4.945468221135774,-0.48890560361037894,3.619781872884542,4.842045881910506,3.6949981195938397,3.619781872884542,True,2.0,True,5.0,False,
GPC,STOCH_ONLY_CONTROL,2015-05-01,2015-05-04,86.225,GREEN,2015-04-29,83.337,3.465447520309106,False,,2.342708031313445,-3.0895911858509595,2.342708031313445,-3.0895911858509595,1.7732676138011216,1.2861699043201114,0.010437808060315135,-2.4076543925775518,True,5.0,False,,False,
BCR,STOCH_ONLY_CONTROL,2015-05-04,2015-05-05,168.39,GREEN,2015-04-29,163.29,3.1232776042623422,False,,2.6248589583704574,-2.232911693093409,2.6248589583704574,-2.232911693093409,-1.7340697191044474,2.185402933665892,1.0986400617613912,0.8789120494091307,True,8.0,False,,False,
BCR,V0.1,2015-05-04,2015-05-05,168.39,GREEN,2015-04-29,163.29,3.1232776042623422,False,,2.6248589583704574,-2.232911693093409,2.6248589583704574,-2.232911693093409,-1.7340697191044474,2.185402933665892,1.0986400617613912,0.8789120494091307,True,8.0,False,,False,
BF-B,STOCH_ONLY_CONTROL,2015-05-04,2015-05-05,44.37,GREEN,2015-04-27,43.41,2.2114720110573582,False,,5.677259409510937,-1.9900833896776993,5.677259409510937,-1.9900833896776993,0.4034257381113404,3.7885958981293877,2.2560288483209456,5.65472165877845,True,4.0,True,8.0,True,20.0
BF-B,V0.1,2015-05-04,2015-05-05,44.37,GREEN,2015-04-27,43.41,2.2114720110573582,False,,5.677259409510937,-1.9900833896776993,5.677259409510937,-1.9900833896776993,0.4034257381113404,3.7885958981293877,2.2560288483209456,5.65472165877845,True,4.0,True,8.0,True,20.0
HRL,STOCH_ONLY_CONTROL,2015-05-04,2015-05-05,26.8,GREEN,2015-04-23,25.91,3.4349671941335425,False,,5.977611940298511,-2.2500000000000075,5.977611940298511,-2.2500000000000075,-0.4477611940298498,-0.3955223880597103,4.32835820895523,1.5932835820895441,True,11.0,True,11.0,True,11.0
HRL,V0.1,2015-05-04,2015-05-05,26.8,GREEN,2015-04-23,25.91,3.4349671941335425,False,,5.977611940298511,-2.2500000000000075,5.977611940298511,-2.2500000000000075,-0.4477611940298498,-0.3955223880597103,4.32835820895523,1.5932835820895441,True,11.0,True,11.0,True,11.0
MKC,STOCH_ONLY_CONTROL,2015-05-04,2015-05-05,72.794,GREEN,2015-04-23,71.653,1.5923966896012498,False,,4.525098222380963,-1.4671538863093136,4.525098222380963,-1.4671538863093136,1.5234772096601512,4.324532241668266,3.3052174629777165,2.2172157045910357,True,6.0,True,7.0,False,
MKC,V0.1,2015-05-04,2015-05-05,72.794,GREEN,2015-04-23,71.653,1.5923966896012498,False,,4.525098222380963,-1.4671538863093136,4.525098222380963,-1.4671538863093136,1.5234772096601512,4.324532241668266,3.3052174629777165,2.2172157045910357,True,6.0,True,7.0,False,
TGT,STOCH_ONLY_CONTROL,2015-05-04,2015-05-05,73.5,GREEN,2015-04-30,72.003,2.0790800383317265,True,7.0,1.687074829931956,-4.447619047619056,1.687074829931956,-4.447619047619056,0.9863945578231226,-1.9768707482993197,1.0176870748299427,1.068027210884348,False,,False,,False,
TGT,V0.1,2015-05-04,2015-05-05,73.5,GREEN,2015-04-30,72.003,2.0790800383317265,True,7.0,1.687074829931956,-4.447619047619056,1.687074829931956,-4.447619047619056,0.9863945578231226,-1.9768707482993197,1.0176870748299427,1.068027210884348,False,,False,,False,
MMM,STOCH_ONLY_CONTROL,2015-05-06,2015-05-07,147.42,GREEN,2015-04-27,146.29,0.772438307471468,False,,4.375254375254389,0.0,4.375254375254389,0.0,3.7579704246371026,3.7172703839370547,1.8111518111518121,0.5223171889838563,True,1.0,True,5.0,False,
MMM,V0.1,2015-05-06,2015-05-07,147.42,GREEN,2015-04-27,146.29,0.772438307471468,False,,4.375254375254389,0.0,4.375254375254389,0.0,3.7579704246371026,3.7172703839370547,1.8111518111518121,0.5223171889838563,True,1.0,True,5.0,False,
CAH,STOCH_ONLY_CONTROL,2015-05-08,2015-05-11,81.978,GREEN,2015-05-01,79.612,2.9719137818419394,False,,3.5106979921442294,-0.945375588572539,3.5106979921442294,-0.945375588572539,1.4564883261362738,1.153968137793071,1.665080875356817,1.2369172216936342,True,4.0,True,12.0,False,
CAH,V0.1,2015-05-08,2015-05-11,81.978,GREEN,2015-05-01,79.612,2.9719137818419394,False,,3.5106979921442294,-0.945375588572539,3.5106979921442294,-0.945375588572539,1.4564883261362738,1.153968137793071,1.665080875356817,1.2369172216936342,True,4.0,True,12.0,False,
MDT,STOCH_ONLY_CONTROL,2015-05-08,2015-05-11,72.095,GREEN,2015-05-07,70.275,2.589825684809677,False,,4.043276232748472,-1.8891740065191676,4.043276232748472,-1.8891740065191676,1.9238504750676233,0.7393023094528051,1.148484638324443,-1.4300575629378032,True,5.0,True,6.0,False,
MDT,V0.1,2015-05-08,2015-05-11,72.095,GREEN,2015-05-07,70.275,2.589825684809677,False,,4.043276232748472,-1.8891740065191676,4.043276232748472,-1.8891740065191676,1.9238504750676233,0.7393023094528051,1.148484638324443,-1.4300575629378032,True,5.0,True,6.0,False,
TROW,STOCH_ONLY_CONTROL,2015-05-08,2015-05-11,75.988,GREEN,2015-05-07,74.583,1.8838073019320722,True,15.0,0.8540822235089784,-4.561246512607243,0.8540822235089784,-2.4201189661525513,0.40137916513134364,-1.3831131231247018,-1.8581881349686857,-4.527030583776382,False,,False,,False,
WBA,STOCH_ONLY_CONTROL,2015-05-08,2015-05-11,80.955,GREEN,2015-04-24,78.481,3.152355347154101,False,,2.8077326910011635,-2.214810697300962,2.8077326910011635,-2.214810697300962,1.4452473596442417,0.8856772280896763,1.8084120807856152,-0.7411524921252521,True,8.0,False,,False,
WBA,V0.1,2015-05-08,2015-05-11,80.955,GREEN,2015-04-24,78.481,3.152355347154101,False,,2.8077326910011635,-2.214810697300962,2.8077326910011635,-2.214810697300962,1.4452473596442417,0.8856772280896763,1.8084120807856152,-0.7411524921252521,True,8.0,False,,False,
BDX,STOCH_ONLY_CONTROL,2015-05-15,2015-05-18,135.69,GREEN,2015-05-13,132.57,2.35347363656937,False,,1.1496794163166069,-2.181442995062277,1.1496794163166069,-2.181442995062277,-0.7738226840592666,-0.6116884073992024,-2.011938978554051,-1.0686122779865803,False,,False,,False,
BDX,V0.1,2015-05-15,2015-05-18,135.69,GREEN,2015-05-13,132.57,2.35347363656937,False,,1.1496794163166069,-2.181442995062277,1.1496794163166069,-2.181442995062277,-0.7738226840592666,-0.6116884073992024,-2.011938978554051,-1.0686122779865803,False,,False,,False,
LOW,STOCH_ONLY_CONTROL,2015-05-26,2015-05-27,66.887,GREEN,2015-05-22,65.624,1.9246007558210598,True,9.0,1.7566941259138602,-3.1037421322528957,1.7566941259138602,-3.1037421322528957,1.013649887123047,-1.1033534169569537,-0.38572517828575625,0.20183294212627878,False,,False,,False,
AFL,STOCH_ONLY_CONTROL,2015-05-29,2015-06-01,59.176,GREEN,2015-05-26,58.351,1.413857517437589,True,5.0,2.127551710152775,-1.8875895633365003,0.46302555089901,-1.4735703663647404,-1.4093551439772978,-0.7198864404488359,0.5272407732864526,-1.6983236447208339,False,,False,,False,
ADP,STOCH_ONLY_CONTROL,2015-06-02,2015-06-03,80.858,GREEN,2015-06-01,79.509,1.6966632708246943,True,1.0,0.23003289717775655,-6.748868386554219,0.1273838086522039,-2.1482104429988436,-1.2787850305473913,-2.330010635929658,-1.919414281827414,-5.131217690271839,False,,False,,False,
ITW,STOCH_ONLY_CONTROL,2015-06-03,2015-06-04,89.488,GREEN,2015-06-01,88.086,1.5916263651431617,True,2.0,0.4648667977829479,-2.868541033434646,0.15644555694618312,-2.03267477203648,0.3698819953513288,-1.0057214375111756,-1.6639102449490517,-0.6235472912569207,False,,False,,False,
ITW,V0.1,2015-06-03,2015-06-04,89.488,GREEN,2015-06-01,88.086,1.5916263651431617,True,2.0,0.4648667977829479,-2.868541033434646,0.15644555694618312,-2.03267477203648,0.3698819953513288,-1.0057214375111756,-1.6639102449490517,-0.6235472912569207,False,,False,,False,
GWW,STOCH_ONLY_CONTROL,2015-06-09,2015-06-10,227.92,GREEN,2015-06-08,225.68,0.9925558312654958,True,2.0,1.7593892593892768,-3.821516321516316,0.9477009477009579,-1.8076518076518,-0.7371007371007265,0.7722007722007707,-2.0884520884520863,-2.492102492102488,False,,False,,False,
GWW,V0.1,2015-06-09,2015-06-10,227.92,GREEN,2015-06-08,225.68,0.9925558312654958,True,2.0,1.7593892593892768,-3.821516321516316,0.9477009477009579,-1.8076518076518,-0.7371007371007265,0.7722007722007707,-2.0884520884520863,-2.492102492102488,False,,False,,False,
ADM,STOCH_ONLY_CONTROL,2015-06-10,2015-06-11,48.789,GREEN,2015-06-05,47.516,2.6790975671352912,True,10.0,0.9920268913074626,-10.43062985509028,0.9920268913074626,-3.660661214618055,-1.535182110721689,-2.8203078562790918,-6.751521859435538,-9.508290803254837,False,,False,,False,
CINF,STOCH_ONLY_CONTROL,2015-06-10,2015-06-11,47.282,GREEN,2015-06-08,46.056,2.6619767239881797,False,,5.911340467831305,-2.0219110866714574,5.911340467831305,-2.0219110866714574,1.7385051393765227,-0.5900765619051618,3.214754029017386,5.693498582970258,True,14.0,True,14.0,True,20.0
CL,STOCH_ONLY_CONTROL,2015-06-10,2015-06-11,62.847,GREEN,2015-05-28,61.316,2.496901298192955,False,,1.685044632202004,-1.9269018409788785,1.685044632202004,-1.9269018409788785,1.0867662736486983,0.015911658472167467,-0.4375706079844721,0.28481868665171106,False,,False,,False,
CL,V0.1,2015-06-10,2015-06-11,62.847,GREEN,2015-05-28,61.316,2.496901298192955,False,,1.685044632202004,-1.9269018409788785,1.685044632202004,-1.9269018409788785,1.0867662736486983,0.015911658472167467,-0.4375706079844721,0.28481868665171106,False,,False,,False,
ECL,STOCH_ONLY_CONTROL,2015-06-10,2015-06-11,112.52,GREEN,2015-06-08,109.91,2.37467018469657,True,15.0,2.328474937788849,-4.470316388197659,2.328474937788849,-2.97724848915748,1.4219694276573103,0.3199431212228987,-2.4084607180945516,-2.870600782083177,True,6.0,False,,False,
HRL,STOCH_ONLY_CONTROL,2015-06-10,2015-06-11,27.241,GREEN,2015-06-08,26.613,2.35974899485214,False,,2.999155684446242,-1.8428104695128678,2.999155684446242,-1.8428104695128678,0.6167174479644544,1.8281267207518104,-0.143166550420315,0.6681105686281663,True,8.0,False,,False,
MHFI,STOCH_ONLY_CONTROL,2015-06-10,2015-06-11,100.52,GREEN,2015-06-01,97.833,2.7465170239080905,True,12.0,2.7755670513330832,-3.3953442101074427,2.7755670513330832,-2.8889773179466727,1.8603263032232364,-0.139275766016711,-1.3479904496617512,-0.2984480700358061,True,5.0,False,,False,
MHFI,V0.1,2015-06-10,2015-06-11,100.52,GREEN,2015-06-01,97.833,2.7465170239080905,True,12.0,2.7755670513330832,-3.3953442101074427,2.7755670513330832,-2.8889773179466727,1.8603263032232364,-0.139275766016711,-1.3479904496617512,-0.2984480700358061,True,5.0,False,,False,
WBA,STOCH_ONLY_CONTROL,2015-06-10,2015-06-11,81.788,GREEN,2015-06-08,79.162,3.3172481746292393,False,,9.478163055705014,-2.0785445297598737,9.478163055705014,-2.0785445297598737,2.483249376436647,0.8069643468479493,0.16383821587520053,8.684648114637849,True,5.0,True,6.0,True,19.0
ADP,V0.1,2015-06-11,2015-06-12,79.793,GREEN,2015-06-04,78.115,2.1481149587147197,True,11.0,1.5678066998358053,-5.5042422267617575,1.5678066998358053,-3.913877157144119,0.31707041971100747,-0.9888085421026926,-3.9351822841602657,-2.866166205055587,False,,False,,False,
APD,STOCH_ONLY_CONTROL,2015-06-11,2015-06-12,136.73,GREEN,2015-06-08,134.17,1.9080271297607476,True,9.0,0.8922694361149786,-9.171359613837481,0.8922694361149786,-2.8742777737146064,-0.8410736487968862,-2.94741461274044,-6.501864989395145,-6.223945001097042,False,,False,,False,
APD,V0.1,2015-06-11,2015-06-12,136.73,GREEN,2015-06-08,134.17,1.9080271297607476,True,9.0,0.8922694361149786,-9.171359613837481,0.8922694361149786,-2.8742777737146064,-0.8410736487968862,-2.94741461274044,-6.501864989395145,-6.223945001097042,False,,False,,False,
MDT,STOCH_ONLY_CONTROL,2015-06-11,2015-06-12,71.974,GREEN,2015-06-05,70.949,1.444699713878994,True,11.0,2.2285825436963336,-4.366854697529665,2.2285825436963336,-2.9885792091588814,1.094839803262282,-0.4459943868619143,-2.6064967905076952,-0.43348987134242956,True,6.0,False,,False,
MDT,V0.1,2015-06-11,2015-06-12,71.974,GREEN,2015-06-05,70.949,1.444699713878994,True,11.0,2.2285825436963336,-4.366854697529665,2.2285825436963336,-2.9885792091588814,1.094839803262282,-0.4459943868619143,-2.6064967905076952,-0.43348987134242956,True,6.0,False,,False,
MKC,STOCH_ONLY_CONTROL,2015-06-11,2015-06-12,73.358,GREEN,2015-06-04,72.653,0.9703659862634773,False,,7.138962349028044,-0.8710706398756929,7.138962349028044,-0.8710706398756929,3.045339294964422,5.932549960467837,3.2375473704299385,5.340930777829267,True,3.0,True,4.0,True,8.0
MKC,V0.1,2015-06-11,2015-06-12,73.358,GREEN,2015-06-04,72.653,0.9703659862634773,False,,7.138962349028044,-0.8710706398756929,7.138962349028044,-0.8710706398756929,3.045339294964422,5.932549960467837,3.2375473704299385,5.340930777829267,True,3.0,True,4.0,True,8.0
MMM,STOCH_ONLY_CONTROL,2015-06-11,2015-06-12,150.87,GREEN,2015-06-05,147.48,2.298616761594796,True,1.0,0.6097965135547057,-4.507191621926165,0.05302578378736378,-2.8302512096507026,-0.5965400676078758,-1.7697355339033716,-3.015841452906487,-2.134287797441503,False,,False,,False,
MMM,V0.1,2015-06-11,2015-06-12,150.87,GREEN,2015-06-05,147.48,2.298616761594796,True,1.0,0.6097965135547057,-4.507191621926165,0.05302578378736378,-2.8302512096507026,-0.5965400676078758,-1.7697355339033716,-3.015841452906487,-2.134287797441503,False,,False,,False,
PEP,STOCH_ONLY_CONTROL,2015-06-11,2015-06-12,88.102,GREEN,2015-06-04,86.938,1.3388851825438808,True,1.0,3.7558738734648545,-1.5118839526912065,0.11463984926562976,-1.5118839526912065,0.9568454745635613,1.0079226351274562,0.4687748291752669,3.466436630269465,False,,False,,False,
PEP,V0.1,2015-06-11,2015-06-12,88.102,GREEN,2015-06-04,86.938,1.3388851825438808,True,1.0,3.7558738734648545,-1.5118839526912065,0.11463984926562976,-1.5118839526912065,0.9568454745635613,1.0079226351274562,0.4687748291752669,3.466436630269465,False,,False,,False,
SHW,STOCH_ONLY_CONTROL,2015-06-11,2015-06-12,275.05,GREEN,2015-06-04,270.08,1.840195497630348,True,11.0,1.5160879840029118,-2.4868205780767205,1.5160879840029118,-2.0396291583348547,-0.003635702599524837,0.38174877295038545,-0.7235048173059422,0.0290856207962209,False,,False,,False,
SHW,V0.1,2015-06-11,2015-06-12,275.05,GREEN,2015-06-04,270.08,1.840195497630348,True,11.0,1.5160879840029118,-2.4868205780767205,1.5160879840029118,-2.0396291583348547,-0.003635702599524837,0.38174877295038545,-0.7235048173059422,0.0290856207962209,False,,False,,False,
TROW,STOCH_ONLY_CONTROL,2015-06-12,2015-06-15,72.591,GREEN,2015-06-03,72.522,0.09514354264910097,True,10.0,3.0017495281784212,-2.5994958052651174,3.0017495281784212,-0.30582303591353277,1.858357096609775,-0.20663718642806028,-0.5400118471986848,0.5937375156700009,True,2.0,True,3.0,False,
TROW,V0.1,2015-06-12,2015-06-15,72.591,GREEN,2015-06-03,72.522,0.09514354264910097,True,10.0,3.0017495281784212,-2.5994958052651174,3.0017495281784212,-0.30582303591353277,1.858357096609775,-0.20663718642806028,-0.5400118471986848,0.5937375156700009,True,2.0,True,3.0,False,
CLX,STOCH_ONLY_CONTROL,2015-06-17,2015-06-18,99.65,GREEN,2015-06-03,97.381,2.3300233105020496,False,,4.836929252383326,-2.1605619668841003,4.836929252383326,-2.1605619668841003,0.030105368790778186,-0.06021073758153417,1.39488208730556,3.9939789262418257,True,13.0,True,14.0,False,
CLX,V0.1,2015-06-17,2015-06-18,99.65,GREEN,2015-06-03,97.381,2.3300233105020496,False,,4.836929252383326,-2.1605619668841003,4.836929252383326,-2.1605619668841003,0.030105368790778186,-0.06021073758153417,1.39488208730556,3.9939789262418257,True,13.0,True,14.0,False,
MCD,STOCH_ONLY_CONTROL,2015-06-18,2015-06-19,90.194,GREEN,2015-06-01,87.976,2.5211421296717385,False,,3.360533960130385,-1.9180876776725753,3.360533960130385,-1.9180876776725753,0.9346519724150237,-0.767235071069039,2.116548772645621,1.141982836995803,True,15.0,True,17.0,False,
MCD,V0.1,2015-06-18,2015-06-19,90.194,GREEN,2015-06-01,87.976,2.5211421296717385,False,,3.360533960130385,-1.9180876776725753,3.360533960130385,-1.9180876776725753,0.9346519724150237,-0.767235071069039,2.116548772645621,1.141982836995803,True,15.0,True,17.0,False,
PPG,STOCH_ONLY_CONTROL,2015-07-02,2015-07-06,110.5,GREEN,2015-07-01,110.9,-0.36068530207394867,True,0.0,3.013574660633478,-11.488687782805428,1.031674208144806,-0.5339366515837107,1.4932126696832526,-3.447963800904974,-10.82262443438914,-6.036199095022621,False,,False,,False,
WBA,V0.1,2015-07-02,2015-07-06,81.082,GREEN,2015-07-01,81.002,0.09876299350632944,False,,14.52850201031055,-0.23433067758564796,14.52850201031055,-0.23433067758564796,11.242939246688533,12.621790286376777,11.12454058854,12.927653486593815,True,1.0,True,1.0,True,3.0
ADP,STOCH_ONLY_CONTROL,2015-07-06,2015-07-07,76.785,GREEN,2015-06-30,75.401,1.8355194228193206,False,,2.556488897571141,-3.2232857980074137,2.556488897571141,-3.2232857980074137,1.1356384710555556,0.5430748193006485,-0.4831672852770641,-0.35944520414142866,True,7.0,False,,False,
GWW,STOCH_ONLY_CONTROL,2015-07-09,2015-07-10,224.06,GREEN,2015-07-02,219.21,2.2124903060991796,True,3.0,0.9818798536106454,-6.721413906989204,0.9818798536106454,-3.258055877889854,-1.807551548692321,-4.998661072926891,-3.7668481656699115,-4.4273855217352605,False,,False,,False,
LOW,STOCH_ONLY_CONTROL,2015-07-09,2015-07-10,64.468,GREEN,2015-06-30,62.955,2.403303947263935,False,,4.588322888875096,-1.6861078364459936,4.588322888875096,-1.6861078364459936,0.17683191660977648,0.07290438667244548,3.3210274865049128,3.5738661041136766,True,13.0,True,15.0,False,
LOW,V0.1,2015-07-09,2015-07-10,64.468,GREEN,2015-06-30,62.955,2.403303947263935,False,,4.588322888875096,-1.6861078364459936,4.588322888875096,-1.6861078364459936,0.17683191660977648,0.07290438667244548,3.3210274865049128,3.5738661041136766,True,13.0,True,15.0,False,
ADP,V0.1,2015-07-10,2015-07-13,77.752,GREEN,2015-07-08,75.846,2.5129868417582912,True,9.0,1.2809959872414955,-4.426895771169869,1.2809959872414955,-2.829509208766323,0.2199300339541299,-2.7677744623932465,-2.2944747401996035,-0.4758720032925101,False,,False,,False,
MDT,STOCH_ONLY_CONTROL,2015-07-10,2015-07-13,71.29,GREEN,2015-07-01,68.831,3.5725181967427577,False,,5.52251367653247,0.0,5.52251367653247,0.0,2.9681582269603046,1.1768831533174318,4.307757048674432,3.795763781736561,True,3.0,True,3.0,True,14.0
MDT,V0.1,2015-07-10,2015-07-13,71.29,GREEN,2015-07-01,68.831,3.5725181967427577,False,,5.52251367653247,0.0,5.52251367653247,0.0,2.9681582269603046,1.1768831533174318,4.307757048674432,3.795763781736561,True,3.0,True,3.0,True,14.0
MHFI,STOCH_ONLY_CONTROL,2015-07-10,2015-07-13,101.05,GREEN,2015-07-08,97.107,4.060469379138465,True,10.0,3.3646709549727927,-6.382978723404253,3.3646709549727927,-5.231073725878277,1.7615042058386932,-4.259277585353782,-2.6887679366650152,-0.6333498268184079,True,7.0,True,8.0,False,
MHFI,V0.1,2015-07-10,2015-07-13,101.05,GREEN,2015-07-08,97.107,4.060469379138465,True,10.0,3.3646709549727927,-6.382978723404253,3.3646709549727927,-5.231073725878277,1.7615042058386932,-4.259277585353782,-2.6887679366650152,-0.6333498268184079,True,7.0,True,8.0,False,
AFL,STOCH_ONLY_CONTROL,2015-07-13,2015-07-14,58.106,GREEN,2015-07-08,57.025,1.8956597983340595,False,,5.899562867862174,-0.5042508518913746,5.899562867862174,-0.5042508518913746,0.7004440161084924,1.562661343062688,4.171686228616656,4.677658073176594,True,11.0,True,11.0,True,11.0
AFL,V0.1,2015-07-13,2015-07-14,58.106,GREEN,2015-07-08,57.025,1.8956597983340595,False,,5.899562867862174,-0.5042508518913746,5.899562867862174,-0.5042508518913746,0.7004440161084924,1.562661343062688,4.171686228616656,4.677658073176594,True,11.0,True,11.0,True,11.0
CAH,STOCH_ONLY_CONTROL,2015-07-13,2015-07-14,81.562,GREEN,2015-06-26,79.212,2.9667222138059834,True,9.0,1.8758735685735939,-6.661190260170169,1.8758735685735939,-4.234815232583788,0.4977808293077812,-2.4263750275863805,-0.01226061155928937,0.14957946102351904,False,,False,,False,
CAH,V0.1,2015-07-13,2015-07-14,81.562,GREEN,2015-06-26,79.212,2.9667222138059834,True,9.0,1.8758735685735939,-6.661190260170169,1.8758735685735939,-4.234815232583788,0.4977808293077812,-2.4263750275863805,-0.01226061155928937,0.14957946102351904,False,,False,,False,
CTAS,STOCH_ONLY_CONTROL,2015-07-13,2015-07-14,83.137,GREEN,2015-07-08,80.695,3.0262098023421613,False,,3.0311413690655042,-3.1117312387986096,3.0311413690655042,-3.1117312387986096,-1.0669136485560005,-1.4975281763835668,0.9754982739333729,2.1025536163200576,True,16.0,True,19.0,False,
CTAS,V0.1,2015-07-13,2015-07-14,83.137,GREEN,2015-07-08,80.695,3.0262098023421613,False,,3.0311413690655042,-3.1117312387986096,3.0311413690655042,-3.1117312387986096,-1.0669136485560005,-1.4975281763835668,0.9754982739333729,2.1025536163200576,True,16.0,True,19.0,False,
ECL,STOCH_ONLY_CONTROL,2015-07-13,2015-07-14,110.6,GREEN,2015-07-01,107.49,2.893292399292946,True,8.0,3.60759493670888,-5.180831826401433,1.6365280289331041,-3.9511754068715987,-0.9222423146473702,0.14466546112117395,1.5099457504520908,2.0343580470162825,False,,False,,False,
ECL,V0.1,2015-07-13,2015-07-14,110.6,GREEN,2015-07-01,107.49,2.893292399292946,True,8.0,3.60759493670888,-5.180831826401433,1.6365280289331041,-3.9511754068715987,-0.9222423146473702,0.14466546112117395,1.5099457504520908,2.0343580470162825,False,,False,,False,
MMM,STOCH_ONLY_CONTROL,2015-07-13,2015-07-14,147.67,GREEN,2015-07-08,144.07,2.4987853126952064,True,7.0,0.9209724385454088,-5.63418432992483,0.9209724385454088,-4.787702309202945,-0.48080178777001326,-3.4468747883794837,-3.900589151486411,-5.119523261325909,False,,False,,False,
PPG,V0.1,2015-07-13,2015-07-14,112.14,GREEN,2015-07-08,108.4,3.4501845018450217,True,2.0,1.5070447654717212,-12.783128232566431,1.5070447654717212,-4.2803638309256264,-7.1339397182093816,-8.230782949884075,-8.560727661851253,-10.085607276618514,False,,False,,False,
APD,STOCH_ONLY_CONTROL,2015-07-14,2015-07-15,128.67,GREEN,2015-06-26,124.19,3.6073757951525787,True,7.0,8.447967669231371,-6.264086422631532,1.0569674360767944,-5.510219942488526,-3.054325017486592,-2.090619414004802,7.647470272790868,6.124193673739042,False,,False,,False,
APD,V0.1,2015-07-14,2015-07-15,128.67,GREEN,2015-06-26,124.19,3.6073757951525787,True,7.0,8.447967669231371,-6.264086422631532,1.0569674360767944,-5.510219942488526,-3.054325017486592,-2.090619414004802,7.647470272790868,6.124193673739042,False,,False,,False,
T,STOCH_ONLY_CONTROL,2015-07-14,2015-07-15,31.363,GREEN,2015-07-10,30.727,2.0698408565756443,True,5.0,0.39537034084748957,-4.70299397379077,0.39537034084748957,-3.080062494021618,-2.3690335745942592,-1.1701686700889558,-1.5145234830851617,-3.080062494021618,False,,False,,False,
T,V0.1,2015-07-14,2015-07-15,31.363,GREEN,2015-07-10,30.727,2.0698408565756443,True,5.0,0.39537034084748957,-4.70299397379077,0.39537034084748957,-3.080062494021618,-2.3690335745942592,-1.1701686700889558,-1.5145234830851617,-3.080062494021618,False,,False,,False,
ADM,STOCH_ONLY_CONTROL,2015-07-16,2015-07-17,44.607,GREEN,2015-06-29,43.7,2.0755148741418594,True,15.0,3.770708633174169,-4.840047526173019,3.770708633174169,-2.936758804671913,-1.06933889299885,-0.5851099603201404,-2.6811935346470195,-1.0469208868563173,True,12.0,True,12.0,False,
ADM,V0.1,2015-07-16,2015-07-17,44.607,GREEN,2015-06-29,43.7,2.0755148741418594,True,15.0,3.770708633174169,-4.840047526173019,3.770708633174169,-2.936758804671913,-1.06933889299885,-0.5851099603201404,-2.6811935346470195,-1.0469208868563173,True,12.0,True,12.0,False,
SWK,STOCH_ONLY_CONTROL,2015-07-28,2015-07-29,101.63,GREEN,2015-07-27,99.67,1.9664894150697165,True,3.0,4.693496014956233,-14.136573846305211,4.693496014956233,-3.094558693299221,-0.8658860572665517,-1.4365836859195014,-0.42310341434614873,-7.874643313982088,True,0.0,True,1.0,False,
TGT,STOCH_ONLY_CONTROL,2015-07-29,2015-07-30,75.433,GREEN,2015-07-23,73.168,3.095615569647925,True,6.0,4.463563692283201,-11.227181737435876,0.9558150941895383,-3.653573369745333,-2.5002319939549156,-3.175002982779429,-0.4255431972744139,-3.896172762584027,False,,False,,False,
TGT,V0.1,2015-07-29,2015-07-30,75.433,GREEN,2015-07-23,73.168,3.095615569647925,True,6.0,4.463563692283201,-11.227181737435876,0.9558150941895383,-3.653573369745333,-2.5002319939549156,-3.175002982779429,-0.4255431972744139,-3.896172762584027,False,,False,,False,
SWK,V0.1,2015-08-06,2015-08-07,100.62,GREEN,2015-08-03,98.485,2.1678428187033694,True,10.0,1.5603259789306323,-13.274696879348035,1.5603259789306323,-3.889882727092031,0.2583979328165231,-3.8093818326376483,-4.419598489365939,-6.473862055257418,False,,False,,False,
LEG,STOCH_ONLY_CONTROL,2015-08-12,2015-08-13,44.923,GREEN,2015-08-04,43.985,2.132545185858814,True,7.0,3.592814371257469,-17.334105024152436,3.592814371257469,-17.334105024152436,0.3539389622242428,-8.6258709347105,-8.398815751396837,-7.3036083965897225,True,3.0,True,4.0,False,
LEG,V0.1,2015-08-12,2015-08-13,44.923,GREEN,2015-08-04,43.985,2.132545185858814,True,7.0,3.592814371257469,-17.334105024152436,3.592814371257469,-17.334105024152436,0.3539389622242428,-8.6258709347105,-8.398815751396837,-7.3036083965897225,True,3.0,True,4.0,False,
ABBV,STOCH_ONLY_CONTROL,2015-08-24,2015-08-25,59.927,YELLOW,2015-08-21,49.581,20.866864323026956,False,,0.013349575316645712,-12.591986917416186,0.013349575316645712,-12.591986917416186,-7.080281008560418,-8.985932885010095,-8.60046389774225,-11.792681095332657,False,,False,,False,
AFL,STOCH_ONLY_CONTROL,2015-08-25,2015-08-26,53.846,YELLOW,2015-08-21,48.971,9.95487125033183,False,,4.5128700367715435,-1.5897188277680718,4.5128700367715435,-1.5897188277680718,1.6305760873602582,2.0707202020577187,2.795007985737108,1.7011477175649103,True,1.0,True,1.0,False,
CAH,STOCH_ONLY_CONTROL,2015-08-25,2015-08-26,77.251,YELLOW,2015-08-24,71.099,8.65272366699954,False,,5.603810953903499,-1.906771433379506,5.603810953903499,-1.906771433379506,0.5177926499333241,2.1902629092179993,4.361108594063512,0.24595150871833393,True,0.0,True,0.0,True,13.0
BCR,STOCH_ONLY_CONTROL,2015-08-26,2015-08-27,191.27,YELLOW,2015-08-24,179.33,6.658116321864727,False,,3.555183771631709,-3.445391331625458,3.555183771631709,-3.445391331625458,-1.3331939143619076,-0.09933601714853246,1.0142730172008063,0.1097924400062622,True,0.0,True,14.0,False,
BDX,STOCH_ONLY_CONTROL,2015-08-26,2015-08-27,136.09,YELLOW,2015-08-19,128.69,5.7502525448752895,False,,1.7488426776397947,-5.239179954441909,1.7488426776397947,-5.239179954441909,-3.2772430009552544,-3.2405026085678523,-1.5724887941803378,-3.1229333529282144,False,,False,,False,
BF-B,STOCH_ONLY_CONTROL,2015-08-26,2015-08-27,48.135,YELLOW,2015-08-21,45.838,5.011126139883926,False,,1.792874207956796,-4.339877428066896,1.792874207956796,-4.339877428066896,-1.6079775631037685,-2.906409057858106,-0.9701880128804352,0.5796198192583368,False,,False,,False,
CINF,STOCH_ONLY_CONTROL,2015-08-26,2015-08-27,49.1,YELLOW,2015-08-24,46.306,6.033775320692802,False,,4.236252545824848,-3.6822810590631305,4.236252545824848,-3.6822810590631305,0.15071283095722254,1.3441955193482569,1.0386965376782076,2.283095723014239,True,12.0,True,13.0,False,
CLX,STOCH_ONLY_CONTROL,2015-08-26,2015-08-27,104.81,YELLOW,2015-08-25,101.41,3.35272655556651,False,,5.419330216582385,-2.36618643259231,5.419330216582385,-2.36618643259231,0.3816429729987414,-0.9636485068218681,2.2993989123175185,4.789619311134419,True,13.0,True,14.0,True,20.0
CTAS,STOCH_ONLY_CONTROL,2015-08-26,2015-08-27,81.612,YELLOW,2015-08-25,78.32,4.203268641470892,False,,6.151056217222961,-2.152869676028024,6.151056217222961,-2.152869676028024,0.6628927118561112,1.4544429740724452,2.236190756261336,4.577758172817736,True,7.0,True,8.0,True,20.0
MHFI,STOCH_ONLY_CONTROL,2015-08-26,2015-08-27,94.739,YELLOW,2015-08-21,88.218,7.3919154821011634,True,19.0,2.4794435237863954,-8.755633899450066,2.4794435237863954,-8.755633899450066,-3.549752477860224,-2.695827483929536,-5.112994648455238,-8.283811313186751,True,0.0,False,,False,
SWK,STOCH_ONLY_CONTROL,2015-08-26,2015-08-27,94.936,YELLOW,2015-08-25,90.508,4.892385203517935,False,,8.241341535350122,-1.828600320215723,8.241341535350122,-1.828600320215723,0.6446448133479388,1.2429426139715094,1.681132552456388,-0.3075756298980381,True,2.0,True,2.0,True,14.0
T,STOCH_ONLY_CONTROL,2015-08-26,2015-08-27,29.495,YELLOW,2015-08-25,28.388,3.899535014794986,False,,1.4816070520427216,-3.2107136802848046,1.4816070520427216,-3.2107136802848046,0.09493134429563455,-0.8815053398881223,-1.3900661129004899,-2.061366333276826,False,,False,,False,
VFC,STOCH_ONLY_CONTROL,2015-08-26,2015-08-27,68.39,YELLOW,2015-08-21,63.397,7.875766992128974,False,,1.488521713700841,-3.8646000877321285,1.488521713700841,-3.8646000877321285,-0.6477555198128315,-1.5616318175171728,-2.1158064044450975,-2.862991665448167,False,,False,,False,
WBA,STOCH_ONLY_CONTROL,2015-08-26,2015-08-27,82.692,YELLOW,2015-08-14,72.852,13.506835776643044,False,,6.711652880568875,-2.419822957480766,6.711652880568875,-2.419822957480766,2.296473661297349,4.776761960044507,0.24307067189088816,-1.1101436656508423,True,0.0,True,5.0,True,8.0
ECL,STOCH_ONLY_CONTROL,2015-08-27,2015-08-28,106.57,YELLOW,2015-08-21,100.36,6.1877241929055415,False,,5.677019799193039,-4.128741672140368,5.677019799193039,-4.128741672140368,-2.674298583090917,-0.21582058740733379,3.2842263301116725,-1.6702636764567735,True,7.0,True,12.0,True,13.0
ECL,V0.1,2015-08-27,2015-08-28,106.57,YELLOW,2015-08-21,100.36,6.1877241929055415,False,,5.677019799193039,-4.128741672140368,5.677019799193039,-4.128741672140368,-2.674298583090917,-0.21582058740733379,3.2842263301116725,-1.6702636764567735,True,7.0,True,12.0,True,13.0
MKC,STOCH_ONLY_CONTROL,2015-08-27,2015-08-28,75.81,YELLOW,2015-08-21,72.559,4.480491737758241,False,,6.789341775491353,-2.2648727080860076,6.789341775491353,-2.2648727080860076,-0.3812161983907103,2.569581849360225,5.195884447961996,3.0747922437673214,True,4.0,True,7.0,True,12.0
MKC,V0.1,2015-08-27,2015-08-28,75.81,YELLOW,2015-08-21,72.559,4.480491737758241,False,,6.789341775491353,-2.2648727080860076,6.789341775491353,-2.2648727080860076,-0.3812161983907103,2.569581849360225,5.195884447961996,3.0747922437673214,True,4.0,True,7.0,True,12.0
ABT,STOCH_ONLY_CONTROL,2015-08-28,2015-08-31,43.506,YELLOW,2015-08-21,40.085,8.534364475489586,True,16.0,1.5721969383533319,-15.046200524065645,1.5721969383533319,-8.626396359122879,-4.075299958626399,-4.5740817358525305,-7.4702339907139255,-13.961292695260418,False,,False,,False,
ABT,V0.1,2015-08-28,2015-08-31,43.506,YELLOW,2015-08-21,40.085,8.534364475489586,True,16.0,1.5721969383533319,-15.046200524065645,1.5721969383533319,-8.626396359122879,-4.075299958626399,-4.5740817358525305,-7.4702339907139255,-13.961292695260418,False,,False,,False,
KMB,STOCH_ONLY_CONTROL,2015-08-28,2015-08-31,99.88,YELLOW,2015-08-21,96.344,3.6701818483766413,False,,3.7244693632358716,-3.217861433720459,3.7244693632358716,-3.217861433720459,-0.02002402883459764,-0.35042050460551977,1.7420905086103389,1.6419703644373174,True,12.0,True,18.0,False,
KMB,V0.1,2015-08-28,2015-08-31,99.88,YELLOW,2015-08-21,96.344,3.6701818483766413,False,,3.7244693632358716,-3.217861433720459,3.7244693632358716,-3.217861433720459,-0.02002402883459764,-0.35042050460551977,1.7420905086103389,1.6419703644373174,True,12.0,True,18.0,False,
SHW,STOCH_ONLY_CONTROL,2015-08-28,2015-08-31,251.12,YELLOW,2015-08-24,242.97,3.354323579042684,True,13.0,3.1777636189869396,-15.012742911755339,3.1777636189869396,-4.233035998725709,1.8636508442179123,-2.4012424338961447,-7.629818413507483,-14.75390251672508,True,6.0,True,6.0,False,
SHW,V0.1,2015-08-28,2015-08-31,251.12,YELLOW,2015-08-24,242.97,3.354323579042684,True,13.0,3.1777636189869396,-15.012742911755339,3.1777636189869396,-4.233035998725709,1.8636508442179123,-2.4012424338961447,-7.629818413507483,-14.75390251672508,True,6.0,True,6.0,False,
ADP,STOCH_ONLY_CONTROL,2015-12-14,2015-12-15,81.915,YELLOW,2015-12-11,79.83,2.6118000751597314,True,12.0,2.271867179393272,-9.602636879692362,2.271867179393272,-4.762253555514873,-0.529817493743534,1.2512970762375453,-7.655496551303176,-7.410120246597096,True,9.0,False,,False,
BF-B,STOCH_ONLY_CONTROL,2015-12-15,2015-12-16,49.91,YELLOW,2015-12-11,48.169,3.614357781975963,True,11.0,1.1420557002604692,-12.027649769585258,1.1420557002604692,-7.15487878180725,0.8254858745742499,-2.9773592466439514,-9.088359046283301,-10.09617311160087,False,,False,,False,
BF-B,V0.1,2015-12-15,2015-12-16,49.91,YELLOW,2015-12-11,48.169,3.614357781975963,True,11.0,1.1420557002604692,-12.027649769585258,1.1420557002604692,-7.15487878180725,0.8254858745742499,-2.9773592466439514,-9.088359046283301,-10.09617311160087,False,,False,,False,
CINF,STOCH_ONLY_CONTROL,2015-12-15,2015-12-16,57.331,YELLOW,2015-12-11,55.721,2.889395380556703,True,2.0,1.0448099631961805,-9.214909909124213,0.9837609670160896,-3.608867802759419,-1.2105143813992525,-1.5454117318728144,-7.5997278959027526,-8.285220910153324,False,,False,,False,
ECL,STOCH_ONLY_CONTROL,2015-12-15,2015-12-16,113.29,YELLOW,2015-12-10,109.46,3.4989950666910463,True,13.0,2.4273987112719553,-13.036455115191103,2.4273987112719553,-7.882425633330392,0.7149792567746394,-1.1121899549827896,-9.78903698472946,-11.316091446729637,True,0.0,False,,False,
PEP,STOCH_ONLY_CONTROL,2015-12-15,2015-12-16,95.0,YELLOW,2015-12-11,92.117,3.129715470542882,True,18.0,1.869473684210532,-6.549473684210517,1.869473684210532,-3.4957894736842077,0.8052631578947311,0.07999999999999119,-2.6336842105263103,-5.919999999999992,False,,False,,False,
AFL,STOCH_ONLY_CONTROL,2015-12-16,2015-12-17,59.165,GREEN,2015-12-07,56.556,4.6131268123629665,True,1.0,0.016901884560116542,-9.446463280655792,0.016901884560116542,-5.543818135722134,-2.4795064649708376,-4.100397194287164,-7.501056367785008,-8.459393222344291,False,,False,,False,
AFL,V0.1,2015-12-16,2015-12-17,59.165,GREEN,2015-12-07,56.556,4.6131268123629665,True,1.0,0.016901884560116542,-9.446463280655792,0.016901884560116542,-5.543818135722134,-2.4795064649708376,-4.100397194287164,-7.501056367785008,-8.459393222344291,False,,False,,False,
CTAS,STOCH_ONLY_CONTROL,2015-12-16,2015-12-17,89.326,GREEN,2015-12-15,87.793,1.7461528823482286,True,1.0,2.3733291538857726,-9.69706468441438,0.581017844748466,-3.290195463806722,0.07612565210577404,-3.476031614535513,-6.733761726708898,-8.713028681458912,False,,False,,False,
LOW,STOCH_ONLY_CONTROL,2015-12-16,2015-12-17,73.479,GREEN,2015-12-15,71.233,3.153033004365957,True,13.0,1.9039453449284816,-11.244028906218107,1.9039453449284816,-5.862899603968474,0.07757318417507264,-1.234366281522603,-4.643503586058606,-8.503109732032287,False,,False,,False,
LOW,V0.1,2015-12-22,2015-12-23,73.372,YELLOW,2015-12-21,71.376,2.7964581932302,True,8.0,2.052554107834048,-11.707463337512959,2.052554107834048,-3.5667557106253134,-0.09131548819711899,-6.870468298533494,-8.989805375347547,-7.789074851441969,True,3.0,False,,False,
MMM,STOCH_ONLY_CONTROL,2015-12-23,2015-12-24,144.24,GREEN,2015-12-17,140.29,2.815596264879905,True,7.0,1.9065446478092163,-10.718247365501943,1.9065446478092163,-4.901552967276778,-2.655296727676104,-6.884359400998341,-8.243205768164186,-4.000277315585143,False,,False,,False,
MMM,V0.1,2015-12-23,2015-12-24,144.24,GREEN,2015-12-17,140.29,2.815596264879905,True,7.0,1.9065446478092163,-10.718247365501943,1.9065446478092163,-4.901552967276778,-2.655296727676104,-6.884359400998341,-8.243205768164186,-4.000277315585143,False,,False,,False,
SWK,STOCH_ONLY_CONTROL,2015-12-23,2015-12-24,103.34,GREEN,2015-12-21,99.98,3.3606721344268786,True,6.0,1.5192568221404912,-15.395780917360169,1.5192568221404912,-4.13295916392491,-1.848267853686858,-9.882910779949682,-10.463518482678536,-9.949680665763495,False,,False,,False,
SWK,V0.1,2015-12-23,2015-12-24,103.34,GREEN,2015-12-21,99.98,3.3606721344268786,True,6.0,1.5192568221404912,-15.395780917360169,1.5192568221404912,-4.13295916392491,-1.848267853686858,-9.882910779949682,-10.463518482678536,-9.949680665763495,False,,False,,False,
MCD,STOCH_ONLY_CONTROL,2016-01-12,2016-01-13,111.98,YELLOW,2016-01-11,109.96,1.8370316478719673,True,0.0,6.063582782639743,-4.259689230219688,0.12502232541524716,-2.232541525272369,0.09823182711199419,3.9739239149848116,2.5093766744061385,-0.8394356135024039,False,,False,,False,
MCD,V0.1,2016-01-12,2016-01-13,111.98,YELLOW,2016-01-11,109.96,1.8370316478719673,True,0.0,6.063582782639743,-4.259689230219688,0.12502232541524716,-2.232541525272369,0.09823182711199419,3.9739239149848116,2.5093766744061385,-0.8394356135024039,False,,False,,False,
MDT,STOCH_ONLY_CONTROL,2016-01-12,2016-01-13,74.145,YELLOW,2016-01-08,69.657,6.442999267840999,False,,1.1841661609009346,-7.71596196641714,1.1841661609009346,-7.71596196641714,-3.0777530514532248,-3.974644278103723,-1.0007417897363147,-5.651089082203786,False,,False,,False,
MKC,STOCH_ONLY_CONTROL,2016-01-12,2016-01-13,83.017,YELLOW,2016-01-08,80.325,3.351384998443807,True,3.0,6.427599166435782,-8.50307768288423,0.5372393606128734,-5.7626751147355275,-6.950383656359538,-0.38546321837694686,0.10479781249623787,5.36637074334172,False,,False,,False,
MKC,V0.1,2016-01-12,2016-01-13,83.017,YELLOW,2016-01-08,80.325,3.351384998443807,True,3.0,6.427599166435782,-8.50307768288423,0.5372393606128734,-5.7626751147355275,-6.950383656359538,-0.38546321837694686,0.10479781249623787,5.36637074334172,False,,False,,False,
SYY,STOCH_ONLY_CONTROL,2016-01-12,2016-01-13,38.928,YELLOW,2016-01-07,37.98,2.4960505529225907,True,4.0,8.035347307850383,-4.585388409371138,0.4187217427044976,-4.585388409371138,-3.198212083847096,-2.9490341142622167,6.730374023838892,4.693279901356373,False,,False,,False,
SYY,V0.1,2016-01-12,2016-01-13,38.928,YELLOW,2016-01-07,37.98,2.4960505529225907,True,4.0,8.035347307850383,-4.585388409371138,0.4187217427044976,-4.585388409371138,-3.198212083847096,-2.9490341142622167,6.730374023838892,4.693279901356373,False,,False,,False,
KO,STOCH_ONLY_CONTROL,2016-01-13,2016-01-14,39.668,YELLOW,2016-01-07,39.007,1.6945676417053468,False,,3.5721488353332775,-2.949480689724715,3.5721488353332775,-2.949480689724715,0.16890188565090725,2.218412826459626,1.0713925582333417,2.667137239084405,True,10.0,True,10.0,False,
KO,V0.1,2016-01-13,2016-01-14,39.668,YELLOW,2016-01-07,39.007,1.6945676417053468,False,,3.5721488353332775,-2.949480689724715,3.5721488353332775,-2.949480689724715,0.16890188565090725,2.218412826459626,1.0713925582333417,2.667137239084405,True,10.0,True,10.0,False,
BDX,STOCH_ONLY_CONTROL,2016-01-14,2016-01-15,138.43,YELLOW,2016-01-06,135.4,2.237813884785811,True,13.0,4.088709094849374,-9.029834573430618,4.088709094849374,-3.474680343856107,1.791519179368617,2.5789207541717873,-6.660405981362416,-0.15892508849237874,True,5.0,True,5.0,False,
BDX,V0.1,2016-01-14,2016-01-15,138.43,YELLOW,2016-01-06,135.4,2.237813884785811,True,13.0,4.088709094849374,-9.029834573430618,4.088709094849374,-3.474680343856107,1.791519179368617,2.5789207541717873,-6.660405981362416,-0.15892508849237874,True,5.0,True,5.0,False,
JNJ,STOCH_ONLY_CONTROL,2016-01-14,2016-01-15,91.907,YELLOW,2016-01-06,91.63,0.3023027392775379,True,2.0,8.72947653606364,-2.1695844712589896,2.1173577638264662,-1.9084509340964173,0.03046557933563676,8.316015102222906,5.840686781202753,6.1660156462510995,True,1.0,False,,False,
GPC,STOCH_ONLY_CONTROL,2016-04-22,2016-04-25,92.709,GREEN,2016-04-21,91.78,1.012203094356079,True,16.0,1.767897399389473,-4.65219126514147,1.767897399389473,-2.8637996311037806,0.009707795359670257,0.26858233828430667,0.19631319505117872,-3.132381969388076,False,,False,,False,
CLX,STOCH_ONLY_CONTROL,2016-04-25,2016-04-26,119.02,GREEN,2016-04-22,114.76,3.7120948065527903,False,,7.754999159805087,-0.27726432532347856,7.754999159805087,-0.27726432532347856,4.67148378423794,7.4357250882204795,4.67148378423794,5.1924046378760025,True,4.0,True,5.0,True,5.0
LEG,STOCH_ONLY_CONTROL,2016-04-25,2016-04-26,46.095,GREEN,2016-04-21,45.165,2.0591165725672544,False,,4.950645406226273,-1.1845102505694705,4.950645406226273,-1.1845102505694705,3.2845210977329398,3.4732617420544454,0.9567198177676595,3.763965722963447,True,3.0,True,4.0,False,
LEG,V0.1,2016-04-25,2016-04-26,46.095,GREEN,2016-04-21,45.165,2.0591165725672544,False,,4.950645406226273,-1.1845102505694705,4.950645406226273,-1.1845102505694705,3.2845210977329398,3.4732617420544454,0.9567198177676595,3.763965722963447,True,3.0,True,4.0,False,
PEP,STOCH_ONLY_CONTROL,2016-04-25,2016-04-26,98.894,GREEN,2016-04-22,96.734,2.232927409183949,True,16.0,3.636216555099381,-3.097255647460917,3.636216555099381,-2.8404149897870545,0.35088074099540734,3.2721904261127976,-0.7958015653123596,-2.033490403866778,True,9.0,True,10.0,False,
PG,STOCH_ONLY_CONTROL,2016-04-25,2016-04-26,77.814,GREEN,2016-04-22,76.296,1.9896193771626214,True,0.0,1.6989230729688831,-2.9454853882334597,0.0,-2.81054823039556,-0.489629115583301,1.2028683784409022,-1.0782121469144368,-0.6489834734109468,False,,False,,False,
ED,STOCH_ONLY_CONTROL,2016-04-26,2016-04-27,68.559,GREEN,2016-04-22,67.486,1.5899593989864513,False,,6.137779139135624,-1.9005528085298762,6.137779139135624,-1.9005528085298762,5.405563091643706,2.9171954083344165,-0.740967633716938,0.16482154057089193,True,1.0,True,2.0,True,5.0
ED,V0.1,2016-04-26,2016-04-27,68.559,GREEN,2016-04-22,67.486,1.5899593989864513,False,,6.137779139135624,-1.9005528085298762,6.137779139135624,-1.9005528085298762,5.405563091643706,2.9171954083344165,-0.740967633716938,0.16482154057089193,True,1.0,True,2.0,True,5.0
MCD,STOCH_ONLY_CONTROL,2016-04-26,2016-04-27,122.65,GREEN,2016-04-25,119.83,2.353333889677045,True,17.0,3.139013452914785,-4.541377904606614,3.139013452914785,-4.541377904606614,1.0843864655523783,0.9376273950264968,-1.3615980432123975,-3.6689767631471693,True,7.0,True,9.0,False,
MCD,V0.1,2016-04-26,2016-04-27,122.65,GREEN,2016-04-25,119.83,2.353333889677045,True,17.0,3.139013452914785,-4.541377904606614,3.139013452914785,-4.541377904606614,1.0843864655523783,0.9376273950264968,-1.3615980432123975,-3.6689767631471693,True,7.0,True,9.0,False,
T,STOCH_ONLY_CONTROL,2016-04-26,2016-04-27,35.228,GREEN,2016-04-25,35.228,0.0,False,,4.768933802656972,-0.3491540819802519,4.768933802656972,-0.3491540819802519,2.6910412172135745,3.4801862155103835,1.5555807880095474,2.004087657545117,True,0.0,True,3.0,False,
MKC,STOCH_ONLY_CONTROL,2016-04-27,2016-04-28,90.038,GREEN,2016-04-15,88.337,1.9255804476040472,False,,7.452408982873915,-0.21657522379439076,7.452408982873915,-0.21657522379439076,2.3867700304315953,6.76158955107844,3.759523756636085,5.325529220995584,True,2.0,True,5.0,True,8.0
MKC,V0.1,2016-04-27,2016-04-28,90.038,GREEN,2016-04-15,88.337,1.9255804476040472,False,,7.452408982873915,-0.21657522379439076,7.452408982873915,-0.21657522379439076,2.3867700304315953,6.76158955107844,3.759523756636085,5.325529220995584,True,2.0,True,5.0,True,8.0
HRL,STOCH_ONLY_CONTROL,2016-04-28,2016-04-29,37.49,GREEN,2016-04-11,36.44,2.881448957189914,True,13.0,5.0893571619098354,-11.125633502267274,5.0893571619098354,-8.893038143504938,-0.0506801813817126,3.4462523339557016,-9.621232328620966,-9.826620432115241,True,6.0,True,6.0,True,10.0
HRL,V0.1,2016-04-28,2016-04-29,37.49,GREEN,2016-04-11,36.44,2.881448957189914,True,13.0,5.0893571619098354,-11.125633502267274,5.0893571619098354,-8.893038143504938,-0.0506801813817126,3.4462523339557016,-9.621232328620966,-9.826620432115241,True,6.0,True,6.0,True,10.0
PG,V0.1,2016-05-02,2016-05-03,77.146,GREEN,2016-04-28,75.78,1.8025864344154208,False,,2.5795245378891885,-1.714930132476089,2.5795245378891885,-1.714930132476089,2.0791745521478777,-0.22165763617039147,0.21128768827936018,1.226246338112147,True,4.0,False,,False,
CAH,STOCH_ONLY_CONTROL,2016-05-03,2016-05-04,76.279,GREEN,2016-05-02,74.398,2.5282937713379416,True,2.0,1.013385073218065,-4.537290735326893,0.4234455092489542,-4.537290735326893,-2.6927463653168004,-1.591525845907782,-2.9824722400660586,1.013385073218065,False,,False,,False,
CB,STOCH_ONLY_CONTROL,2016-05-03,2016-05-04,114.06,GREEN,2016-04-28,113.05,0.8934099955771879,False,,8.872523233385943,-0.6750832894967473,8.872523233385943,-0.6750832894967473,5.155181483429772,6.733298264071541,8.048395581273017,8.600736454497637,True,1.0,True,1.0,True,4.0
CB,V0.1,2016-05-03,2016-05-04,114.06,GREEN,2016-04-28,113.05,0.8934099955771879,False,,8.872523233385943,-0.6750832894967473,8.872523233385943,-0.6750832894967473,5.155181483429772,6.733298264071541,8.048395581273017,8.600736454497637,True,1.0,True,1.0,True,4.0
KMB,STOCH_ONLY_CONTROL,2016-05-04,2016-05-05,122.27,GREEN,2016-04-25,118.07,3.5572118234945327,False,,2.1755132084730677,-2.26547804040238,2.1755132084730677,-2.26547804040238,1.6766173223194514,-0.8832910771243929,0.01635724216897394,1.6847959434039383,True,5.0,False,,False,
KMB,V0.1,2016-05-04,2016-05-05,122.27,GREEN,2016-04-25,118.07,3.5572118234945327,False,,2.1755132084730677,-2.26547804040238,2.1755132084730677,-2.26547804040238,1.6766173223194514,-0.8832910771243929,0.01635724216897394,1.6847959434039383,True,5.0,False,,False,
SHW,STOCH_ONLY_CONTROL,2016-05-04,2016-05-05,285.2,GREEN,2016-04-29,278.04,2.5751690404258287,False,,2.8190743338008417,-0.8800841514726487,2.8190743338008417,-0.8800841514726487,2.1248246844319807,-0.2910238429172485,-0.26297335203365746,0.6241234221598946,True,3.0,False,,False,
GPC,V0.1,2016-05-06,2016-05-09,92.565,GREEN,2016-05-03,91.415,1.257999234261331,True,6.0,1.9143304704802189,-4.503862150920968,1.5221736077351222,-2.7126883811375735,0.3521849511154418,-2.9816885431858564,0.33057851239668423,1.5902338896991441,False,,False,,False,
NUE,STOCH_ONLY_CONTROL,2016-05-06,2016-05-09,45.932,GREEN,2016-05-05,45.922,0.021776055049871346,True,0.0,5.765043978054507,-5.366628929722205,0.500740224679963,-3.0066184794914186,-0.1654619872855534,-2.209788382826794,1.2953931899329474,5.179395628320127,False,,False,,False,
TGT,STOCH_ONLY_CONTROL,2016-05-09,2016-05-10,75.573,GREEN,2016-05-03,73.452,2.887600065348783,True,1.0,0.8151059240734115,-17.35540470803064,0.8151059240734115,-5.2346737591467685,-7.12423749222606,-13.331480819869512,-13.68345837799213,-13.417490373546093,False,,False,,False,
TGT,V0.1,2016-05-09,2016-05-10,75.573,GREEN,2016-05-03,73.452,2.887600065348783,True,1.0,0.8151059240734115,-17.35540470803064,0.8151059240734115,-5.2346737591467685,-7.12423749222606,-13.331480819869512,-13.68345837799213,-13.417490373546093,False,,False,,False,
ADP,STOCH_ONLY_CONTROL,2016-05-10,2016-05-11,85.207,GREEN,2016-05-06,83.178,2.4393469427011816,True,2.0,0.34034762402150864,-4.343539850012313,0.34034762402150864,-2.7779407795134103,-2.9375520790545395,-0.7593272853169242,-0.11266679967607551,-0.02464586242912903,False,,False,,False,
ADP,V0.1,2016-05-10,2016-05-11,85.207,GREEN,2016-05-06,83.178,2.4393469427011816,True,2.0,0.34034762402150864,-4.343539850012313,0.34034762402150864,-2.7779407795134103,-2.9375520790545395,-0.7593272853169242,-0.11266679967607551,-0.02464586242912903,False,,False,,False,
DOV,STOCH_ONLY_CONTROL,2016-05-10,2016-05-11,63.554,GREEN,2016-05-04,60.736,4.639752370916761,False,,10.660225949586156,-3.6897756238788992,10.660225949586156,-3.6897756238788992,-0.4389967586619359,1.3091229505617141,2.4561789973880366,10.224376121093881,True,11.0,True,11.0,True,17.0
TROW,STOCH_ONLY_CONTROL,2016-05-10,2016-05-11,72.136,GREEN,2016-05-04,70.464,2.372842870118075,False,,2.9846401242098253,-3.1939669513141866,2.9846401242098253,-3.1939669513141866,-1.3529998890983719,2.531329710546748,1.97682155927692,-1.429244759897963,True,10.0,False,,False,
TROW,V0.1,2016-05-10,2016-05-11,72.136,GREEN,2016-05-04,70.464,2.372842870118075,False,,2.9846401242098253,-3.1939669513141866,2.9846401242098253,-3.1939669513141866,-1.3529998890983719,2.531329710546748,1.97682155927692,-1.429244759897963,True,10.0,False,,False,
EMR,STOCH_ONLY_CONTROL,2016-05-12,2016-05-13,50.56,GREEN,2016-05-05,49.783,1.56077375811019,True,0.0,2.4841772151898756,-6.164952531645573,0.3579905063290978,-2.051028481012651,-3.945806962025322,-1.0067246835443022,1.420094936708849,-2.08465189873418,False,,False,,False,
EMR,V0.1,2016-05-12,2016-05-13,50.56,GREEN,2016-05-05,49.783,1.56077375811019,True,0.0,2.4841772151898756,-6.164952531645573,0.3579905063290978,-2.051028481012651,-3.945806962025322,-1.0067246835443022,1.420094936708849,-2.08465189873418,False,,False,,False,
NUE,V0.1,2016-05-12,2016-05-13,45.348,GREEN,2016-05-11,45.289,0.13027445958178063,True,0.0,9.960747993296293,-4.147922730881182,0.6549351680338766,-0.8842727352915136,-1.5855164505601205,2.3462997265590646,6.64196877480816,5.7069771544500325,False,,False,,False,
WMT,STOCH_ONLY_CONTROL,2016-05-19,2016-05-20,66.999,GREEN,2016-05-17,60.611,10.53934104370493,False,,3.5313959909849313,-0.6955327691458013,3.5313959909849313,-0.6955327691458013,2.0477917580859373,2.4806340393140225,1.726891446140999,2.550784340064771,True,3.0,True,10.0,False,
BEN,STOCH_ONLY_CONTROL,2016-05-20,2016-05-23,34.408,GREEN,2016-05-02,33.757,1.9284889060046995,True,12.0,6.17007672634271,-9.169379214136253,6.17007672634271,-3.6183445710300077,5.356312485468484,0.0,-7.16693792141363,-4.629737270402245,True,1.0,True,1.0,True,2.0
BEN,V0.1,2016-05-20,2016-05-23,34.408,GREEN,2016-05-02,33.757,1.9284889060046995,True,12.0,6.17007672634271,-9.169379214136253,6.17007672634271,-3.6183445710300077,5.356312485468484,0.0,-7.16693792141363,-4.629737270402245,True,1.0,True,1.0,True,2.0
GPC,STOCH_ONLY_CONTROL,2016-05-20,2016-05-23,90.063,GREEN,2016-05-19,88.396,1.8858319380967492,False,,5.355140290685401,-0.8394124113120793,5.355140290685401,-0.8394124113120793,3.117817527730571,4.412466828775408,2.388328170280807,4.497962537334987,True,2.0,True,3.0,True,19.0
CL,STOCH_ONLY_CONTROL,2016-05-23,2016-05-24,68.151,GREEN,2016-05-20,67.571,0.8583563954950968,False,,2.9390617892620874,-0.4695455679300298,2.9390617892620874,-0.4695455679300298,1.0931607753371209,2.2288741177679094,1.8312277149271639,2.585435283414772,True,8.0,False,,False,
PG,STOCH_ONLY_CONTROL,2016-05-23,2016-05-24,76.668,GREEN,2016-05-20,76.182,0.6379459714893398,False,,4.335576772577876,0.0,4.335576772577876,0.0,1.8573590024521192,2.9282099441748644,3.3025512599780926,4.072103093859236,True,6.0,True,8.0,False,
PPG,STOCH_ONLY_CONTROL,2016-05-23,2016-05-24,104.06,GREEN,2016-05-03,102.49,1.5318567665138172,False,,4.4013069383048276,-1.4126465500672647,4.4013069383048276,-1.4126465500672647,1.3261579857774208,4.113011724005378,0.038439361906594804,1.1627906976744207,True,1.0,True,10.0,False,
PPG,V0.1,2016-05-23,2016-05-24,104.06,GREEN,2016-05-03,102.49,1.5318567665138172,False,,4.4013069383048276,-1.4126465500672647,4.4013069383048276,-1.4126465500672647,1.3261579857774208,4.113011724005378,0.038439361906594804,1.1627906976744207,True,1.0,True,10.0,False,
ABBV,STOCH_ONLY_CONTROL,2016-05-24,2016-05-25,57.883,GREEN,2016-05-23,56.035,3.2979387882573485,False,,7.0245149698529685,-3.1425461707237035,7.0245149698529685,-3.1425461707237035,6.566694884508406,-0.5407459875956699,-0.29542352676951156,0.37662180605704254,True,2.0,True,2.0,True,5.0
APD,STOCH_ONLY_CONTROL,2016-05-24,2016-05-25,137.64,GREEN,2016-05-04,134.44,2.3802439750074234,False,,2.3249055507120087,-1.809067131647768,2.3249055507120087,-1.809067131647768,-0.23249055507119643,1.9253124091833884,0.35600116245277924,1.5111886079628212,True,9.0,False,,False,
APD,V0.1,2016-05-24,2016-05-25,137.64,GREEN,2016-05-04,134.44,2.3802439750074234,False,,2.3249055507120087,-1.809067131647768,2.3249055507120087,-1.809067131647768,-0.23249055507119643,1.9253124091833884,0.35600116245277924,1.5111886079628212,True,9.0,False,,False,
GWW,STOCH_ONLY_CONTROL,2016-05-24,2016-05-25,218.08,GREEN,2016-05-16,211.44,3.1403707907680767,True,12.0,2.191856199559794,-4.365370506236244,2.191856199559794,-4.365370506236244,1.5269625825385047,0.3943506969919186,-2.1505869405722744,-0.13297872340426453,True,9.0,False,,False,
GWW,V0.1,2016-05-24,2016-05-25,218.08,GREEN,2016-05-16,211.44,3.1403707907680767,True,12.0,2.191856199559794,-4.365370506236244,2.191856199559794,-4.365370506236244,1.5269625825385047,0.3943506969919186,-2.1505869405722744,-0.13297872340426453,True,9.0,False,,False,
KO,STOCH_ONLY_CONTROL,2016-05-26,2016-05-27,42.567,GREEN,2016-05-19,41.835,1.7497310864108995,False,,2.9318486151243883,-2.3774285244438143,2.9318486151243883,-2.3774285244438143,1.4800197335964604,1.6938003617825936,1.3766532760119299,-1.3273192848920479,True,7.0,False,,False,
KO,V0.1,2016-05-26,2016-05-27,42.567,GREEN,2016-05-19,41.835,1.7497310864108995,False,,2.9318486151243883,-2.3774285244438143,2.9318486151243883,-2.3774285244438143,1.4800197335964604,1.6938003617825936,1.3766532760119299,-1.3273192848920479,True,7.0,False,,False,
PEP,STOCH_ONLY_CONTROL,2016-05-27,2016-05-31,97.883,GREEN,2016-05-19,95.831,2.1412695265623727,False,,3.266144274286642,-1.2913376173595004,3.266144274286642,-1.2913376173595004,1.0931418121635117,1.8358652677175957,2.6531675571856317,0.7468099670014272,True,7.0,True,14.0,False,
PEP,V0.1,2016-05-27,2016-05-31,97.883,GREEN,2016-05-19,95.831,2.1412695265623727,False,,3.266144274286642,-1.2913376173595004,3.266144274286642,-1.2913376173595004,1.0931418121635117,1.8358652677175957,2.6531675571856317,0.7468099670014272,True,7.0,True,14.0,False,
SYY,STOCH_ONLY_CONTROL,2016-06-03,2016-06-06,47.181,GREEN,2016-05-24,46.314,1.872004145614703,False,,5.93035332019245,-1.6150569085013,5.93035332019245,-1.6150569085013,-1.1614844958775628,1.9393399885547113,1.4497361225917382,5.148258833004826,True,9.0,True,17.0,True,20.0
SYY,V0.1,2016-06-03,2016-06-06,47.181,GREEN,2016-05-24,46.314,1.872004145614703,False,,5.93035332019245,-1.6150569085013,5.93035332019245,-1.6150569085013,-1.1614844958775628,1.9393399885547113,1.4497361225917382,5.148258833004826,True,9.0,True,17.0,True,20.0
MCD,STOCH_ONLY_CONTROL,2016-06-08,2016-06-09,117.88,GREEN,2016-05-19,116.2,1.4457831325301207,True,11.0,1.6372582287071724,-4.920257889379032,1.6372582287071724,-3.104852392263313,0.3223617237869014,-0.7041058703766478,-1.4251781472684022,-0.6277570410586963,False,,False,,False,
MCD,V0.1,2016-06-08,2016-06-09,117.88,GREEN,2016-05-19,116.2,1.4457831325301207,True,11.0,1.6372582287071724,-4.920257889379032,1.6372582287071724,-3.104852392263313,0.3223617237869014,-0.7041058703766478,-1.4251781472684022,-0.6277570410586963,False,,False,,False,
HRL,STOCH_ONLY_CONTROL,2016-06-09,2016-06-10,33.707,GREEN,2016-05-19,32.969,2.2384664381691843,False,,7.790666627110099,-2.8243391580383803,7.790666627110099,-2.8243391580383803,0.581481591360844,1.9076156288011514,4.616251817129968,5.022695582519954,True,10.0,True,11.0,True,14.0
AFL,STOCH_ONLY_CONTROL,2016-06-16,2016-06-17,66.815,GREEN,2016-06-14,65.493,2.0185363321270966,True,6.0,7.793160218513817,-2.3991618648506963,4.636683379480644,-2.3991618648506963,0.6974481778043939,5.4089650527576305,5.640948888722597,6.4401706203696785,True,1.0,True,3.0,False,
CB,STOCH_ONLY_CONTROL,2016-06-16,2016-06-17,121.41,GREEN,2016-06-14,119.45,1.640853913771445,True,6.0,5.164319248826299,-3.352277407132853,2.7921917469730717,-3.352277407132853,-1.0625154435384143,4.620706696318266,4.315954204760741,3.7970513137303374,True,4.0,False,,False,
LOW,STOCH_ONLY_CONTROL,2016-06-16,2016-06-17,75.645,GREEN,2016-06-13,73.451,2.987025363848006,False,,7.4241522903033985,-3.236168947055318,7.4241522903033985,-3.236168947055318,-1.0390640491770742,2.2222222222222143,6.3335316279992115,5.652719941833584,True,1.0,True,10.0,True,14.0
MMM,STOCH_ONLY_CONTROL,2016-06-16,2016-06-17,164.83,GREEN,2016-06-15,161.58,2.011387547963861,False,,6.970818418977109,-2.845355821149076,6.970818418977109,-2.845355821149076,-0.515682824728525,3.270035794454884,4.71394770369471,6.54613844567129,True,4.0,True,9.0,True,16.0
PNR,STOCH_ONLY_CONTROL,2016-06-16,2016-06-17,58.541,GREEN,2016-06-14,56.238,4.09509584266865,True,5.0,5.8728070924651155,-8.170342153362586,3.68972173348594,-4.726601868775726,-4.366170717958351,-2.7109205514084134,2.8629507524640774,4.135563109615492,True,1.0,True,1.0,False,
PNR,V0.1,2016-06-16,2016-06-17,58.541,GREEN,2016-06-14,56.238,4.09509584266865,True,5.0,5.8728070924651155,-8.170342153362586,3.68972173348594,-4.726601868775726,-4.366170717958351,-2.7109205514084134,2.8629507524640774,4.135563109615492,True,1.0,True,1.0,False,
SWK,STOCH_ONLY_CONTROL,2016-06-16,2016-06-17,109.61,GREEN,2016-06-15,108.06,1.4343883027947424,True,5.0,5.647294954839888,-7.380713438554876,2.700483532524389,-4.744092692272606,-4.379162485174703,0.1642185931940654,3.3117416294133672,4.634613630143236,True,1.0,False,,False,
TGT,STOCH_ONLY_CONTROL,2016-06-16,2016-06-17,63.897,GREEN,2016-06-13,62.862,1.6464636823518175,False,,10.761068594769707,-0.20814748736246447,10.761068594769707,-0.20814748736246447,3.4899917054008744,4.536989217021148,8.253908634208184,10.371378937978303,True,1.0,True,3.0,True,7.0
ITW,STOCH_ONLY_CONTROL,2016-06-17,2016-06-20,103.76,GREEN,2016-06-16,100.7,3.038728897715992,True,4.0,5.021202775636069,-8.139938319198158,1.089051657671547,-5.436584425597535,-7.7843099460293,-2.3804934464147998,3.373168851195074,4.394757131842697,False,,False,,False,
MHFI,STOCH_ONLY_CONTROL,2016-06-20,2016-06-21,106.06,GREEN,2016-06-14,103.9,2.078922040423481,True,3.0,9.315481802753144,-7.886102206298329,2.7908730907033608,-3.780878747878569,-5.619460682632482,-0.8014331510465822,5.789175938148228,8.79690741089949,True,2.0,False,,False,
MHFI,V0.1,2016-06-20,2016-06-21,106.06,GREEN,2016-06-14,103.9,2.078922040423481,True,3.0,9.315481802753144,-7.886102206298329,2.7908730907033608,-3.780878747878569,-5.619460682632482,-0.8014331510465822,5.789175938148228,8.79690741089949,True,2.0,False,,False,
TROW,STOCH_ONLY_CONTROL,2016-06-20,2016-06-21,69.766,GREEN,2016-06-10,67.685,3.074536455640109,True,3.0,3.715276782386834,-7.027778574090537,1.5193647335378202,-5.978556890175735,-4.21122036522088,-0.647880056187844,2.043975575495205,2.2661468337012103,False,,False,,False,
TROW,V0.1,2016-06-20,2016-06-21,69.766,GREEN,2016-06-10,67.685,3.074536455640109,True,3.0,3.715276782386834,-7.027778574090537,1.5193647335378202,-5.978556890175735,-4.21122036522088,-0.647880056187844,2.043975575495205,2.2661468337012103,False,,False,,False,
SHW,STOCH_ONLY_CONTROL,2016-06-22,2016-06-23,288.72,GREEN,2016-06-21,283.28,1.920361479807986,True,1.0,6.743557772236075,-4.783180936547515,0.17664172901079578,-3.809919645331117,0.31518426156829094,4.703518980326948,4.492241618176762,0.2840121917428551,False,,False,,False,
ABBV,STOCH_ONLY_CONTROL,2016-06-23,2016-06-24,56.158,GREEN,2016-06-20,56.623,-0.8212210585804236,True,1.0,11.054524733786808,-1.5705687524484424,2.2614765483101262,-1.5705687524484424,5.821076249154178,8.591830193382943,8.198297660173083,9.489298051924933,True,0.0,False,,False,
ABBV,V0.1,2016-06-23,2016-06-24,56.158,GREEN,2016-06-20,56.623,-0.8212210585804236,True,1.0,11.054524733786808,-1.5705687524484424,2.2614765483101262,-1.5705687524484424,5.821076249154178,8.591830193382943,8.198297660173083,9.489298051924933,True,0.0,False,,False,
ADM,STOCH_ONLY_CONTROL,2016-06-29,2016-06-30,40.203,GREEN,2016-06-27,37.609,6.897285224281435,False,,8.852573191055392,-1.1715543616148127,8.852573191055392,-1.1715543616148127,4.270825560281577,5.395119767181544,4.84540954655126,8.106360221873988,True,0.0,True,1.0,True,10.0
ADM,V0.1,2016-06-29,2016-06-30,40.203,GREEN,2016-06-27,37.609,6.897285224281435,False,,8.852573191055392,-1.1715543616148127,8.852573191055392,-1.1715543616148127,4.270825560281577,5.395119767181544,4.84540954655126,8.106360221873988,True,0.0,True,1.0,True,10.0
APD,STOCH_ONLY_CONTROL,2016-06-29,2016-06-30,134.41,GREEN,2016-06-28,128.55,4.5585375340334355,False,,9.389182352503544,-1.629343054832233,9.389182352503544,-1.629343054832233,3.4149244847853533,6.993527267316435,6.4876125288297,7.045606725690057,True,1.0,True,5.0,True,7.0
BDX,STOCH_ONLY_CONTROL,2016-06-29,2016-06-30,165.17,GREEN,2016-06-28,159.72,3.4122213874279828,False,,5.376278985287897,-0.2240116243869772,5.376278985287897,-0.2240116243869772,4.2743839680329465,3.9413937155657885,3.105890900284569,4.492341224193264,True,3.0,True,5.0,True,6.0
DOV,STOCH_ONLY_CONTROL,2016-06-29,2016-06-30,66.232,GREEN,2016-06-28,63.374,4.509735853820174,False,,7.968957603575322,-2.7131899987921204,7.968957603575322,-2.7131899987921204,3.2129484237226613,7.2774489672665865,4.577847566131177,4.814893103031781,True,1.0,True,5.0,True,6.0
ECL,STOCH_ONLY_CONTROL,2016-06-29,2016-06-30,115.15,GREEN,2016-06-28,112.87,2.0200230353504045,False,,4.203213200173672,-0.2344767694311911,4.203213200173672,-0.2344767694311911,2.023447676943113,3.508467216673905,2.726877985236653,1.320017368649573,True,1.0,True,7.0,False,
EMR,STOCH_ONLY_CONTROL,2016-06-29,2016-06-30,48.804,GREEN,2016-06-28,47.084,3.6530456205929873,False,,11.435538070649942,-0.6843701335956132,11.435538070649942,-0.6843701335956132,4.991394148020656,10.472502253913607,9.648799278747644,9.825014343086625,True,0.0,True,1.0,True,5.0
GWW,STOCH_ONLY_CONTROL,2016-06-29,2016-06-30,212.6,GREEN,2016-06-28,207.71,2.3542438977420366,True,14.0,5.73377234242709,-2.62935089369708,5.73377234242709,-2.615239887111953,4.482596425211671,4.858889934148647,-1.2417685794919975,-0.7949200376293541,True,0.0,True,0.0,True,6.0
NUE,STOCH_ONLY_CONTROL,2016-06-29,2016-06-30,46.666,GREEN,2016-06-27,44.216,5.54098064049211,False,,18.27454677923972,-0.3728624694638527,18.27454677923972,-0.3728624694638527,10.215145930656156,17.425963228046125,9.240132001885758,11.14515921656023,True,0.0,True,1.0,True,3.0
PEP,STOCH_ONLY_CONTROL,2016-06-29,2016-06-30,100.16,GREEN,2016-06-28,97.99,2.214511684865794,False,,6.938897763578278,-0.19968051118210983,6.938897763578278,-0.19968051118210983,4.363019169329085,5.700878594249215,5.251597444089473,5.001996805111819,True,0.0,True,2.0,True,4.0
PPG,STOCH_ONLY_CONTROL,2016-06-30,2016-07-01,101.86,GREEN,2016-06-28,96.102,5.991550644107302,False,,5.586098566660125,-2.4896917337522084,5.586098566660125,-2.4896917337522084,2.199096799528766,4.771254663263291,2.1794620066758252,0.34360887492637104,True,4.0,True,6.0,True,7.0
PPG,V0.1,2016-06-30,2016-07-01,101.86,GREEN,2016-06-28,96.102,5.991550644107302,False,,5.586098566660125,-2.4896917337522084,5.586098566660125,-2.4896917337522084,2.199096799528766,4.771254663263291,2.1794620066758252,0.34360887492637104,True,4.0,True,6.0,True,7.0
ED,STOCH_ONLY_CONTROL,2016-07-21,2016-07-22,76.325,GREEN,2016-07-20,74.939,1.8495042634676384,True,10.0,1.8539141827710326,-6.3465443825745265,1.8539141827710326,-2.6767114313789753,0.3629217163445775,-2.5561742548313227,-1.2538486734359755,-3.3003603013429528,False,,False,,False,
GPC,STOCH_ONLY_CONTROL,2016-07-26,2016-07-27,97.609,GREEN,2016-07-21,94.953,2.797173338388448,False,,3.4330850638772947,-2.1176325953549346,3.4330850638772947,-2.1176325953549346,-0.4354106690981352,0.03893083629584737,1.2980360417584658,3.2281859254781997,True,16.0,True,20.0,False,
GPC,V0.1,2016-07-26,2016-07-27,97.609,GREEN,2016-07-21,94.953,2.797173338388448,False,,3.4330850638772947,-2.1176325953549346,3.4330850638772947,-2.1176325953549346,-0.4354106690981352,0.03893083629584737,1.2980360417584658,3.2281859254781997,True,16.0,True,20.0,False,
GWW,V0.1,2016-07-26,2016-07-27,211.81,GREEN,2016-07-21,207.01,2.318728563837502,False,,6.468060998064296,-2.0962183088617192,6.468060998064296,-2.0962183088617192,-1.1047637033190116,0.5807091261035735,5.651291251593404,5.726830650110948,True,8.0,True,11.0,True,11.0
BCR,STOCH_ONLY_CONTROL,2016-07-28,2016-07-29,222.98,GREEN,2016-07-22,220.14,1.2900881257381647,True,3.0,1.1974168086823944,-4.3322271055700075,1.1974168086823944,-2.1975065028253526,-0.6009507579155082,-0.6099201722127523,-2.139205309893255,-3.0406314467665285,False,,False,,False,
MKC,STOCH_ONLY_CONTROL,2016-08-01,2016-08-02,99.69,GREEN,2016-07-25,98.632,1.0726741828209763,True,1.0,0.7924566155080859,-2.060387200321001,0.19059083157788592,-2.0503561039221574,-1.1866787039823357,-1.7062894974420595,0.3109639883639215,-0.7122078443173807,False,,False,,False,
MKC,V0.1,2016-08-01,2016-08-02,99.69,GREEN,2016-07-25,98.632,1.0726741828209763,True,1.0,0.7924566155080859,-2.060387200321001,0.19059083157788592,-2.0503561039221574,-1.1866787039823357,-1.7062894974420595,0.3109639883639215,-0.7122078443173807,False,,False,,False,
CB,STOCH_ONLY_CONTROL,2016-08-03,2016-08-04,122.58,GREEN,2016-07-27,119.59,2.500209047579216,False,,1.3786914667971883,-0.693424702235268,1.3786914667971883,-0.693424702235268,0.6526350138684966,1.1910589003100158,0.23658019252732476,1.0605318975362987,False,,False,,False,
AFL,STOCH_ONLY_CONTROL,2016-08-04,2016-08-05,70.352,GREEN,2016-08-03,69.468,1.2725283583808311,False,,3.454059586081404,-1.03621787582443,3.454059586081404,-1.03621787582443,0.3709915851717094,0.6339549692972346,1.0234250625426489,2.7447691607914493,True,15.0,True,17.0,False,
AFL,V0.1,2016-08-04,2016-08-05,70.352,GREEN,2016-08-03,69.468,1.2725283583808311,False,,3.454059586081404,-1.03621787582443,3.454059586081404,-1.03621787582443,0.3709915851717094,0.6339549692972346,1.0234250625426489,2.7447691607914493,True,15.0,True,17.0,False,
CLX,STOCH_ONLY_CONTROL,2016-08-04,2016-08-05,129.55,GREEN,2016-07-21,125.44,3.276466836734704,False,,0.6792744114241467,-3.095329988421458,0.6792744114241467,-3.095329988421458,-0.27788498649171656,-2.238517946738716,-2.3620223851794853,-1.3585488228483267,False,,False,,False,
CLX,V0.1,2016-08-04,2016-08-05,129.55,GREEN,2016-07-21,125.44,3.276466836734704,False,,0.6792744114241467,-3.095329988421458,0.6792744114241467,-3.095329988421458,-0.27788498649171656,-2.238517946738716,-2.3620223851794853,-1.3585488228483267,False,,False,,False,
CVX,STOCH_ONLY_CONTROL,2016-08-04,2016-08-05,96.059,GREEN,2016-07-27,93.126,3.149496381246908,False,,3.6654556054091847,-1.2606835382421244,3.6654556054091847,-1.2606835382421244,1.15345777074507,2.386033583526803,1.3845657356416297,0.9910575791961085,True,6.0,True,9.0,False,
CVX,V0.1,2016-08-04,2016-08-05,96.059,GREEN,2016-07-27,93.126,3.149496381246908,False,,3.6654556054091847,-1.2606835382421244,3.6654556054091847,-1.2606835382421244,1.15345777074507,2.386033583526803,1.3845657356416297,0.9910575791961085,True,6.0,True,9.0,False,
LEG,STOCH_ONLY_CONTROL,2016-08-04,2016-08-05,51.198,GREEN,2016-08-02,49.238,3.980665339778211,False,,0.373061447712808,-2.9063635298253843,0.373061447712808,-2.9063635298253843,-0.3418102269619805,-1.0937927262783753,-2.5274424782217975,-2.2637603031368414,False,,False,,False,
WBA,STOCH_ONLY_CONTROL,2016-08-04,2016-08-05,77.974,GREEN,2016-07-28,75.836,2.8192415211772737,False,,4.522020160566331,-1.7236514735681219,4.522020160566331,-1.7236514735681219,3.825634185754212,3.3831790083874047,-0.6220022058634922,2.920204170620977,True,3.0,True,3.0,False,
WBA,V0.1,2016-08-04,2016-08-05,77.974,GREEN,2016-07-28,75.836,2.8192415211772737,False,,4.522020160566331,-1.7236514735681219,4.522020160566331,-1.7236514735681219,3.825634185754212,3.3831790083874047,-0.6220022058634922,2.920204170620977,True,3.0,True,3.0,False,
EMR,STOCH_ONLY_CONTROL,2016-08-05,2016-08-08,51.883,GREEN,2016-08-04,50.675,2.383818450912689,False,,2.530694061638683,-2.9161767823757345,2.530694061638683,-2.9161767823757345,1.998727907021558,-1.33569762735386,0.17346722433166928,-2.00836497504,True,5.0,False,,False,
GWW,STOCH_ONLY_CONTROL,2016-08-05,2016-08-08,215.07,GREEN,2016-08-02,207.37,3.713169696677432,False,,6.146835913888493,-1.25075556795462,6.146835913888493,-1.25075556795462,4.100990375226665,3.9940484493420803,5.784163295671174,3.8313107360394394,True,3.0,True,3.0,True,14.0
XOM,STOCH_ONLY_CONTROL,2016-08-05,2016-08-08,83.365,GREEN,2016-07-27,81.026,2.8867277170290917,False,,1.8724884543873443,-1.4826365980927125,1.8724884543873443,-1.4826365980927125,0.5781802914892387,0.7845018892820965,0.6129670725124603,1.4490493612427269,False,,False,,False,
XOM,V0.1,2016-08-05,2016-08-08,83.365,GREEN,2016-07-27,81.026,2.8867277170290917,False,,1.8724884543873443,-1.4826365980927125,1.8724884543873443,-1.4826365980927125,0.5781802914892387,0.7845018892820965,0.6129670725124603,1.4490493612427269,False,,False,,False,
PPG,STOCH_ONLY_CONTROL,2016-08-08,2016-08-09,102.29,GREEN,2016-08-01,100.46,1.8216205454907541,False,,3.4607488513050955,-1.3979861179000963,3.4607488513050955,-1.3979861179000963,-0.6843288689021398,1.9943298465147974,2.815524489197374,2.277837520774262,True,10.0,True,13.0,False,
PPG,V0.1,2016-08-08,2016-08-09,102.29,GREEN,2016-08-01,100.46,1.8216205454907541,False,,3.4607488513050955,-1.3979861179000963,3.4607488513050955,-1.3979861179000963,-0.6843288689021398,1.9943298465147974,2.815524489197374,2.277837520774262,True,10.0,True,13.0,False,
ADP,STOCH_ONLY_CONTROL,2016-08-09,2016-08-10,87.421,GREEN,2016-08-01,85.108,2.717723363256108,False,,1.1782066093958932,-1.2674300225346324,1.1782066093958932,-1.2674300225346324,-0.6668878187163441,-0.275677468800406,-0.13269122979604475,0.08007229384243697,False,,False,,False,
ADP,V0.1,2016-08-09,2016-08-10,87.421,GREEN,2016-08-01,85.108,2.717723363256108,False,,1.1782066093958932,-1.2674300225346324,1.1782066093958932,-1.2674300225346324,-0.6668878187163441,-0.275677468800406,-0.13269122979604475,0.08007229384243697,False,,False,,False,
BCR,V0.1,2016-08-09,2016-08-10,221.56,GREEN,2016-08-02,218.08,1.5957446808510634,True,4.0,0.798880664379853,-3.7190828669434906,0.798880664379853,-1.6564361798158567,-1.918216284527896,-3.3399530601191607,-0.7176385629174997,-1.6474092796533668,False,,False,,False,
SYY,STOCH_ONLY_CONTROL,2016-08-09,2016-08-10,50.269,GREEN,2016-08-05,49.551,1.4490121289176816,False,,4.026338299946297,-0.5967892737074432,4.026338299946297,-0.5967892737074432,0.6922755575006434,1.0404026338300065,-0.037796654001465146,1.4064333883705649,True,3.0,True,3.0,False,
KMB,STOCH_ONLY_CONTROL,2016-08-10,2016-08-11,125.88,GREEN,2016-07-21,123.67,1.787013827120565,True,3.0,0.07944073721004585,-5.338417540514772,0.07944073721004585,-2.4785510009532774,-2.5341595170003117,-1.803304734667932,-2.017794725135047,-5.298697171909761,False,,False,,False,
KMB,V0.1,2016-08-10,2016-08-11,125.88,GREEN,2016-07-21,123.67,1.787013827120565,True,3.0,0.07944073721004585,-5.338417540514772,0.07944073721004585,-2.4785510009532774,-2.5341595170003117,-1.803304734667932,-2.017794725135047,-5.298697171909761,False,,False,,False,
ED,V0.1,2016-08-11,2016-08-12,75.311,GREEN,2016-08-05,74.034,1.7248831617905358,True,1.0,0.3678081555151147,-6.5727450173281525,0.3678081555151147,-2.5241996521092713,-1.9983800507230143,-4.217179429299844,-3.215997663024006,-4.6261502303780455,False,,False,,False,
KO,STOCH_ONLY_CONTROL,2016-08-12,2016-08-15,42.308,GREEN,2016-07-28,41.465,2.0330399131797794,True,18.0,0.524723456556675,-4.148151649806186,0.524723456556675,-4.148151649806186,-0.8130849957454833,-1.2668998770918094,-0.6996312754089073,-3.3397938924080495,False,,False,,False,
KO,V0.1,2016-08-12,2016-08-15,42.308,GREEN,2016-07-28,41.465,2.0330399131797794,True,18.0,0.524723456556675,-4.148151649806186,0.524723456556675,-4.148151649806186,-0.8130849957454833,-1.2668998770918094,-0.6996312754089073,-3.3397938924080495,False,,False,,False,
MCD,STOCH_ONLY_CONTROL,2016-08-12,2016-08-15,114.93,GREEN,2016-07-28,113.09,1.627022725263072,True,2.0,0.9658052727747224,-4.246062820847484,0.1914208648742699,-2.105629513616991,-3.0192290959714763,-3.027930044374838,-0.7221787174802152,-2.853911076307314,False,,False,,False,
MCD,V0.1,2016-08-12,2016-08-15,114.93,GREEN,2016-07-28,113.09,1.627022725263072,True,2.0,0.9658052727747224,-4.246062820847484,0.1914208648742699,-2.105629513616991,-3.0192290959714763,-3.027930044374838,-0.7221787174802152,-2.853911076307314,False,,False,,False,
ED,STOCH_ONLY_CONTROL,2016-08-18,2016-08-19,74.327,GREEN,2016-08-16,71.481,3.9814775954449377,True,14.0,0.19373847996018156,-5.3358806355698345,0.19373847996018156,-5.3358806355698345,-2.9491301949493343,-1.9346939873800983,-3.363515277086393,-0.8314609764957459,False,,False,,False,
LOW,STOCH_ONLY_CONTROL,2016-08-23,2016-08-24,76.137,GREEN,2016-08-19,74.312,2.455861771988377,True,8.0,0.12871534208072077,-9.781052576276982,0.12871534208072077,-3.1797943181370525,-1.8978945847616946,-5.012017810000402,-8.623927919408436,-7.637548104075542,False,,False,,False,
SHW,STOCH_ONLY_CONTROL,2016-08-23,2016-08-24,286.62,GREEN,2016-08-17,282.2,1.566265060240979,True,5.0,0.25120368432069995,-6.245202707417475,0.25120368432069995,-2.198032237806158,-2.096852976065866,-2.222454818226227,-4.497243737352585,-3.506384760309822,False,,False,,False,
SHW,V0.1,2016-08-23,2016-08-24,286.62,GREEN,2016-08-17,282.2,1.566265060240979,True,5.0,0.25120368432069995,-6.245202707417475,0.25120368432069995,-2.198032237806158,-2.096852976065866,-2.222454818226227,-4.497243737352585,-3.506384760309822,False,,False,,False,
LOW,V0.1,2016-08-25,2016-08-26,75.541,GREEN,2016-08-24,74.811,0.975792330004932,True,2.0,0.722786301478684,-9.06924716379185,0.722786301478684,-1.28936603963411,-0.6076170556386651,-6.366079347639031,-7.902993076607401,-8.548999880859398,False,,False,,False,
ABT,STOCH_ONLY_CONTROL,2016-08-29,2016-08-30,41.761,GREEN,2016-08-24,40.867,2.187584114322072,True,1.0,0.8117621704461175,-5.883479801728885,0.8117621704461175,-2.511913028902568,-2.581355810445163,-5.117214626086541,-2.535858815641401,-1.6762050717176402,False,,False,,False,
BCR,STOCH_ONLY_CONTROL,2016-08-29,2016-08-30,219.99,GREEN,2016-08-16,213.32,3.1267579223701603,True,7.0,5.041138233556075,-3.8774489749534125,0.8000363652893361,-3.327423973817001,-0.5136597118050812,-1.7955361607345899,3.463793808809501,2.918314468839478,False,,False,,False,
PEP,STOCH_ONLY_CONTROL,2016-08-29,2016-08-30,104.19,GREEN,2016-08-26,103.63,0.5403840586702735,True,0.0,1.0269699587292624,-2.8889528745560944,0.13436990114215064,-0.8158172569344369,0.047989250407898254,-1.9675592667242503,-0.01919570016315486,0.20155485171322596,False,,False,,False,
ADM,STOCH_ONLY_CONTROL,2016-08-30,2016-08-31,41.973,GREEN,2016-08-26,40.955,2.485654987181052,True,6.0,1.8488075667691284,-4.357563195387515,1.8488075667691284,-2.820861029709565,0.0,-2.215710099349577,-0.6003859624044039,-3.9549234031401093,False,,False,,False,
ADM,V0.1,2016-08-30,2016-08-31,41.973,GREEN,2016-08-26,40.955,2.485654987181052,True,6.0,1.8488075667691284,-4.357563195387515,1.8488075667691284,-2.820861029709565,0.0,-2.215710099349577,-0.6003859624044039,-3.9549234031401093,False,,False,,False,
JNJ,STOCH_ONLY_CONTROL,2016-08-30,2016-08-31,116.42,GREEN,2016-08-09,115.25,1.0151843817787443,True,6.0,0.36935234495789615,-2.0872702284830846,0.36935234495789615,-1.1338258031266202,-0.060127125923392644,-0.7558838687510727,-0.06871671534101065,-1.898299261295322,False,,False,,False,
JNJ,V0.1,2016-08-30,2016-08-31,116.42,GREEN,2016-08-09,115.25,1.0151843817787443,True,6.0,0.36935234495789615,-2.0872702284830846,0.36935234495789615,-1.1338258031266202,-0.060127125923392644,-0.7558838687510727,-0.06871671534101065,-1.898299261295322,False,,False,,False,
PNR,STOCH_ONLY_CONTROL,2016-08-30,2016-08-31,62.357,GREEN,2016-08-26,61.675,1.1057965139845916,True,1.0,1.6838526548743404,-9.148932758150641,0.311111823852972,-2.5594560354090135,-2.952354988213035,-7.885241432397327,-2.8272687909937866,-1.7335663999230144,False,,False,,False,
WMT,STOCH_ONLY_CONTROL,2016-09-01,2016-09-02,71.017,GREEN,2016-08-23,68.974,2.961985675761869,True,4.0,0.2745821423039585,-3.6850331610740916,0.2745821423039585,-3.6850331610740916,-1.436275821282218,-1.2306912429418282,-1.8756072489685471,-1.3433403269639599,False,,False,,False,
WMT,V0.1,2016-09-01,2016-09-02,71.017,GREEN,2016-08-23,68.974,2.961985675761869,True,4.0,0.2745821423039585,-3.6850331610740916,0.2745821423039585,-3.6850331610740916,-1.436275821282218,-1.2306912429418282,-1.8756072489685471,-1.3433403269639599,False,,False,,False,
CAH,STOCH_ONLY_CONTROL,2016-09-02,2016-09-06,77.581,GREEN,2016-08-18,76.415,1.5258784270103964,True,5.0,1.88963792681196,-6.9411324937806995,1.88963792681196,-2.914373364612477,-2.33820136373597,-5.002513502017248,-2.2750415694564374,-4.793699488276781,False,,False,,False,
CAH,V0.1,2016-09-02,2016-09-06,77.581,GREEN,2016-08-18,76.415,1.5258784270103964,True,5.0,1.88963792681196,-6.9411324937806995,1.88963792681196,-2.914373364612477,-2.33820136373597,-5.002513502017248,-2.2750415694564374,-4.793699488276781,False,,False,,False,
NUE,STOCH_ONLY_CONTROL,2016-09-02,2016-09-06,47.497,GREEN,2016-08-11,46.583,1.9620891741622515,True,3.0,2.513842979556613,-8.773185674884731,1.7306356190917471,-4.665557824704725,-6.311977598585172,-6.0066951596942975,-0.0989536181232431,-2.3075141587889703,False,,False,,False,
NUE,V0.1,2016-09-02,2016-09-06,47.497,GREEN,2016-08-11,46.583,1.9620891741622515,True,3.0,2.513842979556613,-8.773185674884731,1.7306356190917471,-4.665557824704725,-6.311977598585172,-6.0066951596942975,-0.0989536181232431,-2.3075141587889703,False,,False,,False,
T,STOCH_ONLY_CONTROL,2016-09-06,2016-09-07,38.821,GREEN,2016-08-18,38.153,1.7508452808429276,True,2.0,1.0638571906957717,-4.744854589011094,0.3142628989464491,-3.827825146183761,-3.322943767548492,-1.671775585379054,-0.9968831302645476,-3.9360140130341836,False,,False,,False,
T,V0.1,2016-09-06,2016-09-07,38.821,GREEN,2016-08-18,38.153,1.7508452808429276,True,2.0,1.0638571906957717,-4.744854589011094,0.3142628989464491,-3.827825146183761,-3.322943767548492,-1.671775585379054,-0.9968831302645476,-3.9360140130341836,False,,False,,False,
ABBV,STOCH_ONLY_CONTROL,2016-09-07,2016-09-08,61.145,GREEN,2016-08-25,60.705,0.7248167366773917,True,1.0,2.140812821980531,-2.675607163300353,0.29601766293236853,-1.4081282198053824,-0.9534712568484816,1.7499386703736963,-1.784283261100661,-1.767928694087828,False,,False,,False,
ABBV,V0.1,2016-09-07,2016-09-08,61.145,GREEN,2016-08-25,60.705,0.7248167366773917,True,1.0,2.140812821980531,-2.675607163300353,0.29601766293236853,-1.4081282198053824,-0.9534712568484816,1.7499386703736963,-1.784283261100661,-1.767928694087828,False,,False,,False,
VFC,STOCH_ONLY_CONTROL,2016-09-08,2016-09-09,57.88,GREEN,2016-09-01,56.827,1.8529924155771038,True,0.0,1.7605390463026893,-9.181064270905326,0.06910850034553828,-2.045611610228071,-5.834485141672429,-4.509329647546645,-6.019350380096755,-8.51762266758811,False,,False,,False,
VFC,V0.1,2016-09-08,2016-09-09,57.88,GREEN,2016-09-01,56.827,1.8529924155771038,True,0.0,1.7605390463026893,-9.181064270905326,0.06910850034553828,-2.045611610228071,-5.834485141672429,-4.509329647546645,-6.019350380096755,-8.51762266758811,False,,False,,False,
DOV,STOCH_ONLY_CONTROL,2016-09-12,2016-09-13,67.599,GREEN,2016-09-09,66.651,1.4223342485484292,True,1.0,7.463128152783338,-4.310714655542247,0.4482314827142453,-2.9497477773339886,-0.23225195638990614,0.4482314827142453,5.019305019305009,-3.224899776623924,False,,False,,False,
EMR,STOCH_ONLY_CONTROL,2016-09-12,2016-09-13,49.941,GREEN,2016-09-09,48.762,2.417866371354749,False,,6.335475861516571,-2.1285116437396168,6.335475861516571,-2.1285116437396168,-0.7949380268717166,0.3704371157966291,3.3339340421697505,-1.623916221140942,True,7.0,True,12.0,True,13.0
CL,STOCH_ONLY_CONTROL,2016-09-13,2016-09-14,70.066,GREEN,2016-09-09,68.928,1.6509981429897902,False,,3.4281962720863257,-0.9034339051751106,3.4281962720863257,-0.9034339051751106,1.347301116090538,2.179373733337142,1.3059115690919887,0.5551908200839062,True,6.0,True,12.0,False,
ADP,STOCH_ONLY_CONTROL,2016-09-14,2016-09-15,84.567,GREEN,2016-09-13,84.449,0.13972930407701867,True,18.0,3.8502016152872853,-0.879775799070559,3.8502016152872853,-0.879775799070559,3.445788546359685,0.8431184741092945,1.247531543036895,0.47299774143578777,True,4.0,True,5.0,False,
BDX,STOCH_ONLY_CONTROL,2016-09-14,2016-09-15,170.02,GREEN,2016-09-13,167.93,1.2445661882927395,False,,5.211151629220079,-0.9822373838372034,5.211151629220079,-0.9822373838372034,5.099400070579918,2.1350429361251644,2.5291142218562435,0.06469827079165213,True,0.0,True,4.0,True,5.0
SWK,STOCH_ONLY_CONTROL,2016-09-14,2016-09-15,117.73,GREEN,2016-09-13,117.41,0.27254918661103744,True,18.0,4.153571731928984,-2.4462753758600297,4.153571731928984,-2.4462753758600297,2.760553809564259,1.5459101333559877,3.567484923129194,0.7899430901214588,True,3.0,True,5.0,False,
GWW,STOCH_ONLY_CONTROL,2016-09-15,2016-09-16,219.22,GREEN,2016-09-13,215.23,1.85383078567114,True,0.0,0.9989964419304886,-5.975732141227985,0.3968616002189673,-4.853571754401964,-4.2468752851017255,-0.5884499589453474,-0.7800383176717496,-5.291488002919442,False,,False,,False,
GWW,V0.1,2016-09-15,2016-09-16,219.22,GREEN,2016-09-13,215.23,1.85383078567114,True,0.0,0.9989964419304886,-5.975732141227985,0.3968616002189673,-4.853571754401964,-4.2468752851017255,-0.5884499589453474,-0.7800383176717496,-5.291488002919442,False,,False,,False,
MKC,STOCH_ONLY_CONTROL,2016-09-15,2016-09-16,93.44,GREEN,2016-09-09,93.85,-0.4368673415023894,True,0.0,5.35958904109588,-1.4490582191780788,0.866866438356162,-0.627140410958904,1.055222602739736,4.409246575342474,0.3028681506849429,-0.8722174657534221,False,,False,,False,
ABT,V0.1,2016-09-16,2016-09-19,40.816,GREEN,2016-09-01,39.304,3.846936698554848,False,,4.145433163465317,-3.258526068208556,4.145433163465317,-3.258526068208556,-0.8477067816542672,1.2225597804782273,3.481477851822823,-2.829772638181105,True,13.0,True,15.0,False,
ITW,STOCH_ONLY_CONTROL,2016-09-19,2016-09-20,114.95,GREEN,2016-09-09,112.02,2.6156043563649423,False,,3.123096998695085,-2.931709438886476,3.123096998695085,-2.931709438886476,0.9134406263592743,1.5224010439321534,-1.9051761635493714,-1.8703784254023526,True,2.0,True,9.0,False,
ITW,V0.1,2016-09-19,2016-09-20,114.95,GREEN,2016-09-09,112.02,2.6156043563649423,False,,3.123096998695085,-2.931709438886476,3.123096998695085,-2.931709438886476,0.9134406263592743,1.5224010439321534,-1.9051761635493714,-1.8703784254023526,True,2.0,True,9.0,False,
MMM,STOCH_ONLY_CONTROL,2016-09-19,2016-09-20,173.4,GREEN,2016-09-16,170.15,1.9100793417572648,True,10.0,2.220299884659749,-5.207612456747402,2.220299884659749,-3.662053056516723,-0.7900807381776231,-3.39677047289505,-4.521337946943483,-4.371395617070362,True,2.0,False,,False,
BF-B,STOCH_ONLY_CONTROL,2016-09-20,2016-09-21,45.879,GREEN,2016-09-02,44.47,3.1684281538115533,True,18.0,2.726737723141315,-3.8579742365788205,2.726737723141315,-3.8579742365788205,1.3709976241853772,0.0,-1.3775365635693815,-3.051505045881553,True,1.0,False,,False,
BF-B,V0.1,2016-09-20,2016-09-21,45.879,GREEN,2016-09-02,44.47,3.1684281538115533,True,18.0,2.726737723141315,-3.8579742365788205,2.726737723141315,-3.8579742365788205,1.3709976241853772,0.0,-1.3775365635693815,-3.051505045881553,True,1.0,False,,False,
DOV,V0.1,2016-09-20,2016-09-21,67.785,GREEN,2016-09-13,65.605,3.3229174605593936,True,13.0,7.168252563251465,-5.005532197388806,7.168252563251465,-4.096776572988126,3.0862285166334713,6.274249465220927,-2.9446042634801106,0.1283469794202352,True,1.0,True,1.0,True,7.0
GPC,STOCH_ONLY_CONTROL,2016-09-20,2016-09-21,96.018,GREEN,2016-09-08,93.183,3.0424004378480918,True,20.0,3.027557333000064,-8.393217938303232,3.027557333000064,-8.393217938303232,1.8808973317502975,0.030202670332646342,-0.7988085567289471,-6.836218209085809,True,1.0,True,1.0,False,
GPC,V0.1,2016-09-20,2016-09-21,96.018,GREEN,2016-09-08,93.183,3.0424004378480918,True,20.0,3.027557333000064,-8.393217938303232,3.027557333000064,-8.393217938303232,1.8808973317502975,0.030202670332646342,-0.7988085567289471,-6.836218209085809,True,1.0,True,1.0,False,
HCP,STOCH_ONLY_CONTROL,2016-09-20,2016-09-21,35.338,GREEN,2016-09-13,34.419,2.6700368982248257,True,10.0,5.498330409191232,-5.57756522723415,5.498330409191232,-4.168317392042553,4.547512592676428,-3.506140698398341,-4.09474220385988,-2.07708415869603,True,1.0,True,1.0,True,2.0
HCP,V0.1,2016-09-20,2016-09-21,35.338,GREEN,2016-09-13,34.419,2.6700368982248257,True,10.0,5.498330409191232,-5.57756522723415,5.498330409191232,-4.168317392042553,4.547512592676428,-3.506140698398341,-4.09474220385988,-2.07708415869603,True,1.0,True,1.0,True,2.0
AFL,STOCH_ONLY_CONTROL,2016-09-21,2016-09-22,71.99,GREEN,2016-09-15,69.655,3.35223602038619,True,13.0,0.3528267814974395,-5.468815113210168,0.3528267814974395,-4.017224614529791,-2.8920683428253824,-2.1975274343658757,-4.179747187109317,-5.332685095152101,False,,False,,False,
AFL,V0.1,2016-09-21,2016-09-22,71.99,GREEN,2016-09-15,69.655,3.35223602038619,True,13.0,0.3528267814974395,-5.468815113210168,0.3528267814974395,-4.017224614529791,-2.8920683428253824,-2.1975274343658757,-4.179747187109317,-5.332685095152101,False,,False,,False,
APD,STOCH_ONLY_CONTROL,2016-09-21,2016-09-22,144.57,GREEN,2016-09-13,139.51,3.62698014479248,True,7.0,1.7431002282631392,-12.429964722971576,1.7431002282631392,-6.979317977450372,0.8300477277443541,-7.622604966452229,-10.832122847063708,-9.407207581102572,False,,False,,False,
APD,V0.1,2016-09-21,2016-09-22,144.57,GREEN,2016-09-13,139.51,3.62698014479248,True,7.0,1.7431002282631392,-12.429964722971576,1.7431002282631392,-6.979317977450372,0.8300477277443541,-7.622604966452229,-10.832122847063708,-9.407207581102572,False,,False,,False,
BEN,STOCH_ONLY_CONTROL,2016-09-21,2016-09-22,35.166,GREEN,2016-09-20,34.151,2.972094521390267,True,2.0,3.1479269749189687,-5.7555593470966055,2.3602343172382634,-4.470226923733134,-3.0483990217823886,1.026559745208444,-3.9953364044815864,-3.4948529829949337,True,0.0,False,,False,
CINF,STOCH_ONLY_CONTROL,2016-09-21,2016-09-22,73.97,GREEN,2016-09-15,72.034,2.6876197351250797,True,8.0,0.8422333378396818,-4.042179261862911,0.7232661889955416,-3.5811815600919283,-1.8575098012707736,-2.3158037042044,-0.7489522779505209,-3.97593619034744,False,,False,,False,
CINF,V0.1,2016-09-21,2016-09-22,73.97,GREEN,2016-09-15,72.034,2.6876197351250797,True,8.0,0.8422333378396818,-4.042179261862911,0.7232661889955416,-3.5811815600919283,-1.8575098012707736,-2.3158037042044,-0.7489522779505209,-3.97593619034744,False,,False,,False,
KMB,STOCH_ONLY_CONTROL,2016-09-21,2016-09-22,121.54,GREEN,2016-09-12,117.52,3.4206943498978903,True,16.0,1.6537765344742494,-5.076518018759257,1.6537765344742494,-3.8834951456310773,-0.10696067138391552,-1.6949152542372947,-2.97844331084417,-4.936646371564912,False,,False,,False,
KMB,V0.1,2016-09-21,2016-09-22,121.54,GREEN,2016-09-12,117.52,3.4206943498978903,True,16.0,1.6537765344742494,-5.076518018759257,1.6537765344742494,-3.8834951456310773,-0.10696067138391552,-1.6949152542372947,-2.97844331084417,-4.936646371564912,False,,False,,False,
KO,STOCH_ONLY_CONTROL,2016-09-21,2016-09-22,41.309,GREEN,2016-09-16,40.589,1.773879622557839,True,8.0,0.704446972814643,-3.0647074487399784,0.704446972814643,-2.173860417826612,-1.5880316638020697,-2.3408942361228813,-2.21985523735746,-1.8252681013822603,False,,False,,False,
KO,V0.1,2016-09-21,2016-09-22,41.309,GREEN,2016-09-16,40.589,1.773879622557839,True,8.0,0.704446972814643,-3.0647074487399784,0.704446972814643,-2.173860417826612,-1.5880316638020697,-2.3408942361228813,-2.21985523735746,-1.8252681013822603,False,,False,,False,
PNR,V0.1,2016-09-21,2016-09-22,59.835,GREEN,2016-09-08,56.652,5.618513026901084,False,,5.3363416060833835,-5.595387315116573,5.3363416060833835,-5.595387315116573,2.4082894626890727,0.16211247597559542,-4.326898972173476,-4.6444388735689905,True,0.0,True,4.0,True,6.0
PPG,STOCH_ONLY_CONTROL,2016-09-21,2016-09-22,101.46,GREEN,2016-09-13,97.805,3.737027759316991,True,11.0,0.6899270648531575,-12.750837768578748,0.6899270648531575,-10.625862408831054,-1.399566331559221,-1.271437019515076,-11.003351074314994,-10.480977725211904,False,,False,,False,
PPG,V0.1,2016-09-21,2016-09-22,101.46,GREEN,2016-09-13,97.805,3.737027759316991,True,11.0,0.6899270648531575,-12.750837768578748,0.6899270648531575,-10.625862408831054,-1.399566331559221,-1.271437019515076,-11.003351074314994,-10.480977725211904,False,,False,,False,
SHW,STOCH_ONLY_CONTROL,2016-09-21,2016-09-22,276.3,GREEN,2016-09-09,268.72,2.820779994045841,True,8.0,1.6395222584147495,-6.4314151284835415,1.6395222584147495,-2.9895041621425977,-0.7347086500181121,-1.889250814332255,-3.53963083604778,-1.25950054288817,False,,False,,False,
SHW,V0.1,2016-09-21,2016-09-22,276.3,GREEN,2016-09-09,268.72,2.820779994045841,True,8.0,1.6395222584147495,-6.4314151284835415,1.6395222584147495,-2.9895041621425977,-0.7347086500181121,-1.889250814332255,-3.53963083604778,-1.25950054288817,False,,False,,False,
CLX,STOCH_ONLY_CONTROL,2016-09-22,2016-09-23,122.44,GREEN,2016-09-09,117.88,3.868340685442817,True,8.0,0.3348578895785659,-6.239790918000654,0.3348578895785659,-4.173472721332894,-1.0045736687357087,-3.005553740607636,-3.7079385821626842,-5.063704671675929,False,,False,,False,
CTAS,STOCH_ONLY_CONTROL,2016-09-22,2016-09-23,112.28,GREEN,2016-09-13,109.91,2.1563097079428717,True,4.0,3.411115069469184,-7.926612041325265,3.411115069469184,-3.3843961524759547,-2.0662629141432243,-3.9276807980049844,-4.978624866405424,-7.418952618453867,True,3.0,True,3.0,False,
CTAS,V0.1,2016-09-22,2016-09-23,112.28,GREEN,2016-09-13,109.91,2.1563097079428717,True,4.0,3.411115069469184,-7.926612041325265,3.411115069469184,-3.3843961524759547,-2.0662629141432243,-3.9276807980049844,-4.978624866405424,-7.418952618453867,True,3.0,True,3.0,False,
CVX,STOCH_ONLY_CONTROL,2016-09-22,2016-09-23,95.482,GREEN,2016-09-15,93.738,1.860504811282504,False,,5.1088163214009,-1.559456232588341,5.1088163214009,-1.559456232588341,3.5964893906704987,2.953436249764363,1.7542573469345069,1.9783833602144973,True,3.0,True,5.0,True,11.0
CVX,V0.1,2016-09-22,2016-09-23,95.482,GREEN,2016-09-15,93.738,1.860504811282504,False,,5.1088163214009,-1.559456232588341,5.1088163214009,-1.559456232588341,3.5964893906704987,2.953436249764363,1.7542573469345069,1.9783833602144973,True,3.0,True,5.0,True,11.0
ECL,STOCH_ONLY_CONTROL,2016-09-22,2016-09-23,117.52,GREEN,2016-09-13,115.19,2.0227450299505234,True,16.0,2.6718856364874144,-3.2590197413206234,2.6718856364874144,-2.408100748808717,2.3825731790333426,0.11061946902655162,-1.7869298842750125,-2.612321307011567,True,3.0,False,,False,
ECL,V0.1,2016-09-22,2016-09-23,117.52,GREEN,2016-09-13,115.19,2.0227450299505234,True,16.0,2.6718856364874144,-3.2590197413206234,2.6718856364874144,-2.408100748808717,2.3825731790333426,0.11061946902655162,-1.7869298842750125,-2.612321307011567,True,3.0,False,,False,
LOW,STOCH_ONLY_CONTROL,2016-09-22,2016-09-23,70.43,GREEN,2016-08-26,68.69,2.53311981365556,True,12.0,1.9238960670168836,-4.10052534431351,1.9238960670168836,-3.0768138577310866,0.028396989919055038,-1.2338492119835287,-1.1642765866818228,-1.652704813289796,False,,False,,False,
MKC,V0.1,2016-09-22,2016-09-23,94.836,GREEN,2016-09-16,92.854,2.1345337842203937,True,12.0,3.8086802480070903,-3.964739128600958,3.8086802480070903,-2.8997427137373966,2.872326964443883,-1.1736049601417164,-2.331393141844873,-3.2624741659285417,True,5.0,True,5.0,False,
WBA,STOCH_ONLY_CONTROL,2016-09-22,2016-09-23,80.553,GREEN,2016-09-20,77.743,3.6144733287884367,True,4.0,0.07324370290366922,-7.598723821583297,0.07324370290366922,-4.399587848993825,-2.3140044442789276,-3.2103087408290154,-5.113403597631372,-1.1632093156058732,False,,False,,False,
LEG,STOCH_ONLY_CONTROL,2016-09-23,2016-09-26,46.941,GREEN,2016-09-13,47.037,-0.2040946488934159,True,0.0,0.6412304808163238,-7.496644724228297,0.0745616838158547,-1.5743166954261811,-5.9436313670352074,-4.948765471549388,-5.487739928846846,-6.748897552246436,False,,False,,False,
LEG,V0.1,2016-09-23,2016-09-26,46.941,GREEN,2016-09-13,47.037,-0.2040946488934159,True,0.0,0.6412304808163238,-7.496644724228297,0.0745616838158547,-1.5743166954261811,-5.9436313670352074,-4.948765471549388,-5.487739928846846,-6.748897552246436,False,,False,,False,
SYY,STOCH_ONLY_CONTROL,2016-09-23,2016-09-26,47.749,GREEN,2016-09-13,47.207,1.1481348105153888,True,6.0,0.6282854091185008,-3.4953611593960154,0.48796833441537846,-2.525707344656436,-0.7288110745774734,-1.5351106829462502,-1.4345850174872776,-2.4942930742005154,False,,False,,False,
SYY,V0.1,2016-09-23,2016-09-26,47.749,GREEN,2016-09-13,47.207,1.1481348105153888,True,6.0,0.6282854091185008,-3.4953611593960154,0.48796833441537846,-2.525707344656436,-0.7288110745774734,-1.5351106829462502,-1.4345850174872776,-2.4942930742005154,False,,False,,False,
XOM,STOCH_ONLY_CONTROL,2016-09-28,2016-09-29,83.046,GREEN,2016-09-14,78.577,5.687414892398546,False,,1.9543385593526308,-1.771307468150185,1.9543385593526308,-1.771307468150185,0.07947402644317147,-0.47202755099584603,0.27575078871950875,-0.05900344387448353,False,,False,,False,
BEN,V0.1,2016-09-29,2016-09-30,34.437,GREEN,2016-09-27,33.438,2.9876188767270717,True,11.0,5.331474867148733,-3.7604901704561766,5.331474867148733,-3.7604901704561766,2.366640531985964,-2.8486801986235544,-1.739408194674319,-2.564102564102555,True,1.0,True,1.0,True,1.0
ADM,STOCH_ONLY_CONTROL,2016-09-30,2016-10-03,40.751,GREEN,2016-09-29,40.163,1.4640340612006142,False,,5.285759858653782,-1.1680694952271087,5.285759858653782,-1.1680694952271087,3.0723172437486346,-0.30919486638364413,1.2613187406444126,3.7888640769551785,True,0.0,True,1.0,True,20.0
CB,STOCH_ONLY_CONTROL,2016-10-07,2016-10-10,122.94,GREEN,2016-10-05,119.16,3.1722054380664666,False,,2.489019033674955,-3.156011062306807,2.489019033674955,-3.156011062306807,0.18708312998210186,-2.521555230193584,1.2363754677078287,-0.7483325199284185,True,14.0,False,,False,
T,STOCH_ONLY_CONTROL,2016-10-11,2016-10-12,37.283,GREEN,2016-10-06,36.388,2.459602066615374,True,7.0,1.0862859748410836,-7.354558377812959,1.0862859748410836,-5.5923611297374105,0.5900812702840375,-6.946865863798523,-7.099750556553919,-4.3666014001019215,False,,False,,False,
PEP,STOCH_ONLY_CONTROL,2016-10-14,2016-10-17,103.88,GREEN,2016-10-11,102.09,1.7533548829464118,True,18.0,1.9541778975741275,-5.981902194840194,1.9541778975741275,-4.149018097805158,0.442818636888731,0.3369272237196741,0.12514439738160466,-5.098190219484011,False,,False,,False,
PEP,V0.1,2016-10-14,2016-10-17,103.88,GREEN,2016-10-11,102.09,1.7533548829464118,True,18.0,1.9541778975741275,-5.981902194840194,1.9541778975741275,-4.149018097805158,0.442818636888731,0.3369272237196741,0.12514439738160466,-5.098190219484011,False,,False,,False,
BCR,STOCH_ONLY_CONTROL,2016-10-17,2016-10-18,219.66,GREEN,2016-10-13,215.04,2.1484375,True,5.0,2.1123554584357773,-7.552581261950286,1.9803332422835274,-2.440134753710277,-2.4173723026495453,-2.5084221068924606,1.7618137121005129,-3.6602021305654153,False,,False,,False,
BCR,V0.1,2016-10-17,2016-10-18,219.66,GREEN,2016-10-13,215.04,2.1484375,True,5.0,2.1123554584357773,-7.552581261950286,1.9803332422835274,-2.440134753710277,-2.4173723026495453,-2.5084221068924606,1.7618137121005129,-3.6602021305654153,False,,False,,False,
NUE,STOCH_ONLY_CONTROL,2016-10-17,2016-10-18,46.167,GREEN,2016-10-13,44.725,3.2241475684740006,False,,27.374531591829655,-4.388415968115755,27.374531591829655,-4.388415968115755,-0.8014382567634981,0.9487296120605615,8.423765893387047,27.333376654320183,True,2.0,True,2.0,True,13.0
WMT,STOCH_ONLY_CONTROL,2016-10-17,2016-10-18,66.717,GREEN,2016-10-10,65.258,2.235741211805453,False,,5.135122982148488,-0.8453617518773271,5.135122982148488,-0.8453617518773271,1.1526297645277905,1.06569539997301,1.7791567366638228,4.154863078375826,True,7.0,True,16.0,True,17.0
WMT,V0.1,2016-10-17,2016-10-18,66.717,GREEN,2016-10-10,65.258,2.235741211805453,False,,5.135122982148488,-0.8453617518773271,5.135122982148488,-0.8453617518773271,1.1526297645277905,1.06569539997301,1.7791567366638228,4.154863078375826,True,7.0,True,16.0,True,17.0
DOV,STOCH_ONLY_CONTROL,2016-10-18,2016-10-19,66.485,GREEN,2016-10-12,64.392,3.250403776866695,True,12.0,6.204407009099788,-3.677521245393689,4.203955779499147,-3.677521245393689,0.8528239452508135,-2.501316086335259,3.307512972851012,3.924193427088807,True,0.0,True,0.0,False,
DOV,V0.1,2016-10-18,2016-10-19,66.485,GREEN,2016-10-12,64.392,3.250403776866695,True,12.0,6.204407009099788,-3.677521245393689,4.203955779499147,-3.677521245393689,0.8528239452508135,-2.501316086335259,3.307512972851012,3.924193427088807,True,0.0,True,0.0,False,
ED,STOCH_ONLY_CONTROL,2016-10-18,2016-10-19,70.68,GREEN,2016-10-04,68.832,2.6847977684797852,True,16.0,3.7733446519524483,-5.830503678551224,3.7733446519524483,-5.830503678551224,0.8474816072439051,0.7625919637803902,-1.3653084323712594,-3.754951895868719,True,8.0,True,8.0,False,
ED,V0.1,2016-10-18,2016-10-19,70.68,GREEN,2016-10-04,68.832,2.6847977684797852,True,16.0,3.7733446519524483,-5.830503678551224,3.7733446519524483,-5.830503678551224,0.8474816072439051,0.7625919637803902,-1.3653084323712594,-3.754951895868719,True,8.0,True,8.0,False,
ABBV,STOCH_ONLY_CONTROL,2016-10-19,2016-10-20,59.286,GREEN,2016-10-12,57.752,2.656185067183814,True,6.0,5.85973079647808,-10.395371588570669,0.8652970347130751,-10.395371588570669,0.016867388590902088,-9.04598050129879,4.151064332220078,0.40819080389973283,False,,False,,False,
ABBV,V0.1,2016-10-19,2016-10-20,59.286,GREEN,2016-10-12,57.752,2.656185067183814,True,6.0,5.85973079647808,-10.395371588570669,0.8652970347130751,-10.395371588570669,0.016867388590902088,-9.04598050129879,4.151064332220078,0.40819080389973283,False,,False,,False,
MDT,STOCH_ONLY_CONTROL,2016-10-19,2016-10-20,81.808,GREEN,2016-10-14,80.576,1.5289912629070868,True,4.0,1.7088793272051594,-8.689859182476056,1.172256991981202,-3.5314394680227013,-3.025376491296705,-2.461861920594577,-1.124584392724426,-2.2247212986505116,False,,False,,False,
MDT,V0.1,2016-10-19,2016-10-20,81.808,GREEN,2016-10-14,80.576,1.5289912629070868,True,4.0,1.7088793272051594,-8.689859182476056,1.172256991981202,-3.5314394680227013,-3.025376491296705,-2.461861920594577,-1.124584392724426,-2.2247212986505116,False,,False,,False,
APD,STOCH_ONLY_CONTROL,2016-10-20,2016-10-21,129.97,GREEN,2016-10-05,126.6,2.6619273301737856,False,,5.839809186735412,-3.2622912979918373,5.839809186735412,-3.2622912979918373,0.34623374624913605,0.015388166499974432,3.885512041240302,3.4546433792413733,True,1.0,True,12.0,True,14.0
APD,V0.1,2016-10-20,2016-10-21,129.97,GREEN,2016-10-05,126.6,2.6619273301737856,False,,5.839809186735412,-3.2622912979918373,5.839809186735412,-3.2622912979918373,0.34623374624913605,0.015388166499974432,3.885512041240302,3.4546433792413733,True,1.0,True,12.0,True,14.0
BEN,STOCH_ONLY_CONTROL,2016-10-20,2016-10-21,33.602,GREEN,2016-10-14,33.161,1.329875456108054,True,6.0,18.844116421641566,-3.5593119457175137,3.669424439021496,-1.7796559728587513,-0.14284863996189,-1.2826617463246204,8.704838997678731,13.585500863043887,True,1.0,True,3.0,False,
WBA,STOCH_ONLY_CONTROL,2016-10-20,2016-10-21,78.766,GREEN,2016-10-11,74.432,5.822764402407565,False,,4.69364954421958,-4.5590737120077325,4.69364954421958,-4.5590737120077325,0.49767666251936404,-0.43292791305894474,0.43546707970443244,3.6614783028210196,True,1.0,True,1.0,False,
AFL,STOCH_ONLY_CONTROL,2016-10-24,2016-10-25,68.384,GREEN,2016-10-18,67.086,1.934829919804426,True,3.0,5.713324754328486,-2.969992980814229,1.4155357978474559,-2.54153018249883,-2.2987833411324377,0.13014740290127058,4.19103883949461,2.292934019653714,False,,False,,False,
EMR,STOCH_ONLY_CONTROL,2016-10-24,2016-10-25,48.568,GREEN,2016-10-12,47.61,2.0121823146397766,False,,12.946796244440794,-1.6512930324493524,12.946796244440794,-1.6512930324493524,1.573052215450499,3.2140504035578887,12.162329105583925,9.285949596442112,True,5.0,True,5.0,True,11.0
EMR,V0.1,2016-10-24,2016-10-25,48.568,GREEN,2016-10-12,47.61,2.0121823146397766,False,,12.946796244440794,-1.6512930324493524,12.946796244440794,-1.6512930324493524,1.573052215450499,3.2140504035578887,12.162329105583925,9.285949596442112,True,5.0,True,5.0,True,11.0
MMM,STOCH_ONLY_CONTROL,2016-10-24,2016-10-25,165.35,GREEN,2016-10-03,163.64,1.0449767782938268,True,0.0,3.5621409132144066,-3.3081342606592123,0.24795887511339654,-2.5703054127608094,-3.0843664953129735,0.9253099485938998,2.818264287874195,2.0925309948593984,False,,False,,False,
MKC,STOCH_ONLY_CONTROL,2016-10-25,2016-10-26,93.969,GREEN,2016-10-06,91.076,3.1764680047432936,True,11.0,0.6470218901978297,-5.3751769200480854,0.6470218901978297,-4.540859219529835,-1.0546031137928513,-1.3153273952047906,-4.113058561866145,-4.936734454979829,False,,False,,False,
CL,STOCH_ONLY_CONTROL,2016-10-26,2016-10-27,70.145,GREEN,2016-10-12,69.059,1.5725683835560833,True,0.0,0.20956589920879676,-8.670610877468087,0.20956589920879676,-2.050039204504961,-1.6023950388480923,-6.29980754152113,-7.987739682087103,-7.2350131869698515,False,,False,,False,
CL,V0.1,2016-10-26,2016-10-27,70.145,GREEN,2016-10-12,69.059,1.5725683835560833,True,0.0,0.20956589920879676,-8.670610877468087,0.20956589920879676,-2.050039204504961,-1.6023950388480923,-6.29980754152113,-7.987739682087103,-7.2350131869698515,False,,False,,False,
GPC,STOCH_ONLY_CONTROL,2016-10-26,2016-10-27,88.736,GREEN,2016-10-19,85.947,3.2450230956287074,True,4.0,7.299179588892879,-5.221105301117934,0.0,-3.546474936891464,-3.7977821853588223,2.3181121529029847,3.5228092318788207,7.134646592138472,False,,False,,False,
GPC,V0.1,2016-10-26,2016-10-27,88.736,GREEN,2016-10-19,85.947,3.2450230956287074,True,4.0,7.299179588892879,-5.221105301117934,0.0,-3.546474936891464,-3.7977821853588223,2.3181121529029847,3.5228092318788207,7.134646592138472,False,,False,,False,
PG,STOCH_ONLY_CONTROL,2016-10-26,2016-10-27,84.856,GREEN,2016-10-18,81.512,4.102463440965742,True,10.0,0.20623173376073112,-6.627698689544637,0.20623173376073112,-6.0903177147166865,-1.0394079381540355,-5.1993966248703565,-5.074479117563868,-4.627840105590641,False,,False,,False,
PG,V0.1,2016-10-26,2016-10-27,84.856,GREEN,2016-10-18,81.512,4.102463440965742,True,10.0,0.20623173376073112,-6.627698689544637,0.20623173376073112,-6.0903177147166865,-1.0394079381540355,-5.1993966248703565,-5.074479117563868,-4.627840105590641,False,,False,,False,
JNJ,STOCH_ONLY_CONTROL,2016-10-27,2016-10-28,112.8,GREEN,2016-10-19,110.04,2.5081788440566966,False,,5.762411347517737,-3.014184397163111,5.762411347517737,-3.014184397163111,-0.6117021276595747,2.2960992907801403,0.2925531914893531,-1.648936170212767,True,8.0,True,8.0,True,8.0
JNJ,V0.1,2016-10-27,2016-10-28,112.8,GREEN,2016-10-19,110.04,2.5081788440566966,False,,5.762411347517737,-3.014184397163111,5.762411347517737,-3.014184397163111,-0.6117021276595747,2.2960992907801403,0.2925531914893531,-1.648936170212767,True,8.0,True,8.0,True,8.0
GWW,STOCH_ONLY_CONTROL,2016-10-28,2016-10-31,202.81,GREEN,2016-10-13,195.74,3.6119341984264697,False,,10.497509984714748,-3.4317834426310423,10.497509984714748,-3.4317834426310423,0.31556629357525345,7.3714313889847505,6.784675311868238,8.80134115674769,True,7.0,True,7.0,True,7.0
GWW,V0.1,2016-10-28,2016-10-31,202.81,GREEN,2016-10-13,195.74,3.6119341984264697,False,,10.497509984714748,-3.4317834426310423,10.497509984714748,-3.4317834426310423,0.31556629357525345,7.3714313889847505,6.784675311868238,8.80134115674769,True,7.0,True,7.0,True,7.0
ITW,STOCH_ONLY_CONTROL,2016-10-28,2016-10-31,112.07,GREEN,2016-10-21,109.3,2.5343092406221457,False,,10.350673686089063,-2.444900508610681,10.350673686089063,-2.444900508610681,2.471669492281614,8.030695101275986,8.003926117605076,9.868831980012494,True,5.0,True,6.0,True,7.0
ITW,V0.1,2016-10-28,2016-10-31,112.07,GREEN,2016-10-21,109.3,2.5343092406221457,False,,10.350673686089063,-2.444900508610681,10.350673686089063,-2.444900508610681,2.471669492281614,8.030695101275986,8.003926117605076,9.868831980012494,True,5.0,True,6.0,True,7.0
SWK,STOCH_ONLY_CONTROL,2016-10-28,2016-10-31,112.3,GREEN,2016-10-26,109.88,2.202402621041144,False,,10.819234194122895,-1.3089937666963536,10.819234194122895,-1.3089937666963536,2.5556544968833528,6.598397150489754,5.921638468388246,4.87978628673198,True,5.0,True,6.0,True,7.0
SYY,STOCH_ONLY_CONTROL,2016-10-31,2016-11-01,46.908,GREEN,2016-10-21,45.977,2.02492550623139,False,,13.641596316193393,-1.0595207640487714,13.641596316193393,-1.0595207640487714,12.663085188027633,11.228361899889139,12.473352093459544,10.710326596742558,True,4.0,True,4.0,True,4.0
BDX,STOCH_ONLY_CONTROL,2016-11-03,2016-11-04,170.5,GREEN,2016-10-13,162.89,4.671864448400775,True,6.0,3.8064516129032278,-6.2287390029325485,3.8064516129032278,-6.2287390029325485,-1.6539589442815195,-0.7917888563049869,-1.683284457478007,-5.096774193548381,True,1.0,True,1.0,False,
BDX,V0.1,2016-11-03,2016-11-04,170.5,GREEN,2016-10-13,162.89,4.671864448400775,True,6.0,3.8064516129032278,-6.2287390029325485,3.8064516129032278,-6.2287390029325485,-1.6539589442815195,-0.7917888563049869,-1.683284457478007,-5.096774193548381,True,1.0,True,1.0,False,
MHFI,STOCH_ONLY_CONTROL,2016-11-04,2016-11-07,123.4,GREEN,2016-11-01,117.94,4.629472613193153,True,14.0,2.2528363047001676,-9.489465153970833,2.2528363047001676,-4.9432739059967705,-0.9157212317666197,-2.5121555915721294,-3.9222042139384183,-8.784440842787689,True,1.0,False,,False,
MHFI,V0.1,2016-11-04,2016-11-07,123.4,GREEN,2016-11-01,117.94,4.629472613193153,True,14.0,2.2528363047001676,-9.489465153970833,2.2528363047001676,-4.9432739059967705,-0.9157212317666197,-2.5121555915721294,-3.9222042139384183,-8.784440842787689,True,1.0,False,,False,
SWK,V0.1,2016-11-04,2016-11-07,114.43,GREEN,2016-11-01,110.83,3.248217991518554,False,,8.756444988202382,-0.7515511666521091,8.756444988202382,-0.7515511666521091,4.614174604561727,3.9500131084505785,2.927553963121543,2.315826269334953,True,2.0,True,2.0,True,3.0
ABT,STOCH_ONLY_CONTROL,2016-11-07,2016-11-08,38.715,GREEN,2016-10-13,37.424,3.449657973492948,True,10.0,4.81725429420119,-5.656722200697417,4.81725429420119,-4.569288389513126,0.4778509621593541,-3.840888544491805,-3.913211933359162,-2.8774376856515627,True,1.0,True,1.0,False,
ABT,V0.1,2016-11-07,2016-11-08,38.715,GREEN,2016-10-13,37.424,3.449657973492948,True,10.0,4.81725429420119,-5.656722200697417,4.81725429420119,-4.569288389513126,0.4778509621593541,-3.840888544491805,-3.913211933359162,-2.8774376856515627,True,1.0,True,1.0,False,
CTAS,STOCH_ONLY_CONTROL,2016-11-07,2016-11-08,103.66,GREEN,2016-10-03,100.96,2.6743264659271127,False,,14.981670846999817,-1.8618560679143248,14.981670846999817,-1.8618560679143248,4.148176731622599,9.589041095890405,9.357514952730073,14.865907775419629,True,1.0,True,2.0,True,7.0
XOM,STOCH_ONLY_CONTROL,2016-11-07,2016-11-08,81.624,GREEN,2016-11-01,79.027,3.286218634137694,False,,4.44844653533274,-1.2643340194060548,4.44844653533274,-1.2643340194060548,2.4649612858963055,2.2995687542879617,3.0321964128197765,3.9412427717337994,True,1.0,True,2.0,False,
XOM,V0.1,2016-11-07,2016-11-08,81.624,GREEN,2016-11-01,79.027,3.286218634137694,False,,4.44844653533274,-1.2643340194060548,4.44844653533274,-1.2643340194060548,2.4649612858963055,2.2995687542879617,3.0321964128197765,3.9412427717337994,True,1.0,True,2.0,False,
ECL,STOCH_ONLY_CONTROL,2016-11-08,2016-11-09,110.52,GREEN,2016-10-13,109.37,1.0514766389320584,False,,7.111834961997832,-0.6695620702135363,7.111834961997832,-0.6695620702135363,2.651103872602256,4.460731089395598,5.9717698154180265,6.985161056822298,True,0.0,True,0.0,True,10.0
ECL,V0.1,2016-11-08,2016-11-09,110.52,GREEN,2016-10-13,109.37,1.0514766389320584,False,,7.111834961997832,-0.6695620702135363,7.111834961997832,-0.6695620702135363,2.651103872602256,4.460731089395598,5.9717698154180265,6.985161056822298,True,0.0,True,0.0,True,10.0
PNR,STOCH_ONLY_CONTROL,2016-11-08,2016-11-09,54.512,GREEN,2016-10-10,52.671,3.495282033756708,False,,10.505943645435867,-0.5778544173759892,10.505943645435867,-0.5778544173759892,4.6833724684473,3.861535074845901,5.618946287056059,8.9062958614617,True,0.0,True,0.0,True,1.0
CINF,STOCH_ONLY_CONTROL,2016-11-09,2016-11-10,68.877,GREEN,2016-10-24,66.335,3.83206452099194,False,,11.092236886043239,-0.3716770474904596,11.092236886043239,-0.3716770474904596,4.666289182165317,8.426615561072648,8.709728937090766,10.591343990011183,True,2.0,True,5.0,True,6.0
CINF,V0.1,2016-11-09,2016-11-10,68.877,GREEN,2016-10-24,66.335,3.83206452099194,False,,11.092236886043239,-0.3716770474904596,11.092236886043239,-0.3716770474904596,4.666289182165317,8.426615561072648,8.709728937090766,10.591343990011183,True,2.0,True,5.0,True,6.0
T,STOCH_ONLY_CONTROL,2016-11-09,2016-11-10,35.684,GREEN,2016-10-24,34.541,3.309110911670188,True,2.0,8.751821544669891,-3.657101221836112,0.0,-3.657101221836112,-0.16253783208159955,4.643537719986557,3.037776034076911,7.765385046519446,False,,False,,False,
HCP,STOCH_ONLY_CONTROL,2016-11-16,2016-11-17,27.77,GREEN,2016-10-25,26.249,5.794506457388859,False,,5.034209578682036,-3.114872164205973,5.034209578682036,-3.114872164205973,0.1728483975513173,-0.4429240187252437,2.8411955347497297,-0.23766654663305298,True,7.0,True,13.0,True,17.0
PEP,STOCH_ONLY_CONTROL,2016-11-22,2016-11-23,99.69,GREEN,2016-11-14,97.666,2.0723690946695905,True,5.0,4.674490921857766,-3.2179757247467133,0.7021767479185481,-3.2179757247467133,-2.697361821647104,0.37115056675696145,3.4607282575985554,3.5108837395927406,False,,False,,False,
PEP,V0.1,2016-11-22,2016-11-23,99.69,GREEN,2016-11-14,97.666,2.0723690946695905,True,5.0,4.674490921857766,-3.2179757247467133,0.7021767479185481,-3.2179757247467133,-2.697361821647104,0.37115056675696145,3.4607282575985554,3.5108837395927406,False,,False,,False,
PG,STOCH_ONLY_CONTROL,2016-11-25,2016-11-28,80.61,GREEN,2016-11-18,79.232,1.7391962843295694,False,,3.1385684158293126,-2.3471033370549454,3.1385684158293126,-2.3471033370549454,-0.1687135591117661,2.405408758218597,1.8992680808832763,1.767770748046149,True,10.0,True,12.0,False,
PG,V0.1,2016-11-25,2016-11-28,80.61,GREEN,2016-11-18,79.232,1.7391962843295694,False,,3.1385684158293126,-2.3471033370549454,3.1385684158293126,-2.3471033370549454,-0.1687135591117661,2.405408758218597,1.8992680808832763,1.767770748046149,True,10.0,True,12.0,False,
BDX,STOCH_ONLY_CONTROL,2016-12-06,2016-12-07,161.64,GREEN,2016-12-05,159.51,1.335339477148767,False,,5.153427369463004,-1.3548626577579825,5.153427369463004,-1.3548626577579825,2.5921801534273925,1.5095273447166768,1.6208859193268976,2.6787923781242284,True,2.0,True,3.0,True,4.0
JNJ,STOCH_ONLY_CONTROL,2016-12-07,2016-12-08,108.4,GREEN,2016-11-21,107.2,1.1194029850746245,False,,6.11623616236161,-0.5535055350553542,6.11623616236161,-0.5535055350553542,4.843173431734327,4.428044280442811,4.225092250922513,5.193726937269361,True,2.0,True,2.0,True,4.0
JNJ,V0.1,2016-12-07,2016-12-08,108.4,GREEN,2016-11-21,107.2,1.1194029850746245,False,,6.11623616236161,-0.5535055350553542,6.11623616236161,-0.5535055350553542,4.843173431734327,4.428044280442811,4.225092250922513,5.193726937269361,True,2.0,True,2.0,True,4.0
SWK,STOCH_ONLY_CONTROL,2016-12-07,2016-12-08,118.86,GREEN,2016-12-01,116.45,2.0695577501073315,True,6.0,0.9759380784115645,-5.12367491166078,0.9759380784115645,-3.070839643277812,-1.9013966010432481,-3.8532727578663994,-4.787144539794719,-2.3136463065791646,False,,False,,False,
AFL,STOCH_ONLY_CONTROL,2016-12-08,2016-12-09,67.593,GREEN,2016-12-02,66.974,0.9242392570251168,False,,2.936694628141967,-1.8611394671046,2.936694628141967,-1.8611394671046,0.9172547453138558,1.992809906351245,1.439498172887732,0.9453641649283195,True,3.0,False,,False,
AFL,V0.1,2016-12-08,2016-12-09,67.593,GREEN,2016-12-02,66.974,0.9242392570251168,False,,2.936694628141967,-1.8611394671046,2.936694628141967,-1.8611394671046,0.9172547453138558,1.992809906351245,1.439498172887732,0.9453641649283195,True,3.0,False,,False,
MHFI,STOCH_ONLY_CONTROL,2016-12-13,2016-12-14,115.31,GREEN,2016-11-23,111.6,3.324372759856642,True,4.0,0.6417483305870997,-7.848408637585635,0.6417483305870997,-3.91986818142398,-3.980574104587631,-6.63429017431273,-1.4916312548781563,-3.356170323475849,False,,False,,False,
MHFI,V0.1,2016-12-13,2016-12-14,115.31,GREEN,2016-11-23,111.6,3.324372759856642,True,4.0,0.6417483305870997,-7.848408637585635,0.6417483305870997,-3.91986818142398,-3.980574104587631,-6.63429017431273,-1.4916312548781563,-3.356170323475849,False,,False,,False,
NUE,STOCH_ONLY_CONTROL,2016-12-21,2016-12-22,60.305,GREEN,2016-12-20,58.991,2.2274584258615615,True,5.0,1.7709974297321907,-4.0494154713539565,1.6880855650443616,-3.449133571014007,-3.236879197413145,-3.041207196749862,-2.2303291601028064,-0.9617776303789016,False,,False,,False,
NUE,V0.1,2016-12-21,2016-12-22,60.305,GREEN,2016-12-20,58.991,2.2274584258615615,True,5.0,1.7709974297321907,-4.0494154713539565,1.6880855650443616,-3.449133571014007,-3.236879197413145,-3.041207196749862,-2.2303291601028064,-0.9617776303789016,False,,False,,False,
