ticker,data_source,signal_type,signal_date,entry_date,entry_open,regime,swing_start,swing_low,swing_distance_pct,stop_hit_20d,days_to_stop,mfe_20d_pct,mae_20d_pct,mfe_before_stop_pct,mae_before_stop_pct,ret_5d_pct,ret_10d_pct,ret_15d_pct,ret_20d_pct,hit_2pct_before_stop,days_to_2pct,hit_3pct_before_stop,days_to_3pct,hit_5pct_before_stop,days_to_5pct,window
ABT,legacy,STOCH_ONLY_CONTROL,2013-01-28,2013-01-29,29.738,GREEN,2013-01-25,29.495,0.823868452280041,False,,7.034770327527062,-0.03026430829242699,7.034770327527062,-0.03026430829242699,2.636357522361954,4.035241105656051,4.701055888089312,3.9108211715650043,True,2.0,True,3.0,True,8.0,BULL_2013_2014
MKC,legacy,STOCH_ONLY_CONTROL,2013-01-31,2013-02-01,57.336,GREEN,2013-01-28,55.377,3.53756974917383,False,,9.981512487791267,-0.6871773405888071,9.981512487791267,-0.6871773405888071,1.0447188502860305,2.72603599832566,3.8823775638342495,9.916980605553238,True,8.0,True,9.0,True,14.0,BULL_2013_2014
MKC,legacy,V0.1,2013-01-31,2013-02-01,57.336,GREEN,2013-01-28,55.377,3.53756974917383,False,,9.981512487791267,-0.6871773405888071,9.981512487791267,-0.6871773405888071,1.0447188502860305,2.72603599832566,3.8823775638342495,9.916980605553238,True,8.0,True,9.0,True,14.0,BULL_2013_2014
PPG,legacy,STOCH_ONLY_CONTROL,2013-02-05,2013-02-06,64.106,GREEN,2013-02-04,63.672,0.6816182937555038,True,4.0,1.547437057373724,-6.651483480485442,1.2791314385549146,-1.8095030106386245,0.8501544317224718,-5.284996724175572,-1.945215736436512,-1.3649268399213654,False,,False,,False,,BULL_2013_2014
APD,legacy,STOCH_ONLY_CONTROL,2013-02-07,2013-02-08,77.232,GREEN,2013-02-06,76.547,0.8948750440905595,True,8.0,1.9214833229749262,-3.883105448518742,1.8062461155997411,-2.910710586285481,0.7781748498031815,-3.7898798425523017,-1.3828464885021763,1.4631240936399337,False,,False,,False,,BULL_2013_2014
ITW,legacy,STOCH_ONLY_CONTROL,2013-02-11,2013-02-12,56.753,GREEN,2013-02-04,55.622,2.0333680917622443,True,7.0,2.835092418021956,-5.0235229855690395,2.835092418021956,-2.4791640970521445,0.39821683435237176,-2.2606734445756227,-0.4123130054798918,-2.463305904533686,True,3.0,False,,False,,BULL_2013_2014
ITW,legacy,V0.1,2013-02-11,2013-02-12,56.753,GREEN,2013-02-04,55.622,2.0333680917622443,True,7.0,2.835092418021956,-5.0235229855690395,2.835092418021956,-2.4791640970521445,0.39821683435237176,-2.2606734445756227,-0.4123130054798918,-2.463305904533686,True,3.0,False,,False,,BULL_2013_2014
PPG,legacy,V0.1,2013-02-11,2013-02-12,64.318,GREEN,2013-02-06,63.216,1.7432295621361726,True,4.0,2.8141422307907726,-6.959171616032833,1.2127242762523638,-2.1331509064336562,-4.560154233651548,-2.2684163064771834,-1.7055878603190466,2.706862775583807,False,,False,,False,,BULL_2013_2014
SWK,legacy,STOCH_ONLY_CONTROL,2013-02-12,2013-02-13,70.042,GREEN,2013-02-11,68.451,2.3242903682926697,True,7.0,5.378201650438297,-3.1980811513092067,2.498500899460332,-3.122412266925556,-1.9088546871876888,1.4662630992832826,1.3563290597070399,5.206875874475303,True,3.0,False,,False,,BULL_2013_2014
BF-B,legacy,STOCH_ONLY_CONTROL,2013-02-15,2013-02-19,30.976,GREEN,2013-02-13,30.323,2.153480856115819,False,,5.859375,0.0,5.859375,0.0,0.6714876033057982,4.3194731404958775,4.535769628099184,5.336389462809921,True,1.0,True,9.0,True,16.0,BULL_2013_2014
AFL,legacy,STOCH_ONLY_CONTROL,2013-02-20,2013-02-21,44.66,GREEN,2013-02-11,43.172,3.4466784026683905,False,,4.236453201970458,-2.648902821316612,4.236453201970458,-2.648902821316612,0.23958799820871235,3.490819525302302,1.6636811464397772,2.4697716077026532,True,8.0,True,9.0,False,,BULL_2013_2014
AFL,legacy,V0.1,2013-02-20,2013-02-21,44.66,GREEN,2013-02-11,43.172,3.4466784026683905,False,,4.236453201970458,-2.648902821316612,4.236453201970458,-2.648902821316612,0.23958799820871235,3.490819525302302,1.6636811464397772,2.4697716077026532,True,8.0,True,9.0,False,,BULL_2013_2014
MCD,legacy,STOCH_ONLY_CONTROL,2013-02-20,2013-02-21,80.44,GREEN,2013-02-15,80.241,0.24800289128998898,False,,7.557185479860773,-0.15042267528592168,7.557185479860773,-0.15042267528592168,3.457235206365006,4.74390850323223,7.141969169567375,6.29537543510692,True,2.0,True,2.0,True,11.0,BULL_2013_2014
MHFI,legacy,STOCH_ONLY_CONTROL,2013-02-20,2013-02-21,42.541,GREEN,2013-02-06,39.241,8.409571621518296,False,,9.595449096166053,-0.8932559178204458,9.595449096166053,-0.8932559178204458,2.689170447333167,5.291365976352247,7.811287933993083,7.193060811922614,True,2.0,True,2.0,True,8.0,BULL_2013_2014
MHFI,legacy,V0.1,2013-02-20,2013-02-21,42.541,GREEN,2013-02-06,39.241,8.409571621518296,False,,9.595449096166053,-0.8932559178204458,9.595449096166053,-0.8932559178204458,2.689170447333167,5.291365976352247,7.811287933993083,7.193060811922614,True,2.0,True,2.0,True,8.0,BULL_2013_2014
BCR,legacy,STOCH_ONLY_CONTROL,2013-02-27,2013-02-28,96.584,GREEN,2013-02-26,94.798,1.8840059916875873,False,,3.5264640106021705,-1.2838565393854195,3.5264640106021705,-1.2838565393854195,0.5943013335542036,3.0398409674480265,1.1016317402468223,1.8346724095088085,True,6.0,True,6.0,False,,BULL_2013_2014
LOW,legacy,STOCH_ONLY_CONTROL,2013-02-27,2013-02-28,34.833,GREEN,2013-02-25,33.097,5.245188385654287,False,,5.164642723853818,-0.5023971521258441,5.164642723853818,-0.5023971521258441,2.5406941693222107,3.8698934918037553,0.05454597651650683,0.4794304251715342,True,1.0,True,4.0,True,7.0,BULL_2013_2014
SHW,legacy,STOCH_ONLY_CONTROL,2013-02-27,2013-02-28,153.63,GREEN,2013-02-22,146.69,4.731065512304866,False,,6.945258087613104,-0.9242986395886166,6.945258087613104,-0.9242986395886166,2.2456551454794083,4.875349866562528,4.777712686324298,4.764694395625857,True,2.0,True,3.0,True,9.0,BULL_2013_2014
SHW,legacy,V0.1,2013-02-27,2013-02-28,153.63,GREEN,2013-02-22,146.69,4.731065512304866,False,,6.945258087613104,-0.9242986395886166,6.945258087613104,-0.9242986395886166,2.2456551454794083,4.875349866562528,4.777712686324298,4.764694395625857,True,2.0,True,3.0,True,9.0,BULL_2013_2014
APD,legacy,V0.1,2013-02-28,2013-03-01,75.733,GREEN,2013-02-25,74.233,2.0206646639634673,False,,5.227575825597808,-0.6166400380283377,5.227575825597808,-0.6166400380283377,3.7843476423751854,5.03083200190142,1.9463113834127688,0.4159349292910619,True,2.0,True,5.0,True,10.0,BULL_2013_2014
MDT,legacy,STOCH_ONLY_CONTROL,2013-02-28,2013-03-01,40.689,GREEN,2013-02-21,39.516,2.968417856058303,False,,4.927621715942898,-0.6488240064882467,4.927621715942898,-0.6488240064882467,1.791639017916391,1.3861240138612452,2.656737693234046,4.460665044606649,True,2.0,True,4.0,False,,BULL_2013_2014
MDT,legacy,V0.1,2013-02-28,2013-03-01,40.689,GREEN,2013-02-21,39.516,2.968417856058303,False,,4.927621715942898,-0.6488240064882467,4.927621715942898,-0.6488240064882467,1.791639017916391,1.3861240138612452,2.656737693234046,4.460665044606649,True,2.0,True,4.0,False,,BULL_2013_2014
NUE,legacy,STOCH_ONLY_CONTROL,2013-02-28,2013-03-01,38.682,GREEN,2013-02-22,37.575,2.94610778443114,False,,7.380693862778553,-1.5873015873016039,7.380693862778553,-1.5873015873016039,6.62065043172535,4.268135049894006,3.2624993537045732,1.8199679437464367,True,2.0,True,2.0,True,4.0,BULL_2013_2014
NUE,legacy,V0.1,2013-02-28,2013-03-01,38.682,GREEN,2013-02-22,37.575,2.94610778443114,False,,7.380693862778553,-1.5873015873016039,7.380693862778553,-1.5873015873016039,6.62065043172535,4.268135049894006,3.2624993537045732,1.8199679437464367,True,2.0,True,2.0,True,4.0,BULL_2013_2014
TROW,legacy,STOCH_ONLY_CONTROL,2013-02-28,2013-03-01,61.513,GREEN,2013-02-25,60.341,1.9422946255448048,False,,7.274884983662,-1.3753190382520764,7.274884983662,-1.3753190382520764,5.6053192008193475,6.64737535155171,4.618535919236577,4.811990961260215,True,2.0,True,2.0,True,4.0,BULL_2013_2014
TROW,legacy,V0.1,2013-02-28,2013-03-01,61.513,GREEN,2013-02-25,60.341,1.9422946255448048,False,,7.274884983662,-1.3753190382520764,7.274884983662,-1.3753190382520764,5.6053192008193475,6.64737535155171,4.618535919236577,4.811990961260215,True,2.0,True,2.0,True,4.0,BULL_2013_2014
ABT,legacy,STOCH_ONLY_CONTROL,2013-03-05,2013-03-06,31.272,GREEN,2013-02-28,30.126,3.804023102967524,False,,6.395497569710917,-4.03875671527244,6.395497569710917,-4.03875671527244,0.984906625735471,-2.4814530570478333,-0.17587618316704523,5.714377078536703,True,18.0,True,18.0,True,20.0,BULL_2013_2014
ABT,legacy,V0.1,2013-03-05,2013-03-06,31.272,GREEN,2013-02-28,30.126,3.804023102967524,False,,6.395497569710917,-4.03875671527244,6.395497569710917,-4.03875671527244,0.984906625735471,-2.4814530570478333,-0.17587618316704523,5.714377078536703,True,18.0,True,18.0,True,20.0,BULL_2013_2014
WAG,legacy,STOCH_ONLY_CONTROL,2013-03-08,2013-03-11,36.969,GREEN,2013-03-07,36.258,1.9609465497269607,False,,19.446022343044177,-0.17041304877060126,19.446022343044177,-0.17041304877060126,4.712056046958257,13.99280478238525,16.789742757445424,19.226919851767697,True,0.0,True,2.0,True,2.0,BULL_2013_2014
CL,legacy,STOCH_ONLY_CONTROL,2013-03-20,2013-03-21,51.372,GREEN,2013-03-18,50.115,2.5082310685423437,False,,5.674297282566387,-0.6676788912247877,5.674297282566387,-0.6676788912247877,3.4357237405590713,2.2911313556022828,3.7374445223078645,5.520517013158921,True,3.0,True,5.0,True,20.0,BULL_2013_2014
HCP,legacy,STOCH_ONLY_CONTROL,2013-03-22,2013-03-25,38.116,GREEN,2013-03-20,37.464,1.7403373905616082,False,,8.21439815300662,-0.650645398257943,8.21439815300662,-0.650645398257943,2.641935145345786,5.142197502361223,6.72158673522929,7.891699024031906,True,4.0,True,5.0,True,10.0,BULL_2013_2014
HCP,legacy,V0.1,2013-03-22,2013-03-25,38.116,GREEN,2013-03-20,37.464,1.7403373905616082,False,,8.21439815300662,-0.650645398257943,8.21439815300662,-0.650645398257943,2.641935145345786,5.142197502361223,6.72158673522929,7.891699024031906,True,4.0,True,5.0,True,10.0,BULL_2013_2014
LOW,legacy,V0.1,2013-03-26,2013-03-27,35.044,GREEN,2013-03-22,34.658,1.113739973454897,True,2.0,3.8237644104554436,-2.3113799794543866,1.0073051021572965,-1.6807442072822698,1.7435224289464868,2.2971122018034418,-1.7092797625841705,-0.05421755507362125,False,,False,,False,,BULL_2013_2014
EMR,legacy,STOCH_ONLY_CONTROL,2013-03-28,2013-04-01,48.143,GREEN,2013-03-27,47.424,1.5161099865047323,True,10.0,3.200880709552778,-4.497019296678639,3.200880709552778,-3.605924018029627,0.7166150842282448,-3.605924018029627,-3.2382693226429504,-0.5089005670606217,True,6.0,True,8.0,False,,BULL_2013_2014
GWW,legacy,STOCH_ONLY_CONTROL,2013-03-28,2013-04-01,203.85,GREEN,2013-03-25,198.3,2.798789712556715,True,2.0,11.194505764042194,-3.4584253127299402,0.13245033112583293,-3.4584253127299402,0.08830022075054789,0.5788570026980633,8.599460387539848,9.428501349031148,False,,False,,False,,BULL_2013_2014
GWW,legacy,V0.1,2013-03-28,2013-04-01,203.85,GREEN,2013-03-25,198.3,2.798789712556715,True,2.0,11.194505764042194,-3.4584253127299402,0.13245033112583293,-3.4584253127299402,0.08830022075054789,0.5788570026980633,8.599460387539848,9.428501349031148,False,,False,,False,,BULL_2013_2014
ITW,legacy,STOCH_ONLY_CONTROL,2013-03-28,2013-04-01,55.252,GREEN,2013-03-27,54.665,1.0738132260129873,False,,8.405125606312879,-1.3284586983276614,8.405125606312879,-1.3284586983276614,1.7646420039093558,1.1565192210236663,-0.07601534786071396,6.57894736842104,True,3.0,True,7.0,True,17.0,BULL_2013_2014
LOW,legacy,STOCH_ONLY_CONTROL,2013-04-03,2013-04-04,35.01,GREEN,2013-04-01,34.455,1.6107966913365246,True,10.0,3.9245929734361695,-2.2165095686946468,3.9245929734361695,-2.2165095686946468,2.3964581548129082,-1.613824621536697,0.04284490145671782,2.907740645529855,True,0.0,True,3.0,False,,BULL_2013_2014
CAH,legacy,STOCH_ONLY_CONTROL,2013-04-04,2013-04-05,38.504,GREEN,2013-03-20,37.486,2.715680520727748,False,,10.76771244546022,-0.4259297735300094,10.76771244546022,-0.4259297735300094,2.3685850820693855,1.8985040515271168,4.054124246831492,9.749636401412864,True,3.0,True,4.0,True,13.0,BULL_2013_2014
CAH,legacy,V0.1,2013-04-04,2013-04-05,38.504,GREEN,2013-03-20,37.486,2.715680520727748,False,,10.76771244546022,-0.4259297735300094,10.76771244546022,-0.4259297735300094,2.3685850820693855,1.8985040515271168,4.054124246831492,9.749636401412864,True,3.0,True,4.0,True,13.0,BULL_2013_2014
DOV,legacy,STOCH_ONLY_CONTROL,2013-04-05,2013-04-08,54.401,GREEN,2013-04-02,52.948,2.744201858427142,True,7.0,3.477877244903582,-6.643260234186876,3.477877244903582,-4.095512950129598,-2.463190014889438,-5.8785684086689605,-3.5293468870057576,-0.37131670373706793,True,2.0,True,3.0,False,,BULL_2013_2014
DOV,legacy,V0.1,2013-04-05,2013-04-08,54.401,GREEN,2013-04-02,52.948,2.744201858427142,True,7.0,3.477877244903582,-6.643260234186876,3.477877244903582,-4.095512950129598,-2.463190014889438,-5.8785684086689605,-3.5293468870057576,-0.37131670373706793,True,2.0,True,3.0,False,,BULL_2013_2014
EMR,legacy,V0.1,2013-04-05,2013-04-08,48.211,GREEN,2013-04-02,47.371,1.7732367904413904,True,5.0,3.611209060172982,-4.631723050756042,3.0553193254651445,-3.741884632137893,-3.741884632137893,-3.3747485013793432,-0.6492294289684786,2.930866399784282,True,1.0,True,3.0,False,,BULL_2013_2014
APD,legacy,STOCH_ONLY_CONTROL,2013-04-08,2013-04-09,76.455,GREEN,2013-04-01,74.74,2.294621354027293,False,,5.73670786737297,-1.6741874305146842,5.73670786737297,-1.6741874305146842,0.61604865607221,-0.9168792099927936,1.1575436531293004,4.724347655483618,True,17.0,True,17.0,True,17.0,BULL_2013_2014
APD,legacy,V0.1,2013-04-08,2013-04-09,76.455,GREEN,2013-04-01,74.74,2.294621354027293,False,,5.73670786737297,-1.6741874305146842,5.73670786737297,-1.6741874305146842,0.61604865607221,-0.9168792099927936,1.1575436531293004,4.724347655483618,True,17.0,True,17.0,True,17.0,BULL_2013_2014
CVX,legacy,STOCH_ONLY_CONTROL,2013-04-08,2013-04-09,98.817,GREEN,2013-04-04,97.312,1.5465718513646864,True,6.0,5.042654603964913,-3.274740176285451,2.6847607193094314,-3.274740176285451,-0.8186850440713656,-0.4219921673396132,3.403260572573563,4.29379560197134,True,2.0,False,,False,,BULL_2013_2014
NUE,legacy,STOCH_ONLY_CONTROL,2013-04-08,2013-04-09,38.392,GREEN,2013-04-02,37.084,3.5271276022004194,True,7.0,3.201187747447376,-6.095019795790801,3.201187747447376,-5.451656595123988,-1.3857053552823628,-3.8653886226297174,-0.8621587830798139,2.409356115857464,True,1.0,True,2.0,False,,BULL_2013_2014
NUE,legacy,V0.1,2013-04-08,2013-04-09,38.392,GREEN,2013-04-02,37.084,3.5271276022004194,True,7.0,3.201187747447376,-6.095019795790801,3.201187747447376,-5.451656595123988,-1.3857053552823628,-3.8653886226297174,-0.8621587830798139,2.409356115857464,True,1.0,True,2.0,False,,BULL_2013_2014
SWK,legacy,STOCH_ONLY_CONTROL,2013-04-09,2013-04-10,70.88,GREEN,2013-04-03,69.273,2.319807139866903,True,6.0,2.7440744920993243,-5.279345372460487,2.7440744920993243,-3.064334085778775,-2.024548532731385,0.10581264108353583,-4.665632054176072,2.294018058690761,True,1.0,False,,False,,BULL_2013_2014
AFL,legacy,STOCH_ONLY_CONTROL,2013-04-10,2013-04-11,45.072,GREEN,2013-04-09,44.24,1.8806509945750394,True,2.0,11.430599929002462,-3.4411608093716795,0.17971246006389663,-2.6668441604543958,-2.7622470713525082,4.532747603833864,9.247426340078091,9.065495207667729,False,,False,,False,,BULL_2013_2014
MKC,legacy,STOCH_ONLY_CONTROL,2013-04-10,2013-04-11,65.246,GREEN,2013-04-09,64.08,1.819600499375773,False,,2.9457744536063757,-1.0958526193176388,2.9457744536063757,-1.0958526193176388,0.19924593078504138,0.5854765043067811,1.894369003463825,2.1166048493394207,True,15.0,False,,False,,BULL_2013_2014
PPG,legacy,STOCH_ONLY_CONTROL,2013-04-10,2013-04-11,62.873,GREEN,2013-03-25,60.943,3.1668936547265547,False,,15.660140282792302,-2.4493820877006023,15.660140282792302,-2.4493820877006023,4.418430804956031,9.061123216643075,10.242870548566163,14.734464714583373,True,0.0,True,5.0,True,5.0,BULL_2013_2014
PPG,legacy,V0.1,2013-04-10,2013-04-11,62.873,GREEN,2013-03-25,60.943,3.1668936547265547,False,,15.660140282792302,-2.4493820877006023,15.660140282792302,-2.4493820877006023,4.418430804956031,9.061123216643075,10.242870548566163,14.734464714583373,True,0.0,True,5.0,True,5.0,BULL_2013_2014
GPC,legacy,STOCH_ONLY_CONTROL,2013-04-18,2013-04-19,64.902,GREEN,2013-04-17,65.537,-0.9689183209484753,True,0.0,10.67609626821977,-2.124741918584938,1.8951650180271784,-2.124741918584938,2.1894548704200156,4.999845921543256,6.03217158176943,10.649902930572242,False,,False,,False,,BULL_2013_2014
XOM,legacy,STOCH_ONLY_CONTROL,2013-04-19,2013-04-22,74.516,GREEN,2013-04-16,72.314,3.045053516608154,False,,6.53014117773365,-0.3623382897632865,6.53014117773365,-0.3623382897632865,0.6830747758870492,3.391217993451079,3.5549412206774322,6.33689408985989,True,1.0,True,10.0,True,13.0,BULL_2013_2014
XOM,legacy,V0.1,2013-04-19,2013-04-22,74.516,GREEN,2013-04-16,72.314,3.045053516608154,False,,6.53014117773365,-0.3623382897632865,6.53014117773365,-0.3623382897632865,0.6830747758870492,3.391217993451079,3.5549412206774322,6.33689408985989,True,1.0,True,10.0,True,13.0,BULL_2013_2014
ADM,legacy,STOCH_ONLY_CONTROL,2013-04-22,2013-04-23,28.832,GREEN,2013-04-15,28.093,2.63054853522231,False,,9.02816315205326,-0.9225860155382959,9.02816315205326,-0.9225860155382959,4.98404550499445,6.225721420643726,5.941315205327413,7.970310765815758,True,2.0,True,3.0,True,4.0,BULL_2013_2014
ADM,legacy,V0.1,2013-04-22,2013-04-23,28.832,GREEN,2013-04-15,28.093,2.63054853522231,False,,9.02816315205326,-0.9225860155382959,9.02816315205326,-0.9225860155382959,4.98404550499445,6.225721420643726,5.941315205327413,7.970310765815758,True,2.0,True,3.0,True,4.0,BULL_2013_2014
CVX,legacy,V0.1,2013-04-22,2013-04-23,97.988,GREEN,2013-04-17,95.581,2.518282922338111,False,,8.748009960403325,-0.9266440788668007,8.748009960403325,-0.9266440788668007,4.2780748663101775,5.176144017634821,6.8498183451034755,8.513287341307096,True,2.0,True,4.0,True,8.0,BULL_2013_2014
AFL,legacy,V0.1,2013-04-23,2013-04-24,45.547,GREEN,2013-04-17,43.521,4.65522391489166,False,,12.424528509012678,-0.15368739982875024,12.424528509012678,-0.15368739982875024,7.0059498979076595,10.016027400267857,7.855621665532309,9.56813840648123,True,1.0,True,1.0,True,3.0,BULL_2013_2014
BCR,legacy,STOCH_ONLY_CONTROL,2013-04-23,2013-04-24,97.257,GREEN,2013-04-22,95.862,1.4552168742567595,False,,8.547456738332437,-1.7654256248907485,8.547456738332437,-1.7654256248907485,0.04215634864328521,3.5915152636828207,7.580945330413225,5.863845275918433,True,7.0,True,10.0,True,12.0,BULL_2013_2014
BEN,legacy,STOCH_ONLY_CONTROL,2013-04-23,2013-04-24,47.216,GREEN,2013-04-19,44.945,5.052842362887966,False,,11.277956624872921,-0.5167739749237565,11.277956624872921,-0.5167739749237565,0.777278888512356,5.239749237546598,9.287106065740414,7.359793290410033,True,4.0,True,4.0,True,10.0,BULL_2013_2014
BEN,legacy,V0.1,2013-04-23,2013-04-24,47.216,GREEN,2013-04-19,44.945,5.052842362887966,False,,11.277956624872921,-0.5167739749237565,11.277956624872921,-0.5167739749237565,0.777278888512356,5.239749237546598,9.287106065740414,7.359793290410033,True,4.0,True,4.0,True,10.0,BULL_2013_2014
MDT,legacy,STOCH_ONLY_CONTROL,2013-04-23,2013-04-24,42.684,GREEN,2013-04-19,41.469,2.9298994429573844,False,,15.171961390685041,-1.2159122856339577,15.171961390685041,-1.2159122856339577,-0.18976665729546482,4.437259863180598,6.99793833755038,10.252085090432029,True,7.0,True,10.0,True,11.0,BULL_2013_2014
PNR,legacy,STOCH_ONLY_CONTROL,2013-04-23,2013-04-24,48.418,GREEN,2013-04-19,45.18,7.166888003541394,False,,10.549795530587813,-0.097071337106025,10.549795530587813,-0.097071337106025,0.9438638522863307,4.678012309471691,8.978066008509234,7.66243958858277,True,0.0,True,1.0,True,10.0,BULL_2013_2014
SWK,legacy,V0.1,2013-04-23,2013-04-24,70.173,GREEN,2013-04-17,68.708,2.132211678407181,True,2.0,7.820671768343956,-4.325025294628981,1.8497142775711461,-4.119818163681199,-3.705128753224185,3.3246405312584493,4.828067775355205,5.1900303535547865,False,,False,,False,,BULL_2013_2014
BMS,legacy,STOCH_ONLY_CONTROL,2013-05-01,2013-05-02,34.825,GREEN,2013-04-29,34.543,0.8163737949801853,False,,5.720028715003589,-0.17516152189519518,5.720028715003589,-0.17516152189519518,1.108399138549876,4.051687006460858,3.474515434314407,0.8470926058865569,True,1.0,True,8.0,True,11.0,BULL_2013_2014
MMM,legacy,STOCH_ONLY_CONTROL,2013-05-01,2013-05-02,94.041,GREEN,2013-04-29,92.115,2.090864680019533,False,,7.591369721717145,-0.12973064939760803,7.591369721717145,-0.12973064939760803,4.625642007209629,5.726225795131912,5.704958475558541,5.56778426431026,True,1.0,True,1.0,True,5.0,BULL_2013_2014
MMM,legacy,V0.1,2013-05-01,2013-05-02,94.041,GREEN,2013-04-29,92.115,2.090864680019533,False,,7.591369721717145,-0.12973064939760803,7.591369721717145,-0.12973064939760803,4.625642007209629,5.726225795131912,5.704958475558541,5.56778426431026,True,1.0,True,1.0,True,5.0,BULL_2013_2014
CLX,legacy,STOCH_ONLY_CONTROL,2013-05-02,2013-05-03,76.235,GREEN,2013-04-30,73.479,3.7507315015174347,True,19.0,2.1761658031088205,-4.946546861677703,2.1761658031088205,-3.806650488620711,-0.25709975732930435,1.1556371745261362,0.27546402570997053,-3.6912179445136695,True,7.0,False,,False,,BULL_2013_2014
TROW,legacy,STOCH_ONLY_CONTROL,2013-05-02,2013-05-03,63.596,GREEN,2013-04-26,61.585,3.2654055370625823,False,,9.393672558022503,-0.5582112082520907,9.393672558022503,-0.5582112082520907,2.651110132712753,6.979998742059257,5.011321466758933,3.72979432668723,True,3.0,True,6.0,True,8.0,BULL_2013_2014
TROW,legacy,V0.1,2013-05-02,2013-05-03,63.596,GREEN,2013-04-26,61.585,3.2654055370625823,False,,9.393672558022503,-0.5582112082520907,9.393672558022503,-0.5582112082520907,2.651110132712753,6.979998742059257,5.011321466758933,3.72979432668723,True,3.0,True,6.0,True,8.0,BULL_2013_2014
CB,legacy,STOCH_ONLY_CONTROL,2013-05-03,2013-05-06,80.89,GREEN,2013-05-01,79.133,2.2203126382166705,False,,3.2290765236741237,-2.116454444307092,3.2290765236741237,-2.116454444307092,1.4229200148349497,1.0001236246754752,-0.6960069229818289,-1.4970948201260992,True,2.0,True,8.0,False,,BULL_2013_2014
CB,legacy,V0.1,2013-05-03,2013-05-06,80.89,GREEN,2013-05-01,79.133,2.2203126382166705,False,,3.2290765236741237,-2.116454444307092,3.2290765236741237,-2.116454444307092,1.4229200148349497,1.0001236246754752,-0.6960069229818289,-1.4970948201260992,True,2.0,True,8.0,False,,BULL_2013_2014
LEG,legacy,STOCH_ONLY_CONTROL,2013-05-03,2013-05-06,28.524,GREEN,2013-05-01,27.421,4.022464534480874,True,20.0,4.38227457579583,-6.177254242041785,4.38227457579583,-6.177254242041785,2.3804515495722933,3.137708596269806,1.2235310615621886,-4.445379329687283,True,3.0,True,6.0,False,,BULL_2013_2014
LEG,legacy,V0.1,2013-05-03,2013-05-06,28.524,GREEN,2013-05-01,27.421,4.022464534480874,True,20.0,4.38227457579583,-6.177254242041785,4.38227457579583,-6.177254242041785,2.3804515495722933,3.137708596269806,1.2235310615621886,-4.445379329687283,True,3.0,True,6.0,False,,BULL_2013_2014
PG,legacy,STOCH_ONLY_CONTROL,2013-05-03,2013-05-06,67.727,GREEN,2013-04-26,66.468,1.8941445507612675,False,,5.533982016034944,-2.4465870332363915,5.533982016034944,-2.4465870332363915,0.7161102662158303,1.359871247803679,3.6248468114636667,-0.8445671593308446,True,7.0,True,7.0,True,14.0,BULL_2013_2014
PG,legacy,V0.1,2013-05-03,2013-05-06,67.727,GREEN,2013-04-26,66.468,1.8941445507612675,False,,5.533982016034944,-2.4465870332363915,5.533982016034944,-2.4465870332363915,0.7161102662158303,1.359871247803679,3.6248468114636667,-0.8445671593308446,True,7.0,True,7.0,True,14.0,BULL_2013_2014
WAG,legacy,STOCH_ONLY_CONTROL,2013-05-07,2013-05-08,44.697,GREEN,2013-05-06,43.577,2.5701631594648555,False,,5.199454102065015,-4.423115645345332,5.199454102065015,-4.423115645345332,2.1231850012304987,2.928608183994452,0.6063046736917377,-0.977694252410688,True,5.0,True,5.0,True,10.0,BULL_2013_2014
HCP,legacy,STOCH_ONLY_CONTROL,2013-05-14,2013-05-15,41.917,GREEN,2013-05-13,40.546,3.381344645587725,True,7.0,4.699763818975589,-15.585561943841409,4.699763818975589,-5.794784932127783,1.1928334565928012,-10.556576090846203,-10.838084786602098,-14.104062790753147,True,3.0,True,4.0,False,,BULL_2013_2014
ED,legacy,STOCH_ONLY_CONTROL,2013-05-21,2013-05-22,51.352,GREEN,2013-05-10,50.761,1.164279663521195,True,0.0,0.625097367191163,-8.354105000778933,0.625097367191163,-2.136236173858841,-5.1000934725035085,-5.674559900295984,-5.296775198629067,-8.223632964636229,False,,False,,False,,BULL_2013_2014
ED,legacy,V0.1,2013-05-21,2013-05-22,51.352,GREEN,2013-05-10,50.761,1.164279663521195,True,0.0,0.625097367191163,-8.354105000778933,0.625097367191163,-2.136236173858841,-5.1000934725035085,-5.674559900295984,-5.296775198629067,-8.223632964636229,False,,False,,False,,BULL_2013_2014
KMB,legacy,STOCH_ONLY_CONTROL,2013-05-24,2013-05-28,90.723,GREEN,2013-05-22,87.961,3.1400279669398845,True,1.0,0.34059720247345826,-9.321781687113518,0.34059720247345826,-4.637192332705043,-6.410722749468167,-5.269887459629874,-3.8270339384720464,-7.5416377324383,False,,False,,False,,BULL_2013_2014
KMB,legacy,V0.1,2013-05-24,2013-05-28,90.723,GREEN,2013-05-22,87.961,3.1400279669398845,True,1.0,0.34059720247345826,-9.321781687113518,0.34059720247345826,-4.637192332705043,-6.410722749468167,-5.269887459629874,-3.8270339384720464,-7.5416377324383,False,,False,,False,,BULL_2013_2014
T,legacy,STOCH_ONLY_CONTROL,2013-05-24,2013-05-28,29.36,GREEN,2013-05-22,28.815,1.891376019434321,True,0.0,0.2997275204359662,-7.956403269754764,0.2997275204359662,-2.3739782016348743,-3.6955040871934686,-3.474114441416898,-2.3467302452316097,-5.439373297002714,False,,False,,False,,BULL_2013_2014
CINF,legacy,STOCH_ONLY_CONTROL,2013-05-28,2013-05-29,41.15,GREEN,2013-05-22,40.513,1.5723348061116305,True,4.0,0.554070473876056,-6.150668286755767,0.554070473876056,-3.616038882138517,-4.763061968408266,-4.660996354799507,-2.4860267314702256,-3.8153098420413145,False,,False,,False,,BULL_2013_2014
WMT,legacy,STOCH_ONLY_CONTROL,2013-05-28,2013-05-29,68.824,GREEN,2013-05-21,68.019,1.183492847586698,True,1.0,0.0,-5.387655469022434,0.0,-1.8685342322445675,-2.3393002441008948,-2.866732535162153,-3.3636522143438263,-2.6458793444147366,False,,False,,False,,BULL_2013_2014
WMT,legacy,V0.1,2013-05-28,2013-05-29,68.824,GREEN,2013-05-21,68.019,1.183492847586698,True,1.0,0.0,-5.387655469022434,0.0,-1.8685342322445675,-2.3393002441008948,-2.866732535162153,-3.3636522143438263,-2.6458793444147366,False,,False,,False,,BULL_2013_2014
KO,legacy,STOCH_ONLY_CONTROL,2013-06-04,2013-06-05,35.981,GREEN,2013-05-30,34.444,4.462315642782477,True,11.0,0.8032016897807193,-5.222200605875338,0.8032016897807193,-5.222200605875338,-1.7675995664378497,-1.7147939190128247,-1.9093410411050393,-1.5202467969206102,False,,False,,False,,BULL_2013_2014
KO,legacy,V0.1,2013-06-04,2013-06-05,35.981,GREEN,2013-05-30,34.444,4.462315642782477,True,11.0,0.8032016897807193,-5.222200605875338,0.8032016897807193,-5.222200605875338,-1.7675995664378497,-1.7147939190128247,-1.9093410411050393,-1.5202467969206102,False,,False,,False,,BULL_2013_2014
MCD,legacy,STOCH_ONLY_CONTROL,2013-06-04,2013-06-05,85.827,GREEN,2013-05-31,84.456,1.6233304916169367,True,0.0,2.4747457093921454,-3.0305148729420806,0.027963228354721537,-2.0518018805271043,0.10952264438930381,0.6885944982348402,0.7223833991634399,2.2603609586726803,False,,False,,False,,BULL_2013_2014
MCD,legacy,V0.1,2013-06-04,2013-06-05,85.827,GREEN,2013-05-31,84.456,1.6233304916169367,True,0.0,2.4747457093921454,-3.0305148729420806,0.027963228354721537,-2.0518018805271043,0.10952264438930381,0.6885944982348402,0.7223833991634399,2.2603609586726803,False,,False,,False,,BULL_2013_2014
PEP,legacy,STOCH_ONLY_CONTROL,2013-06-04,2013-06-05,71.712,GREEN,2013-05-30,70.19,2.1684000569881734,True,11.0,2.8405287817938385,-3.3285921463632295,2.8405287817938385,-2.6243864346274015,1.5060240963855387,0.0,0.5034024988844088,-0.1980142793395978,True,3.0,False,,False,,BULL_2013_2014
PEP,legacy,V0.1,2013-06-04,2013-06-05,71.712,GREEN,2013-05-30,70.19,2.1684000569881734,True,11.0,2.8405287817938385,-3.3285921463632295,2.8405287817938385,-2.6243864346274015,1.5060240963855387,0.0,0.5034024988844088,-0.1980142793395978,True,3.0,False,,False,,BULL_2013_2014
SYY,legacy,STOCH_ONLY_CONTROL,2013-06-04,2013-06-05,30.129,GREEN,2013-05-31,29.216,3.125,False,,2.157389890139072,-2.827840286766903,2.157389890139072,-2.827840286766903,0.155995884363902,0.13608151614723507,0.0,-0.22569617312224732,True,7.0,False,,False,,BULL_2013_2014
ADM,legacy,STOCH_ONLY_CONTROL,2013-06-05,2013-06-06,29.336,GREEN,2013-05-31,28.608,2.5447427293064706,False,,7.482274338696482,-1.499863648759192,7.482274338696482,-1.499863648759192,2.0759476411235323,-0.3101990728115567,3.061085355876747,6.6334878647395845,True,4.0,True,8.0,True,17.0,BULL_2013_2014
ADM,legacy,V0.1,2013-06-05,2013-06-06,29.336,GREEN,2013-05-31,28.608,2.5447427293064706,False,,7.482274338696482,-1.499863648759192,7.482274338696482,-1.499863648759192,2.0759476411235323,-0.3101990728115567,3.061085355876747,6.6334878647395845,True,4.0,True,8.0,True,17.0,BULL_2013_2014
BCR,legacy,STOCH_ONLY_CONTROL,2013-06-05,2013-06-06,101.81,GREEN,2013-05-31,100.26,1.5459804508278552,False,,7.916707592574412,-1.0018662213927887,7.916707592574412,-1.0018662213927887,4.970042235536787,4.685197917689821,4.253020331990953,4.12533149985268,True,5.0,True,5.0,True,5.0,BULL_2013_2014
BCR,legacy,V0.1,2013-06-05,2013-06-06,101.81,GREEN,2013-05-31,100.26,1.5459804508278552,False,,7.916707592574412,-1.0018662213927887,7.916707592574412,-1.0018662213927887,4.970042235536787,4.685197917689821,4.253020331990953,4.12533149985268,True,5.0,True,5.0,True,5.0,BULL_2013_2014
CLX,legacy,STOCH_ONLY_CONTROL,2013-06-05,2013-06-06,73.347,GREEN,2013-05-31,72.464,1.2185361006844753,True,10.0,4.223758299589631,-2.380465458709957,4.223758299589631,-2.380465458709957,2.710403970169195,-1.696047554773883,0.9748183293113666,0.865747747010781,True,1.0,True,6.0,False,,BULL_2013_2014
T,legacy,V0.1,2013-06-05,2013-06-06,27.906,GREEN,2013-05-28,27.409,1.8132730125141272,True,10.0,3.354117394108802,-3.16061062137174,3.354117394108802,-2.5263384218447538,3.0961083637927267,-2.429585035476234,1.2040421414749591,1.766645165914138,True,1.0,True,5.0,False,,BULL_2013_2014
ABT,legacy,STOCH_ONLY_CONTROL,2013-06-07,2013-06-10,33.925,GREEN,2013-06-06,32.62,4.000613120784791,True,8.0,0.45099484156228,-10.013264554163593,0.45099484156228,-6.402358142962406,-1.538688282977152,-6.673544583640368,-6.514369933677222,-7.289609432571842,False,,False,,False,,BULL_2013_2014
BDX,legacy,STOCH_ONLY_CONTROL,2013-06-07,2013-06-10,91.817,GREEN,2013-06-04,89.159,2.981190906133979,False,,1.8732914384046673,-4.616792097324018,1.8732914384046673,-4.616792097324018,1.3755622597122485,-1.1337769694065303,0.4465404010150831,-0.049010531818716174,False,,False,,False,,BULL_2013_2014
BDX,legacy,V0.1,2013-06-07,2013-06-10,91.817,GREEN,2013-06-04,89.159,2.981190906133979,False,,1.8732914384046673,-4.616792097324018,1.8732914384046673,-4.616792097324018,1.3755622597122485,-1.1337769694065303,0.4465404010150831,-0.049010531818716174,False,,False,,False,,BULL_2013_2014
BF-B,legacy,STOCH_ONLY_CONTROL,2013-06-07,2013-06-10,33.194,GREEN,2013-05-30,32.243,2.949477405948575,True,8.0,1.8135807676086024,-4.922576369223364,1.8135807676086024,-4.922576369223364,0.9971681629209916,-3.2505874555642578,-3.4765319033560393,-0.3163222269084942,False,,False,,False,,BULL_2013_2014
BF-B,legacy,V0.1,2013-06-07,2013-06-10,33.194,GREEN,2013-05-30,32.243,2.949477405948575,True,8.0,1.8135807676086024,-4.922576369223364,1.8135807676086024,-4.922576369223364,0.9971681629209916,-3.2505874555642578,-3.4765319033560393,-0.3163222269084942,False,,False,,False,,BULL_2013_2014
BMS,legacy,STOCH_ONLY_CONTROL,2013-06-07,2013-06-10,35.563,GREEN,2013-05-31,34.557,2.911132332089017,True,10.0,2.415431768973364,-4.619970193740686,1.583106037173443,-4.293788488035322,0.8548210218485286,-3.610494052807689,-0.4527177122290005,2.345133987571346,False,,False,,False,,BULL_2013_2014
BMS,legacy,V0.1,2013-06-07,2013-06-10,35.563,GREEN,2013-05-31,34.557,2.911132332089017,True,10.0,2.415431768973364,-4.619970193740686,1.583106037173443,-4.293788488035322,0.8548210218485286,-3.610494052807689,-0.4527177122290005,2.345133987571346,False,,False,,False,,BULL_2013_2014
CAH,legacy,STOCH_ONLY_CONTROL,2013-06-07,2013-06-10,42.805,GREEN,2013-06-06,41.53,3.0700698290392348,False,,4.254175914028724,-1.4250671650508084,4.254175914028724,-1.4250671650508084,2.6772573297511926,-0.8713935287933627,1.922672584978402,2.819764046256279,True,3.0,True,5.0,False,,BULL_2013_2014
CB,legacy,STOCH_ONLY_CONTROL,2013-06-07,2013-06-10,80.691,GREEN,2013-06-04,78.458,2.846108746080711,True,8.0,2.816918863318074,-5.768920945334677,0.4486250015491189,-3.9793781214757518,-0.45110359271790523,-4.58911154899555,-0.163587017139466,2.7400825370859083,False,,False,,False,,BULL_2013_2014
CB,legacy,V0.1,2013-06-07,2013-06-10,80.691,GREEN,2013-06-04,78.458,2.846108746080711,True,8.0,2.816918863318074,-5.768920945334677,0.4486250015491189,-3.9793781214757518,-0.45110359271790523,-4.58911154899555,-0.163587017139466,2.7400825370859083,False,,False,,False,,BULL_2013_2014
CL,legacy,STOCH_ONLY_CONTROL,2013-06-07,2013-06-10,53.682,GREEN,2013-05-31,51.683,3.867809531180466,True,8.0,1.0841622890354286,-6.4230095749040705,1.0841622890354286,-6.052308036213261,0.6128683730114437,-5.27737416638725,-2.240974628367054,-0.5048247084683877,False,,False,,False,,BULL_2013_2014
CL,legacy,V0.1,2013-06-07,2013-06-10,53.682,GREEN,2013-05-31,51.683,3.867809531180466,True,8.0,1.0841622890354286,-6.4230095749040705,1.0841622890354286,-6.052308036213261,0.6128683730114437,-5.27737416638725,-2.240974628367054,-0.5048247084683877,False,,False,,False,,BULL_2013_2014
CVX,legacy,STOCH_ONLY_CONTROL,2013-06-07,2013-06-10,103.82,GREEN,2013-06-06,100.18,3.633459772409653,True,8.0,0.6357156617222248,-5.6443845116547875,0.028896166441927384,-4.379695627046809,-1.41591215565402,-4.980735889038712,-3.14968214216913,0.24080138701598752,False,,False,,False,,BULL_2013_2014
EMR,legacy,STOCH_ONLY_CONTROL,2013-06-07,2013-06-10,50.537,GREEN,2013-06-05,48.531,4.133440481341832,True,8.0,0.01978748243860462,-7.818034311494548,0.01978748243860462,-6.349803114549724,-2.4022003680471693,-6.814808951857043,-4.487801017076598,-0.5857094801828389,False,,False,,False,,BULL_2013_2014
GWW,legacy,STOCH_ONLY_CONTROL,2013-06-07,2013-06-10,237.96,GREEN,2013-06-06,227.94,4.395893656225325,True,8.0,1.2691208606488313,-5.20255505126912,0.0,-4.878971255673226,-2.5424441082534943,-3.8535888384602535,-2.4794083039166304,0.2941670869053503,False,,False,,False,,BULL_2013_2014
JNJ,legacy,STOCH_ONLY_CONTROL,2013-06-07,2013-06-10,75.516,GREEN,2013-05-31,73.418,2.857609850445386,True,8.0,4.788389215530486,-3.397955400180097,1.7519466073414813,-3.397955400180097,0.7269982520260454,-0.47142327453786326,1.901583770326809,4.551353355580279,False,,False,,False,,BULL_2013_2014
JNJ,legacy,V0.1,2013-06-07,2013-06-10,75.516,GREEN,2013-05-31,73.418,2.857609850445386,True,8.0,4.788389215530486,-3.397955400180097,1.7519466073414813,-3.397955400180097,0.7269982520260454,-0.47142327453786326,1.901583770326809,4.551353355580279,False,,False,,False,,BULL_2013_2014
LOW,legacy,STOCH_ONLY_CONTROL,2013-06-07,2013-06-10,38.539,GREEN,2013-06-04,36.668,5.102541725755438,True,9.0,5.770777653805226,-6.515477827655114,0.6227457899789846,-5.558006175562424,-0.5059809543579208,-5.122084122577142,-1.248086354082878,5.360803342069054,False,,False,,False,,BULL_2013_2014
MMM,legacy,STOCH_ONLY_CONTROL,2013-06-07,2013-06-10,100.31,GREEN,2013-06-06,96.898,3.5212285083283446,True,10.0,1.8941282025720207,-3.828132788356098,1.644900807496752,-3.828132788356098,0.4386402153324642,-3.507127903499152,-1.9031003887947429,1.7246535739208424,False,,False,,False,,BULL_2013_2014
PPG,legacy,STOCH_ONLY_CONTROL,2013-06-07,2013-06-10,73.11,GREEN,2013-06-05,69.848,4.6701408773336395,True,9.0,0.7810149090411667,-7.321843797018179,0.7810149090411667,-5.365887019559567,0.0711257009984978,-5.9772944877581775,-4.851593489262751,0.33511147585829626,False,,False,,False,,BULL_2013_2014
SHW,legacy,STOCH_ONLY_CONTROL,2013-06-07,2013-06-10,175.66,GREEN,2013-06-05,170.05,3.2990296971478816,True,8.0,0.5123534099965799,-7.508823864283276,0.5123534099965799,-4.48593874530342,-0.20494136399862306,-5.470795855630184,-2.8805647273141277,-0.07969941933279046,False,,False,,False,,BULL_2013_2014
SWK,legacy,STOCH_ONLY_CONTROL,2013-06-07,2013-06-10,73.003,GREEN,2013-06-05,70.418,3.6709364083046925,True,9.0,1.9314274755831917,-7.59968768406778,1.9314274755831917,-5.371012150185617,0.250674629809744,-5.997013821349806,-1.8656767530101481,0.9287289563442602,False,,False,,False,,BULL_2013_2014
SWK,legacy,V0.1,2013-06-07,2013-06-10,73.003,GREEN,2013-06-05,70.418,3.6709364083046925,True,9.0,1.9314274755831917,-7.59968768406778,1.9314274755831917,-5.371012150185617,0.250674629809744,-5.997013821349806,-1.8656767530101481,0.9287289563442602,False,,False,,False,,BULL_2013_2014
TROW,legacy,STOCH_ONLY_CONTROL,2013-06-07,2013-06-10,66.054,GREEN,2013-06-04,62.954,4.924230390443829,True,9.0,1.5290519877675601,-7.431798225694131,0.7327338238410919,-5.728646259121328,-1.5805250249795622,-6.783843521966881,-2.676597935022862,1.1399763829593956,False,,False,,False,,BULL_2013_2014
XOM,legacy,STOCH_ONLY_CONTROL,2013-06-07,2013-06-10,78.728,GREEN,2013-06-05,76.221,3.2891197963815566,True,10.0,1.6449039731734505,-4.248806015648821,0.3772482471293692,-4.248806015648821,-0.4521898181079065,-3.750889137282787,-1.7681129966466758,1.536937303119612,False,,False,,False,,BULL_2013_2014
ADP,legacy,STOCH_ONLY_CONTROL,2013-06-10,2013-06-11,53.858,GREEN,2013-05-31,53.033,1.5556351705541704,False,,5.859853689331218,-1.0750492034609427,5.859853689331218,-1.0750492034609427,2.5177318132868054,1.3962642504363298,3.2232908760072787,5.685320658026671,True,5.0,True,6.0,True,19.0,BULL_2013_2014
ADP,legacy,V0.1,2013-06-10,2013-06-11,53.858,GREEN,2013-05-31,53.033,1.5556351705541704,False,,5.859853689331218,-1.0750492034609427,5.859853689331218,-1.0750492034609427,2.5177318132868054,1.3962642504363298,3.2232908760072787,5.685320658026671,True,5.0,True,6.0,True,19.0,BULL_2013_2014
CINF,legacy,V0.1,2013-06-10,2013-06-11,39.627,GREEN,2013-05-31,38.828,2.0577933450087516,True,9.0,6.2558356676003735,-2.5437201907790197,3.164509046861985,-2.5437201907790197,3.081232492997188,-1.405607287960231,1.3955131602190418,6.167512049864987,True,4.0,True,5.0,False,,BULL_2013_2014
ECL,legacy,STOCH_ONLY_CONTROL,2013-06-10,2013-06-11,79.739,GREEN,2013-05-30,79.016,0.9150045560392783,False,,6.275473733054082,-1.3130337726833918,6.275473733054082,-1.3130337726833918,3.648152096213897,0.8728476655087247,2.9295576819373226,5.9556804073289005,True,4.0,True,4.0,True,19.0,BULL_2013_2014
ECL,legacy,V0.1,2013-06-10,2013-06-11,79.739,GREEN,2013-05-30,79.016,0.9150045560392783,False,,6.275473733054082,-1.3130337726833918,6.275473733054082,-1.3130337726833918,3.648152096213897,0.8728476655087247,2.9295576819373226,5.9556804073289005,True,4.0,True,4.0,True,19.0,BULL_2013_2014
GPC,legacy,STOCH_ONLY_CONTROL,2013-06-10,2013-06-11,68.509,GREEN,2013-05-31,66.862,2.463282582034654,False,,10.78544424820096,-2.3763301172108786,10.78544424820096,-2.3763301172108786,3.4725364550643123,0.4291406968427447,8.13469763096819,8.486476229400509,True,1.0,True,4.0,True,15.0,BULL_2013_2014
GPC,legacy,V0.1,2013-06-10,2013-06-11,68.509,GREEN,2013-05-31,66.862,2.463282582034654,False,,10.78544424820096,-2.3763301172108786,10.78544424820096,-2.3763301172108786,3.4725364550643123,0.4291406968427447,8.13469763096819,8.486476229400509,True,1.0,True,4.0,True,15.0,BULL_2013_2014
HRL,legacy,STOCH_ONLY_CONTROL,2013-06-10,2013-06-11,18.209,GREEN,2013-05-29,17.782,2.4013046901360857,True,7.0,3.9595804272612556,-4.854742160470105,3.9595804272612556,-4.657037728595748,-0.46131034104014423,-3.234664177055291,-0.9171288923059961,1.0599154264374855,True,3.0,True,4.0,False,,BULL_2013_2014
HRL,legacy,V0.1,2013-06-10,2013-06-11,18.209,GREEN,2013-05-29,17.782,2.4013046901360857,True,7.0,3.9595804272612556,-4.854742160470105,3.9595804272612556,-4.657037728595748,-0.46131034104014423,-3.234664177055291,-0.9171288923059961,1.0599154264374855,True,3.0,True,4.0,False,,BULL_2013_2014
LEG,legacy,STOCH_ONLY_CONTROL,2013-06-10,2013-06-11,27.475,GREEN,2013-05-30,26.647,3.107291627575348,True,9.0,5.095541401273884,-5.594176524112838,5.095541401273884,-5.594176524112838,4.585987261146496,-2.751592356687904,-1.4449499545041045,1.3575978161965319,True,1.0,True,2.0,True,6.0,BULL_2013_2014
LEG,legacy,V0.1,2013-06-10,2013-06-11,27.475,GREEN,2013-05-30,26.647,3.107291627575348,True,9.0,5.095541401273884,-5.594176524112838,5.095541401273884,-5.594176524112838,4.585987261146496,-2.751592356687904,-1.4449499545041045,1.3575978161965319,True,1.0,True,2.0,True,6.0,BULL_2013_2014
MKC,legacy,STOCH_ONLY_CONTROL,2013-06-10,2013-06-11,64.606,GREEN,2013-05-30,62.83,2.826675155180647,False,,4.061542271615659,-3.086400643903031,4.061542271615659,-3.086400643903031,3.880444540754735,0.7801133021700934,-0.73832151812524,0.30182955143487344,True,2.0,True,4.0,False,,BULL_2013_2014
MKC,legacy,V0.1,2013-06-10,2013-06-11,64.606,GREEN,2013-05-30,62.83,2.826675155180647,False,,4.061542271615659,-3.086400643903031,4.061542271615659,-3.086400643903031,3.880444540754735,0.7801133021700934,-0.73832151812524,0.30182955143487344,True,2.0,True,4.0,False,,BULL_2013_2014
PG,legacy,STOCH_ONLY_CONTROL,2013-06-10,2013-06-11,67.425,GREEN,2013-05-31,65.818,2.441581330335163,True,7.0,3.1130886169818295,-3.325176121616602,2.301816833518733,-3.325176121616602,1.7486095661846557,-1.2784575454208302,0.9744160177975525,2.727474972191324,True,4.0,False,,False,,BULL_2013_2014
PG,legacy,V0.1,2013-06-10,2013-06-11,67.425,GREEN,2013-05-31,65.818,2.441581330335163,True,7.0,3.1130886169818295,-3.325176121616602,2.301816833518733,-3.325176121616602,1.7486095661846557,-1.2784575454208302,0.9744160177975525,2.727474972191324,True,4.0,False,,False,,BULL_2013_2014
SYY,legacy,V0.1,2013-06-10,2013-06-11,29.941,GREEN,2013-06-07,29.623,1.0734901934307706,True,7.0,5.01987241575097,-1.5964730636919167,2.7988377141711984,-1.5964730636919167,2.5015864533582732,-0.03005911626198232,1.23576366854814,3.974483150195396,True,2.0,False,,False,,BULL_2013_2014
NUE,legacy,STOCH_ONLY_CONTROL,2013-06-13,2013-06-14,39.526,GREEN,2013-06-04,37.922,4.229734718632994,True,6.0,2.3883013712493018,-6.80058695542175,0.24034812528461735,-6.80058695542175,-2.8689976218185476,-3.562212214744731,-2.3124019632646875,0.802003744370805,False,,False,,False,,BULL_2013_2014
NUE,legacy,V0.1,2013-06-13,2013-06-14,39.526,GREEN,2013-06-04,37.922,4.229734718632994,True,6.0,2.3883013712493018,-6.80058695542175,0.24034812528461735,-6.80058695542175,-2.8689976218185476,-3.562212214744731,-2.3124019632646875,0.802003744370805,False,,False,,False,,BULL_2013_2014
BEN,legacy,STOCH_ONLY_CONTROL,2013-06-18,2013-06-19,46.647,GREEN,2013-05-31,44.192,5.555304127443872,True,1.0,0.0793191416382566,-11.741376723047559,0.0793191416382566,-8.733680622548068,-8.590048663365268,-8.20631551868286,-6.898621561943951,-2.7675949149998824,False,,False,,False,,BULL_2013_2014
BEN,legacy,V0.1,2013-06-18,2013-06-19,46.647,GREEN,2013-05-31,44.192,5.555304127443872,True,1.0,0.0793191416382566,-11.741376723047559,0.0793191416382566,-8.733680622548068,-8.590048663365268,-8.20631551868286,-6.898621561943951,-2.7675949149998824,False,,False,,False,,BULL_2013_2014
ED,legacy,STOCH_ONLY_CONTROL,2013-06-25,2013-06-26,48.554,GREEN,2013-06-24,46.825,3.6924719701014297,False,,5.451662066976981,-1.5817440375664238,5.451662066976981,-1.5817440375664238,-0.012357375293492456,2.337603493018081,4.617539234666546,3.39415908061127,True,1.0,True,11.0,True,15.0,BULL_2013_2014
GWW,legacy,V0.1,2013-06-25,2013-06-26,234.39,GREEN,2013-06-21,225.58,3.9054880751839605,False,,3.9762788514868586,-2.3763812449336563,3.9762788514868586,-2.3763812449336563,-0.7380860958231983,2.8414181492384616,2.3763812449336674,-0.635692649003794,True,8.0,True,10.0,False,,BULL_2013_2014
HCP,legacy,STOCH_ONLY_CONTROL,2013-06-25,2013-06-26,34.75,GREEN,2013-05-28,32.491,6.9526945923486405,False,,6.897841726618692,-3.0100719424460465,6.897841726618692,-3.0100719424460465,1.2172661870503587,4.874820143884895,5.528057553956822,1.7669064748201402,True,1.0,True,1.0,True,10.0,BULL_2013_2014
T,legacy,STOCH_ONLY_CONTROL,2013-06-25,2013-06-26,28.075,GREEN,2013-06-21,27.024,3.8891355831853103,False,,3.829029385574345,-0.9367764915405141,3.829029385574345,-0.9367764915405141,0.5592163846838805,2.5574354407836175,2.1834372217275133,1.3891362422083775,True,7.0,True,14.0,False,,BULL_2013_2014
TGT,legacy,STOCH_ONLY_CONTROL,2013-06-25,2013-06-26,60.657,GREEN,2013-06-17,59.208,2.4473044183218384,False,,5.753664045369877,-1.3930791170021606,5.753664045369877,-1.3930791170021606,-0.17640173434227968,4.416637815915725,4.200669337421892,3.3400926521258922,True,7.0,True,8.0,True,15.0,BULL_2013_2014
WMT,legacy,STOCH_ONLY_CONTROL,2013-06-25,2013-06-26,66.653,GREEN,2013-06-20,65.116,2.3604029731556064,False,,5.4536179916882865,-0.7111457848859026,5.4536179916882865,-0.7111457848859026,0.18753844538130782,4.032826729479533,3.642746763086424,4.542931300916675,True,7.0,True,8.0,True,18.0,BULL_2013_2014
WMT,legacy,V0.1,2013-06-25,2013-06-26,66.653,GREEN,2013-06-20,65.116,2.3604029731556064,False,,5.4536179916882865,-0.7111457848859026,5.4536179916882865,-0.7111457848859026,0.18753844538130782,4.032826729479533,3.642746763086424,4.542931300916675,True,7.0,True,8.0,True,18.0,BULL_2013_2014
CINF,legacy,STOCH_ONLY_CONTROL,2013-06-26,2013-06-27,39.669,GREEN,2013-06-24,38.619,2.718868950516584,False,,9.332224154881663,-0.5974438478408728,9.332224154881663,-0.5974438478408728,1.9637500315107692,7.5172048703017635,8.326400968010294,7.383599284075726,True,3.0,True,6.0,True,7.0,BULL_2013_2014
CVX,legacy,V0.1,2013-06-26,2013-06-27,100.06,GREEN,2013-06-21,97.96,2.1437321355655348,False,,7.8852688386967795,-0.4097541475114874,7.8852688386967795,-0.4097541475114874,1.6889866080351812,4.687187687387562,7.085748550869475,7.645412752348579,True,6.0,True,6.0,True,8.0,BULL_2013_2014
DOV,legacy,STOCH_ONLY_CONTROL,2013-06-26,2013-06-27,59.143,GREEN,2013-06-24,57.162,3.4655890276757306,False,,11.318330148960998,-2.8659351064369454,11.318330148960998,-2.8659351064369454,-0.25700421013475916,3.5811507701672296,9.093214750689004,8.273168422298504,True,7.0,True,9.0,True,14.0,BULL_2013_2014
EMR,legacy,V0.1,2013-06-26,2013-06-27,48.637,GREEN,2013-06-21,46.586,4.402610226248238,False,,9.287168205275819,-2.370623188107812,9.287168205275819,-2.370623188107812,1.1801714743919112,2.596788453235188,5.43002241092172,7.22289614902234,True,6.0,True,7.0,True,15.0,BULL_2013_2014
LOW,legacy,V0.1,2013-06-26,2013-06-27,37.768,GREEN,2013-06-21,36.028,4.829576995670037,False,,11.623596695615346,-0.14827367083244392,11.623596695615346,-0.14827367083244392,4.98305443761915,7.561957212454984,8.644884558356281,8.345689472569372,True,3.0,True,3.0,True,3.0,BULL_2013_2014
PNR,legacy,STOCH_ONLY_CONTROL,2013-06-26,2013-06-27,52.52,GREEN,2013-06-24,50.692,3.6060916909966156,False,,7.41241431835491,-0.19230769230770273,7.41241431835491,-0.19230769230770273,2.244859101294727,6.0529322162985455,5.653084539223152,5.89870525514089,True,3.0,True,7.0,True,9.0,BULL_2013_2014
TROW,legacy,V0.1,2013-06-26,2013-06-27,64.181,GREEN,2013-06-24,61.145,4.965246545097712,False,,9.124195634221977,-1.4848631214845476,9.124195634221977,-1.4848631214845476,2.4742525046353325,5.30375033109487,7.6564715414219275,3.6724264190336697,True,5.0,True,6.0,True,9.0,BULL_2013_2014
XOM,legacy,V0.1,2013-06-26,2013-06-27,77.286,GREEN,2013-06-24,75.383,2.5244418502845534,False,,5.813472038920375,-0.3118287917604712,5.813472038920375,-0.3118287917604712,1.4724529669021713,3.4999870610459727,5.460238594312039,5.039722588825923,True,6.0,True,7.0,True,14.0,BULL_2013_2014
ABT,legacy,V0.1,2013-06-27,2013-06-28,31.96,GREEN,2013-06-21,31.409,1.7542742526027721,True,3.0,5.0969962453066175,-4.480600750938679,1.473717146433029,-4.480600750938679,0.31289111389236623,0.9167709637046384,1.830413016270338,4.511889862327911,False,,False,,False,,BULL_2013_2014
ITW,legacy,STOCH_ONLY_CONTROL,2013-06-27,2013-06-28,63.678,GREEN,2013-06-24,60.987,4.412415760735877,False,,6.2517667012155,-2.223687929897289,6.2517667012155,-2.223687929897289,1.4746066145293613,3.3543767078111575,5.676999905775948,2.7482018907629024,True,6.0,True,8.0,True,14.0,BULL_2013_2014
ITW,legacy,V0.1,2013-06-27,2013-06-28,63.678,GREEN,2013-06-24,60.987,4.412415760735877,False,,6.2517667012155,-2.223687929897289,6.2517667012155,-2.223687929897289,1.4746066145293613,3.3543767078111575,5.676999905775948,2.7482018907629024,True,6.0,True,8.0,True,14.0,BULL_2013_2014
MHFI,legacy,STOCH_ONLY_CONTROL,2013-07-01,2013-07-02,51.045,GREEN,2013-06-26,49.866,2.364336421609914,False,,15.245371730825742,-0.7601136252326501,15.245371730825742,-0.7601136252326501,3.2892545792927663,6.411989421099018,9.926535409932402,14.3206974238417,True,3.0,True,3.0,True,6.0,BULL_2013_2014
MHFI,legacy,V0.1,2013-07-01,2013-07-02,51.045,GREEN,2013-06-26,49.866,2.364336421609914,False,,15.245371730825742,-0.7601136252326501,15.245371730825742,-0.7601136252326501,3.2892545792927663,6.411989421099018,9.926535409932402,14.3206974238417,True,3.0,True,3.0,True,6.0,BULL_2013_2014
APD,legacy,STOCH_ONLY_CONTROL,2013-07-03,2013-07-05,82.661,GREEN,2013-07-02,80.746,2.3716345082109402,False,,20.33486166390437,-1.0621695842053636,20.33486166390437,-1.0621695842053636,4.760406963380559,5.1281741087090715,12.862172003726059,15.898670473379228,True,2.0,True,2.0,True,4.0,BULL_2013_2014
ABT,legacy,STOCH_ONLY_CONTROL,2013-07-08,2013-07-09,32.106,GREEN,2013-07-01,30.528,5.169025157232721,False,,5.217093378184745,-2.111754812184641,5.217093378184745,-2.111754812184641,1.0807948670030543,3.855977075935968,4.419734629041283,2.2114246558275763,True,6.0,True,6.0,True,15.0,BULL_2013_2014
APD,legacy,V0.1,2013-07-08,2013-07-09,83.144,GREEN,2013-07-05,81.783,1.6641600332587547,False,,19.63581256615028,-0.03006831521217279,19.63581256615028,-0.03006831521217279,2.9118156451457544,8.4600211680939,13.800153949773875,15.132781679976892,True,0.0,True,0.0,True,2.0,BULL_2013_2014
WAG,legacy,STOCH_ONLY_CONTROL,2013-07-09,2013-07-10,42.564,GREEN,2013-06-26,39.738,7.111580854597621,False,,11.270087397800953,-0.7118691852269432,11.270087397800953,-0.7118691852269432,7.203270369326198,10.107132788271777,8.312188704069158,7.113993045766365,True,0.0,True,0.0,True,1.0,BULL_2013_2014
WAG,legacy,V0.1,2013-07-09,2013-07-10,42.564,GREEN,2013-06-26,39.738,7.111580854597621,False,,11.270087397800953,-0.7118691852269432,11.270087397800953,-0.7118691852269432,7.203270369326198,10.107132788271777,8.312188704069158,7.113993045766365,True,0.0,True,0.0,True,1.0,BULL_2013_2014
GPC,legacy,STOCH_ONLY_CONTROL,2013-07-29,2013-07-30,73.014,GREEN,2013-07-24,71.936,1.4985542704626154,True,11.0,3.2308872271071376,-5.282548552332433,3.2308872271071376,-1.8284164680746118,1.5832580053140477,-0.5601665434026293,-2.8049415180650294,-5.109978908154589,True,2.0,True,3.0,False,,BULL_2013_2014
GWW,legacy,STOCH_ONLY_CONTROL,2013-07-29,2013-07-30,235.83,GREEN,2013-07-26,231.16,2.0202457172521227,True,12.0,4.558368316159944,-4.091930627994744,4.558368316159944,-4.091930627994744,1.8911928083789054,-0.22897850146292864,-2.5018021456133632,-3.901115210108985,True,1.0,True,2.0,False,,BULL_2013_2014
MCD,legacy,STOCH_ONLY_CONTROL,2013-07-29,2013-07-30,85.711,GREEN,2013-07-23,84.224,1.7655300151975695,True,11.0,1.4688896407695662,-4.071822753205534,1.4688896407695662,-2.4069255988146243,0.7046936799244063,-1.579727222876881,-2.5504310998588187,-3.2224568608463344,False,,False,,False,,BULL_2013_2014
MCD,legacy,V0.1,2013-07-29,2013-07-30,85.711,GREEN,2013-07-23,84.224,1.7655300151975695,True,11.0,1.4688896407695662,-4.071822753205534,1.4688896407695662,-2.4069255988146243,0.7046936799244063,-1.579727222876881,-2.5504310998588187,-3.2224568608463344,False,,False,,False,,BULL_2013_2014
TROW,legacy,STOCH_ONLY_CONTROL,2013-08-01,2013-08-02,66.633,GREEN,2013-07-29,64.495,3.314985657802927,True,8.0,0.784896372668209,-8.369726711989555,0.784896372668209,-3.56129845572013,-2.2001110560833093,-4.727387330601951,-4.9494994972461015,-8.147614545345395,False,,False,,False,,BULL_2013_2014
PEP,legacy,STOCH_ONLY_CONTROL,2013-08-05,2013-08-06,74.857,GREEN,2013-08-02,73.936,1.2456719324821286,True,5.0,1.1742388821352812,-6.906501729965131,1.1742388821352812,-1.3973309109368448,-1.242368783146519,-4.912032274870748,-6.373485445582916,-5.140467825320272,False,,False,,False,,BULL_2013_2014
WAG,legacy,STOCH_ONLY_CONTROL,2013-08-12,2013-08-13,46.025,GREEN,2013-08-09,45.205,1.8139586328945967,True,3.0,1.881586094513854,-6.198804997284091,1.5491580662683413,-2.4747419880499666,-2.170559478544254,-5.199348180336772,-0.7104834329168863,1.8185768604019659,False,,False,,False,,BULL_2013_2014
CB,legacy,STOCH_ONLY_CONTROL,2013-08-14,2013-08-15,80.874,GREEN,2013-07-31,80.343,0.6609163212725422,True,2.0,2.8909167346736986,-2.8241462027351116,0.974355169770269,-0.8766723545267863,1.0720379850137407,-1.5357222345871224,-1.6136211885154572,2.268961594579233,False,,False,,False,,BULL_2013_2014
CB,legacy,V0.1,2013-08-14,2013-08-15,80.874,GREEN,2013-07-31,80.343,0.6609163212725422,True,2.0,2.8909167346736986,-2.8241462027351116,0.974355169770269,-0.8766723545267863,1.0720379850137407,-1.5357222345871224,-1.6136211885154572,2.268961594579233,False,,False,,False,,BULL_2013_2014
BCR,legacy,STOCH_ONLY_CONTROL,2013-08-20,2013-08-21,111.34,GREEN,2013-08-19,109.1,2.0531622364803104,False,,6.610382611819654,-0.6107418717442137,6.610382611819654,-0.6107418717442137,0.46703790192204053,2.739356924735037,4.347045087120538,5.676306807975573,True,8.0,True,10.0,True,13.0,BULL_2013_2014
BMS,legacy,STOCH_ONLY_CONTROL,2013-08-20,2013-08-21,36.794,GREEN,2013-08-19,36.43,0.9991765028822375,True,5.0,1.6198293199978453,-5.7699624938848615,1.6198293199978453,-1.4540414197966922,-1.252921672011742,-1.8209490677827733,-2.45964015872151,-4.470837636571168,False,,False,,False,,BULL_2013_2014
SHW,legacy,STOCH_ONLY_CONTROL,2013-08-20,2013-08-21,164.93,GREEN,2013-08-16,159.68,3.2878256513026116,False,,7.172739950281937,-3.3832535014854836,7.172739950281937,-3.3832535014854836,-1.6128054326077668,1.291456981749839,1.4490996180197557,5.475050021221128,True,10.0,True,14.0,True,19.0,BULL_2013_2014
APD,legacy,STOCH_ONLY_CONTROL,2013-08-21,2013-08-22,91.503,GREEN,2013-08-14,89.381,2.3741063536993234,False,,9.067462268996639,-0.9639028228582758,9.067462268996639,-0.9639028228582758,0.3038151754587437,0.8491524868037059,3.9539687223369757,6.289411276133028,True,2.0,True,11.0,True,16.0,BULL_2013_2014
APD,legacy,V0.1,2013-08-21,2013-08-22,91.503,GREEN,2013-08-14,89.381,2.3741063536993234,False,,9.067462268996639,-0.9639028228582758,9.067462268996639,-0.9639028228582758,0.3038151754587437,0.8491524868037059,3.9539687223369757,6.289411276133028,True,2.0,True,11.0,True,16.0,BULL_2013_2014
LOW,legacy,STOCH_ONLY_CONTROL,2013-08-21,2013-08-22,42.783,GREEN,2013-08-19,40.501,5.634428779536327,False,,6.956033938713979,-1.7390084846784948,6.956033938713979,-1.7390084846784948,0.9770235841338737,-0.8063950634597861,1.9330107753079417,4.067035972231969,True,0.0,True,0.0,True,19.0,BULL_2013_2014
BDX,legacy,STOCH_ONLY_CONTROL,2013-08-22,2013-08-23,91.956,GREEN,2013-08-05,90.248,1.8925627160712777,False,,4.5913262864848425,-2.258688938187825,4.5913262864848425,-2.258688938187825,-1.0929140023489547,1.2777850276219027,2.3043629561964485,3.477750228370091,True,11.0,True,17.0,False,,BULL_2013_2014
BDX,legacy,V0.1,2013-08-22,2013-08-23,91.956,GREEN,2013-08-05,90.248,1.8925627160712777,False,,4.5913262864848425,-2.258688938187825,4.5913262864848425,-2.258688938187825,-1.0929140023489547,1.2777850276219027,2.3043629561964485,3.477750228370091,True,11.0,True,17.0,False,,BULL_2013_2014
BF-B,legacy,STOCH_ONLY_CONTROL,2013-08-22,2013-08-23,33.501,GREEN,2013-08-14,32.472,3.1688839615668707,True,3.0,2.8417062177248598,-5.835646697113517,0.10148950777588706,-4.080475209695223,-5.017760663860771,-2.1372496343392777,0.271633682576633,-0.1223844064356161,False,,False,,False,,BULL_2013_2014
BF-B,legacy,V0.1,2013-08-22,2013-08-23,33.501,GREEN,2013-08-14,32.472,3.1688839615668707,True,3.0,2.8417062177248598,-5.835646697113517,0.10148950777588706,-4.080475209695223,-5.017760663860771,-2.1372496343392777,0.271633682576633,-0.1223844064356161,False,,False,,False,,BULL_2013_2014
CLX,legacy,STOCH_ONLY_CONTROL,2013-08-22,2013-08-23,74.599,GREEN,2013-08-19,73.789,1.0977245930965385,True,2.0,1.3592675505033514,-2.7319401064357374,0.7399562996822873,-1.8753602595209085,-1.3498840467030426,-0.6112682475636455,0.7748093137977863,-1.1957264842692439,False,,False,,False,,BULL_2013_2014
GPC,legacy,V0.1,2013-08-22,2013-08-23,70.804,GREEN,2013-08-14,69.157,2.381537660685118,True,3.0,4.389582509462753,-3.5718320998813557,0.49291000508446814,-3.326083272131519,-2.5563527484323,1.5535845432461448,1.1355290661544615,2.6297949268402787,False,,False,,False,,BULL_2013_2014
HRL,legacy,STOCH_ONLY_CONTROL,2013-08-22,2013-08-23,19.848,GREEN,2013-08-21,19.478,1.8995790122189105,True,2.0,3.4663442160419278,-5.003022974607008,0.30229746070133956,-3.441152760983479,-3.0582426440951216,-1.1487303506650393,0.8665860540104875,1.692865779927466,False,,False,,False,,BULL_2013_2014
AFL,legacy,STOCH_ONLY_CONTROL,2013-08-23,2013-08-26,54.323,GREEN,2013-08-19,53.507,1.5250341076868512,True,1.0,5.213261417815662,-4.204480606741157,0.2853303388988149,-3.5565046113064436,-2.8717117979493056,0.06627027226036031,3.9099460633617467,3.5730721793715503,False,,False,,False,,BULL_2013_2014
AFL,legacy,V0.1,2013-08-23,2013-08-26,54.323,GREEN,2013-08-19,53.507,1.5250341076868512,True,1.0,5.213261417815662,-4.204480606741157,0.2853303388988149,-3.5565046113064436,-2.8717117979493056,0.06627027226036031,3.9099460633617467,3.5730721793715503,False,,False,,False,,BULL_2013_2014
CVX,legacy,STOCH_ONLY_CONTROL,2013-08-23,2013-08-26,101.94,GREEN,2013-08-06,99.8,2.1442885771543185,False,,5.581714734157339,-1.383166568569738,5.581714734157339,-1.383166568569738,0.6768687463213574,2.7270943692368155,3.8552089464390926,3.9729252501471413,True,2.0,True,11.0,True,16.0,BULL_2013_2014
CVX,legacy,V0.1,2013-08-23,2013-08-26,101.94,GREEN,2013-08-06,99.8,2.1442885771543185,False,,5.581714734157339,-1.383166568569738,5.581714734157339,-1.383166568569738,0.6768687463213574,2.7270943692368155,3.8552089464390926,3.9729252501471413,True,2.0,True,11.0,True,16.0,BULL_2013_2014
ECL,legacy,STOCH_ONLY_CONTROL,2013-08-23,2013-08-26,87.509,GREEN,2013-08-19,85.935,1.8316169197649446,False,,8.555691414597355,-1.4821332662926068,8.555691414597355,-1.4821332662926068,0.8159160772034824,3.875029996914603,5.08519123747273,7.368384966117758,True,6.0,True,10.0,True,14.0,BULL_2013_2014
ECL,legacy,V0.1,2013-08-23,2013-08-26,87.509,GREEN,2013-08-19,85.935,1.8316169197649446,False,,8.555691414597355,-1.4821332662926068,8.555691414597355,-1.4821332662926068,0.8159160772034824,3.875029996914603,5.08519123747273,7.368384966117758,True,6.0,True,10.0,True,14.0,BULL_2013_2014
GWW,legacy,V0.1,2013-08-23,2013-08-26,232.28,GREEN,2013-08-21,227.19,2.2404155112460966,True,1.0,8.881522300671607,-3.487170656104699,0.9083864301704825,-2.557258481143443,-1.0246254520406395,6.104701222662312,6.109006371620462,5.674186326846908,False,,False,,False,,BULL_2013_2014
ITW,legacy,STOCH_ONLY_CONTROL,2013-08-23,2013-08-26,66.909,GREEN,2013-08-19,65.67,1.8867062585655514,True,1.0,7.247156585810566,-2.978672525370296,0.6292128114304463,-2.509378409481533,-2.4032641348697537,1.6216054641378541,3.0623682912612527,6.49240012554364,False,,False,,False,,BULL_2013_2014
ITW,legacy,V0.1,2013-08-23,2013-08-26,66.909,GREEN,2013-08-19,65.67,1.8867062585655514,True,1.0,7.247156585810566,-2.978672525370296,0.6292128114304463,-2.509378409481533,-2.4032641348697537,1.6216054641378541,3.0623682912612527,6.49240012554364,False,,False,,False,,BULL_2013_2014
KMB,legacy,STOCH_ONLY_CONTROL,2013-08-23,2013-08-26,84.17,GREEN,2013-08-15,82.125,2.4901065449010718,True,1.0,3.0378994891291367,-4.096471426874193,0.15682547225852606,-3.344422003088987,-3.429963169775452,-1.25222763454913,1.33182844243791,0.29226565284543593,False,,False,,False,,BULL_2013_2014
KMB,legacy,V0.1,2013-08-23,2013-08-26,84.17,GREEN,2013-08-15,82.125,2.4901065449010718,True,1.0,3.0378994891291367,-4.096471426874193,0.15682547225852606,-3.344422003088987,-3.429963169775452,-1.25222763454913,1.33182844243791,0.29226565284543593,False,,False,,False,,BULL_2013_2014
PG,legacy,STOCH_ONLY_CONTROL,2013-08-23,2013-08-26,69.888,GREEN,2013-08-19,68.969,1.332482709623184,True,0.0,0.7583562271062272,-7.896920787545792,0.07440476190474499,-1.741357600732596,-2.715773809523825,-2.465373168498164,-0.11303800366301298,-1.6268887362637319,False,,False,,False,,BULL_2013_2014
PG,legacy,V0.1,2013-08-23,2013-08-26,69.888,GREEN,2013-08-19,68.969,1.332482709623184,True,0.0,0.7583562271062272,-7.896920787545792,0.07440476190474499,-1.741357600732596,-2.715773809523825,-2.465373168498164,-0.11303800366301298,-1.6268887362637319,False,,False,,False,,BULL_2013_2014
T,legacy,STOCH_ONLY_CONTROL,2013-08-23,2013-08-26,27.539,GREEN,2013-08-12,26.64,3.3746246246246336,False,,2.03711100620938,-3.1845746032898914,2.03711100620938,-3.1845746032898914,-2.8722902066160683,-0.9840589709139813,1.289080939758147,-0.620937579432812,True,16.0,False,,False,,BULL_2013_2014
T,legacy,V0.1,2013-08-23,2013-08-26,27.539,GREEN,2013-08-12,26.64,3.3746246246246336,False,,2.03711100620938,-3.1845746032898914,2.03711100620938,-3.1845746032898914,-2.8722902066160683,-0.9840589709139813,1.289080939758147,-0.620937579432812,True,16.0,False,,False,,BULL_2013_2014
BEN,legacy,STOCH_ONLY_CONTROL,2013-08-26,2013-08-27,43.091,GREEN,2013-08-16,43.047,0.10221385927011717,True,0.0,17.451439975865025,-2.6316400176370935,0.1763709359263066,-2.4413450604534592,1.4388155299250416,4.365180664175816,13.819591097909068,8.992597062031503,False,,False,,False,,BULL_2013_2014
BEN,legacy,V0.1,2013-08-26,2013-08-27,43.091,GREEN,2013-08-16,43.047,0.10221385927011717,True,0.0,17.451439975865025,-2.6316400176370935,0.1763709359263066,-2.4413450604534592,1.4388155299250416,4.365180664175816,13.819591097909068,8.992597062031503,False,,False,,False,,BULL_2013_2014
MHFI,legacy,STOCH_ONLY_CONTROL,2013-08-26,2013-08-27,56.213,GREEN,2013-08-19,55.498,1.2883347147645052,True,0.0,12.900930389767495,-1.8198637325885558,0.33800010673687986,-1.497874157223411,0.825431839610058,4.9027804956149,9.17047658015051,10.401508547844806,False,,False,,False,,BULL_2013_2014
MHFI,legacy,V0.1,2013-08-26,2013-08-27,56.213,GREEN,2013-08-19,55.498,1.2883347147645052,True,0.0,12.900930389767495,-1.8198637325885558,0.33800010673687986,-1.497874157223411,0.825431839610058,4.9027804956149,9.17047658015051,10.401508547844806,False,,False,,False,,BULL_2013_2014
MMM,legacy,STOCH_ONLY_CONTROL,2013-08-26,2013-08-27,102.66,GREEN,2013-08-19,102.61,0.048728194133129676,True,0.0,7.831677381648161,-0.9156438729787664,0.3701539060978032,-0.6526397818040097,1.022793687901813,4.665887395285417,6.974478862263789,5.990648743424898,False,,False,,False,,BULL_2013_2014
MMM,legacy,V0.1,2013-08-26,2013-08-27,102.66,GREEN,2013-08-19,102.61,0.048728194133129676,True,0.0,7.831677381648161,-0.9156438729787664,0.3701539060978032,-0.6526397818040097,1.022793687901813,4.665887395285417,6.974478862263789,5.990648743424898,False,,False,,False,,BULL_2013_2014
WAG,legacy,V0.1,2013-08-26,2013-08-27,44.775,GREEN,2013-08-19,44.51,0.5953718265558239,True,0.0,17.21273031825796,-3.5801228364042426,0.18537130094917753,-2.5527638190954827,2.061418202121734,4.661083193746518,14.729201563372406,13.116694584031286,False,,False,,False,,BULL_2013_2014
MCD,legacy,STOCH_ONLY_CONTROL,2013-08-28,2013-08-29,84.333,GREEN,2013-08-14,82.221,2.5686868318312683,False,,3.4909228890232846,-1.600796841094232,3.4909228890232846,-1.600796841094232,0.6367614101241648,1.7786631567713762,1.307910307945881,1.5343934165747752,True,9.0,True,13.0,False,,BULL_2013_2014
MCD,legacy,V0.1,2013-08-28,2013-08-29,84.333,GREEN,2013-08-14,82.221,2.5686868318312683,False,,3.4909228890232846,-1.600796841094232,3.4909228890232846,-1.600796841094232,0.6367614101241648,1.7786631567713762,1.307910307945881,1.5343934165747752,True,9.0,True,13.0,False,,BULL_2013_2014
XOM,legacy,STOCH_ONLY_CONTROL,2013-08-28,2013-08-29,76.43,GREEN,2013-08-06,74.499,2.591981100417473,False,,1.3999738322648003,-2.2818265079157407,1.3999738322648003,-2.2818265079157407,-1.5556718566008154,-0.2603689650660934,0.03270966897814809,-1.950804657856875,False,,False,,False,,BULL_2013_2014
XOM,legacy,V0.1,2013-08-28,2013-08-29,76.43,GREEN,2013-08-06,74.499,2.591981100417473,False,,1.3999738322648003,-2.2818265079157407,1.3999738322648003,-2.2818265079157407,-1.5556718566008154,-0.2603689650660934,0.03270966897814809,-1.950804657856875,False,,False,,False,,BULL_2013_2014
CTAS,legacy,STOCH_ONLY_CONTROL,2013-08-30,2013-09-03,44.847,GREEN,2013-08-29,44.345,1.1320329236667037,False,,8.161081008763116,-1.308894686378137,8.161081008763116,-1.308894686378137,3.0659798871719435,4.597854928980749,5.781880616317703,7.191116462639635,True,4.0,True,5.0,True,9.0,BULL_2013_2014
CTAS,legacy,V0.1,2013-08-30,2013-09-03,44.847,GREEN,2013-08-29,44.345,1.1320329236667037,False,,8.161081008763116,-1.308894686378137,8.161081008763116,-1.308894686378137,3.0659798871719435,4.597854928980749,5.781880616317703,7.191116462639635,True,4.0,True,5.0,True,9.0,BULL_2013_2014
DOV,legacy,STOCH_ONLY_CONTROL,2013-08-30,2013-09-03,65.2,GREEN,2013-08-29,64.418,1.213946412493394,False,,8.203987730061346,-1.0352760736196287,8.203987730061346,-1.0352760736196287,4.322085889570548,4.4785276073619595,5.8972392638036775,5.628834355828216,True,2.0,True,5.0,True,9.0,BULL_2013_2014
ED,legacy,STOCH_ONLY_CONTROL,2013-08-30,2013-09-03,48.236,GREEN,2013-08-15,47.492,1.5665796344647598,True,0.0,1.451198275147192,-3.540923791359152,0.19487519694834088,-1.996434198523911,-1.0780330043950515,-2.1747242723277216,-0.4436520441164271,-2.3695994692760514,False,,False,,False,,BULL_2013_2014
ED,legacy,V0.1,2013-08-30,2013-09-03,48.236,GREEN,2013-08-15,47.492,1.5665796344647598,True,0.0,1.451198275147192,-3.540923791359152,0.19487519694834088,-1.996434198523911,-1.0780330043950515,-2.1747242723277216,-0.4436520441164271,-2.3695994692760514,False,,False,,False,,BULL_2013_2014
SWK,legacy,STOCH_ONLY_CONTROL,2013-08-30,2013-09-03,79.06,GREEN,2013-08-29,77.521,1.9852685078881827,False,,7.909182899063993,-0.987857323551744,7.909182899063993,-0.987857323551744,4.024791297748553,4.291677207184419,4.22210979003288,7.444978497343779,True,3.0,True,4.0,True,9.0,BULL_2013_2014
SWK,legacy,V0.1,2013-08-30,2013-09-03,79.06,GREEN,2013-08-29,77.521,1.9852685078881827,False,,7.909182899063993,-0.987857323551744,7.909182899063993,-0.987857323551744,4.024791297748553,4.291677207184419,4.22210979003288,7.444978497343779,True,3.0,True,4.0,True,9.0,BULL_2013_2014
ADM,legacy,STOCH_ONLY_CONTROL,2013-09-03,2013-09-04,32.148,GREEN,2013-08-21,30.841,4.2378651794688915,False,,4.908547965658805,-0.6159014557670872,4.908547965658805,-0.6159014557670872,1.3189000870971634,4.065571730745288,2.8337688192111354,4.261540375762096,True,4.0,True,8.0,False,,BULL_2013_2014
ADM,legacy,V0.1,2013-09-03,2013-09-04,32.148,GREEN,2013-08-21,30.841,4.2378651794688915,False,,4.908547965658805,-0.6159014557670872,4.908547965658805,-0.6159014557670872,1.3189000870971634,4.065571730745288,2.8337688192111354,4.261540375762096,True,4.0,True,8.0,False,,BULL_2013_2014
CLX,legacy,V0.1,2013-09-03,2013-09-04,73.505,GREEN,2013-08-27,72.561,1.3009743526136486,False,,2.8678321202639356,-1.6339024556152548,2.8678321202639356,-1.6339024556152548,1.4760900619005701,2.1998503503163125,-0.5224134412625037,0.09387116522685535,True,7.0,False,,False,,BULL_2013_2014
GWW,legacy,STOCH_ONLY_CONTROL,2013-09-03,2013-09-04,230.6,GREEN,2013-08-28,224.18,2.8637701846730312,False,,9.67476149176063,-0.3859496964440545,9.67476149176063,-0.3859496964440545,7.0078057241977465,8.725065047701651,6.006071118820455,5.013009540329572,True,1.0,True,1.0,True,4.0,BULL_2013_2014
HRL,legacy,V0.1,2013-09-03,2013-09-04,19.156,GREEN,2013-08-27,18.855,1.5963935295677523,False,,7.204009187721883,-0.21925245353935363,7.204009187721883,-0.21925245353935363,3.7377323031948295,6.958655251618295,3.3775318438087343,2.3334725412403667,True,2.0,True,4.0,True,8.0,BULL_2013_2014
PEP,legacy,STOCH_ONLY_CONTROL,2013-09-03,2013-09-04,71.168,GREEN,2013-08-13,69.687,2.1252170419160166,False,,4.053788219424437,-1.7437612410071912,4.053788219424437,-1.7437612410071912,0.1784509892086339,3.9765062949640217,0.6266861510791255,-0.18688174460432805,True,9.0,True,10.0,False,,BULL_2013_2014
PEP,legacy,V0.1,2013-09-03,2013-09-04,71.168,GREEN,2013-08-13,69.687,2.1252170419160166,False,,4.053788219424437,-1.7437612410071912,4.053788219424437,-1.7437612410071912,0.1784509892086339,3.9765062949640217,0.6266861510791255,-0.18688174460432805,True,9.0,True,10.0,False,,BULL_2013_2014
SYY,legacy,STOCH_ONLY_CONTROL,2013-09-03,2013-09-04,28.691,GREEN,2013-08-14,27.941,2.684227479331458,False,,3.81652783102715,-2.3979645184901144,3.81652783102715,-2.3979645184901144,0.9306054163326527,3.6631696350772014,-0.6238890244327444,-0.8051305287372301,True,7.0,True,8.0,False,,BULL_2013_2014
SYY,legacy,V0.1,2013-09-03,2013-09-04,28.691,GREEN,2013-08-14,27.941,2.684227479331458,False,,3.81652783102715,-2.3979645184901144,3.81652783102715,-2.3979645184901144,0.9306054163326527,3.6631696350772014,-0.6238890244327444,-0.8051305287372301,True,7.0,True,8.0,False,,BULL_2013_2014
VFC,legacy,STOCH_ONLY_CONTROL,2013-09-03,2013-09-04,42.669,GREEN,2013-08-16,41.725,2.262432594367869,False,,8.460474817783425,0.0,8.460474817783425,0.0,2.1139468935292616,5.952799456279756,5.444233518479469,3.6208957322646507,True,1.0,True,6.0,True,8.0,BULL_2013_2014
VFC,legacy,V0.1,2013-09-03,2013-09-04,42.669,GREEN,2013-08-16,41.725,2.262432594367869,False,,8.460474817783425,0.0,8.460474817783425,0.0,2.1139468935292616,5.952799456279756,5.444233518479469,3.6208957322646507,True,1.0,True,6.0,True,8.0,BULL_2013_2014
EMR,legacy,STOCH_ONLY_CONTROL,2013-09-04,2013-09-05,53.802,GREEN,2013-08-29,52.793,1.9112382323414057,False,,8.977361436377818,-0.35686405709824953,8.977361436377818,-0.35686405709824953,3.7898219397048516,8.505260027508266,6.73766774469351,3.9812646370023463,True,2.0,True,3.0,True,7.0,BULL_2013_2014
EMR,legacy,V0.1,2013-09-04,2013-09-05,53.802,GREEN,2013-08-29,52.793,1.9112382323414057,False,,8.977361436377818,-0.35686405709824953,8.977361436377818,-0.35686405709824953,3.7898219397048516,8.505260027508266,6.73766774469351,3.9812646370023463,True,2.0,True,3.0,True,7.0,BULL_2013_2014
KO,legacy,STOCH_ONLY_CONTROL,2013-09-04,2013-09-05,33.807,GREEN,2013-08-12,33.08,2.1977025392986738,True,19.0,3.4371579850326794,-3.1857307658177403,3.4371579850326794,-2.9727571213062465,0.22776348093589416,2.4994823557251467,1.0145827787144457,-3.114739550980583,True,7.0,True,9.0,False,,BULL_2013_2014
KO,legacy,V0.1,2013-09-04,2013-09-05,33.807,GREEN,2013-08-12,33.08,2.1977025392986738,True,19.0,3.4371579850326794,-3.1857307658177403,3.4371579850326794,-2.9727571213062465,0.22776348093589416,2.4994823557251467,1.0145827787144457,-3.114739550980583,True,7.0,True,9.0,False,,BULL_2013_2014
MDT,legacy,STOCH_ONLY_CONTROL,2013-09-04,2013-09-05,48.866,GREEN,2013-08-19,47.031,3.9016818694052935,False,,2.0382269880898862,-1.162362378750048,2.0382269880898862,-1.162362378750048,0.6753161707526711,1.4631850366307875,-0.5341136986862116,0.1862235501166376,True,11.0,False,,False,,BULL_2013_2014
MDT,legacy,V0.1,2013-09-04,2013-09-05,48.866,GREEN,2013-08-19,47.031,3.9016818694052935,False,,2.0382269880898862,-1.162362378750048,2.0382269880898862,-1.162362378750048,0.6753161707526711,1.4631850366307875,-0.5341136986862116,0.1862235501166376,True,11.0,False,,False,,BULL_2013_2014
NUE,legacy,STOCH_ONLY_CONTROL,2013-09-04,2013-09-05,40.777,GREEN,2013-08-19,39.88,2.2492477432296765,False,,10.601564607499325,-0.6081859871986617,10.601564607499325,-0.6081859871986617,4.335777521642115,8.325771881207533,7.209946783726107,5.302008485175458,True,2.0,True,2.0,True,4.0,BULL_2013_2014
NUE,legacy,V0.1,2013-09-04,2013-09-05,40.777,GREEN,2013-08-19,39.88,2.2492477432296765,False,,10.601564607499325,-0.6081859871986617,10.601564607499325,-0.6081859871986617,4.335777521642115,8.325771881207533,7.209946783726107,5.302008485175458,True,2.0,True,2.0,True,4.0,BULL_2013_2014
PNR,legacy,STOCH_ONLY_CONTROL,2013-09-04,2013-09-05,56.447,GREEN,2013-08-21,54.942,2.739252302428019,False,,8.058887097631406,-0.6200506669973627,8.058887097631406,-0.6200506669973627,4.195085655570696,6.335146243378742,7.134125817138193,6.576080216840574,True,2.0,True,3.0,True,5.0,BULL_2013_2014
PNR,legacy,V0.1,2013-09-04,2013-09-05,56.447,GREEN,2013-08-21,54.942,2.739252302428019,False,,8.058887097631406,-0.6200506669973627,8.058887097631406,-0.6200506669973627,4.195085655570696,6.335146243378742,7.134125817138193,6.576080216840574,True,2.0,True,3.0,True,5.0,BULL_2013_2014
PPG,legacy,STOCH_ONLY_CONTROL,2013-09-04,2013-09-05,74.726,GREEN,2013-08-29,73.047,2.2985201308746372,False,,8.417418301528269,-0.8056098279046187,8.417418301528269,-0.8056098279046187,2.530578379680448,5.759708802826324,4.9019083050076295,4.796188742873975,True,3.0,True,3.0,True,9.0,BULL_2013_2014
PPG,legacy,V0.1,2013-09-04,2013-09-05,74.726,GREEN,2013-08-29,73.047,2.2985201308746372,False,,8.417418301528269,-0.8056098279046187,8.417418301528269,-0.8056098279046187,2.530578379680448,5.759708802826324,4.9019083050076295,4.796188742873975,True,3.0,True,3.0,True,9.0,BULL_2013_2014
ABT,legacy,STOCH_ONLY_CONTROL,2013-09-05,2013-09-06,30.654,GREEN,2013-08-12,29.726,3.1218461952499554,False,,5.924186076857829,-2.0747700137013103,5.924186076857829,-2.0747700137013103,3.405754550792728,4.648659228811902,-1.7224505774124044,-0.4730214653878795,True,3.0,True,3.0,True,8.0,BULL_2013_2014
ABT,legacy,V0.1,2013-09-05,2013-09-06,30.654,GREEN,2013-08-12,29.726,3.1218461952499554,False,,5.924186076857829,-2.0747700137013103,5.924186076857829,-2.0747700137013103,3.405754550792728,4.648659228811902,-1.7224505774124044,-0.4730214653878795,True,3.0,True,3.0,True,8.0,BULL_2013_2014
BMS,legacy,V0.1,2013-09-05,2013-09-06,36.143,GREEN,2013-08-29,35.692,1.2635884792110197,True,5.0,1.7486096892897596,-4.396425310571894,1.524499903162435,-2.097224912154505,-1.5521677779929743,-1.1260825056027546,-1.6213374650693058,-3.892869988656178,False,,False,,False,,BULL_2013_2014
GPC,legacy,STOCH_ONLY_CONTROL,2013-09-05,2013-09-06,70.639,GREEN,2013-08-27,68.275,3.462467960454041,False,,4.633417800365258,-1.2429394527102566,4.633417800365258,-1.2429394527102566,1.2570959385042269,3.173884115007297,2.0073896855844486,2.332988858845697,True,2.0,True,3.0,False,,BULL_2013_2014
LEG,legacy,STOCH_ONLY_CONTROL,2013-09-05,2013-09-06,25.65,GREEN,2013-08-16,25.065,2.333931777378795,False,,8.105263157894749,-0.7251461988304064,8.105263157894749,-0.7251461988304064,5.793372319688106,5.450292397660816,4.799220272904492,2.1754385964912304,True,1.0,True,1.0,True,3.0,BULL_2013_2014
LEG,legacy,V0.1,2013-09-05,2013-09-06,25.65,GREEN,2013-08-16,25.065,2.333931777378795,False,,8.105263157894749,-0.7251461988304064,8.105263157894749,-0.7251461988304064,5.793372319688106,5.450292397660816,4.799220272904492,2.1754385964912304,True,1.0,True,1.0,True,3.0,BULL_2013_2014
TROW,legacy,STOCH_ONLY_CONTROL,2013-09-05,2013-09-06,62.157,GREEN,2013-08-08,61.037,1.834952569752768,False,,5.835223707707926,-1.8662419357433513,5.835223707707926,-1.8662419357433513,0.9942564795598186,4.3824508904869885,2.2507521276766917,2.6191740270605113,True,6.0,True,8.0,True,9.0,BULL_2013_2014
TROW,legacy,V0.1,2013-09-05,2013-09-06,62.157,GREEN,2013-08-08,61.037,1.834952569752768,False,,5.835223707707926,-1.8662419357433513,5.835223707707926,-1.8662419357433513,0.9942564795598186,4.3824508904869885,2.2507521276766917,2.6191740270605113,True,6.0,True,8.0,True,9.0,BULL_2013_2014
CAH,legacy,STOCH_ONLY_CONTROL,2013-09-06,2013-09-09,46.377,GREEN,2013-08-28,45.512,1.900597644577262,False,,7.6223127843543015,-0.31696746231969497,7.6223127843543015,-0.31696746231969497,5.252603661297628,5.248291178817088,3.6807037971408274,7.083252474286805,True,2.0,True,2.0,True,4.0,BULL_2013_2014
CAH,legacy,V0.1,2013-09-06,2013-09-09,46.377,GREEN,2013-08-28,45.512,1.900597644577262,False,,7.6223127843543015,-0.31696746231969497,7.6223127843543015,-0.31696746231969497,5.252603661297628,5.248291178817088,3.6807037971408274,7.083252474286805,True,2.0,True,2.0,True,4.0,BULL_2013_2014
CINF,legacy,STOCH_ONLY_CONTROL,2013-09-06,2013-09-09,39.651,GREEN,2013-08-19,39.161,1.2512448609586224,False,,5.495447781897034,-4.585004161307415,5.495447781897034,-4.585004161307415,3.2281657461350033,3.7830067337519813,4.080603263473792,4.8372046102242106,True,1.0,True,5.0,True,8.0,BULL_2013_2014
CINF,legacy,V0.1,2013-09-06,2013-09-09,39.651,GREEN,2013-08-19,39.161,1.2512448609586224,False,,5.495447781897034,-4.585004161307415,5.495447781897034,-4.585004161307415,3.2281657461350033,3.7830067337519813,4.080603263473792,4.8372046102242106,True,1.0,True,5.0,True,8.0,BULL_2013_2014
CL,legacy,STOCH_ONLY_CONTROL,2013-09-06,2013-09-09,52.829,GREEN,2013-08-19,51.865,1.858671551142388,False,,5.655984402506209,0.0,5.655984402506209,0.0,3.4848284086391956,3.795263964867779,2.2468719831910455,2.0859755058774576,True,2.0,True,5.0,True,7.0,BULL_2013_2014
CL,legacy,V0.1,2013-09-06,2013-09-09,52.829,GREEN,2013-08-19,51.865,1.858671551142388,False,,5.655984402506209,0.0,5.655984402506209,0.0,3.4848284086391956,3.795263964867779,2.2468719831910455,2.0859755058774576,True,2.0,True,5.0,True,7.0,BULL_2013_2014
JNJ,legacy,STOCH_ONLY_CONTROL,2013-09-06,2013-09-09,78.214,GREEN,2013-08-16,76.836,1.7934301629444427,False,,3.8113381236095867,-1.4179047229396224,3.8113381236095867,-1.4179047229396224,1.8769018334313659,1.9472217250108725,-0.8016467640064362,-0.9154371340169165,True,2.0,True,8.0,False,,BULL_2013_2014
JNJ,legacy,V0.1,2013-09-06,2013-09-09,78.214,GREEN,2013-08-16,76.836,1.7934301629444427,False,,3.8113381236095867,-1.4179047229396224,3.8113381236095867,-1.4179047229396224,1.8769018334313659,1.9472217250108725,-0.8016467640064362,-0.9154371340169165,True,2.0,True,8.0,False,,BULL_2013_2014
WMT,legacy,STOCH_ONLY_CONTROL,2013-09-06,2013-09-09,65.466,GREEN,2013-08-15,64.872,0.9156492785793446,True,20.0,5.327956496501995,-1.8375950875263336,5.327956496501995,-1.8375950875263336,2.6487031436165376,4.900253566736956,1.5229279320563283,-1.3426816973696076,True,3.0,True,5.0,True,7.0,BULL_2013_2014
WMT,legacy,V0.1,2013-09-06,2013-09-09,65.466,GREEN,2013-08-15,64.872,0.9156492785793446,True,20.0,5.327956496501995,-1.8375950875263336,5.327956496501995,-1.8375950875263336,2.6487031436165376,4.900253566736956,1.5229279320563283,-1.3426816973696076,True,3.0,True,5.0,True,7.0,BULL_2013_2014
MKC,legacy,STOCH_ONLY_CONTROL,2013-09-09,2013-09-10,62.641,GREEN,2013-08-16,61.288,2.2076099725884424,True,12.0,2.4951708944620954,-6.736801775195156,2.4951708944620954,-3.0395427914624573,0.7327469229418515,0.6273846202966116,-4.784406379208505,-4.061237847416221,True,6.0,False,,False,,BULL_2013_2014
MKC,legacy,V0.1,2013-09-09,2013-09-10,62.641,GREEN,2013-08-16,61.288,2.2076099725884424,True,12.0,2.4951708944620954,-6.736801775195156,2.4951708944620954,-3.0395427914624573,0.7327469229418515,0.6273846202966116,-4.784406379208505,-4.061237847416221,True,6.0,False,,False,,BULL_2013_2014
TGT,legacy,STOCH_ONLY_CONTROL,2013-09-10,2013-09-11,56.85,GREEN,2013-08-12,55.373,2.6673649612627193,True,18.0,1.329815303430082,-4.174142480211085,1.329815303430082,-3.1996481970096746,1.1574318381706306,-2.304309586631492,-1.6693051890941057,-3.1521547933157423,False,,False,,False,,BULL_2013_2014
BCR,legacy,STOCH_ONLY_CONTROL,2013-10-02,2013-10-03,113.42,GREEN,2013-09-26,112.31,0.9883358561125544,True,2.0,21.08975489331688,-1.9308763886439761,0.4672897196261738,-1.9308763886439761,0.22041967906893944,6.30400282137189,16.319873038264852,17.871627578910232,False,,False,,False,,BULL_2013_2014
BCR,legacy,V0.1,2013-10-02,2013-10-03,113.42,GREEN,2013-09-26,112.31,0.9883358561125544,True,2.0,21.08975489331688,-1.9308763886439761,0.4672897196261738,-1.9308763886439761,0.22041967906893944,6.30400282137189,16.319873038264852,17.871627578910232,False,,False,,False,,BULL_2013_2014
CLX,legacy,STOCH_ONLY_CONTROL,2013-10-02,2013-10-03,73.549,GREEN,2013-09-27,72.304,1.7218964372648804,False,,12.210907014371353,-2.964010387632743,12.210907014371353,-2.964010387632743,1.0401229112564137,3.1489211274116524,6.943670206257058,10.002855239364239,True,6.0,True,9.0,True,13.0,BULL_2013_2014
CLX,legacy,V0.1,2013-10-02,2013-10-03,73.549,GREEN,2013-09-27,72.304,1.7218964372648804,False,,12.210907014371353,-2.964010387632743,12.210907014371353,-2.964010387632743,1.0401229112564137,3.1489211274116524,6.943670206257058,10.002855239364239,True,6.0,True,9.0,True,13.0,BULL_2013_2014
GWW,legacy,STOCH_ONLY_CONTROL,2013-10-03,2013-10-04,242.34,GREEN,2013-10-01,238.81,1.4781625560068568,True,2.0,3.602376825947018,-5.158042419740861,0.37137905422135464,-2.6409177189073207,-2.6244119831641544,-0.2104481307254269,0.9614591070396861,1.9724354213089157,False,,False,,False,,BULL_2013_2014
PEP,legacy,STOCH_ONLY_CONTROL,2013-10-04,2013-10-07,70.76,GREEN,2013-10-03,70.649,0.15711475038571177,True,0.0,7.88157150932729,-0.49604296212549803,0.423968343697001,-0.3702656868287191,2.319106840022589,3.933013001695884,6.756642170717897,6.455624646693048,False,,False,,False,,BULL_2013_2014
MKC,legacy,STOCH_ONLY_CONTROL,2013-10-07,2013-10-08,60.089,GREEN,2013-09-30,58.421,2.8551377073312567,False,,7.628684118557483,-0.9086521659538382,7.628684118557483,-0.9086521659538382,1.3080597114280446,5.370367288522027,7.615370533708354,6.289004643112728,True,2.0,True,6.0,True,8.0,BULL_2013_2014
MKC,legacy,V0.1,2013-10-07,2013-10-08,60.089,GREEN,2013-09-30,58.421,2.8551377073312567,False,,7.628684118557483,-0.9086521659538382,7.628684118557483,-0.9086521659538382,1.3080597114280446,5.370367288522027,7.615370533708354,6.289004643112728,True,2.0,True,6.0,True,8.0,BULL_2013_2014
CL,legacy,STOCH_ONLY_CONTROL,2013-10-09,2013-10-10,55.245,GREEN,2013-10-08,53.684,2.907756501005876,False,,9.49045162458142,-0.8905783328807981,9.49045162458142,-0.8905783328807981,4.552448185356139,4.501764865598701,7.303828400760248,7.41605575165174,True,4.0,True,5.0,True,8.0,BULL_2013_2014
PG,legacy,STOCH_ONLY_CONTROL,2013-10-09,2013-10-10,67.691,GREEN,2013-09-30,65.758,2.9395662885124407,False,,8.191635520231632,-0.3368246886587656,8.191635520231632,-0.3368246886587656,3.4007475144406163,4.946004638725965,5.132144598247934,7.175252249191177,True,4.0,True,5.0,True,9.0,BULL_2013_2014
PG,legacy,V0.1,2013-10-09,2013-10-10,67.691,GREEN,2013-09-30,65.758,2.9395662885124407,False,,8.191635520231632,-0.3368246886587656,8.191635520231632,-0.3368246886587656,3.4007475144406163,4.946004638725965,5.132144598247934,7.175252249191177,True,4.0,True,5.0,True,9.0,BULL_2013_2014
WMT,legacy,STOCH_ONLY_CONTROL,2013-10-09,2013-10-10,66.032,GREEN,2013-10-01,64.263,2.752750416258176,False,,6.533196026169152,-2.4351829416040527,6.533196026169152,-2.4351829416040527,3.130300460382851,4.001090380421624,4.450872304337294,5.483704870365891,True,3.0,True,5.0,True,12.0,BULL_2013_2014
WMT,legacy,V0.1,2013-10-09,2013-10-10,66.032,GREEN,2013-10-01,64.263,2.752750416258176,False,,6.533196026169152,-2.4351829416040527,6.533196026169152,-2.4351829416040527,3.130300460382851,4.001090380421624,4.450872304337294,5.483704870365891,True,3.0,True,5.0,True,12.0,BULL_2013_2014
ADM,legacy,STOCH_ONLY_CONTROL,2013-10-10,2013-10-11,33.33,GREEN,2013-10-08,32.463,2.6707328343036574,False,,13.984398439843982,-1.7341734173417223,13.984398439843982,-1.7341734173417223,2.844284428442845,8.004800480048013,10.633063306330648,12.091209120912104,True,3.0,True,5.0,True,6.0,BULL_2013_2014
APD,legacy,STOCH_ONLY_CONTROL,2013-10-10,2013-10-11,97.65,GREEN,2013-10-03,92.195,5.916806768262939,False,,3.3794162826420893,-1.7634408602150597,3.3794162826420893,-1.7634408602150597,1.7716333845366083,3.184843830005124,-0.2826420890937098,1.0742447516640885,True,5.0,True,7.0,False,,BULL_2013_2014
BDX,legacy,STOCH_ONLY_CONTROL,2013-10-10,2013-10-11,94.611,GREEN,2013-10-07,91.803,3.0587235711251326,False,,6.488674678420048,-0.2600120493388869,6.488674678420048,-0.2600120493388869,3.4668273245182846,4.187673737726039,3.8008265423682186,6.308991554893195,True,4.0,True,5.0,True,8.0,BULL_2013_2014
BDX,legacy,V0.1,2013-10-10,2013-10-11,94.611,GREEN,2013-10-07,91.803,3.0587235711251326,False,,6.488674678420048,-0.2600120493388869,6.488674678420048,-0.2600120493388869,3.4668273245182846,4.187673737726039,3.8008265423682186,6.308991554893195,True,4.0,True,5.0,True,8.0,BULL_2013_2014
BEN,legacy,STOCH_ONLY_CONTROL,2013-10-10,2013-10-11,47.646,GREEN,2013-10-08,46.173,3.190176076928064,False,,8.046845485455222,-1.1186668345716355,8.046845485455222,-1.1186668345716355,5.442219703647733,6.71619863157451,5.70037358854889,2.350669521051074,True,3.0,True,4.0,True,5.0,BULL_2013_2014
BF-B,legacy,STOCH_ONLY_CONTROL,2013-10-10,2013-10-11,33.204,GREEN,2013-09-27,31.944,3.9444027047332852,False,,7.234068184556075,-0.48789302493674747,7.234068184556075,-0.48789302493674747,3.8760390314420023,4.14709071196242,4.55969160342129,6.164919889169962,True,4.0,True,4.0,True,7.0,BULL_2013_2014
BMS,legacy,STOCH_ONLY_CONTROL,2013-10-10,2013-10-11,34.78,GREEN,2013-10-03,34.202,1.6899596514823756,False,,4.358826912018388,-0.756181713628512,4.358826912018388,-0.756181713628512,1.4462334675100719,3.838412880966069,3.3985048878665935,1.420356526739508,True,6.0,True,7.0,False,,BULL_2013_2014
BMS,legacy,V0.1,2013-10-10,2013-10-11,34.78,GREEN,2013-10-03,34.202,1.6899596514823756,False,,4.358826912018388,-0.756181713628512,4.358826912018388,-0.756181713628512,1.4462334675100719,3.838412880966069,3.3985048878665935,1.420356526739508,True,6.0,True,7.0,False,,BULL_2013_2014
CB,legacy,STOCH_ONLY_CONTROL,2013-10-10,2013-10-11,84.368,GREEN,2013-10-08,82.107,2.7537237994324393,False,,5.784183576711555,-0.40773753081736475,5.784183576711555,-0.40773753081736475,4.258723686705856,3.363834629243323,3.0663284657690193,5.664469941209949,True,3.0,True,3.0,True,6.0,BULL_2013_2014
DOV,legacy,STOCH_ONLY_CONTROL,2013-10-10,2013-10-11,67.443,GREEN,2013-10-07,65.522,2.931839687433224,False,,4.344409353083356,-4.147205788591846,4.344409353083356,-4.147205788591846,0.16606615957179827,2.4435449194134318,2.790504574233066,3.8966238156665556,True,1.0,True,9.0,False,,BULL_2013_2014
EMR,legacy,STOCH_ONLY_CONTROL,2013-10-10,2013-10-11,56.927,GREEN,2013-10-07,55.069,3.373949045742619,False,,4.194846030881649,-0.49361462926204025,4.194846030881649,-0.49361462926204025,1.2226184411614938,3.660828780719183,3.3622007131940856,3.272612292936561,True,6.0,True,7.0,False,,BULL_2013_2014
GPC,legacy,STOCH_ONLY_CONTROL,2013-10-10,2013-10-11,72.048,GREEN,2013-10-08,69.609,3.5038572598371065,False,,1.1561736620031127,-5.131301354652463,1.1561736620031127,-5.131301354652463,-2.1527315123251234,-1.6044858982900423,-1.7335665112147347,0.3858538751942975,False,,False,,False,,BULL_2013_2014
HRL,legacy,STOCH_ONLY_CONTROL,2013-10-10,2013-10-11,19.836,GREEN,2013-09-30,19.228,3.162055335968361,False,,3.9272030651340994,-0.4285138132687938,3.9272030651340994,-0.4285138132687938,1.220004033071187,2.525710828796135,1.8955434563420193,1.5376083887880698,True,5.0,True,8.0,False,,BULL_2013_2014
HRL,legacy,V0.1,2013-10-10,2013-10-11,19.836,GREEN,2013-09-30,19.228,3.162055335968361,False,,3.9272030651340994,-0.4285138132687938,3.9272030651340994,-0.4285138132687938,1.220004033071187,2.525710828796135,1.8955434563420193,1.5376083887880698,True,5.0,True,8.0,False,,BULL_2013_2014
ITW,legacy,STOCH_ONLY_CONTROL,2013-10-10,2013-10-11,70.107,GREEN,2013-10-07,67.597,3.713182537686599,False,,4.384726204230671,-1.1553767812058746,4.384726204230671,-1.1553767812058746,1.427817478996407,2.902705863893762,3.4704095168813565,3.6002111058810016,True,7.0,True,8.0,False,,BULL_2013_2014
JNJ,legacy,STOCH_ONLY_CONTROL,2013-10-10,2013-10-11,79.315,GREEN,2013-10-04,76.524,3.647221786629018,False,,6.182941436046141,-0.6770472167937913,6.182941436046141,-0.6770472167937913,3.395322448464988,3.914770220008834,5.3596419340604,6.127466431318163,True,2.0,True,2.0,True,12.0,BULL_2013_2014
KMB,legacy,STOCH_ONLY_CONTROL,2013-10-10,2013-10-11,84.841,GREEN,2013-10-08,82.426,2.929900759469084,False,,14.4623472142007,-0.5751935974351974,14.4623472142007,-0.5751935974351974,3.475913768107408,10.070602656734383,12.688440730307281,12.712014238398893,True,3.0,True,4.0,True,7.0,BULL_2013_2014
KMB,legacy,V0.1,2013-10-10,2013-10-11,84.841,GREEN,2013-10-08,82.426,2.929900759469084,False,,14.4623472142007,-0.5751935974351974,14.4623472142007,-0.5751935974351974,3.475913768107408,10.070602656734383,12.688440730307281,12.712014238398893,True,3.0,True,4.0,True,7.0,BULL_2013_2014
LOW,legacy,STOCH_ONLY_CONTROL,2013-10-10,2013-10-11,44.634,GREEN,2013-10-09,42.901,4.039532878021479,False,,6.194829054084328,-0.7931173544831305,6.194829054084328,-0.7931173544831305,-0.6273244611730955,5.88564771250617,2.9282609669758486,1.971591163686881,True,1.0,True,8.0,True,9.0,BULL_2013_2014
MMM,legacy,STOCH_ONLY_CONTROL,2013-10-10,2013-10-11,107.88,GREEN,2013-10-08,105.6,2.1590909090908994,False,,7.406377456433089,-0.6581386725991734,7.406377456433089,-0.6581386725991734,3.086763070077869,4.412309974045248,5.672969966629582,7.378568780126082,True,1.0,True,4.0,True,11.0,BULL_2013_2014
PEP,legacy,V0.1,2013-10-10,2013-10-11,72.078,GREEN,2013-10-07,70.409,2.370435597721876,False,,7.435000971170114,-0.48003551707872516,7.435000971170114,-0.48003551707872516,2.8247176669718987,3.2450955908876367,4.746247121174263,6.3431282776991615,True,3.0,True,7.0,True,12.0,BULL_2013_2014
SWK,legacy,STOCH_ONLY_CONTROL,2013-10-10,2013-10-11,82.915,GREEN,2013-10-09,80.889,2.5046668891938406,True,3.0,1.6052583971537082,-17.772417536030883,1.6052583971537082,-16.34203702586988,-14.40873183380571,-12.968702888500271,-12.316227461858531,-10.287643972743176,False,,False,,False,,BULL_2013_2014
VFC,legacy,STOCH_ONLY_CONTROL,2013-10-10,2013-10-11,43.973,GREEN,2013-10-04,42.752,2.856006736526928,False,,15.839265003524904,-0.6845109499010849,15.839265003524904,-0.6845109499010849,4.909831032679146,8.987333136242693,10.661087485502474,12.328019466490803,True,2.0,True,3.0,True,6.0,BULL_2013_2014
VFC,legacy,V0.1,2013-10-10,2013-10-11,43.973,GREEN,2013-10-04,42.752,2.856006736526928,False,,15.839265003524904,-0.6845109499010849,15.839265003524904,-0.6845109499010849,4.909831032679146,8.987333136242693,10.661087485502474,12.328019466490803,True,2.0,True,3.0,True,6.0,BULL_2013_2014
ADP,legacy,STOCH_ONLY_CONTROL,2013-10-11,2013-10-14,57.741,GREEN,2013-10-02,55.788,3.500752850075295,False,,5.950710933305614,-0.30134566425936704,5.950710933305614,-0.30134566425936704,3.2368680833376517,4.57733672780174,4.355657158691395,4.703763357059976,True,3.0,True,5.0,True,10.0,BULL_2013_2014
ADP,legacy,V0.1,2013-10-11,2013-10-14,57.741,GREEN,2013-10-02,55.788,3.500752850075295,False,,5.950710933305614,-0.30134566425936704,5.950710933305614,-0.30134566425936704,3.2368680833376517,4.57733672780174,4.355657158691395,4.703763357059976,True,3.0,True,5.0,True,10.0,BULL_2013_2014
CTAS,legacy,STOCH_ONLY_CONTROL,2013-10-11,2013-10-14,47.866,GREEN,2013-10-07,46.241,3.5141973573235896,False,,6.129611833033888,-0.5034889065307357,6.129611833033888,-0.5034889065307357,3.551581498349554,4.6400367693143485,5.103831529687031,5.166506497304968,True,3.0,True,4.0,True,10.0,BULL_2013_2014
CTAS,legacy,V0.1,2013-10-11,2013-10-14,47.866,GREEN,2013-10-07,46.241,3.5141973573235896,False,,6.129611833033888,-0.5034889065307357,6.129611833033888,-0.5034889065307357,3.551581498349554,4.6400367693143485,5.103831529687031,5.166506497304968,True,3.0,True,4.0,True,10.0,BULL_2013_2014
GWW,legacy,V0.1,2013-10-11,2013-10-14,234.53,GREEN,2013-10-07,229.84,2.0405499477897715,False,,7.052402677695824,-1.2024048096192397,7.052402677695824,-1.2024048096192397,2.7757642945465344,5.027075427450645,6.075981750735515,5.705027075427438,True,2.0,True,2.0,True,10.0,BULL_2013_2014
NUE,legacy,STOCH_ONLY_CONTROL,2013-10-11,2013-10-14,43.072,GREEN,2013-10-07,41.989,2.5792469456286327,False,,12.634658246656771,-0.02089524517088215,12.634658246656771,-0.02089524517088215,4.401931649331359,5.2238112927191604,9.690750371471024,12.096025260029709,True,1.0,True,1.0,True,4.0,BULL_2013_2014
NUE,legacy,V0.1,2013-10-11,2013-10-14,43.072,GREEN,2013-10-07,41.989,2.5792469456286327,False,,12.634658246656771,-0.02089524517088215,12.634658246656771,-0.02089524517088215,4.401931649331359,5.2238112927191604,9.690750371471024,12.096025260029709,True,1.0,True,1.0,True,4.0,BULL_2013_2014
PPG,legacy,STOCH_ONLY_CONTROL,2013-10-11,2013-10-14,77.84,GREEN,2013-10-10,77.052,1.022685978300375,False,,13.186022610483029,-0.4689105858170728,13.186022610483029,-0.4689105858170728,6.738180883864331,9.316546762589928,10.881294964028765,10.453494347379234,True,3.0,True,3.0,True,3.0,BULL_2013_2014
SHW,legacy,STOCH_ONLY_CONTROL,2013-10-11,2013-10-14,171.74,GREEN,2013-10-09,167.19,2.721454632454101,False,,8.961220449516706,-0.7569581926167523,8.961220449516706,-0.7569581926167523,2.2184697798998565,7.569581926167457,3.7673226971002727,2.8647956212879855,True,3.0,True,3.0,True,9.0,BULL_2013_2014
SHW,legacy,V0.1,2013-10-11,2013-10-14,171.74,GREEN,2013-10-09,167.19,2.721454632454101,False,,8.961220449516706,-0.7569581926167523,8.961220449516706,-0.7569581926167523,2.2184697798998565,7.569581926167457,3.7673226971002727,2.8647956212879855,True,3.0,True,3.0,True,9.0,BULL_2013_2014
CVX,legacy,STOCH_ONLY_CONTROL,2013-10-14,2013-10-15,100.93,GREEN,2013-10-01,97.428,3.5944492343063628,False,,2.9228177945110456,-1.3078371148320667,2.9228177945110456,-1.3078371148320667,1.7635985336371673,2.486872089567016,-0.08917071237491969,1.1988506885960426,True,7.0,False,,False,,BULL_2013_2014
CVX,legacy,V0.1,2013-10-14,2013-10-15,100.93,GREEN,2013-10-01,97.428,3.5944492343063628,False,,2.9228177945110456,-1.3078371148320667,2.9228177945110456,-1.3078371148320667,1.7635985336371673,2.486872089567016,-0.08917071237491969,1.1988506885960426,True,7.0,False,,False,,BULL_2013_2014
SWK,legacy,V0.1,2013-10-28,2013-10-29,72.272,GREEN,2013-10-17,68.179,6.00331480367855,False,,6.898937347797207,-0.7665485941996897,6.898937347797207,-0.7665485941996897,-0.051195483728150304,4.123311932698681,4.084569404471994,2.878016382554782,True,1.0,True,7.0,True,7.0,BULL_2013_2014
AFL,legacy,STOCH_ONLY_CONTROL,2013-11-08,2013-11-11,59.487,GREEN,2013-11-07,58.262,2.1025711441419848,False,,3.47975187856171,-0.8859078454116043,3.47975187856171,-0.8859078454116043,2.590481954040369,1.5465563904718538,0.5026308269033608,1.6205221308857265,True,3.0,True,5.0,False,,BULL_2013_2014
BEN,legacy,STOCH_ONLY_CONTROL,2013-11-08,2013-11-11,48.923,GREEN,2013-11-07,47.348,3.326434062684802,False,,6.712589170737693,-1.6740592359422046,6.712589170737693,-1.6740592359422046,2.6102242299123057,5.688530956809679,4.654252601026099,4.870919608364166,True,2.0,True,3.0,True,9.0,BULL_2013_2014
SHW,legacy,STOCH_ONLY_CONTROL,2013-11-08,2013-11-11,176.97,GREEN,2013-11-07,172.9,2.353961827646045,True,15.0,2.045544442560887,-3.480815957506922,2.045544442560887,-2.9383511329603818,0.8871560151437974,0.339040515341571,-2.3732836073910746,0.25428038650618934,True,9.0,False,,False,,BULL_2013_2014
ABBV,legacy,STOCH_ONLY_CONTROL,2013-11-11,2013-11-12,42.211,GREEN,2013-11-07,40.799,3.460869138949474,False,,11.7196939186468,-2.4164317358034593,11.7196939186468,-2.4164317358034593,0.021321456492384705,0.3079765937788803,2.513562815379866,8.706261401056615,True,4.0,True,4.0,True,17.0,BULL_2013_2014
GWW,legacy,STOCH_ONLY_CONTROL,2013-11-26,2013-11-27,236.88,GREEN,2013-11-18,231.88,2.156287735035356,True,10.0,0.7852077001013313,-4.314420803782504,0.7852077001013313,-4.314420803782504,-1.0849375211077317,-2.3176291793313153,-1.773049645390068,-0.9878419452887588,False,,False,,False,,BULL_2013_2014
GWW,legacy,V0.1,2013-11-26,2013-11-27,236.88,GREEN,2013-11-18,231.88,2.156287735035356,True,10.0,0.7852077001013313,-4.314420803782504,0.7852077001013313,-4.314420803782504,-1.0849375211077317,-2.3176291793313153,-1.773049645390068,-0.9878419452887588,False,,False,,False,,BULL_2013_2014
PEP,legacy,STOCH_ONLY_CONTROL,2013-12-03,2013-12-04,74.629,GREEN,2013-11-29,74.587,0.05631008084518996,True,0.0,0.37518926958688414,-3.6875745353682987,0.0,-1.097428613541651,-0.4220879282852641,-1.9228450066328118,-0.6874003403502749,-0.9393131356443263,False,,False,,False,,BULL_2013_2014
NUE,legacy,STOCH_ONLY_CONTROL,2013-12-05,2013-12-06,46.37,GREEN,2013-11-25,44.614,3.9359842201999395,False,,4.27215872331248,-3.6747897347422898,4.27215872331248,-3.6747897347422898,-1.3823592840198407,-0.6189346560276032,2.9631227086478473,1.621738192797073,True,12.0,True,14.0,False,,BULL_2013_2014
NUE,legacy,V0.1,2013-12-05,2013-12-06,46.37,GREEN,2013-11-25,44.614,3.9359842201999395,False,,4.27215872331248,-3.6747897347422898,4.27215872331248,-3.6747897347422898,-1.3823592840198407,-0.6189346560276032,2.9631227086478473,1.621738192797073,True,12.0,True,14.0,False,,BULL_2013_2014
SHW,legacy,V0.1,2013-12-05,2013-12-06,175.99,GREEN,2013-12-03,170.81,3.0326093320063308,True,6.0,2.716063412693903,-6.852662083072902,2.3524063867265133,-3.4774703108131133,-2.8467526564009416,-0.5625319620433,-0.5057105517359051,2.4149099380646577,True,1.0,False,,False,,BULL_2013_2014
APD,legacy,STOCH_ONLY_CONTROL,2013-12-06,2013-12-09,98.63,GREEN,2013-12-03,95.736,3.0228962981532437,False,,4.248200344722708,-3.3042684781506626,4.248200344722708,-3.3042684781506626,-1.8827942816587284,2.8794484436784007,2.849031734766294,1.287640677278734,True,9.0,True,11.0,False,,BULL_2013_2014
DOV,legacy,STOCH_ONLY_CONTROL,2013-12-06,2013-12-09,69.952,GREEN,2013-12-03,67.244,4.027125096662898,False,,5.769670631290036,-2.6461001829826136,5.769670631290036,-2.6461001829826136,0.0,3.4452195791399687,5.270757090576383,2.7161482159195005,True,9.0,True,9.0,True,12.0,BULL_2013_2014
DOV,legacy,V0.1,2013-12-06,2013-12-09,69.952,GREEN,2013-12-03,67.244,4.027125096662898,False,,5.769670631290036,-2.6461001829826136,5.769670631290036,-2.6461001829826136,0.0,3.4452195791399687,5.270757090576383,2.7161482159195005,True,9.0,True,9.0,True,12.0,BULL_2013_2014
ECL,legacy,STOCH_ONLY_CONTROL,2013-12-06,2013-12-09,101.58,GREEN,2013-12-04,97.962,3.6932688185214557,True,5.0,0.009844457570395981,-4.556999409332551,0.009844457570395981,-3.847214018507583,-3.7369560937192237,-1.683402244536325,-1.703091159677106,-1.8212246505217466,False,,False,,False,,BULL_2013_2014
LOW,legacy,STOCH_ONLY_CONTROL,2013-12-06,2013-12-09,44.738,GREEN,2013-11-22,42.738,4.6796761664092745,False,,4.112834726630621,-3.024274665832183,4.112834726630621,-3.024274665832183,-1.5870177477759428,1.0684429344181678,3.4668514461978717,1.3769055389154516,True,8.0,True,13.0,False,,BULL_2013_2014
LOW,legacy,V0.1,2013-12-06,2013-12-09,44.738,GREEN,2013-11-22,42.738,4.6796761664092745,False,,4.112834726630621,-3.024274665832183,4.112834726630621,-3.024274665832183,-1.5870177477759428,1.0684429344181678,3.4668514461978717,1.3769055389154516,True,8.0,True,13.0,False,,BULL_2013_2014
MMM,legacy,STOCH_ONLY_CONTROL,2013-12-06,2013-12-09,117.17,GREEN,2013-12-04,114.15,2.6456416995181753,False,,9.01254587351712,-2.193394213535893,9.01254587351712,-2.193394213535893,-0.8875992148160816,6.221729111547325,8.884526755995559,6.093709994025764,True,6.0,True,7.0,True,7.0,BULL_2013_2014
SWK,legacy,STOCH_ONLY_CONTROL,2013-12-06,2013-12-09,74.578,GREEN,2013-12-04,72.995,2.168641687786832,False,,1.1772908900748114,-1.996567352302292,1.1772908900748114,-1.996567352302292,-0.6838477835286572,0.45992115637318864,0.1367695567057403,-0.6181447611896207,False,,False,,False,,BULL_2013_2014
GPC,legacy,STOCH_ONLY_CONTROL,2013-12-09,2013-12-10,74.238,GREEN,2013-12-06,72.958,1.7544340579511486,True,5.0,1.6460572752498681,-2.5593361890137167,0.9173199709043844,-2.171394703521101,-2.1013497130849434,0.5522778092082126,-0.4472103235539704,0.6586923139093148,False,,False,,False,,BULL_2013_2014
GPC,legacy,V0.1,2013-12-09,2013-12-10,74.238,GREEN,2013-12-06,72.958,1.7544340579511486,True,5.0,1.6460572752498681,-2.5593361890137167,0.9173199709043844,-2.171394703521101,-2.1013497130849434,0.5522778092082126,-0.4472103235539704,0.6586923139093148,False,,False,,False,,BULL_2013_2014
KMB,legacy,STOCH_ONLY_CONTROL,2013-12-09,2013-12-10,94.032,GREEN,2013-12-04,92.248,1.9339172664989857,True,5.0,0.7103964607793056,-2.7533180193976547,0.7103964607793056,-2.7533180193976547,-2.545941807044405,-0.5976688786795914,-1.5058703420112285,-1.602645907776068,False,,False,,False,,BULL_2013_2014
KMB,legacy,V0.1,2013-12-09,2013-12-10,94.032,GREEN,2013-12-04,92.248,1.9339172664989857,True,5.0,0.7103964607793056,-2.7533180193976547,0.7103964607793056,-2.7533180193976547,-2.545941807044405,-0.5976688786795914,-1.5058703420112285,-1.602645907776068,False,,False,,False,,BULL_2013_2014
ABT,legacy,STOCH_ONLY_CONTROL,2013-12-10,2013-12-11,33.778,GREEN,2013-12-05,33.675,0.3058648849294743,True,0.0,7.268044289182307,-1.977618568298889,0.269406122328153,-1.2996625022203778,3.02859849606254,3.6503049322043957,4.4289182308011155,6.94238853691751,False,,False,,False,,BULL_2013_2014
CTAS,legacy,STOCH_ONLY_CONTROL,2013-12-10,2013-12-11,51.931,GREEN,2013-12-05,50.735,2.3573469991130303,False,,10.583273959677264,-1.1804124703934105,10.583273959677264,-1.1804124703934105,2.1605592035585763,7.821917544433976,7.714082147464896,7.56965974080992,True,5.0,True,7.0,True,7.0,BULL_2013_2014
CTAS,legacy,V0.1,2013-12-10,2013-12-11,51.931,GREEN,2013-12-05,50.735,2.3573469991130303,False,,10.583273959677264,-1.1804124703934105,10.583273959677264,-1.1804124703934105,2.1605592035585763,7.821917544433976,7.714082147464896,7.56965974080992,True,5.0,True,7.0,True,7.0,BULL_2013_2014
PEP,legacy,V0.1,2013-12-10,2013-12-11,73.999,GREEN,2013-12-04,73.613,0.5243639031149439,True,1.0,2.0297571588805408,-2.867606319004312,0.910823119231341,-1.6378599710806796,-1.0878525385478066,0.15811024473304514,-0.09594724253030318,1.4324517898890665,False,,False,,False,,BULL_2013_2014
WAG,legacy,STOCH_ONLY_CONTROL,2013-12-11,2013-12-12,53.43,GREEN,2013-12-04,51.906,2.9360767541324773,False,,8.128392288976238,-4.6902489238255685,8.128392288976238,-4.6902489238255685,-1.0780460415496962,-0.23020774845592396,-0.7280553995882566,4.5835672842972075,True,6.0,True,7.0,True,18.0,BULL_2013_2014
WAG,legacy,V0.1,2013-12-11,2013-12-12,53.43,GREEN,2013-12-04,51.906,2.9360767541324773,False,,8.128392288976238,-4.6902489238255685,8.128392288976238,-4.6902489238255685,-1.0780460415496962,-0.23020774845592396,-0.7280553995882566,4.5835672842972075,True,6.0,True,7.0,True,18.0,BULL_2013_2014
BEN,legacy,STOCH_ONLY_CONTROL,2013-12-16,2013-12-17,50.895,GREEN,2013-12-13,50.026,1.737096709710939,False,,7.480106100795747,-1.34590824245997,7.480106100795747,-1.34590824245997,3.9925336477060647,4.190981432360741,4.743098536201984,7.06159740642498,True,1.0,True,3.0,True,6.0,BULL_2013_2014
EMR,legacy,STOCH_ONLY_CONTROL,2013-12-16,2013-12-17,59.104,GREEN,2013-12-13,58.361,1.2731104676067861,False,,5.632444504602052,-1.3501624255549571,5.632444504602052,-1.3501624255549571,4.287357877639408,3.600433134813219,2.0607742284786124,4.571602598808866,True,2.0,True,3.0,True,6.0,BULL_2013_2014
MHFI,legacy,STOCH_ONLY_CONTROL,2013-12-16,2013-12-17,69.975,GREEN,2013-12-12,67.701,3.3588868702087105,False,,7.151125401929259,-2.0507324044301334,7.151125401929259,-2.0507324044301334,4.335834226509472,5.71061093247589,6.255091103965715,3.9285459092533115,True,3.0,True,3.0,True,6.0,BULL_2013_2014
TROW,legacy,STOCH_ONLY_CONTROL,2013-12-16,2013-12-17,70.546,GREEN,2013-12-12,68.513,2.967320070643531,False,,5.477277237547118,-0.7087574065148927,5.477277237547118,-0.7087574065148927,4.1703285799336465,3.165310577495517,4.078190117086722,4.725994386641319,True,1.0,True,1.0,True,13.0,BULL_2013_2014
TROW,legacy,V0.1,2013-12-16,2013-12-17,70.546,GREEN,2013-12-12,68.513,2.967320070643531,False,,5.477277237547118,-0.7087574065148927,5.477277237547118,-0.7087574065148927,4.1703285799336465,3.165310577495517,4.078190117086722,4.725994386641319,True,1.0,True,1.0,True,13.0,BULL_2013_2014
ADM,legacy,STOCH_ONLY_CONTROL,2013-12-17,2013-12-18,37.74,GREEN,2013-12-16,36.544,3.272767075306504,False,,5.569687334393203,-1.7514573396926414,5.569687334393203,-1.7514573396926414,4.750927397986215,3.6486486486486447,0.7472178060413226,-1.579226285108648,True,0.0,True,0.0,True,1.0,BULL_2013_2014
MDT,legacy,STOCH_ONLY_CONTROL,2013-12-17,2013-12-18,52.556,GREEN,2013-12-12,51.283,2.482304077374553,False,,7.53291726919858,-1.316690767942763,7.53291726919858,-1.316690767942763,0.9342415708958107,2.960651495547606,5.803333587030979,5.027018798995364,True,10.0,True,10.0,True,11.0,BULL_2013_2014
MDT,legacy,V0.1,2013-12-17,2013-12-18,52.556,GREEN,2013-12-12,51.283,2.482304077374553,False,,7.53291726919858,-1.316690767942763,7.53291726919858,-1.316690767942763,0.9342415708958107,2.960651495547606,5.803333587030979,5.027018798995364,True,10.0,True,10.0,True,11.0,BULL_2013_2014
MMM,legacy,V0.1,2013-12-17,2013-12-18,119.61,GREEN,2013-12-13,114.6,4.371727748691101,False,,6.788730039294366,0.0,6.788730039294366,0.0,5.200234094139278,5.308920658807792,3.5782961290862003,4.431067636485242,True,0.0,True,0.0,True,2.0,BULL_2013_2014
ABT,legacy,V0.1,2013-12-18,2013-12-19,34.762,GREEN,2013-12-11,33.11,4.98942917547569,False,,5.267245843162072,-0.7824636096887327,5.267245843162072,-0.7824636096887327,0.7652033830044314,2.8105402450952166,3.282319774466358,3.3082101144928266,True,10.0,True,10.0,True,19.0,BULL_2013_2014
ADP,legacy,STOCH_ONLY_CONTROL,2013-12-18,2013-12-19,63.711,GREEN,2013-12-10,61.52,3.5614434330299094,False,,4.602031046444099,-0.6435309444209003,4.602031046444099,-0.6435309444209003,1.7281160239205118,0.5776082623094814,-0.3767010406366289,1.2242783820690217,True,5.0,True,13.0,False,,BULL_2013_2014
ADP,legacy,V0.1,2013-12-18,2013-12-19,63.711,GREEN,2013-12-10,61.52,3.5614434330299094,False,,4.602031046444099,-0.6435309444209003,4.602031046444099,-0.6435309444209003,1.7281160239205118,0.5776082623094814,-0.3767010406366289,1.2242783820690217,True,5.0,True,13.0,False,,BULL_2013_2014
BDX,legacy,STOCH_ONLY_CONTROL,2013-12-18,2013-12-19,101.74,GREEN,2013-12-12,98.505,3.284097253946494,False,,4.0003931590328445,-1.0910163160998576,4.0003931590328445,-1.0910163160998576,1.8183605268331071,0.9730686062512373,2.467072931000591,2.8209160605464856,True,5.0,True,13.0,False,,BULL_2013_2014
BDX,legacy,V0.1,2013-12-18,2013-12-19,101.74,GREEN,2013-12-12,98.505,3.284097253946494,False,,4.0003931590328445,-1.0910163160998576,4.0003931590328445,-1.0910163160998576,1.8183605268331071,0.9730686062512373,2.467072931000591,2.8209160605464856,True,5.0,True,13.0,False,,BULL_2013_2014
BF-B,legacy,STOCH_ONLY_CONTROL,2013-12-18,2013-12-19,35.615,GREEN,2013-12-13,34.438,3.4177362216156526,False,,7.710234451775921,-2.052505966587115,7.710234451775921,-2.052505966587115,0.5784079741681714,-0.9321914923487329,4.329636389161862,6.738733679629361,True,15.0,True,15.0,True,17.0,BULL_2013_2014
CINF,legacy,STOCH_ONLY_CONTROL,2013-12-18,2013-12-19,45.309,GREEN,2013-12-13,44.444,1.9462694626946053,False,,4.65470436337152,-2.2181023637687813,4.65470436337152,-2.2181023637687813,1.231543401973112,-0.6819837118453242,-1.6332296011829728,-1.6972345450131265,True,2.0,True,4.0,False,,BULL_2013_2014
CL,legacy,STOCH_ONLY_CONTROL,2013-12-18,2013-12-19,59.005,GREEN,2013-12-12,57.511,2.5977639060353663,False,,1.8286585882552275,-1.5846114736039363,1.8286585882552275,-1.5846114736039363,1.4558088297601746,-0.45419879671214636,0.39827133293788286,0.4813151427845108,False,,False,,False,,BULL_2013_2014
CVX,legacy,STOCH_ONLY_CONTROL,2013-12-18,2013-12-19,104.36,GREEN,2013-12-16,101.52,2.7974783293932326,False,,3.3633576082790384,-2.7692602529704846,3.3633576082790384,-2.7692602529704846,3.018397853583754,2.0218474511306983,-1.9068608662322628,-1.006132617861244,True,4.0,True,5.0,False,,BULL_2013_2014
SHW,legacy,STOCH_ONLY_CONTROL,2013-12-18,2013-12-19,172.88,GREEN,2013-12-13,163.93,5.459647410480084,False,,10.116844053678854,-1.469227209625168,10.116844053678854,-1.469227209625168,1.4229523368810781,1.5270708005552969,6.235539102267462,10.047431744562708,True,5.0,True,11.0,True,12.0,BULL_2013_2014
CB,legacy,STOCH_ONLY_CONTROL,2013-12-19,2013-12-20,91.091,GREEN,2013-12-13,89.095,2.240305292103928,True,14.0,3.3164637560241905,-3.820355468707104,3.3164637560241905,-3.0771426375821975,2.487622267842049,-0.1503990514979514,-2.083630655059221,-3.7775411401784864,True,3.0,True,6.0,False,,BULL_2013_2014
CB,legacy,V0.1,2013-12-19,2013-12-20,91.091,GREEN,2013-12-13,89.095,2.240305292103928,True,14.0,3.3164637560241905,-3.820355468707104,3.3164637560241905,-3.0771426375821975,2.487622267842049,-0.1503990514979514,-2.083630655059221,-3.7775411401784864,True,3.0,True,6.0,False,,BULL_2013_2014
ECL,legacy,V0.1,2013-12-19,2013-12-20,98.328,GREEN,2013-12-13,97.098,1.2667614163010654,False,,3.2564478073386915,-1.4004149377593422,3.2564478073386915,-1.4004149377593422,1.3953299161988397,0.6478317468066042,1.6190708648604613,0.9976812301684124,True,1.0,True,13.0,False,,BULL_2013_2014
JNJ,legacy,STOCH_ONLY_CONTROL,2013-12-19,2013-12-20,82.869,GREEN,2013-12-12,80.906,2.426272464341328,False,,3.7323969156138004,-1.0220951139750634,3.7323969156138004,-1.0220951139750634,0.3825314653248091,2.5425671843511966,3.011982767983201,2.5787689003125447,True,10.0,True,12.0,False,,BULL_2013_2014
JNJ,legacy,V0.1,2013-12-19,2013-12-20,82.869,GREEN,2013-12-12,80.906,2.426272464341328,False,,3.7323969156138004,-1.0220951139750634,3.7323969156138004,-1.0220951139750634,0.3825314653248091,2.5425671843511966,3.011982767983201,2.5787689003125447,True,10.0,True,12.0,False,,BULL_2013_2014
PG,legacy,STOCH_ONLY_CONTROL,2013-12-19,2013-12-20,72.248,GREEN,2013-12-16,70.925,1.8653507225943056,True,8.0,0.6837559517218539,-2.9758609234857736,0.6837559517218539,-2.184143505702585,0.022145941756157583,-0.682371830362094,-1.3536706898460982,-2.622909976746779,False,,False,,False,,BULL_2013_2014
PG,legacy,V0.1,2013-12-19,2013-12-20,72.248,GREEN,2013-12-16,70.925,1.8653507225943056,True,8.0,0.6837559517218539,-2.9758609234857736,0.6837559517218539,-2.184143505702585,0.022145941756157583,-0.682371830362094,-1.3536706898460982,-2.622909976746779,False,,False,,False,,BULL_2013_2014
BCR,legacy,STOCH_ONLY_CONTROL,2013-12-24,2013-12-26,130.97,GREEN,2013-12-12,128.32,2.0651496259351587,True,6.0,2.825074444529263,-3.9780102313506815,0.9696877147438387,-3.9780102313506815,-1.725586012063829,0.7024509429640391,1.4736199129571803,-2.5196609910666523,False,,False,,False,,BULL_2013_2014
BCR,legacy,V0.1,2013-12-24,2013-12-26,130.97,GREEN,2013-12-12,128.32,2.0651496259351587,True,6.0,2.825074444529263,-3.9780102313506815,0.9696877147438387,-3.9780102313506815,-1.725586012063829,0.7024509429640391,1.4736199129571803,-2.5196609910666523,False,,False,,False,,BULL_2013_2014
WMT,legacy,STOCH_ONLY_CONTROL,2013-12-24,2013-12-26,70.558,GREEN,2013-12-13,69.427,1.6290492171633586,True,14.0,1.805606734884746,-5.419654752118841,1.805606734884746,-2.192522463788671,0.7539896255562839,-0.02409365344824277,-2.39660988123247,-5.01147991723122,False,,False,,False,,BULL_2013_2014
WMT,legacy,V0.1,2013-12-24,2013-12-26,70.558,GREEN,2013-12-13,69.427,1.6290492171633586,True,14.0,1.805606734884746,-5.419654752118841,1.805606734884746,-2.192522463788671,0.7539896255562839,-0.02409365344824277,-2.39660988123247,-5.01147991723122,False,,False,,False,,BULL_2013_2014
ABBV,legacy,STOCH_ONLY_CONTROL,2014-01-10,2014-01-13,44.484,GREEN,2014-01-06,43.448,2.3844595838703686,True,6.0,0.5147918352666148,-8.367053322542938,0.5147918352666148,-4.026166711626667,-1.301591583490691,-5.862782123909726,-5.347990288643123,-1.9714953691214898,False,,False,,False,,BULL_2013_2014
ABBV,legacy,V0.1,2014-01-10,2014-01-13,44.484,GREEN,2014-01-06,43.448,2.3844595838703686,True,6.0,0.5147918352666148,-8.367053322542938,0.5147918352666148,-4.026166711626667,-1.301591583490691,-5.862782123909726,-5.347990288643123,-1.9714953691214898,False,,False,,False,,BULL_2013_2014
MMM,legacy,STOCH_ONLY_CONTROL,2014-01-14,2014-01-15,125.34,GREEN,2014-01-13,122.4,2.401960784313717,True,6.0,0.8377213977979858,-10.27604914632201,0.8377213977979858,-5.473113132280194,-2.2339237274613066,-7.052816339556411,-6.45444391255785,-4.930588798468172,False,,False,,False,,BULL_2013_2014
ADM,legacy,V0.1,2014-01-15,2014-01-16,38.503,GREEN,2014-01-13,37.532,2.587125652776301,True,0.0,0.27530322312547817,-10.80435290756564,0.27530322312547817,-3.038724255252845,-6.916344180972899,-7.1319117990805925,-6.170947718359598,-4.072409942082434,False,,False,,False,,BULL_2013_2014
APD,legacy,STOCH_ONLY_CONTROL,2014-01-15,2014-01-16,100.76,GREEN,2014-01-14,98.151,2.658149178306912,True,5.0,5.855498213576804,-7.475188566891633,1.9551409289400468,-3.939063120285835,-3.880508138150074,-5.289797538705832,-1.6256450972608194,5.716554188169898,False,,False,,False,,BULL_2013_2014
APD,legacy,V0.1,2014-01-15,2014-01-16,100.76,GREEN,2014-01-14,98.151,2.658149178306912,True,5.0,5.855498213576804,-7.475188566891633,1.9551409289400468,-3.939063120285835,-3.880508138150074,-5.289797538705832,-1.6256450972608194,5.716554188169898,False,,False,,False,,BULL_2013_2014
AFL,legacy,STOCH_ONLY_CONTROL,2014-01-16,2014-01-17,59.121,GREEN,2014-01-08,58.383,1.2640665947279084,True,3.0,1.0165592598230688,-6.728573603288179,1.0165592598230688,-2.393396593427033,-4.659934710170665,-6.310786353410802,-3.673821484751616,-2.166742781752673,False,,False,,False,,BULL_2013_2014
AFL,legacy,V0.1,2014-01-16,2014-01-17,59.121,GREEN,2014-01-08,58.383,1.2640665947279084,True,3.0,1.0165592598230688,-6.728573603288179,1.0165592598230688,-2.393396593427033,-4.659934710170665,-6.310786353410802,-3.673821484751616,-2.166742781752673,False,,False,,False,,BULL_2013_2014
CLX,legacy,STOCH_ONLY_CONTROL,2014-01-16,2014-01-17,80.734,GREEN,2014-01-06,79.478,1.5803115327511996,True,5.0,1.569351202715108,-6.247677558401666,1.569351202715108,-2.1515098966977897,-2.0499417841306045,-3.2687591349369494,-3.537543042584279,-2.162657616369801,False,,False,,False,,BULL_2013_2014
CLX,legacy,V0.1,2014-01-16,2014-01-17,80.734,GREEN,2014-01-06,79.478,1.5803115327511996,True,5.0,1.569351202715108,-6.247677558401666,1.569351202715108,-2.1515098966977897,-2.0499417841306045,-3.2687591349369494,-3.537543042584279,-2.162657616369801,False,,False,,False,,BULL_2013_2014
NUE,legacy,STOCH_ONLY_CONTROL,2014-01-16,2014-01-17,46.342,GREEN,2014-01-15,45.781,1.2253991830672106,True,1.0,0.3495748996590553,-10.651245090846317,0.3495748996590553,-2.893703336066633,-6.7433429718182225,-10.206723922144057,-7.142548875749865,-1.1371973587674278,False,,False,,False,,BULL_2013_2014
XOM,legacy,STOCH_ONLY_CONTROL,2014-01-17,2014-01-21,85.527,GREEN,2014-01-15,85.303,0.2625933437276684,True,1.0,0.446642580705503,-9.267248938931571,0.446642580705503,-0.6804868637974026,-2.903176774585803,-8.617161831936116,-7.131081412887164,-3.9531376056683887,False,,False,,False,,BULL_2013_2014
ADM,legacy,STOCH_ONLY_CONTROL,2014-01-22,2014-01-23,37.958,GREEN,2014-01-17,37.079,2.370614094231227,True,0.0,0.2397386585173189,-9.5236840718689,0.2397386585173189,-2.600242373149275,-5.724748406133095,-6.681068549449398,-2.958533115548756,-4.017598398229616,False,,False,,False,,BULL_2013_2014
BMS,legacy,STOCH_ONLY_CONTROL,2014-01-22,2014-01-23,34.955,GREEN,2014-01-21,34.412,1.577937928629547,True,1.0,4.663138320698046,-3.7619796881705025,1.1300243169789725,-1.5763124016592633,0.5263910742383304,-1.6020597911600487,1.6020597911600598,1.8023172650550867,False,,False,,False,,BULL_2013_2014
CVX,legacy,STOCH_ONLY_CONTROL,2014-01-22,2014-01-23,102.68,GREEN,2014-01-14,101.47,1.1924706809894658,True,1.0,0.20451889365016296,-8.64725360342813,0.20451889365016296,-2.7950915465523973,-2.6392676275808435,-6.978963770938851,-5.0954421503701,-4.951305025321384,False,,False,,False,,BULL_2013_2014
CVX,legacy,V0.1,2014-01-22,2014-01-23,102.68,GREEN,2014-01-14,101.47,1.1924706809894658,True,1.0,0.20451889365016296,-8.64725360342813,0.20451889365016296,-2.7950915465523973,-2.6392676275808435,-6.978963770938851,-5.0954421503701,-4.951305025321384,False,,False,,False,,BULL_2013_2014
KO,legacy,STOCH_ONLY_CONTROL,2014-01-22,2014-01-23,35.162,GREEN,2014-01-13,34.867,0.8460722172828117,True,0.0,0.07109948239576447,-6.879585916614516,0.07109948239576447,-1.2428189522780242,-3.6431374779591574,-3.998634889938002,-2.4287583186394346,-6.1401512996985375,False,,False,,False,,BULL_2013_2014
KO,legacy,V0.1,2014-01-22,2014-01-23,35.162,GREEN,2014-01-13,34.867,0.8460722172828117,True,0.0,0.07109948239576447,-6.879585916614516,0.07109948239576447,-1.2428189522780242,-3.6431374779591574,-3.998634889938002,-2.4287583186394346,-6.1401512996985375,False,,False,,False,,BULL_2013_2014
LOW,legacy,STOCH_ONLY_CONTROL,2014-01-23,2014-01-24,44.803,GREEN,2014-01-17,44.241,1.2703148663004926,True,2.0,1.127156663616291,-6.972747360667797,1.127156663616291,-2.5087605740686914,-3.1158627770461855,-3.5801174028524896,-1.0512688882440835,-1.171796531482261,False,,False,,False,,BULL_2013_2014
CINF,legacy,STOCH_ONLY_CONTROL,2014-01-28,2014-01-29,43.087,GREEN,2014-01-08,41.929,2.7618116339526377,True,4.0,0.8796156613363637,-8.051152319725208,0.8796156613363637,-3.6089771856940733,-3.546313273145041,-4.748532039826414,-4.182235941235191,-4.465383990530802,False,,False,,False,,BULL_2013_2014
MHFI,legacy,STOCH_ONLY_CONTROL,2014-01-28,2014-01-29,70.814,GREEN,2014-01-24,69.291,2.1979766492040698,False,,10.290338068743488,-0.4843674979523649,10.290338068743488,-0.4843674979523649,3.3157285282571447,9.55178354562658,8.340158725675728,7.466037789137747,True,0.0,True,1.0,True,4.0,BULL_2013_2014
PEP,legacy,STOCH_ONLY_CONTROL,2014-01-28,2014-01-29,73.595,GREEN,2014-01-27,73.194,0.5478591141350408,True,0.0,0.0,-5.936544602214822,0.0,-2.1604728582104826,-2.9934098783884866,-0.46742305863168854,-4.714994225151159,-3.422786874108308,False,,False,,False,,BULL_2013_2014
PG,legacy,STOCH_ONLY_CONTROL,2014-01-28,2014-01-29,69.97,GREEN,2014-01-22,69.367,0.869289431574094,True,0.0,1.2048020580248675,-4.490495926825777,0.0,-1.8022009432613895,-2.982706874374741,-1.663570101472056,-1.1147634700585995,-0.7731885093611557,False,,False,,False,,BULL_2013_2014
PNR,legacy,STOCH_ONLY_CONTROL,2014-01-28,2014-01-29,69.099,GREEN,2014-01-27,65.867,4.906857758817007,False,,8.41112027670443,-4.612223042301622,8.41112027670443,-4.612223042301622,0.0274967799823278,3.8495491975281793,5.61802631007684,8.225878811560229,True,7.0,True,9.0,True,13.0,BULL_2013_2014
CAH,legacy,STOCH_ONLY_CONTROL,2014-01-29,2014-01-30,63.677,GREEN,2014-01-27,60.316,5.57231911930498,False,,5.557736702420013,-5.771314603388977,5.557736702420013,-5.771314603388977,-3.607267930335911,1.7007710790395425,4.364213138181761,4.045416712470762,True,9.0,True,9.0,True,16.0,BULL_2013_2014
CAH,legacy,V0.1,2014-01-29,2014-01-30,63.677,GREEN,2014-01-27,60.316,5.57231911930498,False,,5.557736702420013,-5.771314603388977,5.557736702420013,-5.771314603388977,-3.607267930335911,1.7007710790395425,4.364213138181761,4.045416712470762,True,9.0,True,9.0,True,16.0,BULL_2013_2014
CB,legacy,STOCH_ONLY_CONTROL,2014-01-29,2014-01-30,86.4,GREEN,2014-01-10,83.987,2.8730636884279903,False,,3.6550925925926014,-2.516203703703712,3.6550925925926014,-2.516203703703712,-1.2175925925925979,1.5821759259259105,2.69328703703704,3.41203703703703,True,8.0,True,12.0,False,,BULL_2013_2014
CB,legacy,V0.1,2014-01-29,2014-01-30,86.4,GREEN,2014-01-10,83.987,2.8730636884279903,False,,3.6550925925926014,-2.516203703703712,3.6550925925926014,-2.516203703703712,-1.2175925925925979,1.5821759259259105,2.69328703703704,3.41203703703703,True,8.0,True,12.0,False,,BULL_2013_2014
ECL,legacy,STOCH_ONLY_CONTROL,2014-01-29,2014-01-30,96.461,GREEN,2014-01-27,93.803,2.8335980725563203,False,,7.44238604202736,-3.0416437731311086,7.44238604202736,-3.0416437731311086,-0.8179471496252422,1.575766371901599,1.4638040244243866,6.97587626087226,True,10.0,True,13.0,True,18.0,BULL_2013_2014
EMR,legacy,STOCH_ONLY_CONTROL,2014-01-29,2014-01-30,58.421,GREEN,2014-01-24,57.123,2.2722896206431864,True,2.0,0.9226134437958944,-5.8506359014737885,0.9226134437958944,-2.9321648037520798,-3.29162458704918,-1.7373889526026587,-3.440543640129401,-0.6418924701733997,False,,False,,False,,BULL_2013_2014
PPG,legacy,STOCH_ONLY_CONTROL,2014-01-29,2014-01-30,86.711,GREEN,2014-01-28,85.741,1.1313140737803318,True,2.0,8.212337535030144,-5.379940261327853,1.0575359527626338,-3.832270415518213,-2.60405254235333,1.9109455547738907,3.686960131932504,8.034736077314285,False,,False,,False,,BULL_2013_2014
TROW,legacy,STOCH_ONLY_CONTROL,2014-01-29,2014-01-30,70.161,GREEN,2014-01-22,67.435,4.042411210795582,True,2.0,2.63821781331508,-5.051239292484421,0.548737902823504,-5.051239292484421,-2.7265859950684757,1.2913156882028431,0.5102549849631544,1.9811576231809624,False,,False,,False,,BULL_2013_2014
TROW,legacy,V0.1,2014-01-29,2014-01-30,70.161,GREEN,2014-01-22,67.435,4.042411210795582,True,2.0,2.63821781331508,-5.051239292484421,0.548737902823504,-5.051239292484421,-2.7265859950684757,1.2913156882028431,0.5102549849631544,1.9811576231809624,False,,False,,False,,BULL_2013_2014
BDX,legacy,STOCH_ONLY_CONTROL,2014-01-30,2014-01-31,100.33,GREEN,2014-01-27,100.11,0.21975826590749925,True,1.0,8.880693710754507,-1.5568623542310367,1.5349347154390625,-1.5568623542310367,3.0300009967108688,7.026811521977461,7.604903817402575,7.545101166151702,False,,False,,False,,BULL_2013_2014
BMS,legacy,V0.1,2014-01-30,2014-01-31,34.722,GREEN,2014-01-24,34.078,1.8897822642173878,True,1.0,4.625309601981464,-3.1161799435516446,1.028166580266121,-2.2809745982374285,0.7545648292148988,2.966418985081498,1.8892920914693745,3.2054605149473003,False,,False,,False,,BULL_2013_2014
VFC,legacy,STOCH_ONLY_CONTROL,2014-01-30,2014-01-31,53.956,GREEN,2014-01-15,52.871,2.052164702767123,True,1.0,3.686337015345842,-5.995626065683157,0.24279042182520083,-3.916153903180364,0.1519756838905595,-3.08399436577953,0.3132181777744769,-0.16680257987990998,False,,False,,False,,BULL_2013_2014
VFC,legacy,V0.1,2014-01-30,2014-01-31,53.956,GREEN,2014-01-15,52.871,2.052164702767123,True,1.0,3.686337015345842,-5.995626065683157,0.24279042182520083,-3.916153903180364,0.1519756838905595,-3.08399436577953,0.3132181777744769,-0.16680257987990998,False,,False,,False,,BULL_2013_2014
BCR,legacy,STOCH_ONLY_CONTROL,2014-01-31,2014-02-03,128.0,GREEN,2014-01-29,123.36,3.761348897535677,True,0.0,11.82812499999999,-4.039062500000002,0.0,-4.039062500000002,2.2265624999999956,7.804687500000007,9.0078125,10.304687499999998,False,,False,,False,,BULL_2013_2014
CTAS,legacy,STOCH_ONLY_CONTROL,2014-01-31,2014-02-03,53.845,GREEN,2014-01-27,53.241,1.134464040870764,True,0.0,10.766087844739536,-3.1163524932677045,0.36957934812889004,-2.9046336707215126,0.9638777973813628,4.1823753366143634,4.953106137988672,6.63385643978085,False,,False,,False,,BULL_2013_2014
CTAS,legacy,V0.1,2014-01-31,2014-02-03,53.845,GREEN,2014-01-27,53.241,1.134464040870764,True,0.0,10.766087844739536,-3.1163524932677045,0.36957934812889004,-2.9046336707215126,0.9638777973813628,4.1823753366143634,4.953106137988672,6.63385643978085,False,,False,,False,,BULL_2013_2014
WAG,legacy,STOCH_ONLY_CONTROL,2014-02-05,2014-02-06,53.82,GREEN,2014-01-27,51.301,4.910235667920704,False,,21.03307320698624,-0.14492753623188692,21.03307320698624,-0.14492753623188692,15.057599405425481,14.934968413229278,17.761055369751013,16.47528799702713,True,0.0,True,1.0,True,1.0,BULL_2013_2014
ADP,legacy,STOCH_ONLY_CONTROL,2014-02-06,2014-02-07,59.738,GREEN,2014-01-24,57.737,3.465715225938304,False,,6.081556128427468,-0.7700291271887205,6.081556128427468,-0.7700291271887205,2.5076165924537097,3.2257524523753744,3.048310957849276,5.117345743078117,True,3.0,True,7.0,True,14.0,BULL_2013_2014
BDX,legacy,V0.1,2014-02-06,2014-02-07,101.0,GREEN,2014-02-03,98.768,2.2598412441276583,False,,8.653465346534638,-0.08910891089108919,8.653465346534638,-0.08910891089108919,6.316831683168322,6.891089108910875,6.831683168316838,7.950495049504958,True,0.0,True,1.0,True,2.0,BULL_2013_2014
BF-B,legacy,STOCH_ONLY_CONTROL,2014-02-06,2014-02-07,36.756,GREEN,2014-02-05,35.997,2.1085090424201924,False,,15.058765915768845,-0.4080966372837058,15.058765915768845,-0.4080966372837058,4.616933289803038,7.405593644575048,7.48449232778321,14.294264881924024,True,2.0,True,3.0,True,6.0,BULL_2013_2014
ECL,legacy,V0.1,2014-02-06,2014-02-07,96.157,GREEN,2014-02-04,93.527,2.8120221967987913,False,,10.111588339902443,-1.2583587258337858,10.111588339902443,-1.2583587258337858,2.7392701519390217,1.9904947117734606,7.553272252670129,10.017991409881777,True,4.0,True,6.0,True,12.0,BULL_2013_2014
GPC,legacy,STOCH_ONLY_CONTROL,2014-02-06,2014-02-07,73.213,GREEN,2014-02-04,69.016,6.081198562652124,False,,10.905167115129832,-0.4316173357190478,10.905167115129832,-0.4316173357190478,5.911518446177588,7.3538852389603,7.180418778085862,7.3538852389603,True,2.0,True,3.0,True,5.0,BULL_2013_2014
ITW,legacy,STOCH_ONLY_CONTROL,2014-02-06,2014-02-07,72.702,GREEN,2014-01-27,70.385,3.2918945798110277,False,,5.665593793843371,-1.0316084839481765,5.665593793843371,-1.0316084839481765,-0.215950042639812,3.7839399191218925,3.910483893152872,4.4565486506561,True,7.0,True,9.0,True,10.0,BULL_2013_2014
ITW,legacy,V0.1,2014-02-06,2014-02-07,72.702,GREEN,2014-01-27,70.385,3.2918945798110277,False,,5.665593793843371,-1.0316084839481765,5.665593793843371,-1.0316084839481765,-0.215950042639812,3.7839399191218925,3.910483893152872,4.4565486506561,True,7.0,True,9.0,True,10.0,BULL_2013_2014
KMB,legacy,STOCH_ONLY_CONTROL,2014-02-06,2014-02-07,95.023,GREEN,2014-02-05,93.618,1.5007797645751886,False,,4.462077602264736,-0.04946170927038196,4.462077602264736,-0.04946170927038196,3.470738663270989,3.3981246645548913,2.3404859876030137,3.243425275985823,True,2.0,True,5.0,False,,BULL_2013_2014
LOW,legacy,V0.1,2014-02-06,2014-02-07,43.161,GREEN,2014-01-29,41.679,3.555747498740369,False,,11.406130534510318,-1.2789323695002408,11.406130534510318,-1.2789323695002408,2.7130974722550327,2.58798452306479,9.033618312828718,8.604990616528818,True,3.0,True,6.0,True,11.0,BULL_2013_2014
MMM,legacy,V0.1,2014-02-06,2014-02-07,117.88,GREEN,2014-01-24,112.46,4.819491374711005,False,,5.022056328469637,-0.6023074312860532,5.022056328469637,-0.6023074312860532,2.621309806582972,2.689175432643376,2.6976586359009236,3.749575839837127,True,5.0,True,6.0,True,14.0,BULL_2013_2014
SYY,legacy,STOCH_ONLY_CONTROL,2014-02-06,2014-02-07,31.965,GREEN,2014-01-27,30.861,3.577330611451335,False,,3.1471922415141407,-0.5412169560456648,3.1471922415141407,-0.5412169560456648,1.1856718285624845,1.9271077741279674,2.008446738620373,2.549663694666049,True,6.0,True,10.0,False,,BULL_2013_2014
SYY,legacy,V0.1,2014-02-06,2014-02-07,31.965,GREEN,2014-01-27,30.861,3.577330611451335,False,,3.1471922415141407,-0.5412169560456648,3.1471922415141407,-0.5412169560456648,1.1856718285624845,1.9271077741279674,2.008446738620373,2.549663694666049,True,6.0,True,10.0,False,,BULL_2013_2014
ABT,legacy,STOCH_ONLY_CONTROL,2014-02-07,2014-02-10,34.123,GREEN,2014-01-24,32.728,4.262405279882664,False,,8.926530492629613,-0.5656009143392926,8.926530492629613,-0.5656009143392926,4.729947542713142,5.591536500307703,7.92720452480733,6.828239017671378,True,1.0,True,2.0,True,5.0,BULL_2013_2014
ABT,legacy,V0.1,2014-02-07,2014-02-10,34.123,GREEN,2014-01-24,32.728,4.262405279882664,False,,8.926530492629613,-0.5656009143392926,8.926530492629613,-0.5656009143392926,4.729947542713142,5.591536500307703,7.92720452480733,6.828239017671378,True,1.0,True,2.0,True,5.0,BULL_2013_2014
JNJ,legacy,STOCH_ONLY_CONTROL,2014-02-07,2014-02-10,81.275,GREEN,2014-01-27,77.588,4.752023508790026,False,,4.706244232543821,-0.42202399261765944,4.706244232543821,-0.42202399261765944,2.2085512150107567,1.756997846816355,4.24853891110426,4.415872039372504,True,1.0,True,1.0,False,,BULL_2013_2014
JNJ,legacy,V0.1,2014-02-07,2014-02-10,81.275,GREEN,2014-01-27,77.588,4.752023508790026,False,,4.706244232543821,-0.42202399261765944,4.706244232543821,-0.42202399261765944,2.2085512150107567,1.756997846816355,4.24853891110426,4.415872039372504,True,1.0,True,1.0,False,,BULL_2013_2014
MDT,legacy,STOCH_ONLY_CONTROL,2014-02-07,2014-02-10,51.663,GREEN,2014-01-27,49.466,4.441434520680865,False,,9.070321119563317,-0.7142442366877666,9.070321119563317,-0.7142442366877666,0.8845789055997644,3.1453845111588663,7.097923078412016,8.189613456438849,True,2.0,True,8.0,True,13.0,BULL_2013_2014
MDT,legacy,V0.1,2014-02-07,2014-02-10,51.663,GREEN,2014-01-27,49.466,4.441434520680865,False,,9.070321119563317,-0.7142442366877666,9.070321119563317,-0.7142442366877666,0.8845789055997644,3.1453845111588663,7.097923078412016,8.189613456438849,True,2.0,True,8.0,True,13.0,BULL_2013_2014
NUE,legacy,V0.1,2014-02-07,2014-02-10,43.252,GREEN,2014-01-21,41.406,4.4582910689272115,False,,6.381207805419398,-0.8831961527790755,6.381207805419398,-0.8831961527790755,5.925737538148512,1.6184222694904271,4.397484509386862,1.8796818644224444,True,2.0,True,2.0,True,4.0,BULL_2013_2014
PEP,legacy,V0.1,2014-02-07,2014-02-10,72.067,GREEN,2014-01-31,70.367,2.4159051828271716,True,4.0,4.2349480344679336,-3.9421649298569283,2.095272454799013,-2.6308851485423057,-2.4824121997585435,-1.176682809052687,0.8478221654849127,4.02125799603148,True,2.0,False,,False,,BULL_2013_2014
PG,legacy,V0.1,2014-02-07,2014-02-10,68.756,GREEN,2014-01-29,66.828,2.8850182558209037,False,,2.991738902786678,-0.5555878759672006,2.991738902786678,-0.5555878759672006,0.6937576356972563,0.8886497178428154,1.3162487637442544,1.9620105881668515,True,1.0,False,,False,,BULL_2013_2014
PPG,legacy,V0.1,2014-02-07,2014-02-10,86.238,GREEN,2014-02-03,82.046,5.109328913048761,False,,10.531320299635883,-0.5357267098031082,10.531320299635883,-0.5357267098031082,2.1266726964911165,4.755444235719741,9.932976182193464,8.453350031308716,True,1.0,True,4.0,True,10.0,BULL_2013_2014
BEN,legacy,STOCH_ONLY_CONTROL,2014-02-10,2014-02-11,49.111,GREEN,2014-01-27,46.669,5.232595513081484,False,,4.094805644356669,-1.956791757447407,4.094805644356669,-1.956791757447407,0.6312231475636976,-0.7024902771273211,1.6961576836146852,0.5721732402109714,True,1.0,True,5.0,False,,BULL_2013_2014
BEN,legacy,V0.1,2014-02-10,2014-02-11,49.111,GREEN,2014-01-27,46.669,5.232595513081484,False,,4.094805644356669,-1.956791757447407,4.094805644356669,-1.956791757447407,0.6312231475636976,-0.7024902771273211,1.6961576836146852,0.5721732402109714,True,1.0,True,5.0,False,,BULL_2013_2014
CL,legacy,STOCH_ONLY_CONTROL,2014-02-10,2014-02-11,56.766,GREEN,2014-01-27,55.007,3.197774828658173,False,,3.5003347073952806,-0.5038227107775795,3.5003347073952806,-0.5038227107775795,-0.21139414438219317,0.4668287355106937,1.5537469612091792,2.527921643237163,True,3.0,True,19.0,False,,BULL_2013_2014
CL,legacy,V0.1,2014-02-10,2014-02-11,56.766,GREEN,2014-01-27,55.007,3.197774828658173,False,,3.5003347073952806,-0.5038227107775795,3.5003347073952806,-0.5038227107775795,-0.21139414438219317,0.4668287355106937,1.5537469612091792,2.527921643237163,True,3.0,True,19.0,False,,BULL_2013_2014
HRL,legacy,STOCH_ONLY_CONTROL,2014-02-10,2014-02-11,20.363,GREEN,2014-02-04,20.045,1.5864305313045612,False,,10.361930953199439,-0.21607818101458953,10.361930953199439,-0.21607818101458953,4.18897019103277,8.029268771791976,10.052546284928553,8.574375092078789,True,0.0,True,2.0,True,6.0,BULL_2013_2014
HRL,legacy,V0.1,2014-02-10,2014-02-11,20.363,GREEN,2014-02-04,20.045,1.5864305313045612,False,,10.361930953199439,-0.21607818101458953,10.361930953199439,-0.21607818101458953,4.18897019103277,8.029268771791976,10.052546284928553,8.574375092078789,True,0.0,True,2.0,True,6.0,BULL_2013_2014
SHW,legacy,STOCH_ONLY_CONTROL,2014-02-10,2014-02-11,175.34,GREEN,2014-01-31,167.45,4.711854284861161,False,,14.628721341393858,-0.39922436409263184,14.628721341393858,-0.39922436409263184,5.800159689745632,8.794342420440282,11.6801642523098,12.221968746435508,True,1.0,True,1.0,True,3.0,BULL_2013_2014
SHW,legacy,V0.1,2014-02-10,2014-02-11,175.34,GREEN,2014-01-31,167.45,4.711854284861161,False,,14.628721341393858,-0.39922436409263184,14.628721341393858,-0.39922436409263184,5.800159689745632,8.794342420440282,11.6801642523098,12.221968746435508,True,1.0,True,1.0,True,3.0,BULL_2013_2014
WMT,legacy,STOCH_ONLY_CONTROL,2014-02-10,2014-02-11,66.796,GREEN,2014-01-17,65.322,2.256513885061695,False,,3.1663572669021978,-1.476136295586572,3.1663572669021978,-1.476136295586572,1.2845080543745002,1.1901910294029427,1.2186358464578717,2.8669381400083793,True,2.0,True,20.0,False,,BULL_2013_2014
WMT,legacy,V0.1,2014-02-10,2014-02-11,66.796,GREEN,2014-01-17,65.322,2.256513885061695,False,,3.1663572669021978,-1.476136295586572,3.1663572669021978,-1.476136295586572,1.2845080543745002,1.1901910294029427,1.2186358464578717,2.8669381400083793,True,2.0,True,20.0,False,,BULL_2013_2014
DOV,legacy,STOCH_ONLY_CONTROL,2014-02-11,2014-02-12,64.866,GREEN,2014-01-27,62.301,4.117108874656905,False,,18.112724693984504,-0.6336139117565476,18.112724693984504,-0.6336139117565476,4.1608855178367765,7.897820121481214,15.593685443838057,14.824407239539973,True,3.0,True,5.0,True,7.0,BULL_2013_2014
DOV,legacy,V0.1,2014-02-11,2014-02-12,64.866,GREEN,2014-01-27,62.301,4.117108874656905,False,,18.112724693984504,-0.6336139117565476,18.112724693984504,-0.6336139117565476,4.1608855178367765,7.897820121481214,15.593685443838057,14.824407239539973,True,3.0,True,5.0,True,7.0,BULL_2013_2014
CINF,legacy,V0.1,2014-02-12,2014-02-13,40.723,GREEN,2014-02-04,39.618,2.7891362511989426,False,,3.983007145838968,-0.3044962306313459,3.983007145838968,-0.3044962306313459,1.2965645949463367,1.5765046779461223,3.6588659971023896,2.489993369840149,True,2.0,True,14.0,False,,BULL_2013_2014
XOM,legacy,V0.1,2014-02-12,2014-02-13,79.209,GREEN,2014-01-22,77.601,2.072138245641164,False,,7.348912371068939,-0.2120971101768787,7.348912371068939,-0.2120971101768787,4.898433258846846,6.266964612607162,4.856771326490672,3.178931687055764,True,1.0,True,1.0,True,3.0,BULL_2013_2014
NUE,legacy,STOCH_ONLY_CONTROL,2014-03-17,2014-03-18,44.013,GREEN,2014-03-13,42.735,2.9905229905229813,False,,7.720446231795153,-0.5521096039806328,7.720446231795153,-0.5521096039806328,4.076068434326241,3.430804535023757,5.3552359530138816,5.575625383409455,True,3.0,True,3.0,True,6.0,BULL_2013_2014
BEN,legacy,STOCH_ONLY_CONTROL,2014-03-18,2014-03-19,48.811,GREEN,2014-03-14,47.682,2.3677698083134135,False,,5.9126016676568804,-2.544508409989543,5.9126016676568804,-2.544508409989543,2.8149392554956965,5.580709266353878,2.433877609555224,1.1288439081354573,True,5.0,True,5.0,True,5.0,BULL_2013_2014
EMR,legacy,STOCH_ONLY_CONTROL,2014-03-18,2014-03-19,56.944,GREEN,2014-03-14,55.52,2.5648414985590673,False,,7.091177296993534,-1.3925962348974363,7.091177296993534,-1.3925962348974363,2.686850238831129,5.967266085979195,4.811744872155099,5.60726327620118,True,2.0,True,2.0,True,8.0,BULL_2013_2014
EMR,legacy,V0.1,2014-03-18,2014-03-19,56.944,GREEN,2014-03-14,55.52,2.5648414985590673,False,,7.091177296993534,-1.3925962348974363,7.091177296993534,-1.3925962348974363,2.686850238831129,5.967266085979195,4.811744872155099,5.60726327620118,True,2.0,True,2.0,True,8.0,BULL_2013_2014
MMM,legacy,STOCH_ONLY_CONTROL,2014-03-18,2014-03-19,121.57,GREEN,2014-03-14,118.76,2.366116537554719,False,,3.7591511063584937,-1.645142716130621,3.7591511063584937,-1.645142716130621,0.2549971210002555,2.434811219873323,2.327876943324836,3.018836884099696,True,8.0,True,11.0,False,,BULL_2013_2014
MMM,legacy,V0.1,2014-03-18,2014-03-19,121.57,GREEN,2014-03-14,118.76,2.366116537554719,False,,3.7591511063584937,-1.645142716130621,3.7591511063584937,-1.645142716130621,0.2549971210002555,2.434811219873323,2.327876943324836,3.018836884099696,True,8.0,True,11.0,False,,BULL_2013_2014
PNR,legacy,STOCH_ONLY_CONTROL,2014-03-18,2014-03-19,73.449,GREEN,2014-03-14,71.484,2.74886687930167,True,5.0,1.9373987392612646,-4.310473934294546,0.6235619273237125,-2.8795490748682706,-2.840065896063937,1.3233672344075575,0.7569878419039,0.6235619273237125,False,,False,,False,,BULL_2013_2014
XOM,legacy,STOCH_ONLY_CONTROL,2014-03-18,2014-03-19,82.76,GREEN,2014-03-13,81.57,1.458869682481323,False,,5.7564040599323185,-1.7363460608989967,5.7564040599323185,-1.7363460608989967,0.05074915418077364,3.483566940550986,2.8310778153697314,5.586031899468336,True,7.0,True,7.0,True,20.0,BULL_2013_2014
XOM,legacy,V0.1,2014-03-18,2014-03-19,82.76,GREEN,2014-03-13,81.57,1.458869682481323,False,,5.7564040599323185,-1.7363460608989967,5.7564040599323185,-1.7363460608989967,0.05074915418077364,3.483566940550986,2.8310778153697314,5.586031899468336,True,7.0,True,7.0,True,20.0,BULL_2013_2014
CTAS,legacy,STOCH_ONLY_CONTROL,2014-03-19,2014-03-20,58.143,GREEN,2014-03-14,55.871,4.066510354208797,True,2.0,0.5004901707858167,-9.791376433964526,0.5004901707858167,-4.5560084618956775,-4.8311920609531604,-4.217188655556125,-7.992363655126155,-6.583767607450596,False,,False,,False,,BULL_2013_2014
ITW,legacy,STOCH_ONLY_CONTROL,2014-03-25,2014-03-26,75.259,GREEN,2014-03-21,73.828,1.938288996044868,False,,6.601203842729775,-2.01703450750077,6.601203842729775,-2.01703450750077,2.5219575067433775,2.7677752826904323,2.7677752826904323,5.551495502199066,True,5.0,True,6.0,True,18.0,BULL_2013_2014
WAG,legacy,STOCH_ONLY_CONTROL,2014-03-25,2014-03-26,61.663,GREEN,2014-03-20,58.828,4.819133745835313,False,,3.3245219986053343,-5.007865332533279,3.3245219986053343,-5.007865332533279,0.36488656082254156,-0.8968100805993862,0.0713555941164179,1.9801177367303024,True,7.0,True,18.0,False,,BULL_2013_2014
BDX,legacy,STOCH_ONLY_CONTROL,2014-03-26,2014-03-27,108.28,GREEN,2014-03-25,106.7,1.480787253983129,True,10.0,3.4540081270779455,-3.186183967491696,3.4540081270779455,-2.2257111193202728,2.271887698559283,-1.8840044329516137,-1.4407092722571124,-1.9486516438862234,True,2.0,True,6.0,False,,BULL_2013_2014
MDT,legacy,STOCH_ONLY_CONTROL,2014-03-26,2014-03-27,54.929,GREEN,2014-03-25,54.095,1.5417321379055382,True,13.0,6.699557610733864,-5.261337362777407,6.699557610733864,-5.261337362777407,5.7000855650021,1.9497897285586818,-0.6790584208705819,-1.2543465200531623,True,1.0,True,2.0,True,3.0,BULL_2013_2014
MDT,legacy,V0.1,2014-03-26,2014-03-27,54.929,GREEN,2014-03-25,54.095,1.5417321379055382,True,13.0,6.699557610733864,-5.261337362777407,6.699557610733864,-5.261337362777407,5.7000855650021,1.9497897285586818,-0.6790584208705819,-1.2543465200531623,True,1.0,True,2.0,True,3.0,BULL_2013_2014
ABBV,legacy,STOCH_ONLY_CONTROL,2014-03-27,2014-03-28,45.512,GREEN,2014-03-26,45.16,0.7794508414526113,True,0.0,5.0360344524521095,-11.425558094568466,0.582264018280898,-1.8127087361574978,0.7140973809105278,-9.557918790648623,-3.7770258393390765,-0.9733696607488129,False,,False,,False,,BULL_2013_2014
ADP,legacy,STOCH_ONLY_CONTROL,2014-03-28,2014-03-31,62.321,GREEN,2014-03-26,61.037,2.103642053180854,True,5.0,1.2756534715425039,-4.876365911971892,1.1135893198119362,-2.748672197172708,-2.4229392981498954,-3.761171996598256,-1.0478009017827028,-0.19576065852602298,False,,False,,False,,BULL_2013_2014
GPC,legacy,STOCH_ONLY_CONTROL,2014-03-28,2014-03-31,77.861,GREEN,2014-03-14,75.838,2.6675281521137295,False,,3.8594418258177887,-2.354195296746764,3.8594418258177887,-2.354195296746764,-1.2355351202784526,-1.0017852326582033,0.526579417166495,0.46621543519862474,True,2.0,True,15.0,False,,BULL_2013_2014
GPC,legacy,V0.1,2014-03-28,2014-03-31,77.861,GREEN,2014-03-14,75.838,2.6675281521137295,False,,3.8594418258177887,-2.354195296746764,3.8594418258177887,-2.354195296746764,-1.2355351202784526,-1.0017852326582033,0.526579417166495,0.46621543519862474,True,2.0,True,15.0,False,,BULL_2013_2014
LOW,legacy,STOCH_ONLY_CONTROL,2014-03-28,2014-03-31,46.051,GREEN,2014-03-26,45.159,1.975243030182261,True,5.0,1.748061931336986,-6.764239647347514,1.748061931336986,-5.150811057306026,-4.768626088467142,-5.035721265553416,-2.822957156196404,-5.092180408677338,False,,False,,False,,BULL_2013_2014
SYY,legacy,STOCH_ONLY_CONTROL,2014-03-28,2014-03-31,32.663,GREEN,2014-03-27,32.029,1.9794561178931414,False,,2.737041912867788,-1.2858586167834973,2.737041912867788,-1.2858586167834973,0.2541101552215208,-0.05816979456877425,1.7052934513057671,1.3072895937299212,True,15.0,False,,False,,BULL_2013_2014
PNR,legacy,V0.1,2014-03-31,2014-04-01,73.321,GREEN,2014-03-24,70.283,4.322524650342174,True,14.0,2.115355764378557,-9.021971877088408,2.115355764378557,-6.181039538467825,-1.1456472224874226,-2.052617940289947,-4.950832640034908,-6.077385742147545,True,1.0,False,,False,,BULL_2013_2014
PPG,legacy,STOCH_ONLY_CONTROL,2014-03-31,2014-04-01,92.382,GREEN,2014-03-21,89.045,3.747543376944251,True,8.0,3.330735424649811,-5.07241670455284,3.330735424649811,-3.8221731506137613,-1.3281808144443796,-3.356714511484915,0.6202506981879408,-0.7512285943149122,True,2.0,True,3.0,False,,BULL_2013_2014
PPG,legacy,V0.1,2014-03-31,2014-04-01,92.382,GREEN,2014-03-21,89.045,3.747543376944251,True,8.0,3.330735424649811,-5.07241670455284,3.330735424649811,-3.8221731506137613,-1.3281808144443796,-3.356714511484915,0.6202506981879408,-0.7512285943149122,True,2.0,True,3.0,False,,BULL_2013_2014
SHW,legacy,STOCH_ONLY_CONTROL,2014-03-31,2014-04-01,190.49,GREEN,2014-03-24,185.48,2.701099849040345,True,4.0,3.328258701244158,-4.792902514567688,2.6458081789070276,-3.88996797732164,-2.950286104257449,-3.1235235445430276,2.141844716258068,1.065672738726442,True,2.0,False,,False,,BULL_2013_2014
AFL,legacy,STOCH_ONLY_CONTROL,2014-04-01,2014-04-02,57.847,GREEN,2014-03-21,56.988,1.507334877518085,True,3.0,2.269780628208884,-3.8705550849655213,2.269780628208884,-2.0917247221117763,-0.07433401905024839,-0.6776496620395256,-1.3933306826628966,0.21090117032862565,True,2.0,False,,False,,BULL_2013_2014
AFL,legacy,V0.1,2014-04-01,2014-04-02,57.847,GREEN,2014-03-21,56.988,1.507334877518085,True,3.0,2.269780628208884,-3.8705550849655213,2.269780628208884,-2.0917247221117763,-0.07433401905024839,-0.6776496620395256,-1.3933306826628966,0.21090117032862565,True,2.0,False,,False,,BULL_2013_2014
APD,legacy,STOCH_ONLY_CONTROL,2014-04-01,2014-04-02,109.62,GREEN,2014-03-27,107.08,2.3720582741875385,True,3.0,2.417442072614473,-4.780149607735817,2.417442072614473,-2.8553183725597564,-1.3045064769202752,-1.1220580186097506,-1.3045064769202752,-2.1620142309797474,True,1.0,False,,False,,BULL_2013_2014
APD,legacy,V0.1,2014-04-01,2014-04-02,109.62,GREEN,2014-03-27,107.08,2.3720582741875385,True,3.0,2.417442072614473,-4.780149607735817,2.417442072614473,-2.8553183725597564,-1.3045064769202752,-1.1220580186097506,-1.3045064769202752,-2.1620142309797474,True,1.0,False,,False,,BULL_2013_2014
CAH,legacy,STOCH_ONLY_CONTROL,2014-04-01,2014-04-02,64.962,GREEN,2014-03-21,63.862,1.722464063136142,True,3.0,3.3204026969613,-7.873833933684315,3.3204026969613,-3.2511314306825523,-0.5449339613928128,-2.5922847202980326,-1.7456359102244412,-6.745481974077161,True,1.0,True,2.0,False,,BULL_2013_2014
CAH,legacy,V0.1,2014-04-01,2014-04-02,64.962,GREEN,2014-03-21,63.862,1.722464063136142,True,3.0,3.3204026969613,-7.873833933684315,3.3204026969613,-3.2511314306825523,-0.5449339613928128,-2.5922847202980326,-1.7456359102244412,-6.745481974077161,True,1.0,True,2.0,False,,BULL_2013_2014
CTAS,legacy,V0.1,2014-04-01,2014-04-02,56.766,GREEN,2014-03-25,55.108,3.0086375843797697,True,2.0,0.33470739527181603,-7.60314272627981,0.33470739527181603,-3.551421625620965,-3.320649684670396,-5.42930627488285,-3.5848923651481512,-2.47154987140189,False,,False,,False,,BULL_2013_2014
ECL,legacy,STOCH_ONLY_CONTROL,2014-04-01,2014-04-02,104.39,GREEN,2014-03-26,101.53,2.8169014084507005,True,4.0,1.0345818564996723,-6.34926717118498,1.0345818564996723,-6.34926717118498,-1.4177603218699097,-1.5806111696522684,-2.404444870198297,-3.7838873455311783,False,,False,,False,,BULL_2013_2014
ECL,legacy,V0.1,2014-04-01,2014-04-02,104.39,GREEN,2014-03-26,101.53,2.8169014084507005,True,4.0,1.0345818564996723,-6.34926717118498,1.0345818564996723,-6.34926717118498,-1.4177603218699097,-1.5806111696522684,-2.404444870198297,-3.7838873455311783,False,,False,,False,,BULL_2013_2014
MHFI,legacy,STOCH_ONLY_CONTROL,2014-04-01,2014-04-02,74.238,GREEN,2014-03-20,70.849,4.7834126099168595,True,6.0,0.16972439990301513,-7.4732616719200395,0.16972439990301513,-5.762547482421409,-1.46555672297205,-2.971524017349614,-2.252215846332062,-4.719954740160038,False,,False,,False,,BULL_2013_2014
MHFI,legacy,V0.1,2014-04-01,2014-04-02,74.238,GREEN,2014-03-20,70.849,4.7834126099168595,True,6.0,0.16972439990301513,-7.4732616719200395,0.16972439990301513,-5.762547482421409,-1.46555672297205,-2.971524017349614,-2.252215846332062,-4.719954740160038,False,,False,,False,,BULL_2013_2014
ABBV,legacy,V0.1,2014-04-02,2014-04-03,46.847,GREEN,2014-03-28,44.687,4.833620516033754,True,2.0,2.04282024462612,-13.94966593378445,2.04282024462612,-6.935342711379599,-11.240847866458893,-8.177684803722762,-7.067688432557051,-3.2061818259440322,True,1.0,False,,False,,BULL_2013_2014
ABT,legacy,STOCH_ONLY_CONTROL,2014-04-02,2014-04-03,35.563,GREEN,2014-03-21,34.948,1.759757353782776,True,3.0,1.9627140567443746,-4.833675449202824,1.9627140567443746,-2.9665663751652027,-3.8213873970137535,1.0853977448471497,-1.2484885976998594,0.12934791777972077,False,,False,,False,,BULL_2013_2014
ABT,legacy,V0.1,2014-04-02,2014-04-03,35.563,GREEN,2014-03-21,34.948,1.759757353782776,True,3.0,1.9627140567443746,-4.833675449202824,1.9627140567443746,-2.9665663751652027,-3.8213873970137535,1.0853977448471497,-1.2484885976998594,0.12934791777972077,False,,False,,False,,BULL_2013_2014
ADP,legacy,V0.1,2014-04-16,2014-04-17,60.786,GREEN,2014-04-08,59.282,2.5370264161128198,False,,5.157437567861023,-0.33560359293258735,5.157437567861023,-0.33560359293258735,0.5576942059026813,3.0566248807291085,3.7623794952785117,3.4169052084361606,True,4.0,True,8.0,True,16.0,BULL_2013_2014
BDX,legacy,V0.1,2014-04-16,2014-04-17,106.25,GREEN,2014-04-10,104.83,1.3545740723075461,False,,5.214117647058836,-1.4211764705882368,5.214117647058836,-1.4211764705882368,-0.07529411764706229,-0.03764705882353114,4.188235294117648,3.275294117647065,True,13.0,True,14.0,True,16.0,BULL_2013_2014
BEN,legacy,STOCH_ONLY_CONTROL,2014-04-16,2014-04-17,49.41,GREEN,2014-04-14,47.946,3.053435114503822,False,,6.520947176684877,-3.2827362882007716,6.520947176684877,-3.2827362882007716,0.07690750860149809,0.4148957700870426,3.9243068204816822,3.0358227079538613,True,0.0,True,3.0,True,16.0,BULL_2013_2014
BF-B,legacy,STOCH_ONLY_CONTROL,2014-04-16,2014-04-17,42.103,GREEN,2014-04-14,40.734,3.3608287916728097,False,,4.458114623661014,-0.8431703204047292,4.458114623661014,-0.8431703204047292,0.413272213381477,2.5223855782248172,2.4107545780585715,4.313231836211195,True,7.0,True,11.0,False,,BULL_2013_2014
HRL,legacy,STOCH_ONLY_CONTROL,2014-04-16,2014-04-17,22.388,GREEN,2014-04-11,21.936,2.060539752005841,False,,4.011077362872961,-0.9916026442737258,4.011077362872961,-0.9916026442737258,0.08486689297837469,0.7504020010719925,2.3316062176165664,2.831874218331243,True,15.0,True,16.0,False,,BULL_2013_2014
HRL,legacy,V0.1,2014-04-16,2014-04-17,22.388,GREEN,2014-04-11,21.936,2.060539752005841,False,,4.011077362872961,-0.9916026442737258,4.011077362872961,-0.9916026442737258,0.08486689297837469,0.7504020010719925,2.3316062176165664,2.831874218331243,True,15.0,True,16.0,False,,BULL_2013_2014
SHW,legacy,V0.1,2014-04-16,2014-04-17,186.88,GREEN,2014-04-08,181.36,3.0436700485222623,False,,5.324272260273988,-0.347816780821919,5.324272260273988,-0.347816780821919,3.478167808219168,3.5477311643835607,2.996575342465757,3.306934931506844,True,0.0,True,0.0,True,3.0,BULL_2013_2014
TROW,legacy,STOCH_ONLY_CONTROL,2014-04-16,2014-04-17,71.352,GREEN,2014-04-08,68.026,4.889307029665146,False,,4.8884404081175115,-2.413387151025914,4.8884404081175115,-2.413387151025914,1.0399147886534177,1.5234331203049623,0.8044623836752862,-0.9614306536607331,True,3.0,True,3.0,False,,BULL_2013_2014
TROW,legacy,V0.1,2014-04-16,2014-04-17,71.352,GREEN,2014-04-08,68.026,4.889307029665146,False,,4.8884404081175115,-2.413387151025914,4.8884404081175115,-2.413387151025914,1.0399147886534177,1.5234331203049623,0.8044623836752862,-0.9614306536607331,True,3.0,True,3.0,False,,BULL_2013_2014
VFC,legacy,STOCH_ONLY_CONTROL,2014-04-16,2014-04-17,55.534,GREEN,2014-04-07,53.189,4.408806332136339,False,,6.451903338495324,-0.8967479382000154,6.451903338495324,-0.8967479382000154,2.213058666762713,1.7430763136096816,2.7442647747325966,4.426117333525403,True,5.0,True,5.0,True,17.0,BULL_2013_2014
VFC,legacy,V0.1,2014-04-16,2014-04-17,55.534,GREEN,2014-04-07,53.189,4.408806332136339,False,,6.451903338495324,-0.8967479382000154,6.451903338495324,-0.8967479382000154,2.213058666762713,1.7430763136096816,2.7442647747325966,4.426117333525403,True,5.0,True,5.0,True,17.0,BULL_2013_2014
CTAS,legacy,STOCH_ONLY_CONTROL,2014-04-17,2014-04-21,54.279,GREEN,2014-04-04,52.45,3.487130600571975,False,,6.3007793069142615,-0.989332891173389,6.3007793069142615,-0.989332891173389,0.5379612741575723,2.5516313859872186,4.825070469242254,6.216031982903147,True,7.0,True,9.0,True,15.0,BULL_2013_2014
LOW,legacy,V0.1,2014-04-17,2014-04-21,43.923,GREEN,2014-04-08,42.936,2.2987702627166096,True,11.0,2.609111399494579,-5.425403547116547,2.609111399494579,-2.900530473783669,-0.6033285522391463,-0.7991257427771292,-0.8196161464380847,-2.3837169592241025,True,1.0,False,,False,,BULL_2013_2014
BCR,legacy,STOCH_ONLY_CONTROL,2014-04-21,2014-04-22,138.84,GREEN,2014-04-09,134.43,3.2805177415755393,True,1.0,6.230193027945852,-5.9781042927110395,2.0959377700950688,-5.9781042927110395,-3.1042927110342844,-0.7346585998271427,4.609622587150675,4.436761740132522,True,1.0,False,,False,,BULL_2013_2014
BCR,legacy,V0.1,2014-04-21,2014-04-22,138.84,GREEN,2014-04-09,134.43,3.2805177415755393,True,1.0,6.230193027945852,-5.9781042927110395,2.0959377700950688,-5.9781042927110395,-3.1042927110342844,-0.7346585998271427,4.609622587150675,4.436761740132522,True,1.0,False,,False,,BULL_2013_2014
KMB,legacy,STOCH_ONLY_CONTROL,2014-04-28,2014-04-29,99.86,GREEN,2014-04-24,97.587,2.329203684917047,False,,1.2317244141798467,-1.708391748447835,1.2317244141798467,-1.708391748447835,-1.1245744041658345,0.1502102944121786,-1.4029641498097267,-0.5087121970759001,False,,False,,False,,BULL_2013_2014
T,legacy,STOCH_ONLY_CONTROL,2014-04-29,2014-04-30,29.591,GREEN,2014-04-25,28.663,3.2376234169486873,False,,4.0316312392281395,-1.2267243418606966,4.0316312392281395,-1.2267243418606966,0.9259572167212848,2.696765908553278,-0.45621979655976475,-0.12165861241594245,True,6.0,True,6.0,False,,BULL_2013_2014
T,legacy,V0.1,2014-04-29,2014-04-30,29.591,GREEN,2014-04-25,28.663,3.2376234169486873,False,,4.0316312392281395,-1.2267243418606966,4.0316312392281395,-1.2267243418606966,0.9259572167212848,2.696765908553278,-0.45621979655976475,-0.12165861241594245,True,6.0,True,6.0,False,,BULL_2013_2014
PNR,legacy,STOCH_ONLY_CONTROL,2014-04-30,2014-05-01,68.865,GREEN,2014-04-24,66.706,3.2365904116571143,False,,3.540259928846301,-2.0692659551295955,3.540259928846301,-2.0692659551295955,1.7265664706309636,-0.2570246133739795,-0.2570246133739795,0.4748420823349919,True,5.0,True,8.0,False,,BULL_2013_2014
PNR,legacy,V0.1,2014-04-30,2014-05-01,68.865,GREEN,2014-04-24,66.706,3.2365904116571143,False,,3.540259928846301,-2.0692659551295955,3.540259928846301,-2.0692659551295955,1.7265664706309636,-0.2570246133739795,-0.2570246133739795,0.4748420823349919,True,5.0,True,8.0,False,,BULL_2013_2014
CLX,legacy,STOCH_ONLY_CONTROL,2014-05-08,2014-05-09,80.369,GREEN,2014-05-07,79.619,0.9419862093218878,False,,5.52202963829338,-0.47779616518807133,5.52202963829338,-0.47779616518807133,0.5337879032960569,0.16921947517076763,0.7701974641963982,5.080317037663784,True,20.0,True,20.0,True,20.0,BULL_2013_2014
ECL,legacy,STOCH_ONLY_CONTROL,2014-05-09,2014-05-12,101.04,GREEN,2014-05-08,99.85,1.191787681522305,False,,5.186064924782263,-0.31670625494854,5.186064924782263,-0.31670625494854,1.8507521773554858,3.295724465558192,3.701504354710994,4.592240696753769,True,5.0,True,10.0,True,18.0,BULL_2013_2014
ECL,legacy,V0.1,2014-05-09,2014-05-12,101.04,GREEN,2014-05-08,99.85,1.191787681522305,False,,5.186064924782263,-0.31670625494854,5.186064924782263,-0.31670625494854,1.8507521773554858,3.295724465558192,3.701504354710994,4.592240696753769,True,5.0,True,10.0,True,18.0,BULL_2013_2014
EMR,legacy,STOCH_ONLY_CONTROL,2014-05-09,2014-05-12,60.137,GREEN,2014-05-08,59.183,1.611949377354982,True,6.0,2.151753496183706,-2.9831883865174436,1.5398174168980816,-2.9831883865174436,-0.6767880007316651,-0.49886093420024036,-0.36250561218551525,0.4689292781482113,False,,False,,False,,BULL_2013_2014
EMR,legacy,V0.1,2014-05-09,2014-05-12,60.137,GREEN,2014-05-08,59.183,1.611949377354982,True,6.0,2.151753496183706,-2.9831883865174436,1.5398174168980816,-2.9831883865174436,-0.6767880007316651,-0.49886093420024036,-0.36250561218551525,0.4689292781482113,False,,False,,False,,BULL_2013_2014
GPC,legacy,STOCH_ONLY_CONTROL,2014-05-09,2014-05-12,77.516,GREEN,2014-05-06,76.136,1.8125459703688174,True,6.0,2.9310077919397104,-2.260178543784519,1.253934671551682,-2.260178543784519,-0.5366633985241953,0.5289230610454609,0.29542288043757914,1.6332112080086558,False,,False,,False,,BULL_2013_2014
GPC,legacy,V0.1,2014-05-09,2014-05-12,77.516,GREEN,2014-05-06,76.136,1.8125459703688174,True,6.0,2.9310077919397104,-2.260178543784519,1.253934671551682,-2.260178543784519,-0.5366633985241953,0.5289230610454609,0.29542288043757914,1.6332112080086558,False,,False,,False,,BULL_2013_2014
CAH,legacy,STOCH_ONLY_CONTROL,2014-05-12,2014-05-13,60.748,GREEN,2014-05-05,58.664,3.5524342015545995,False,,9.557516296832835,-0.9926252716138673,9.557516296832835,-0.9926252716138673,1.3794692829393496,6.354118654112084,8.80522815565945,7.093237637453087,True,4.0,True,6.0,True,8.0,BULL_2013_2014
CAH,legacy,V0.1,2014-05-12,2014-05-13,60.748,GREEN,2014-05-05,58.664,3.5524342015545995,False,,9.557516296832835,-0.9926252716138673,9.557516296832835,-0.9926252716138673,1.3794692829393496,6.354118654112084,8.80522815565945,7.093237637453087,True,4.0,True,6.0,True,8.0,BULL_2013_2014
LOW,legacy,STOCH_ONLY_CONTROL,2014-05-12,2014-05-13,43.582,GREEN,2014-05-07,42.058,3.6235674544676355,True,2.0,4.212748382359677,-4.68542058648066,0.7158918819696103,-4.68542058648066,-1.679592492313342,0.8833922261484162,1.876921664907516,1.3193520260657898,False,,False,,False,,BULL_2013_2014
MKC,legacy,STOCH_ONLY_CONTROL,2014-05-19,2014-05-20,65.959,GREEN,2014-05-16,65.781,0.2705948526170232,True,0.0,3.8372322200154407,-0.8763019451477505,0.21528525296017342,-0.8095938385967116,0.9339134917145442,3.500659500598857,2.236237662790508,2.8184175017814006,False,,False,,False,,BULL_2013_2014
MKC,legacy,V0.1,2014-05-19,2014-05-20,65.959,GREEN,2014-05-16,65.781,0.2705948526170232,True,0.0,3.8372322200154407,-0.8763019451477505,0.21528525296017342,-0.8095938385967116,0.9339134917145442,3.500659500598857,2.236237662790508,2.8184175017814006,False,,False,,False,,BULL_2013_2014
CVX,legacy,STOCH_ONLY_CONTROL,2014-05-21,2014-05-22,108.4,GREEN,2014-05-20,106.78,1.5171380408316226,True,6.0,6.669741697416964,-1.9833948339483487,0.25830258302583786,-1.9833948339483487,-1.0608856088560992,0.06457564575645947,2.527675276752772,6.632841328413286,False,,False,,False,,BULL_2013_2014
PG,legacy,STOCH_ONLY_CONTROL,2014-05-21,2014-05-22,71.933,GREEN,2014-05-16,71.194,1.0380088209680727,False,,0.5991686708464838,-1.5681258949300059,0.5991686708464838,-1.5681258949300059,0.525488996705259,-0.4212253068828109,-0.9050088276590817,-0.5421711870768675,False,,False,,False,,BULL_2013_2014
PG,legacy,V0.1,2014-05-21,2014-05-22,71.933,GREEN,2014-05-16,71.194,1.0380088209680727,False,,0.5991686708464838,-1.5681258949300059,0.5991686708464838,-1.5681258949300059,0.525488996705259,-0.4212253068828109,-0.9050088276590817,-0.5421711870768675,False,,False,,False,,BULL_2013_2014
HRL,legacy,STOCH_ONLY_CONTROL,2014-05-27,2014-05-28,22.469,GREEN,2014-05-23,21.737,3.3675300179417667,False,,4.361564822644537,-0.3827495660688185,4.361564822644537,-0.3827495660688185,3.760737015443505,1.6511638257154182,2.567982553740711,1.7579776581067241,True,1.0,True,2.0,False,,BULL_2013_2014
NUE,legacy,STOCH_ONLY_CONTROL,2014-05-27,2014-05-28,46.692,GREEN,2014-05-22,45.729,2.1058846683723598,True,2.0,0.5611239612781649,-4.506125246294868,0.3298209543390662,-2.867728947142978,-3.336760044547249,-2.1952368714126536,0.05996744624345851,-3.118307204660331,False,,False,,False,,BULL_2013_2014
NUE,legacy,V0.1,2014-05-27,2014-05-28,46.692,GREEN,2014-05-22,45.729,2.1058846683723598,True,2.0,0.5611239612781649,-4.506125246294868,0.3298209543390662,-2.867728947142978,-3.336760044547249,-2.1952368714126536,0.05996744624345851,-3.118307204660331,False,,False,,False,,BULL_2013_2014
CL,legacy,STOCH_ONLY_CONTROL,2014-05-29,2014-05-30,61.958,GREEN,2014-05-28,61.179,1.2733127380310183,False,,3.7767519932857763,-0.13396171600116302,3.7767519932857763,-0.13396171600116302,1.6139965783272592,1.3751250847348295,2.1514574389102314,2.228929274669933,True,0.0,True,14.0,False,,BULL_2013_2014
ED,legacy,STOCH_ONLY_CONTROL,2014-05-29,2014-05-30,48.242,GREEN,2014-05-13,47.323,1.9419732476808171,False,,5.580199825877874,-0.9721819161726208,5.580199825877874,-0.9721819161726208,1.0613158658430377,1.0426599228887667,3.8244683056258166,5.306579329215211,True,4.0,True,13.0,True,20.0,BULL_2013_2014
ED,legacy,V0.1,2014-05-29,2014-05-30,48.242,GREEN,2014-05-13,47.323,1.9419732476808171,False,,5.580199825877874,-0.9721819161726208,5.580199825877874,-0.9721819161726208,1.0613158658430377,1.0426599228887667,3.8244683056258166,5.306579329215211,True,4.0,True,13.0,True,20.0,BULL_2013_2014
T,legacy,STOCH_ONLY_CONTROL,2014-05-30,2014-06-02,29.649,GREEN,2014-05-22,29.228,1.4403996168057986,True,6.0,0.6981685722958542,-2.4823771459408395,0.2799419879253806,-1.973085095618743,-1.386218759485991,-1.4671658403318855,-0.31704273331309984,-0.3979898141590055,False,,False,,False,,BULL_2013_2014
T,legacy,V0.1,2014-05-30,2014-06-02,29.649,GREEN,2014-05-22,29.228,1.4403996168057986,True,6.0,0.6981685722958542,-2.4823771459408395,0.2799419879253806,-1.973085095618743,-1.386218759485991,-1.4671658403318855,-0.31704273331309984,-0.3979898141590055,False,,False,,False,,BULL_2013_2014
WMT,legacy,STOCH_ONLY_CONTROL,2014-05-30,2014-06-02,70.096,GREEN,2014-05-19,68.871,1.7786876914811955,True,11.0,1.5421707372746063,-2.4908696644601824,1.5421707372746063,-2.1656014608536833,0.56351289659895,-1.6177813284638187,-1.0300159780872065,-1.968728600776093,False,,False,,False,,BULL_2013_2014
WMT,legacy,V0.1,2014-05-30,2014-06-02,70.096,GREEN,2014-05-19,68.871,1.7786876914811955,True,11.0,1.5421707372746063,-2.4908696644601824,1.5421707372746063,-2.1656014608536833,0.56351289659895,-1.6177813284638187,-1.0300159780872065,-1.968728600776093,False,,False,,False,,BULL_2013_2014
CVX,legacy,V0.1,2014-06-03,2014-06-04,106.87,GREEN,2014-05-28,106.25,0.5835294117647161,False,,9.170019650042093,-0.28071488724620286,9.170019650042093,-0.28071488724620286,2.3112192383269337,6.484513895386912,7.261158416768021,6.456442406662299,True,4.0,True,6.0,True,8.0,BULL_2013_2014
XOM,legacy,STOCH_ONLY_CONTROL,2014-06-05,2014-06-06,88.564,GREEN,2014-06-02,87.67,1.0197330899965662,False,,3.99710943498488,-0.09033015672281763,3.99710943498488,-0.09033015672281763,2.032428526263508,3.197687547987904,0.5995664152477431,2.032428526263508,True,4.0,True,10.0,False,,BULL_2013_2014
HCP,legacy,STOCH_ONLY_CONTROL,2014-06-13,2014-06-16,34.129,GREEN,2014-06-12,33.777,1.0421292595553133,True,1.0,1.1368630783205047,-3.4545401271645626,0.36625743502594066,-2.9681502534501414,-0.5039702305956739,-0.0439508922031151,-0.5303407659175363,0.36625743502594066,False,,False,,False,,BULL_2013_2014
MCD,legacy,STOCH_ONLY_CONTROL,2014-06-16,2014-06-17,91.207,GREEN,2014-06-11,89.847,1.5136843745478412,True,20.0,1.3628339930049416,-2.134704573113888,1.3628339930049416,-2.134704573113888,0.5514927582312756,0.08880897299550217,0.15897902573267508,-1.6281645049173843,False,,False,,False,,BULL_2013_2014
MCD,legacy,V0.1,2014-06-16,2014-06-17,91.207,GREEN,2014-06-11,89.847,1.5136843745478412,True,20.0,1.3628339930049416,-2.134704573113888,1.3628339930049416,-2.134704573113888,0.5514927582312756,0.08880897299550217,0.15897902573267508,-1.6281645049173843,False,,False,,False,,BULL_2013_2014
EMR,legacy,STOCH_ONLY_CONTROL,2014-06-17,2014-06-18,60.223,GREEN,2014-06-16,59.166,1.7864990028056749,False,,2.2615944074523053,-1.9643657738737663,2.2615944074523053,-1.9643657738737663,-0.3885558673596523,-0.9514637264832371,-0.11955565149527336,-0.4466731979476224,True,2.0,False,,False,,BULL_2013_2014
CAH,legacy,STOCH_ONLY_CONTROL,2014-06-18,2014-06-19,64.162,GREEN,2014-06-16,62.747,2.2550878926482554,False,,4.239269349459174,-0.9117546211153127,4.239269349459174,-0.9117546211153127,0.3802873975250254,2.598111031451622,2.6947414357407773,3.542595305632612,True,9.0,True,14.0,False,,BULL_2013_2014
VFC,legacy,STOCH_ONLY_CONTROL,2014-06-18,2014-06-19,57.951,GREEN,2014-06-16,56.848,1.9402617506332653,True,20.0,1.8774481889872519,-3.7548963779745037,1.8774481889872519,-3.7548963779745037,-0.06039585166779382,1.4425980569791719,-0.42967334472227003,-2.4330900243309084,False,,False,,False,,BULL_2013_2014
BCR,legacy,STOCH_ONLY_CONTROL,2014-06-20,2014-06-23,138.15,GREEN,2014-06-12,133.69,3.3360759967088205,False,,5.001809627216791,-0.18820123054652527,5.001809627216791,-0.18820123054652527,1.9037278320665818,3.966702859210991,4.140427072023156,2.6492942453854473,True,2.0,True,2.0,True,15.0,BULL_2013_2014
BCR,legacy,V0.1,2014-06-20,2014-06-23,138.15,GREEN,2014-06-12,133.69,3.3360759967088205,False,,5.001809627216791,-0.18820123054652527,5.001809627216791,-0.18820123054652527,1.9037278320665818,3.966702859210991,4.140427072023156,2.6492942453854473,True,2.0,True,2.0,True,15.0,BULL_2013_2014
HCP,legacy,V0.1,2014-06-20,2014-06-23,33.799,GREEN,2014-06-17,32.95,2.5766312594840635,False,,3.588863575845447,-1.3639456788662296,3.588863575845447,-1.3639456788662296,0.9319802361016594,0.4408414450131737,1.3461936743690561,2.8491967217965097,True,12.0,True,19.0,False,,BULL_2013_2014
MKC,legacy,STOCH_ONLY_CONTROL,2014-06-26,2014-06-27,65.631,GREEN,2014-06-25,63.895,2.716957508412232,False,,2.5780500068565138,-1.8664960156023702,2.5780500068565138,-1.8664960156023702,1.7781231430269218,0.722219682771863,0.5210952141518455,-1.6547058554646443,True,1.0,False,,False,,BULL_2013_2014
BMS,legacy,STOCH_ONLY_CONTROL,2014-06-27,2014-06-30,37.553,GREEN,2014-06-25,37.074,1.2920105734476994,True,6.0,0.6311080339786557,-2.870609538518887,0.6311080339786557,-1.8693579740633237,-1.0598354325885961,-0.023966127872609988,-2.2608047293158906,-2.750778899155848,False,,False,,False,,BULL_2013_2014
ECL,legacy,STOCH_ONLY_CONTROL,2014-06-27,2014-06-30,104.92,GREEN,2014-06-26,102.34,2.5210084033613356,False,,3.0022874571101754,-0.28593213877239343,3.0022874571101754,-0.28593213877239343,1.2771635531833914,1.124666412504749,0.9054517727792533,0.7624857033930565,True,0.0,True,1.0,False,,BULL_2013_2014
PG,legacy,STOCH_ONLY_CONTROL,2014-06-27,2014-06-30,70.717,GREEN,2014-06-26,70.278,0.6246620564045458,False,,3.6695561180480007,-0.7339112236096068,3.6695561180480007,-0.7339112236096068,1.9627529448364767,2.8465574048673004,2.186178712332265,0.34079499978789674,True,5.0,True,6.0,False,,BULL_2013_2014
CINF,legacy,STOCH_ONLY_CONTROL,2014-07-01,2014-07-02,43.401,GREEN,2014-06-26,42.844,1.300065353375035,True,6.0,0.8225616921269108,-5.17499596783485,0.599064537683458,-1.721158498652109,-1.1451349047256976,-0.9953687703048386,-0.5437662726665349,-4.698048432063784,False,,False,,False,,BULL_2013_2014
CINF,legacy,V0.1,2014-07-01,2014-07-02,43.401,GREEN,2014-06-26,42.844,1.300065353375035,True,6.0,0.8225616921269108,-5.17499596783485,0.599064537683458,-1.721158498652109,-1.1451349047256976,-0.9953687703048386,-0.5437662726665349,-4.698048432063784,False,,False,,False,,BULL_2013_2014
WMT,legacy,STOCH_ONLY_CONTROL,2014-07-01,2014-07-02,68.888,GREEN,2014-06-30,68.422,0.6810674929116578,True,20.0,3.0672976425502263,-2.2834165602136913,3.0672976425502263,-2.2834165602136913,2.3951921960283284,1.7971199628382228,1.4487283706886345,-2.232609453025214,True,3.0,True,5.0,False,,BULL_2013_2014
CB,legacy,STOCH_ONLY_CONTROL,2014-07-02,2014-07-03,96.251,GREEN,2014-06-26,94.674,1.6657160360816992,True,18.0,1.1594684730548144,-4.235800147530933,1.1594684730548144,-2.4955584877040193,-0.15895938743494265,-0.6534997038991852,-0.5942795399528356,-3.7464545822900597,False,,False,,False,,BULL_2013_2014
CB,legacy,V0.1,2014-07-02,2014-07-03,96.251,GREEN,2014-06-26,94.674,1.6657160360816992,True,18.0,1.1594684730548144,-4.235800147530933,1.1594684730548144,-2.4955584877040193,-0.15895938743494265,-0.6534997038991852,-0.5942795399528356,-3.7464545822900597,False,,False,,False,,BULL_2013_2014
NUE,legacy,STOCH_ONLY_CONTROL,2014-07-02,2014-07-03,45.055,GREEN,2014-06-27,44.131,2.0937662867372087,False,,6.427699478415283,-1.4315836200199827,6.427699478415283,-1.4315836200199827,-0.6458772611252828,1.0653645544334678,3.1960936633004033,0.13539007879259657,True,0.0,True,14.0,True,14.0,BULL_2013_2014
EMR,legacy,V0.1,2014-07-03,2014-07-07,60.294,GREEN,2014-07-02,59.192,1.8617380727125266,True,16.0,1.2920025209805397,-6.899525657611038,1.2920025209805397,-1.870832918698373,-0.145951504295605,0.0,-0.4146349553852735,-5.0038146415895435,False,,False,,False,,BULL_2013_2014
XOM,legacy,STOCH_ONLY_CONTROL,2014-07-03,2014-07-07,90.078,GREEN,2014-06-30,88.484,1.8014556303964646,True,18.0,2.38126956637581,-4.050933635293852,2.38126956637581,-3.31823530717823,0.34969692932791396,0.7426896689535667,2.00270876351607,-2.145917982193213,True,12.0,False,,False,,BULL_2013_2014
XOM,legacy,V0.1,2014-07-03,2014-07-07,90.078,GREEN,2014-06-30,88.484,1.8014556303964646,True,18.0,2.38126956637581,-4.050933635293852,2.38126956637581,-3.31823530717823,0.34969692932791396,0.7426896689535667,2.00270876351607,-2.145917982193213,True,12.0,False,,False,,BULL_2013_2014
GWW,legacy,STOCH_ONLY_CONTROL,2014-07-07,2014-07-08,231.95,GREEN,2014-06-25,230.22,0.7514551298757555,True,2.0,0.25005389092478403,-7.704246604871734,0.25005389092478403,-1.6469066609183014,-1.862470359991375,-3.461953007113605,-4.707911187755975,-6.251347273119212,False,,False,,False,,BULL_2013_2014
SYY,legacy,STOCH_ONLY_CONTROL,2014-07-11,2014-07-14,33.841,GREEN,2014-07-10,33.52,0.9576372315035719,True,3.0,1.566147572471266,-4.207913477734104,0.34868945953134833,-1.6725274075825247,-0.972193493100082,-1.1908631541621029,-2.857480570905113,1.0283384060754575,False,,False,,False,,BULL_2013_2014
SYY,legacy,V0.1,2014-07-11,2014-07-14,33.841,GREEN,2014-07-10,33.52,0.9576372315035719,True,3.0,1.566147572471266,-4.207913477734104,0.34868945953134833,-1.6725274075825247,-0.972193493100082,-1.1908631541621029,-2.857480570905113,1.0283384060754575,False,,False,,False,,BULL_2013_2014
BF-B,legacy,STOCH_ONLY_CONTROL,2014-07-14,2014-07-15,44.83,GREEN,2014-07-10,44.477,0.7936686377228774,True,1.0,0.2587552977916463,-7.760428284630827,0.2587552977916463,-1.2357796118670383,-1.0238679455721544,-3.9549408877983416,-5.726076288199867,-2.045505242025436,False,,False,,False,,BULL_2013_2014
MHFI,legacy,STOCH_ONLY_CONTROL,2014-07-14,2014-07-15,79.129,GREEN,2014-07-10,77.779,1.7356870106326916,True,10.0,1.3585411164048544,-5.8714251412250835,1.3585411164048544,-3.6206700451162144,-0.021483906026875665,-1.9006938037887555,-4.952672218782006,-5.267348254116699,False,,False,,False,,BULL_2013_2014
PNR,legacy,STOCH_ONLY_CONTROL,2014-07-14,2014-07-15,66.743,GREEN,2014-06-25,64.575,3.357336430507152,True,12.0,2.26690439446835,-12.26046177127188,2.26690439446835,-11.312047705377337,0.584330941072464,-2.427220832147181,-9.747838724660252,-4.533808788936666,True,1.0,False,,False,,BULL_2013_2014
PNR,legacy,V0.1,2014-07-14,2014-07-15,66.743,GREEN,2014-06-25,64.575,3.357336430507152,True,12.0,2.26690439446835,-12.26046177127188,2.26690439446835,-11.312047705377337,0.584330941072464,-2.427220832147181,-9.747838724660252,-4.533808788936666,True,1.0,False,,False,,BULL_2013_2014
ITW,legacy,STOCH_ONLY_CONTROL,2014-07-15,2014-07-16,80.655,GREEN,2014-07-09,79.686,1.2160228898426162,True,1.0,0.19589610067571872,-5.537164465935163,0.19589610067571872,-2.077986485648753,-1.073709007501089,-2.795858905213555,-4.30971421486579,-0.5889281507655997,False,,False,,False,,BULL_2013_2014
ITW,legacy,V0.1,2014-07-15,2014-07-16,80.655,GREEN,2014-07-09,79.686,1.2160228898426162,True,1.0,0.19589610067571872,-5.537164465935163,0.19589610067571872,-2.077986485648753,-1.073709007501089,-2.795858905213555,-4.30971421486579,-0.5889281507655997,False,,False,,False,,BULL_2013_2014
TROW,legacy,STOCH_ONLY_CONTROL,2014-07-15,2014-07-16,73.608,GREEN,2014-07-14,72.68,1.2768299394606553,True,1.0,0.23231170524942168,-8.485490707531806,0.23231170524942168,-2.9806542767090605,-0.4469622867079748,-3.499619606564519,-5.954515813498551,-4.915226605803724,False,,False,,False,,BULL_2013_2014
WAG,legacy,STOCH_ONLY_CONTROL,2014-07-15,2014-07-16,67.395,GREEN,2014-07-09,66.233,1.754412453006804,True,1.0,2.544699161658892,-19.701758290674388,0.6825432153720667,-2.7954596038281765,1.3636026411454782,-1.4333407522813202,-17.674901698939095,-13.171600267082118,False,,False,,False,,BULL_2013_2014
WAG,legacy,V0.1,2014-07-15,2014-07-16,67.395,GREEN,2014-07-09,66.233,1.754412453006804,True,1.0,2.544699161658892,-19.701758290674388,0.6825432153720667,-2.7954596038281765,1.3636026411454782,-1.4333407522813202,-17.674901698939095,-13.171600267082118,False,,False,,False,,BULL_2013_2014
CVX,legacy,STOCH_ONLY_CONTROL,2014-07-16,2014-07-17,114.11,GREEN,2014-07-14,112.13,1.7658075448140576,True,11.0,3.4177547980019263,-4.635877661905186,3.4177547980019263,-3.2687757427044106,3.2249583734992537,-1.060380334764699,-3.812111120848294,-2.8043116291297854,True,4.0,True,5.0,False,,BULL_2013_2014
SHW,legacy,STOCH_ONLY_CONTROL,2014-07-17,2014-07-18,203.65,GREEN,2014-07-14,194.65,4.623683534549183,False,,2.27350847041492,-3.3930763564939848,2.27350847041492,-3.3930763564939848,0.9280628529339419,-2.8627547262460196,-0.8986005401424024,1.2128652099189674,True,3.0,False,,False,,BULL_2013_2014
DOV,legacy,STOCH_ONLY_CONTROL,2014-07-18,2014-07-21,82.242,GREEN,2014-07-17,80.212,2.5307933974966446,True,8.0,2.096252523041753,-5.277109019722282,2.096252523041753,-3.3170399552540197,-0.6529510469103439,-2.8185112229760945,-2.964422071447681,0.28331023078231876,True,1.0,False,,False,,BULL_2013_2014
GPC,legacy,STOCH_ONLY_CONTROL,2014-07-18,2014-07-21,80.255,GREEN,2014-07-17,78.553,2.1666900054740035,True,1.0,2.4123107594542503,-6.415799638651798,2.4123107594542503,-2.325088779515294,-3.3630303407887308,-5.333001059124043,-4.206591489626799,-1.8715344838327819,True,0.0,False,,False,,BULL_2013_2014
HRL,legacy,STOCH_ONLY_CONTROL,2014-07-18,2014-07-21,22.822,GREEN,2014-07-17,22.527,1.3095396635148804,True,5.0,0.21032337218473973,-7.085268600473227,0.21032337218473973,-2.1426693541319763,-2.011217246516517,-6.108141267198308,-3.2249583734992537,-1.8622381912190011,False,,False,,False,,BULL_2013_2014
JNJ,legacy,STOCH_ONLY_CONTROL,2014-07-22,2014-07-23,93.896,GREEN,2014-07-17,91.648,2.4528631284916225,True,6.0,0.5740393626991525,-3.819119025304596,0.2012865297776223,-2.601814773792277,-0.42067819715428945,-1.963874925449427,-0.9531822441850468,0.48351367470391704,False,,False,,False,,BULL_2013_2014
SWK,legacy,STOCH_ONLY_CONTROL,2014-07-22,2014-07-23,80.819,GREEN,2014-07-10,79.441,1.7346206618748417,False,,6.405671933579971,-1.601108650193639,6.405671933579971,-1.601108650193639,3.56970514359245,0.4169811554213698,3.5585691483438264,6.070354743315298,True,2.0,True,2.0,True,2.0,BULL_2013_2014
SWK,legacy,V0.1,2014-07-22,2014-07-23,80.819,GREEN,2014-07-10,79.441,1.7346206618748417,False,,6.405671933579971,-1.601108650193639,6.405671933579971,-1.601108650193639,3.56970514359245,0.4169811554213698,3.5585691483438264,6.070354743315298,True,2.0,True,2.0,True,2.0,BULL_2013_2014
TROW,legacy,V0.1,2014-07-22,2014-07-23,73.03,GREEN,2014-07-17,71.289,2.4421720040959993,True,4.0,0.4217444885663335,-7.76119402985076,0.4217444885663335,-3.1849924688484244,-2.7358619745310175,-5.210187594139404,-4.162672874161311,-3.027522935779814,False,,False,,False,,BULL_2013_2014
VFC,legacy,STOCH_ONLY_CONTROL,2014-07-23,2014-07-24,56.959,GREEN,2014-07-21,56.068,1.5891417564386279,False,,3.8097578960304634,-2.57202549202058,3.8097578960304634,-2.57202549202058,-0.2124335048017012,0.5530293720044099,0.8813356976070441,3.45511683842763,True,0.0,True,19.0,False,,BULL_2013_2014
LEG,legacy,STOCH_ONLY_CONTROL,2014-07-24,2014-07-25,29.859,GREEN,2014-07-16,29.631,0.7694644122709482,False,,7.411500720050901,-0.6396731303794589,7.411500720050901,-0.6396731303794589,-0.42868146957366626,2.8333165879634192,4.3303526574902,6.889045179007991,True,0.0,True,0.0,True,14.0,BULL_2013_2014
LEG,legacy,V0.1,2014-07-24,2014-07-25,29.859,GREEN,2014-07-16,29.631,0.7694644122709482,False,,7.411500720050901,-0.6396731303794589,7.411500720050901,-0.6396731303794589,-0.42868146957366626,2.8333165879634192,4.3303526574902,6.889045179007991,True,0.0,True,0.0,True,14.0,BULL_2013_2014
BMS,legacy,STOCH_ONLY_CONTROL,2014-07-28,2014-07-29,36.935,GREEN,2014-07-24,36.475,1.261137765592868,True,1.0,2.282387978881806,-3.118992825233524,0.47380533369432154,-2.2228238797888267,-1.597400839312313,-0.598348449979702,0.9773927169351548,1.1831596047109816,False,,False,,False,,BULL_2013_2014
PG,legacy,STOCH_ONLY_CONTROL,2014-08-01,2014-08-04,71.687,GREEN,2014-07-29,69.729,2.8080138823158185,False,,5.500299914907858,-1.004366203077267,5.500299914907858,-1.004366203077267,2.541604475009418,3.7524237309414454,5.134822213232515,4.42897596495877,True,2.0,True,5.0,True,13.0,BULL_2013_2014
CTAS,legacy,STOCH_ONLY_CONTROL,2014-08-04,2014-08-05,59.953,GREEN,2014-08-01,58.661,2.2024854673462713,False,,5.502643737594437,-1.511183760612489,5.502643737594437,-1.511183760612489,2.607042183043373,3.584474505028923,3.787967241005452,4.320050706386658,True,4.0,True,6.0,True,19.0,BULL_2013_2014
ECL,legacy,STOCH_ONLY_CONTROL,2014-08-04,2014-08-05,105.11,GREEN,2014-07-31,103.29,1.762029238067564,False,,5.75587479783084,-1.503187137284745,5.75587479783084,-1.503187137284745,0.7515935686423836,4.233659975264015,5.204071924650355,5.175530396727246,True,7.0,True,8.0,True,14.0,BULL_2013_2014
ADM,legacy,STOCH_ONLY_CONTROL,2014-08-05,2014-08-06,44.161,GREEN,2014-08-01,42.245,4.53544798200971,False,,5.378048504336408,0.0,5.378048504336408,0.0,3.79520391295487,3.797468354430378,3.3355222934263296,4.630782817418089,True,3.0,True,3.0,True,18.0,BULL_2013_2014
ADM,legacy,V0.1,2014-08-05,2014-08-06,44.161,GREEN,2014-08-01,42.245,4.53544798200971,False,,5.378048504336408,0.0,5.378048504336408,0.0,3.79520391295487,3.797468354430378,3.3355222934263296,4.630782817418089,True,3.0,True,3.0,True,18.0,BULL_2013_2014
BF-B,legacy,V0.1,2014-08-05,2014-08-06,42.188,GREEN,2014-07-25,41.351,2.0241348455902086,False,,6.103631364369,0.0,6.103631364369,0.0,4.020100502512558,5.060680762302061,4.325874656300366,4.373281501848858,True,0.0,True,1.0,True,7.0,BULL_2013_2014
BMS,legacy,V0.1,2014-08-05,2014-08-06,36.27,GREEN,2014-07-29,35.783,1.360981471648559,False,,4.648469809760125,-0.6065618968844944,4.648469809760125,-0.6065618968844944,1.2489660876757513,2.531017369727051,3.192721257237374,4.039150813344361,True,8.0,True,11.0,False,,BULL_2013_2014
EMR,legacy,STOCH_ONLY_CONTROL,2014-08-05,2014-08-06,55.55,GREEN,2014-07-30,54.467,1.9883599243578631,False,,6.241224122412259,-0.8370837083708338,6.241224122412259,-0.8370837083708338,2.2952295229523134,4.619261926192619,4.486048604860504,4.876687668766877,True,5.0,True,8.0,True,12.0,BULL_2013_2014
JNJ,legacy,V0.1,2014-08-05,2014-08-06,91.104,GREEN,2014-08-01,90.31,0.8791938877200645,False,,5.167720407446441,-0.0889093782929451,5.167720407446441,-0.0889093782929451,2.08223568668775,3.562961011591148,4.262161924833152,4.890015806111703,True,3.0,True,8.0,True,12.0,BULL_2013_2014
MKC,legacy,STOCH_ONLY_CONTROL,2014-08-05,2014-08-06,62.274,GREEN,2014-07-24,60.949,2.173948711217588,False,,5.9093682756848676,0.0,5.9093682756848676,0.0,2.9835886565822145,4.586183640042374,4.902527539583135,4.253781674535118,True,1.0,True,3.0,True,11.0,BULL_2013_2014
MKC,legacy,V0.1,2014-08-05,2014-08-06,62.274,GREEN,2014-07-24,60.949,2.173948711217588,False,,5.9093682756848676,0.0,5.9093682756848676,0.0,2.9835886565822145,4.586183640042374,4.902527539583135,4.253781674535118,True,1.0,True,3.0,True,11.0,BULL_2013_2014
PEP,legacy,STOCH_ONLY_CONTROL,2014-08-05,2014-08-06,80.888,GREEN,2014-07-31,79.768,1.4040718082439119,False,,5.778360201760457,-0.2917614479280073,5.778360201760457,-0.2917614479280073,3.443032341014729,3.9931757491840525,3.9931757491840525,4.303481356937988,True,0.0,True,3.0,True,11.0,BULL_2013_2014
PEP,legacy,V0.1,2014-08-05,2014-08-06,80.888,GREEN,2014-07-31,79.768,1.4040718082439119,False,,5.778360201760457,-0.2917614479280073,5.778360201760457,-0.2917614479280073,3.443032341014729,3.9931757491840525,3.9931757491840525,4.303481356937988,True,0.0,True,3.0,True,11.0,BULL_2013_2014
CL,legacy,STOCH_ONLY_CONTROL,2014-08-07,2014-08-08,59.889,GREEN,2014-07-24,58.511,2.3551127138486727,False,,2.0671575748467896,-1.1521314431698682,2.0671575748467896,-1.1521314431698682,-0.3740252801015309,0.3105745629414347,0.5576984087227954,-1.137103641737225,True,1.0,False,,False,,BULL_2013_2014
CL,legacy,V0.1,2014-08-07,2014-08-08,59.889,GREEN,2014-07-24,58.511,2.3551127138486727,False,,2.0671575748467896,-1.1521314431698682,2.0671575748467896,-1.1521314431698682,-0.3740252801015309,0.3105745629414347,0.5576984087227954,-1.137103641737225,True,1.0,False,,False,,BULL_2013_2014
CLX,legacy,STOCH_ONLY_CONTROL,2014-08-07,2014-08-08,80.081,GREEN,2014-07-23,79.043,1.3132092658426409,False,,3.0381738489779098,-0.02372597744784155,3.0381738489779098,-0.02372597744784155,1.4697618661105638,2.351369238645873,1.6533260074174772,2.4425269414717565,True,1.0,True,19.0,False,,BULL_2013_2014
CLX,legacy,V0.1,2014-08-07,2014-08-08,80.081,GREEN,2014-07-23,79.043,1.3132092658426409,False,,3.0381738489779098,-0.02372597744784155,3.0381738489779098,-0.02372597744784155,1.4697618661105638,2.351369238645873,1.6533260074174772,2.4425269414717565,True,1.0,True,19.0,False,,BULL_2013_2014
KMB,legacy,STOCH_ONLY_CONTROL,2014-08-07,2014-08-08,96.276,GREEN,2014-07-24,93.74,2.7053552378920376,False,,3.154472558062249,-0.5172628692508896,3.154472558062249,-0.5172628692508896,1.33054966969961,2.2975611782791283,1.5943745066267834,1.42091486974949,True,1.0,True,11.0,False,,BULL_2013_2014
KMB,legacy,V0.1,2014-08-07,2014-08-08,96.276,GREEN,2014-07-24,93.74,2.7053552378920376,False,,3.154472558062249,-0.5172628692508896,3.154472558062249,-0.5172628692508896,1.33054966969961,2.2975611782791283,1.5943745066267834,1.42091486974949,True,1.0,True,11.0,False,,BULL_2013_2014
ADP,legacy,STOCH_ONLY_CONTROL,2014-08-08,2014-08-11,66.008,GREEN,2014-08-07,64.871,1.7527092229193242,False,,4.023754696400439,-0.34692764513392094,4.023754696400439,-0.34692764513392094,2.513331717367606,2.9693370500545546,3.0526602836019823,2.955702339110422,True,3.0,True,3.0,False,,BULL_2013_2014
BDX,legacy,STOCH_ONLY_CONTROL,2014-08-08,2014-08-11,110.43,GREEN,2014-08-07,108.35,1.9197046608214308,False,,1.9378791994928868,-1.276826949198595,1.9378791994928868,-1.276826949198595,1.15004980530653,0.769718373630357,0.2626097980621189,-0.398442452232195,False,,False,,False,,BULL_2013_2014
BEN,legacy,STOCH_ONLY_CONTROL,2014-08-08,2014-08-11,51.119,GREEN,2014-08-01,49.438,3.4002184554391413,False,,5.160507834660288,-0.958547702419843,5.160507834660288,-0.958547702419843,1.504333026858884,3.544670279152551,3.965257536336786,2.527435982707016,True,5.0,True,8.0,True,17.0,BULL_2013_2014
BEN,legacy,V0.1,2014-08-08,2014-08-11,51.119,GREEN,2014-08-01,49.438,3.4002184554391413,False,,5.160507834660288,-0.958547702419843,5.160507834660288,-0.958547702419843,1.504333026858884,3.544670279152551,3.965257536336786,2.527435982707016,True,5.0,True,8.0,True,17.0,BULL_2013_2014
ED,legacy,STOCH_ONLY_CONTROL,2014-08-08,2014-08-11,50.235,GREEN,2014-08-04,48.181,4.263091260040275,False,,3.2726186921469003,-0.6569125111973717,3.2726186921469003,-0.6569125111973717,1.0152284263959421,2.046382004578473,1.5686274509804088,1.1585547924753747,True,6.0,True,15.0,False,,BULL_2013_2014
ED,legacy,V0.1,2014-08-08,2014-08-11,50.235,GREEN,2014-08-04,48.181,4.263091260040275,False,,3.2726186921469003,-0.6569125111973717,3.2726186921469003,-0.6569125111973717,1.0152284263959421,2.046382004578473,1.5686274509804088,1.1585547924753747,True,6.0,True,15.0,False,,BULL_2013_2014
HRL,legacy,V0.1,2014-08-08,2014-08-11,21.825,GREEN,2014-07-24,21.205,2.9238387172836555,False,,11.074455899198178,0.0,11.074455899198178,0.0,2.620847651775482,8.458190148911804,10.171821305841933,8.95303550973654,True,3.0,True,4.0,True,8.0,BULL_2013_2014
ABT,legacy,STOCH_ONLY_CONTROL,2014-08-11,2014-08-12,38.909,GREEN,2014-08-07,38.204,1.8453565071720135,False,,2.791128016654243,-1.1693952555963838,2.791128016654243,-1.1693952555963838,1.5035081857667887,2.1229021563134554,2.0329486751137438,2.359351306895574,True,10.0,False,,False,,BULL_2013_2014
ABT,legacy,V0.1,2014-08-11,2014-08-12,38.909,GREEN,2014-08-07,38.204,1.8453565071720135,False,,2.791128016654243,-1.1693952555963838,2.791128016654243,-1.1693952555963838,1.5035081857667887,2.1229021563134554,2.0329486751137438,2.359351306895574,True,10.0,False,,False,,BULL_2013_2014
CVX,legacy,V0.1,2014-08-11,2014-08-12,111.05,GREEN,2014-08-04,108.82,2.0492556515346427,False,,2.74651058081945,-2.4223322827555127,2.74651058081945,-2.4223322827555127,1.2336785231877645,1.728950923007666,1.4317874831157207,-1.4137775776677075,True,10.0,False,,False,,BULL_2013_2014
DOV,legacy,V0.1,2014-08-11,2014-08-12,79.486,GREEN,2014-07-31,77.902,2.03332391979667,False,,5.755730568905215,-0.02264549732028387,5.755730568905215,-0.02264549732028387,4.365548650076745,3.969252446971794,3.4182120121782456,1.5537327328082995,True,1.0,True,3.0,True,6.0,BULL_2013_2014
EMR,legacy,V0.1,2014-08-11,2014-08-12,56.078,GREEN,2014-08-07,55.183,1.6218763024844707,False,,5.240914440600597,-0.28888334106067504,5.240914440600597,-0.28888334106067504,2.749741431577446,3.4077534862156256,3.327508113698774,4.484824708441804,True,4.0,True,5.0,True,16.0,BULL_2013_2014
GPC,legacy,V0.1,2014-08-11,2014-08-12,76.861,GREEN,2014-07-23,75.106,2.336697467579163,False,,5.889853111460952,-0.6765459725999068,5.889853111460952,-0.6765459725999068,2.9624907300191294,4.462601319264636,4.742327057935758,4.812583755090349,True,3.0,True,5.0,True,7.0,BULL_2013_2014
HCP,legacy,STOCH_ONLY_CONTROL,2014-08-11,2014-08-12,34.113,GREEN,2014-08-06,33.758,1.0516025830914044,False,,7.416527423562869,-0.126051651862924,7.416527423562869,-0.126051651862924,4.013132823263854,4.1362530413625365,6.065136458241738,3.8460410987013693,True,1.0,True,2.0,True,7.0,BULL_2013_2014
HCP,legacy,V0.1,2014-08-11,2014-08-12,34.113,GREEN,2014-08-06,33.758,1.0516025830914044,False,,7.416527423562869,-0.126051651862924,7.416527423562869,-0.126051651862924,4.013132823263854,4.1362530413625365,6.065136458241738,3.8460410987013693,True,1.0,True,2.0,True,7.0,BULL_2013_2014
MMM,legacy,STOCH_ONLY_CONTROL,2014-08-11,2014-08-12,129.55,GREEN,2014-07-31,127.54,1.5759761643405978,False,,4.05248938633731,-0.13894249324585273,4.05248938633731,-0.13894249324585273,2.5781551524507673,3.450405248938626,2.8869162485526623,3.473562331146285,True,4.0,True,5.0,False,,BULL_2013_2014
MMM,legacy,V0.1,2014-08-11,2014-08-12,129.55,GREEN,2014-07-31,127.54,1.5759761643405978,False,,4.05248938633731,-0.13894249324585273,4.05248938633731,-0.13894249324585273,2.5781551524507673,3.450405248938626,2.8869162485526623,3.473562331146285,True,4.0,True,5.0,False,,BULL_2013_2014
PPG,legacy,STOCH_ONLY_CONTROL,2014-08-11,2014-08-12,95.044,GREEN,2014-07-31,93.369,1.7939573091711347,False,,3.7508943226295166,-0.44400488194941135,3.7508943226295166,-0.44400488194941135,2.6471949833761332,3.554143344135352,2.0927149530743705,1.5561213753629843,True,3.0,True,7.0,False,,BULL_2013_2014
PPG,legacy,V0.1,2014-08-11,2014-08-12,95.044,GREEN,2014-07-31,93.369,1.7939573091711347,False,,3.7508943226295166,-0.44400488194941135,3.7508943226295166,-0.44400488194941135,2.6471949833761332,3.554143344135352,2.0927149530743705,1.5561213753629843,True,3.0,True,7.0,False,,BULL_2013_2014
XOM,legacy,STOCH_ONLY_CONTROL,2014-08-11,2014-08-12,87.055,GREEN,2014-08-04,85.944,1.2927022247044562,True,20.0,2.1388777209809806,-2.4226063982539903,2.1388777209809806,-2.4226063982539903,1.3026247774395427,1.4576991557061492,0.9201079777152232,-1.4232381827580354,True,10.0,False,,False,,BULL_2013_2014
XOM,legacy,V0.1,2014-08-11,2014-08-12,87.055,GREEN,2014-08-04,85.944,1.2927022247044562,True,20.0,2.1388777209809806,-2.4226063982539903,2.1388777209809806,-2.4226063982539903,1.3026247774395427,1.4576991557061492,0.9201079777152232,-1.4232381827580354,True,10.0,False,,False,,BULL_2013_2014
CB,legacy,STOCH_ONLY_CONTROL,2014-08-12,2014-08-13,94.132,GREEN,2014-07-30,91.944,2.3797093883233256,False,,5.342497769090215,-0.4706157311010206,5.342497769090215,-0.4706157311010206,2.521990396464524,4.019886967237496,3.967832405558158,3.550333574129949,True,2.0,True,6.0,True,13.0,BULL_2013_2014
CB,legacy,V0.1,2014-08-12,2014-08-13,94.132,GREEN,2014-07-30,91.944,2.3797093883233256,False,,5.342497769090215,-0.4706157311010206,5.342497769090215,-0.4706157311010206,2.521990396464524,4.019886967237496,3.967832405558158,3.550333574129949,True,2.0,True,6.0,True,13.0,BULL_2013_2014
KO,legacy,STOCH_ONLY_CONTROL,2014-08-12,2014-08-13,35.786,GREEN,2014-07-24,35.211,1.63301241089433,False,,6.714916447772867,0.0,6.714916447772867,0.0,3.9065556362823273,4.7867881294360926,5.468619013021847,6.441066338791712,True,2.0,True,2.0,True,6.0,BULL_2013_2014
KO,legacy,V0.1,2014-08-12,2014-08-13,35.786,GREEN,2014-07-24,35.211,1.63301241089433,False,,6.714916447772867,0.0,6.714916447772867,0.0,3.9065556362823273,4.7867881294360926,5.468619013021847,6.441066338791712,True,2.0,True,2.0,True,6.0,BULL_2013_2014
MCD,legacy,STOCH_ONLY_CONTROL,2014-08-13,2014-08-14,84.641,GREEN,2014-07-17,83.981,0.7858920470106501,True,17.0,2.059285688968693,-2.4940631608794894,2.059285688968693,-2.0332935574957856,0.9428054961543308,1.392941954844562,0.2374735648208226,0.5292943136305128,True,10.0,False,,False,,BULL_2013_2014
MHFI,legacy,STOCH_ONLY_CONTROL,2014-08-14,2014-08-15,76.475,GREEN,2014-08-04,74.483,2.6744357772914507,False,,8.330827067669189,-1.1912389669826773,8.330827067669189,-1.1912389669826773,-0.9676364825106143,2.0778032036613325,7.199738476626338,7.589408303367118,True,9.0,True,11.0,True,13.0,BULL_2013_2014
MHFI,legacy,V0.1,2014-08-14,2014-08-15,76.475,GREEN,2014-08-04,74.483,2.6744357772914507,False,,8.330827067669189,-1.1912389669826773,8.330827067669189,-1.1912389669826773,-0.9676364825106143,2.0778032036613325,7.199738476626338,7.589408303367118,True,9.0,True,11.0,True,13.0,BULL_2013_2014
T,legacy,STOCH_ONLY_CONTROL,2014-08-21,2014-08-22,29.235,GREEN,2014-08-04,28.906,1.1381720058119438,False,,2.866427227638102,-0.6054386865058992,2.866427227638102,-0.6054386865058992,1.1629895672994772,1.3066529844364627,0.3831024456986576,2.726184368051987,True,9.0,False,,False,,BULL_2013_2014
T,legacy,V0.1,2014-08-21,2014-08-22,29.235,GREEN,2014-08-04,28.906,1.1381720058119438,False,,2.866427227638102,-0.6054386865058992,2.866427227638102,-0.6054386865058992,1.1629895672994772,1.3066529844364627,0.3831024456986576,2.726184368051987,True,9.0,False,,False,,BULL_2013_2014
WAG,legacy,STOCH_ONLY_CONTROL,2014-09-04,2014-09-05,58.689,GREEN,2014-08-29,56.361,4.130515782189814,True,16.0,4.658453884032787,-6.260116887321299,4.658453884032787,-4.86121760466186,0.8536523028165321,0.9490705242890529,-3.3839390686499993,-2.438276337984968,True,0.0,True,0.0,False,,BULL_2013_2014
APD,legacy,STOCH_ONLY_CONTROL,2014-09-10,2014-09-11,119.88,GREEN,2014-09-09,118.68,1.0111223458038276,True,0.0,5.355355355355362,-5.814147480814147,0.025025025025016134,-1.851851851851849,1.9769769769769852,1.9602936269603077,-1.7517517517517511,-4.938271604938271,False,,False,,False,,BULL_2013_2014
BDX,legacy,STOCH_ONLY_CONTROL,2014-09-11,2014-09-12,109.67,GREEN,2014-09-10,108.39,1.1809207491465967,True,0.0,13.002644296525956,-2.6534147898240157,0.13677395823834537,-1.7780614570985676,-1.2947934713230635,-0.957417707668462,0.5470958329534037,10.987507978480892,False,,False,,False,,BULL_2013_2014
CL,legacy,STOCH_ONLY_CONTROL,2014-09-11,2014-09-12,59.712,GREEN,2014-09-10,58.95,1.2926208651399484,False,,3.394627545551976,-0.1540728831725735,3.394627545551976,-0.1540728831725735,1.7148981779206762,2.3697079314040748,1.9945739549839248,1.729970525187552,True,5.0,True,8.0,False,,BULL_2013_2014
XOM,legacy,STOCH_ONLY_CONTROL,2014-09-11,2014-09-12,85.559,GREEN,2014-09-10,84.937,0.732307474952032,True,0.0,1.5848712584298763,-5.822882455381661,0.07246461506094093,-0.9210018817424226,0.6217931485875239,-1.1325518063558415,-2.6928785983940884,-5.098236304772142,False,,False,,False,,BULL_2013_2014
APD,legacy,V0.1,2014-09-16,2014-09-17,121.27,GREEN,2014-09-15,116.53,4.067622071569543,True,14.0,4.147769440092364,-9.911767131194848,4.147769440092364,-5.137296940710801,2.8036612517522874,-3.620021439762511,-3.446854127154275,-3.7931887523707353,True,1.0,True,1.0,False,,BULL_2013_2014
CVX,legacy,STOCH_ONLY_CONTROL,2014-09-16,2014-09-17,110.21,GREEN,2014-09-10,107.52,2.5018601190476275,True,6.0,0.4809000998094559,-14.753652118682503,0.4809000998094559,-3.5477724344433303,-2.1504400689592473,-5.952272933490599,-5.716359676980309,-12.656746211777515,False,,False,,False,,BULL_2013_2014
CVX,legacy,V0.1,2014-09-16,2014-09-17,110.21,GREEN,2014-09-10,107.52,2.5018601190476275,True,6.0,0.4809000998094559,-14.753652118682503,0.4809000998094559,-3.5477724344433303,-2.1504400689592473,-5.952272933490599,-5.716359676980309,-12.656746211777515,False,,False,,False,,BULL_2013_2014
XOM,legacy,V0.1,2014-09-16,2014-09-17,86.792,GREEN,2014-09-12,84.567,2.6310499367365514,True,6.0,0.01843487879067407,-11.236058622914546,0.01843487879067407,-3.7906719513319254,-2.137293759793535,-5.160613881463727,-3.3712784588441402,-7.854410544750678,False,,False,,False,,BULL_2013_2014
BEN,legacy,STOCH_ONLY_CONTROL,2014-09-17,2014-09-18,52.695,GREEN,2014-09-12,51.559,2.203301072557662,True,3.0,1.5314545972103577,-12.283897903026853,1.5314545972103577,-2.5808900275168356,-2.973716671410953,-2.561912894961571,-8.156371572255438,-9.06537622165291,False,,False,,False,,BULL_2013_2014
BEN,legacy,V0.1,2014-09-17,2014-09-18,52.695,GREEN,2014-09-12,51.559,2.203301072557662,True,3.0,1.5314545972103577,-12.283897903026853,1.5314545972103577,-2.5808900275168356,-2.973716671410953,-2.561912894961571,-8.156371572255438,-9.06537622165291,False,,False,,False,,BULL_2013_2014
PPG,legacy,STOCH_ONLY_CONTROL,2014-09-17,2014-09-18,96.399,GREEN,2014-09-15,94.627,1.8726156382427916,True,3.0,1.468894905548801,-15.153684166848203,1.468894905548801,-2.0342534673596147,-2.3682818286496765,-5.455450782684467,-8.00112034357202,-10.070643886347364,False,,False,,False,,BULL_2013_2014
PPG,legacy,V0.1,2014-09-17,2014-09-18,96.399,GREEN,2014-09-15,94.627,1.8726156382427916,True,3.0,1.468894905548801,-15.153684166848203,1.468894905548801,-2.0342534673596147,-2.3682818286496765,-5.455450782684467,-8.00112034357202,-10.070643886347364,False,,False,,False,,BULL_2013_2014
SYY,legacy,STOCH_ONLY_CONTROL,2014-09-24,2014-09-25,34.489,GREEN,2014-09-23,33.548,2.8049362108024223,True,12.0,1.6179071588042548,-4.436197048334234,1.2438748586505843,-2.861782017454828,-0.8031546290121261,-0.881440459276861,-3.3662907013830345,1.1945837803357673,False,,False,,False,,BULL_2013_2014
BDX,legacy,V0.1,2014-09-25,2014-09-26,108.4,GREEN,2014-09-23,106.78,1.5171380408316226,False,,14.32656826568266,-0.7933579335793306,14.32656826568266,-0.7933579335793306,1.7250922509224997,12.287822878228782,6.891143911439124,10.405904059040584,True,5.0,True,6.0,True,6.0,BULL_2013_2014
ED,legacy,STOCH_ONLY_CONTROL,2014-09-29,2014-09-30,50.567,GREEN,2014-09-25,49.807,1.5258899351496824,False,,11.206913599778524,-0.6189807582019924,11.206913599778524,-0.6189807582019924,0.8681551209286598,8.683528783594042,7.799553068206544,10.995313148891572,True,6.0,True,6.0,True,9.0,BULL_2013_2014
ED,legacy,V0.1,2014-09-29,2014-09-30,50.567,GREEN,2014-09-25,49.807,1.5258899351496824,False,,11.206913599778524,-0.6189807582019924,11.206913599778524,-0.6189807582019924,0.8681551209286598,8.683528783594042,7.799553068206544,10.995313148891572,True,6.0,True,6.0,True,9.0,BULL_2013_2014
CTAS,legacy,STOCH_ONLY_CONTROL,2014-09-30,2014-10-01,66.183,GREEN,2014-09-29,62.007,6.734723498959805,False,,2.7741262862064353,-4.943867760603182,2.7741262862064353,-4.943867760603182,1.0803378511097916,-3.0763186921112684,0.1828264055724116,2.263421120227238,True,15.0,False,,False,,BULL_2013_2014
BCR,legacy,STOCH_ONLY_CONTROL,2014-10-02,2014-10-03,143.38,GREEN,2014-09-24,139.49,2.788730374937254,False,,13.5653508160134,-0.5579578741804925,13.5653508160134,-0.5579578741804925,3.075742781419999,0.04184684056354193,8.097363649044498,12.916724787278566,True,1.0,True,1.0,True,7.0,BULL_2013_2014
HCP,legacy,STOCH_ONLY_CONTROL,2014-10-02,2014-10-03,33.402,GREEN,2014-09-12,32.866,1.630864723422376,False,,10.104185378121077,-0.7993533321358104,10.104185378121077,-0.7993533321358104,4.829052152565705,6.305011675947547,7.230105981677748,9.978444404526666,True,3.0,True,4.0,True,5.0,BULL_2013_2014
HCP,legacy,V0.1,2014-10-02,2014-10-03,33.402,GREEN,2014-09-12,32.866,1.630864723422376,False,,10.104185378121077,-0.7993533321358104,10.104185378121077,-0.7993533321358104,4.829052152565705,6.305011675947547,7.230105981677748,9.978444404526666,True,3.0,True,4.0,True,5.0,BULL_2013_2014
BMS,legacy,STOCH_ONLY_CONTROL,2014-10-03,2014-10-06,35.795,GREEN,2014-09-15,34.839,2.744051206980691,True,5.0,3.366391954183534,-11.009917586255069,0.3128928621315641,-3.754714345578991,-3.6792848163151315,0.15924011733481347,-0.33244866601480627,-1.37449364436375,False,,False,,False,,BULL_2013_2014
BMS,legacy,V0.1,2014-10-03,2014-10-06,35.795,GREEN,2014-09-15,34.839,2.744051206980691,True,5.0,3.366391954183534,-11.009917586255069,0.3128928621315641,-3.754714345578991,-3.6792848163151315,0.15924011733481347,-0.33244866601480627,-1.37449364436375,False,,False,,False,,BULL_2013_2014
CAH,legacy,STOCH_ONLY_CONTROL,2014-10-03,2014-10-06,71.94,GREEN,2014-10-02,69.798,3.0688558411415823,True,5.0,3.3041423408395776,-6.370586599944394,0.4587155963302836,-3.5918821239922183,-3.509869335557392,-3.2485404503753146,2.364470391993345,2.5868779538504416,False,,False,,False,,BULL_2013_2014
CB,legacy,STOCH_ONLY_CONTROL,2014-10-03,2014-10-06,99.52,GREEN,2014-10-01,96.3,3.3437175493250315,True,5.0,2.934083601286175,-5.453175241157549,0.1406752411575507,-3.631430868167196,-3.5339630225080354,-1.7594453376205688,1.0952572347266987,1.7182475884244486,False,,False,,False,,BULL_2013_2014
CB,legacy,V0.1,2014-10-03,2014-10-06,99.52,GREEN,2014-10-01,96.3,3.3437175493250315,True,5.0,2.934083601286175,-5.453175241157549,0.1406752411575507,-3.631430868167196,-3.5339630225080354,-1.7594453376205688,1.0952572347266987,1.7182475884244486,False,,False,,False,,BULL_2013_2014
ECL,legacy,STOCH_ONLY_CONTROL,2014-10-03,2014-10-06,110.98,GREEN,2014-10-02,107.63,3.112515098020996,True,3.0,0.33339340421696395,-10.109929717066136,0.33339340421696395,-3.955667687871689,-6.487655433411432,-4.415209947738341,-3.802486934582805,-4.289061092088664,False,,False,,False,,BULL_2013_2014
LOW,legacy,STOCH_ONLY_CONTROL,2014-10-03,2014-10-06,50.859,GREEN,2014-10-01,49.61,2.517637573069953,True,6.0,7.404785780294532,-7.292711221219461,1.822686250221195,-4.779881633535865,-2.420417231955019,-0.08258125405533612,3.6178454157572926,7.3123734245659655,False,,False,,False,,BULL_2013_2014
LOW,legacy,V0.1,2014-10-03,2014-10-06,50.859,GREEN,2014-10-01,49.61,2.517637573069953,True,6.0,7.404785780294532,-7.292711221219461,1.822686250221195,-4.779881633535865,-2.420417231955019,-0.08258125405533612,3.6178454157572926,7.3123734245659655,False,,False,,False,,BULL_2013_2014
MDT,legacy,STOCH_ONLY_CONTROL,2014-10-03,2014-10-06,61.403,GREEN,2014-09-25,57.958,5.943959418889544,False,,4.822239955702501,-8.322068954285623,4.822239955702501,-8.322068954285623,-3.3744279595459448,-2.1790466263863384,1.5324984121297014,4.428122404442791,True,14.0,True,17.0,False,,BULL_2013_2014
MDT,legacy,V0.1,2014-10-03,2014-10-06,61.403,GREEN,2014-09-25,57.958,5.943959418889544,False,,4.822239955702501,-8.322068954285623,4.822239955702501,-8.322068954285623,-3.3744279595459448,-2.1790466263863384,1.5324984121297014,4.428122404442791,True,14.0,True,17.0,False,,BULL_2013_2014
ABT,legacy,STOCH_ONLY_CONTROL,2014-10-06,2014-10-07,39.078,GREEN,2014-09-25,37.983,2.88286865176528,True,6.0,5.230564512001634,-6.187624750499021,1.064537591483683,-5.990582936690725,-1.9294743845642226,1.2462254977224863,1.5046829418086771,4.155790982138274,False,,False,,False,,BULL_2013_2014
ABT,legacy,V0.1,2014-10-06,2014-10-07,39.078,GREEN,2014-09-25,37.983,2.88286865176528,True,6.0,5.230564512001634,-6.187624750499021,1.064537591483683,-5.990582936690725,-1.9294743845642226,1.2462254977224863,1.5046829418086771,4.155790982138274,False,,False,,False,,BULL_2013_2014
JNJ,legacy,STOCH_ONLY_CONTROL,2014-10-06,2014-10-07,96.12,GREEN,2014-10-03,95.84,0.2921535893155358,True,0.0,4.088639200998734,-8.951310861423224,0.0,-2.0214315439034514,-7.123387432376205,-3.916978776529334,0.3193924261339909,3.995006242197241,False,,False,,False,,BULL_2013_2014
PG,legacy,STOCH_ONLY_CONTROL,2014-10-06,2014-10-07,75.223,GREEN,2014-10-02,74.773,0.6018215131130322,True,7.0,7.403320792842627,-2.168219826382889,2.281217180915407,-2.168219826382889,0.20472461880010062,1.4769418927721656,4.503941613602236,7.124150858115197,True,3.0,False,,False,,BULL_2013_2014
PG,legacy,V0.1,2014-10-06,2014-10-07,75.223,GREEN,2014-10-02,74.773,0.6018215131130322,True,7.0,7.403320792842627,-2.168219826382889,2.281217180915407,-2.168219826382889,0.20472461880010062,1.4769418927721656,4.503941613602236,7.124150858115197,True,3.0,False,,False,,BULL_2013_2014
MMM,legacy,STOCH_ONLY_CONTROL,2014-10-08,2014-10-09,130.81,GREEN,2014-09-29,127.58,2.531744787584267,True,1.0,11.008332696277057,-7.468847947404633,0.2522742909563336,-5.183089977830447,-4.311596972708509,2.775017200519825,7.7669902912621325,10.580230869199614,False,,False,,False,,BULL_2013_2014
GPC,legacy,STOCH_ONLY_CONTROL,2014-10-14,2014-10-15,78.985,YELLOW,2014-10-13,79.014,-0.03670235654440468,False,,17.321010318414885,-0.9761347091219896,17.321010318414885,-0.9761347091219896,8.040767234284996,9.590428562385256,15.104133696271461,17.203266442995503,True,0.0,True,2.0,True,4.0,BULL_2013_2014
APD,legacy,STOCH_ONLY_CONTROL,2014-10-15,2014-10-16,115.74,YELLOW,2014-10-09,109.25,5.940503432494282,False,,8.769656125799209,-0.5529635389666554,8.769656125799209,-0.5529635389666554,3.412821842059799,6.678762744081568,7.810609987903927,8.233972697425273,True,0.0,True,0.0,True,3.0,BULL_2013_2014
APD,legacy,V0.1,2014-10-15,2014-10-16,115.74,YELLOW,2014-10-09,109.25,5.940503432494282,False,,8.769656125799209,-0.5529635389666554,8.769656125799209,-0.5529635389666554,3.412821842059799,6.678762744081568,7.810609987903927,8.233972697425273,True,0.0,True,0.0,True,3.0,BULL_2013_2014
LEG,legacy,STOCH_ONLY_CONTROL,2014-10-15,2014-10-16,30.554,YELLOW,2014-10-08,29.993,1.870436435168199,False,,24.900176736270208,-0.26837729920795583,24.900176736270208,-0.26837729920795583,11.366760489624927,17.588531779799688,20.540682071087257,22.851345159389936,True,0.0,True,1.0,True,2.0,BULL_2013_2014
LEG,legacy,V0.1,2014-10-15,2014-10-16,30.554,YELLOW,2014-10-08,29.993,1.870436435168199,False,,24.900176736270208,-0.26837729920795583,24.900176736270208,-0.26837729920795583,11.366760489624927,17.588531779799688,20.540682071087257,22.851345159389936,True,0.0,True,1.0,True,2.0,BULL_2013_2014
MMM,legacy,V0.1,2014-10-15,2014-10-16,123.51,YELLOW,2014-10-09,121.04,2.0406477197620676,False,,19.36685288640596,-0.3805359889887394,19.36685288640596,-0.3805359889887394,8.849485871589335,14.136507165411704,17.11602299408954,18.81629017893287,True,0.0,True,1.0,True,3.0,BULL_2013_2014
TGT,legacy,STOCH_ONLY_CONTROL,2014-10-15,2014-10-16,53.224,YELLOW,2014-10-13,53.676,-0.8420895744839507,True,1.0,15.295731249060584,-0.1164888020441901,2.3466857056966717,-0.1164888020441901,5.514429580640323,5.087930257026918,5.275815421614305,14.816624079362706,True,0.0,False,,False,,BULL_2013_2014
ABBV,legacy,STOCH_ONLY_CONTROL,2014-10-16,2014-10-17,48.187,YELLOW,2014-10-13,46.819,2.9218906854054927,False,,20.92265548799468,-2.484072467678,20.92265548799468,-2.484072467678,12.524124763940492,18.438583020316692,14.777844646896465,19.443003299645124,True,2.0,True,2.0,True,2.0,BULL_2013_2014
BEN,legacy,STOCH_ONLY_CONTROL,2014-10-16,2014-10-17,48.521,YELLOW,2014-10-08,46.222,4.973821989528804,False,,11.055007110323366,-0.7357638960450053,11.055007110323366,-0.7357638960450053,3.586076131984095,7.856392077657093,10.512973763937271,9.344407576101066,True,2.0,True,4.0,True,7.0,BULL_2013_2014
BEN,legacy,V0.1,2014-10-16,2014-10-17,48.521,YELLOW,2014-10-08,46.222,4.973821989528804,False,,11.055007110323366,-0.7357638960450053,11.055007110323366,-0.7357638960450053,3.586076131984095,7.856392077657093,10.512973763937271,9.344407576101066,True,2.0,True,4.0,True,7.0,BULL_2013_2014
CINF,legacy,STOCH_ONLY_CONTROL,2014-10-16,2014-10-17,42.079,YELLOW,2014-10-13,40.899,2.885156116286458,False,,11.380973882459177,-0.7961215808360511,11.380973882459177,-0.7961215808360511,5.066660329380457,8.795361106490173,10.166591411392844,10.026378953872484,True,2.0,True,2.0,True,4.0,BULL_2013_2014
ITW,legacy,STOCH_ONLY_CONTROL,2014-10-16,2014-10-17,78.654,YELLOW,2014-09-24,74.133,6.098498644328432,False,,11.799781320721149,-1.1938362956747217,11.799781320721149,-1.1938362956747217,4.885956213288578,8.54629135199736,10.641543977420099,11.799781320721149,True,2.0,True,2.0,True,5.0,BULL_2013_2014
ITW,legacy,V0.1,2014-10-16,2014-10-17,78.654,YELLOW,2014-09-24,74.133,6.098498644328432,False,,11.799781320721149,-1.1938362956747217,11.799781320721149,-1.1938362956747217,4.885956213288578,8.54629135199736,10.641543977420099,11.799781320721149,True,2.0,True,2.0,True,5.0,BULL_2013_2014
NUE,legacy,STOCH_ONLY_CONTROL,2014-10-16,2014-10-17,45.569,YELLOW,2014-09-29,43.103,5.721179500266804,False,,9.317737935877446,-0.6056749105751824,9.317737935877446,-0.6056749105751824,5.644187934780209,8.181000241392166,8.424586890210438,7.884746209045623,True,2.0,True,2.0,True,3.0,BULL_2013_2014
NUE,legacy,V0.1,2014-10-16,2014-10-17,45.569,YELLOW,2014-09-29,43.103,5.721179500266804,False,,9.317737935877446,-0.6056749105751824,9.317737935877446,-0.6056749105751824,5.644187934780209,8.181000241392166,8.424586890210438,7.884746209045623,True,2.0,True,2.0,True,3.0,BULL_2013_2014
PPG,legacy,STOCH_ONLY_CONTROL,2014-10-16,2014-10-17,87.898,YELLOW,2014-10-07,81.791,7.466591678791068,False,,12.908143530000693,-0.38908735124804084,12.908143530000693,-0.38908735124804084,6.229948349222969,10.479191790484421,12.582766388313726,10.955880679878959,True,0.0,True,1.0,True,2.0,BULL_2013_2014
PPG,legacy,V0.1,2014-10-16,2014-10-17,87.898,YELLOW,2014-10-07,81.791,7.466591678791068,False,,12.908143530000693,-0.38908735124804084,12.908143530000693,-0.38908735124804084,6.229948349222969,10.479191790484421,12.582766388313726,10.955880679878959,True,0.0,True,1.0,True,2.0,BULL_2013_2014
SHW,legacy,STOCH_ONLY_CONTROL,2014-10-16,2014-10-17,207.2,YELLOW,2014-10-13,195.64,5.908812103864247,False,,12.673745173745177,-0.20270270270269508,12.673745173745177,-0.20270270270269508,7.002895752895766,7.316602316602339,10.328185328185334,12.28281853281854,True,0.0,True,2.0,True,2.0,BULL_2013_2014
SHW,legacy,V0.1,2014-10-16,2014-10-17,207.2,YELLOW,2014-10-13,195.64,5.908812103864247,False,,12.673745173745177,-0.20270270270269508,12.673745173745177,-0.20270270270269508,7.002895752895766,7.316602316602339,10.328185328185334,12.28281853281854,True,0.0,True,2.0,True,2.0,BULL_2013_2014
SWK,legacy,STOCH_ONLY_CONTROL,2014-10-16,2014-10-17,78.784,YELLOW,2014-09-25,74.432,5.846947549441106,False,,15.4206437855402,-0.34651705930139887,15.4206437855402,-0.34651705930139887,7.735073111291624,11.942780259951258,13.58016856214459,14.368399675060918,True,2.0,True,2.0,True,3.0,BULL_2013_2014
SWK,legacy,V0.1,2014-10-16,2014-10-17,78.784,YELLOW,2014-09-25,74.432,5.846947549441106,False,,15.4206437855402,-0.34651705930139887,15.4206437855402,-0.34651705930139887,7.735073111291624,11.942780259951258,13.58016856214459,14.368399675060918,True,2.0,True,2.0,True,3.0,BULL_2013_2014
VFC,legacy,STOCH_ONLY_CONTROL,2014-10-16,2014-10-17,59.944,YELLOW,2014-10-13,57.515,4.223246109710521,False,,11.350593887628445,-2.8876951821700247,11.350593887628445,-2.8876951821700247,3.3314426798345176,5.159815828106229,8.439543574002407,10.324636327238746,True,2.0,True,2.0,True,3.0,BULL_2013_2014
BF-B,legacy,STOCH_ONLY_CONTROL,2014-10-17,2014-10-20,41.729,YELLOW,2014-10-02,39.28,6.23472505091649,False,,8.912267248196692,-0.7333029787437884,8.912267248196692,-0.7333029787437884,2.8876800306741,6.599726808694184,8.150207289894329,8.095089745740381,True,2.0,True,5.0,True,7.0,BULL_2013_2014
BF-B,legacy,V0.1,2014-10-17,2014-10-20,41.729,YELLOW,2014-10-02,39.28,6.23472505091649,False,,8.912267248196692,-0.7333029787437884,8.912267248196692,-0.7333029787437884,2.8876800306741,6.599726808694184,8.150207289894329,8.095089745740381,True,2.0,True,5.0,True,7.0,BULL_2013_2014
CVX,legacy,STOCH_ONLY_CONTROL,2014-10-17,2014-10-20,98.253,YELLOW,2014-09-25,93.95,4.580095795635963,False,,7.75243504015144,-0.4976947268785725,7.75243504015144,-0.4976947268785725,3.1215331847373573,4.709270963736478,5.727051591300003,4.739804382563384,True,1.0,True,1.0,True,3.0,BULL_2013_2014
CVX,legacy,V0.1,2014-10-17,2014-10-20,98.253,YELLOW,2014-09-25,93.95,4.580095795635963,False,,7.75243504015144,-0.4976947268785725,7.75243504015144,-0.4976947268785725,3.1215331847373573,4.709270963736478,5.727051591300003,4.739804382563384,True,1.0,True,1.0,True,3.0,BULL_2013_2014
DOV,legacy,STOCH_ONLY_CONTROL,2014-10-17,2014-10-20,69.452,YELLOW,2014-09-09,65.204,6.514937733881365,False,,9.642630881760073,-0.8048724298796217,9.642630881760073,-0.8048724298796217,4.050279329608952,6.997638656914118,9.158843517825277,8.46195933882392,True,1.0,True,2.0,True,3.0,BULL_2013_2014
DOV,legacy,V0.1,2014-10-17,2014-10-20,69.452,YELLOW,2014-09-09,65.204,6.514937733881365,False,,9.642630881760073,-0.8048724298796217,9.642630881760073,-0.8048724298796217,4.050279329608952,6.997638656914118,9.158843517825277,8.46195933882392,True,1.0,True,2.0,True,3.0,BULL_2013_2014
ECL,legacy,V0.1,2014-10-17,2014-10-20,104.33,YELLOW,2014-10-09,99.76,4.580994386527659,False,,5.578452985718396,-1.14061152113486,5.578452985718396,-1.14061152113486,2.3291478960989265,1.811559474743607,4.265311990798426,3.766893510974789,True,1.0,True,1.0,True,2.0,BULL_2013_2014
MHFI,legacy,STOCH_ONLY_CONTROL,2014-10-17,2014-10-20,76.236,YELLOW,2014-10-01,71.165,7.1256938101594836,False,,16.092134949367743,-0.36596883362192134,16.092134949367743,-0.36596883362192134,6.80256047011909,13.895010231386728,14.347552337478353,15.194921034681762,True,1.0,True,1.0,True,3.0,BULL_2013_2014
MHFI,legacy,V0.1,2014-10-17,2014-10-20,76.236,YELLOW,2014-10-01,71.165,7.1256938101594836,False,,16.092134949367743,-0.36596883362192134,16.092134949367743,-0.36596883362192134,6.80256047011909,13.895010231386728,14.347552337478353,15.194921034681762,True,1.0,True,1.0,True,3.0,BULL_2013_2014
PEP,legacy,STOCH_ONLY_CONTROL,2014-10-17,2014-10-20,84.196,YELLOW,2014-10-16,82.504,2.0508096577135593,False,,7.961185804551296,-0.07957622689913624,7.961185804551296,-0.07957622689913624,3.2269941564919913,4.546534277162806,5.791248990450848,7.373271889400912,True,0.0,True,2.0,True,9.0,BULL_2013_2014
T,legacy,STOCH_ONLY_CONTROL,2014-10-17,2014-10-20,29.194,YELLOW,2014-10-13,28.37,2.904476559746194,False,,6.131396862368987,-2.181955196273211,6.131396862368987,-2.181955196273211,0.1404398164006393,2.288141398917576,3.110228129067627,5.251078988833324,True,2.0,True,15.0,True,18.0,BULL_2013_2014
ADM,legacy,STOCH_ONLY_CONTROL,2014-10-20,2014-10-21,41.98,GREEN,2014-10-03,38.317,9.559725448234445,False,,15.088137208194397,-2.6083849452120056,15.088137208194397,-2.6083849452120056,0.1786565030967191,8.618389709385422,12.08194378275369,14.561696045736072,True,2.0,True,8.0,True,10.0,BULL_2013_2014
ADM,legacy,V0.1,2014-10-20,2014-10-21,41.98,GREEN,2014-10-03,38.317,9.559725448234445,False,,15.088137208194397,-2.6083849452120056,15.088137208194397,-2.6083849452120056,0.1786565030967191,8.618389709385422,12.08194378275369,14.561696045736072,True,2.0,True,8.0,True,10.0,BULL_2013_2014
WMT,legacy,STOCH_ONLY_CONTROL,2014-10-20,2014-10-21,69.278,GREEN,2014-10-17,67.288,2.9574366900487536,False,,11.61118969947168,-0.2396143075724,11.61118969947168,-0.2396143075724,1.5430584023788052,2.7541210773983194,5.080978088281984,11.437974537371165,True,4.0,True,11.0,True,13.0,BULL_2013_2014
TGT,legacy,V0.1,2014-10-21,2014-10-22,55.923,GREEN,2014-10-17,53.324,4.873977946140573,False,,19.21928365788674,-2.3979400246767923,19.21928365788674,-2.3979400246767923,-1.4251738998265595,-1.0478693918423487,8.014591491872757,18.273340128390814,True,12.0,True,12.0,True,13.0,BULL_2013_2014
KO,legacy,STOCH_ONLY_CONTROL,2014-10-31,2014-11-03,37.944,GREEN,2014-10-22,36.41,4.213128261466648,False,,8.430845456462155,-0.4743833017077814,8.430845456462155,-0.4743833017077814,1.441598144634182,2.706620282521599,5.940333122496311,7.318680160236113,True,6.0,True,8.0,True,12.0,BULL_2013_2014
KO,legacy,V0.1,2014-10-31,2014-11-03,37.944,GREEN,2014-10-22,36.41,4.213128261466648,False,,8.430845456462155,-0.4743833017077814,8.430845456462155,-0.4743833017077814,1.441598144634182,2.706620282521599,5.940333122496311,7.318680160236113,True,6.0,True,8.0,True,12.0,BULL_2013_2014
CLX,legacy,STOCH_ONLY_CONTROL,2014-11-28,2014-12-01,93.473,GREEN,2014-11-24,91.761,1.8657163718791336,True,4.0,5.311694286050517,-3.0992907042675433,1.2089052453649662,-3.0992907042675433,-1.5041776769762483,-1.3458431846629426,3.2779519219453768,4.555326136959326,False,,False,,False,,BULL_2013_2014
CLX,legacy,V0.1,2014-11-28,2014-12-01,93.473,GREEN,2014-11-24,91.761,1.8657163718791336,True,4.0,5.311694286050517,-3.0992907042675433,1.2089052453649662,-3.0992907042675433,-1.5041776769762483,-1.3458431846629426,3.2779519219453768,4.555326136959326,False,,False,,False,,BULL_2013_2014
ED,legacy,STOCH_ONLY_CONTROL,2014-11-28,2014-12-01,56.739,GREEN,2014-11-25,55.402,2.413270279051294,False,,9.51373834575866,-0.49525018065175175,9.51373834575866,-0.49525018065175175,1.552723875993589,1.776555808174285,4.781543559103962,6.320167785826336,True,0.0,True,9.0,True,15.0,BULL_2013_2014
ED,legacy,V0.1,2014-11-28,2014-12-01,56.739,GREEN,2014-11-25,55.402,2.413270279051294,False,,9.51373834575866,-0.49525018065175175,9.51373834575866,-0.49525018065175175,1.552723875993589,1.776555808174285,4.781543559103962,6.320167785826336,True,0.0,True,9.0,True,15.0,BULL_2013_2014
HRL,legacy,STOCH_ONLY_CONTROL,2014-11-28,2014-12-01,25.163,GREEN,2014-11-25,24.32,3.4662828947368496,True,9.0,0.9776258792671744,-5.686921273298095,0.9776258792671744,-3.99395938481103,-0.2980566705082843,-4.383420100941871,-0.24241942534674044,-0.09537813456265143,False,,False,,False,,BULL_2013_2014
JNJ,legacy,STOCH_ONLY_CONTROL,2014-11-28,2014-12-01,99.82,GREEN,2014-11-26,98.733,1.1009490241358,True,7.0,1.1420557002604692,-4.888799839711478,1.1420557002604692,-1.493688639551194,0.7012622720897754,-3.5363654578240755,-0.9607293127629646,-2.2400320577038557,False,,False,,False,,BULL_2013_2014
ECL,legacy,STOCH_ONLY_CONTROL,2014-12-03,2014-12-04,105.38,GREEN,2014-12-02,100.17,5.201158031346709,True,6.0,1.0912886695767732,-6.985196431960516,1.0912886695767732,-6.1301954830138445,-4.17536534446763,-3.2833554754222782,-1.6037198709432543,-6.32662744353768,False,,False,,False,,BULL_2013_2014
NUE,legacy,STOCH_ONLY_CONTROL,2014-12-03,2014-12-04,50.154,GREEN,2014-12-02,48.33,3.7740533829919487,True,5.0,0.5283726123539445,-13.94305538940065,0.5283726123539445,-3.8880248833592534,-3.6886389919049356,-10.218526937033934,-10.77880129202059,-13.632013398731912,False,,False,,False,,BULL_2013_2014
WMT,legacy,STOCH_ONLY_CONTROL,2014-12-15,2014-12-16,77.477,GREEN,2014-12-10,76.809,0.8696897498991163,False,,8.788414626276175,-0.8131445461233788,8.788414626276175,-0.8131445461233788,3.6346270506085743,2.701446881009839,8.1921086257857,4.495527704996305,True,2.0,True,3.0,True,14.0,BULL_2013_2014
WMT,legacy,V0.1,2014-12-15,2014-12-16,77.477,GREEN,2014-12-10,76.809,0.8696897498991163,False,,8.788414626276175,-0.8131445461233788,8.788414626276175,-0.8131445461233788,3.6346270506085743,2.701446881009839,8.1921086257857,4.495527704996305,True,2.0,True,3.0,True,14.0,BULL_2013_2014
MMM,legacy,STOCH_ONLY_CONTROL,2014-12-16,2014-12-17,148.43,GREEN,2014-12-12,144.96,2.3937637969094983,False,,5.55817557097622,-0.9836286465000343,5.55817557097622,-0.9836286465000343,4.810348312335777,2.991309034561751,1.4754429697500404,1.6977699925890821,True,1.0,True,1.0,True,3.0,BULL_2013_2014
ADP,legacy,STOCH_ONLY_CONTROL,2014-12-17,2014-12-18,80.486,GREEN,2014-12-16,77.261,4.174162902369893,False,,0.6970156300474484,-4.741197226846905,0.6970156300474484,-4.741197226846905,-0.7827448251869984,-3.076311408195209,-2.007802599209796,-1.0486295753298847,False,,False,,False,,BULL_2013_2014
APD,legacy,STOCH_ONLY_CONTROL,2014-12-17,2014-12-18,132.15,GREEN,2014-12-12,125.15,5.5932880543347885,False,,4.631101021566408,-3.6473704124101447,4.631101021566408,-3.6473704124101447,4.275444570563747,-1.0518350359440154,0.0908059023836616,-0.5978055240257185,True,1.0,True,1.0,False,,BULL_2013_2014
BCR,legacy,STOCH_ONLY_CONTROL,2014-12-17,2014-12-18,168.5,GREEN,2014-12-16,163.29,3.190642415334688,True,10.0,3.8456973293768515,-4.4391691394658706,1.2225519287833775,-4.4391691394658706,-1.3175074183976232,-3.317507418397625,2.005934718100888,2.9970326409495707,False,,False,,False,,BULL_2013_2014
CINF,legacy,STOCH_ONLY_CONTROL,2014-12-17,2014-12-18,46.572,GREEN,2014-12-16,45.5,2.3560439560439628,False,,8.741303787683584,-1.5309628102722739,8.741303787683584,-1.5309628102722739,2.7656102379111758,-0.060121961693737624,0.9619513870995355,0.9039766383234449,True,1.0,True,3.0,True,3.0,BULL_2013_2014
CL,legacy,STOCH_ONLY_CONTROL,2014-12-17,2014-12-18,64.931,GREEN,2014-12-16,62.92,3.1961220597584106,False,,2.752152284733045,-2.5503996550183983,2.752152284733045,-2.5503996550183983,2.1330335278988644,-1.2567186705887856,-1.6402026766875522,-0.632979624524499,True,3.0,False,,False,,BULL_2013_2014
KMB,legacy,STOCH_ONLY_CONTROL,2014-12-17,2014-12-18,105.22,GREEN,2014-12-16,102.84,2.3142746013224302,False,,3.8205664322372046,-0.7793195210036075,3.8205664322372046,-0.7793195210036075,3.364379395552186,0.37065196730659,1.1499714883102197,2.680098840524625,True,3.0,True,3.0,False,,BULL_2013_2014
MKC,legacy,STOCH_ONLY_CONTROL,2014-12-17,2014-12-18,69.388,GREEN,2014-12-16,67.508,2.784855128281105,False,,4.868276935493165,-1.4584654407102104,4.868276935493165,-1.4584654407102104,4.160661785899578,-0.5692626967199077,0.7422032628120245,3.4905170922926,True,1.0,True,1.0,False,,BULL_2013_2014
VFC,legacy,STOCH_ONLY_CONTROL,2014-12-17,2014-12-18,69.176,GREEN,2014-12-16,66.67,3.758812059397032,False,,3.9768127674338016,-3.6226436914536864,3.9768127674338016,-3.6226436914536864,1.4759454145946593,-1.0928645773100487,1.8402336070313385,-2.811668786862509,True,6.0,True,16.0,False,,BULL_2013_2014
ABBV,legacy,STOCH_ONLY_CONTROL,2014-12-18,2014-12-19,60.877,GREEN,2014-12-15,58.277,4.461451344441203,True,2.0,1.3699755244180878,-7.9274602887790095,1.3699755244180878,-5.422409120028915,-0.8114723130246193,-4.965750611889552,-5.650738374098596,-6.675756032656011,False,,False,,False,,BULL_2013_2014
ABBV,legacy,V0.1,2014-12-18,2014-12-19,60.877,GREEN,2014-12-15,58.277,4.461451344441203,True,2.0,1.3699755244180878,-7.9274602887790095,1.3699755244180878,-5.422409120028915,-0.8114723130246193,-4.965750611889552,-5.650738374098596,-6.675756032656011,False,,False,,False,,BULL_2013_2014
ABT,legacy,STOCH_ONLY_CONTROL,2014-12-18,2014-12-19,42.85,GREEN,2014-12-15,40.226,6.523144235071854,False,,1.2882147024503965,-4.4854142357059645,1.2882147024503965,-4.4854142357059645,-0.6744457409568305,-3.2905484247374606,-2.3173862310385096,-3.5239206534422363,False,,False,,False,,BULL_2013_2014
ABT,legacy,V0.1,2014-12-18,2014-12-19,42.85,GREEN,2014-12-15,40.226,6.523144235071854,False,,1.2882147024503965,-4.4854142357059645,1.2882147024503965,-4.4854142357059645,-0.6744457409568305,-3.2905484247374606,-2.3173862310385096,-3.5239206534422363,False,,False,,False,,BULL_2013_2014
BEN,legacy,STOCH_ONLY_CONTROL,2014-12-18,2014-12-19,53.073,GREEN,2014-12-12,49.188,7.898267870212239,True,16.0,2.357130744446323,-9.445480752925217,2.357130744446323,-9.142124997644762,1.243570176926112,-5.658244305013849,-6.289450379665739,-6.613532304561643,True,2.0,False,,False,,BULL_2013_2014
BEN,legacy,V0.1,2014-12-18,2014-12-19,53.073,GREEN,2014-12-12,49.188,7.898267870212239,True,16.0,2.357130744446323,-9.445480752925217,2.357130744446323,-9.142124997644762,1.243570176926112,-5.658244305013849,-6.289450379665739,-6.613532304561643,True,2.0,False,,False,,BULL_2013_2014
CAH,legacy,STOCH_ONLY_CONTROL,2014-12-18,2014-12-19,77.772,GREEN,2014-12-15,74.22,4.785772029102686,False,,2.5934783726791144,-4.909221827907229,2.5934783726791144,-4.909221827907229,-2.0045774828987395,-3.966723242298009,0.047574962711505187,-0.6313326132798447,True,12.0,False,,False,,BULL_2013_2014
CAH,legacy,V0.1,2014-12-18,2014-12-19,77.772,GREEN,2014-12-15,74.22,4.785772029102686,False,,2.5934783726791144,-4.909221827907229,2.5934783726791144,-4.909221827907229,-2.0045774828987395,-3.966723242298009,0.047574962711505187,-0.6313326132798447,True,12.0,False,,False,,BULL_2013_2014
CB,legacy,STOCH_ONLY_CONTROL,2014-12-18,2014-12-19,107.48,GREEN,2014-12-16,103.6,3.7451737451737577,True,16.0,2.2794938593226677,-6.438407145515446,2.2794938593226677,-6.438407145515446,1.3676963155935917,-2.8563453665798377,-2.353926311871979,-3.7588388537402317,True,5.0,False,,False,,BULL_2013_2014
CB,legacy,V0.1,2014-12-18,2014-12-19,107.48,GREEN,2014-12-16,103.6,3.7451737451737577,True,16.0,2.2794938593226677,-6.438407145515446,2.2794938593226677,-6.438407145515446,1.3676963155935917,-2.8563453665798377,-2.353926311871979,-3.7588388537402317,True,5.0,False,,False,,BULL_2013_2014
HRL,legacy,V0.1,2014-12-18,2014-12-19,24.756,GREEN,2014-12-11,23.732,4.314849148828581,False,,2.391339473259002,-3.9707545645500053,2.391339473259002,-3.9707545645500053,1.8338988528033617,-3.639521732105344,-2.912425270641461,1.9752787203102251,True,2.0,False,,False,,BULL_2013_2014
ITW,legacy,STOCH_ONLY_CONTROL,2014-12-18,2014-12-19,89.531,GREEN,2014-12-12,85.986,4.122764170911553,True,10.0,2.219343020853115,-4.812858116183238,2.219343020853115,-4.812858116183238,1.3727088941260623,-4.140465313690234,-2.0763757804559413,-1.3425517418547916,True,2.0,False,,False,,BULL_2013_2014
ITW,legacy,V0.1,2014-12-18,2014-12-19,89.531,GREEN,2014-12-12,85.986,4.122764170911553,True,10.0,2.219343020853115,-4.812858116183238,2.219343020853115,-4.812858116183238,1.3727088941260623,-4.140465313690234,-2.0763757804559413,-1.3425517418547916,True,2.0,False,,False,,BULL_2013_2014
JNJ,legacy,V0.1,2014-12-18,2014-12-19,98.753,GREEN,2014-12-12,94.94,4.016220771013268,True,17.0,0.7331422842850488,-5.9653883932640035,0.7331422842850488,-4.372525391633674,-1.2111024475205845,-3.124968355391733,-1.7336182191933447,-4.422144137393302,False,,False,,False,,BULL_2013_2014
KO,legacy,STOCH_ONLY_CONTROL,2014-12-18,2014-12-19,38.802,GREEN,2014-12-10,36.389,6.631124790458642,False,,2.6673882789546965,-1.5050770578836081,2.6673882789546965,-1.5050770578836081,0.9896397092933329,0.04896654811608059,0.4484304932735439,2.164836864079178,True,4.0,False,,False,,BULL_2013_2014
KO,legacy,V0.1,2014-12-18,2014-12-19,38.802,GREEN,2014-12-10,36.389,6.631124790458642,False,,2.6673882789546965,-1.5050770578836081,2.6673882789546965,-1.5050770578836081,0.9896397092933329,0.04896654811608059,0.4484304932735439,2.164836864079178,True,4.0,False,,False,,BULL_2013_2014
MDT,legacy,STOCH_ONLY_CONTROL,2014-12-18,2014-12-19,70.247,GREEN,2014-12-15,66.597,5.480727360091309,False,,1.3979244665252688,-4.683474027360612,1.3979244665252688,-4.683474027360612,-1.2996996313009768,-4.210855979614781,-2.101157344797644,-1.7353054222956077,False,,False,,False,,BULL_2013_2014
MDT,legacy,V0.1,2014-12-18,2014-12-19,70.247,GREEN,2014-12-15,66.597,5.480727360091309,False,,1.3979244665252688,-4.683474027360612,1.3979244665252688,-4.683474027360612,-1.2996996313009768,-4.210855979614781,-2.101157344797644,-1.7353054222956077,False,,False,,False,,BULL_2013_2014
MHFI,legacy,STOCH_ONLY_CONTROL,2014-12-18,2014-12-19,87.592,GREEN,2014-12-15,83.546,4.842841069590387,True,10.0,1.7832678783450406,-6.251712485158456,0.3516302858708631,-6.251712485158456,-0.7626267239017159,-5.40346150333364,0.17239017261849732,-0.03424970316924236,False,,False,,False,,BULL_2013_2014
MHFI,legacy,V0.1,2014-12-18,2014-12-19,87.592,GREEN,2014-12-15,83.546,4.842841069590387,True,10.0,1.7832678783450406,-6.251712485158456,0.3516302858708631,-6.251712485158456,-0.7626267239017159,-5.40346150333364,0.17239017261849732,-0.03424970316924236,False,,False,,False,,BULL_2013_2014
ADM,legacy,STOCH_ONLY_CONTROL,2014-12-19,2014-12-22,48.453,GREEN,2014-12-12,45.483,6.5299122749159055,True,12.0,2.4621798443852816,-11.124182197180776,2.4621798443852816,-7.363837120508543,0.9369904856252331,-4.633356035745995,-9.446267516975226,-8.243039646667905,True,1.0,False,,False,,BULL_2013_2014
ADM,legacy,V0.1,2014-12-19,2014-12-22,48.453,GREEN,2014-12-12,45.483,6.5299122749159055,True,12.0,2.4621798443852816,-11.124182197180776,2.4621798443852816,-7.363837120508543,0.9369904856252331,-4.633356035745995,-9.446267516975226,-8.243039646667905,True,1.0,False,,False,,BULL_2013_2014
BF-B,legacy,STOCH_ONLY_CONTROL,2014-12-19,2014-12-22,42.514,GREEN,2014-12-05,41.114,3.4051661234616004,False,,5.805146539963291,-1.575951451286639,5.805146539963291,-1.575951451286639,0.46102460365997633,0.49395493249280165,0.9055840429035067,5.701651220774329,True,1.0,True,3.0,True,20.0,BULL_2013_2014
BF-B,legacy,V0.1,2014-12-19,2014-12-22,42.514,GREEN,2014-12-05,41.114,3.4051661234616004,False,,5.805146539963291,-1.575951451286639,5.805146539963291,-1.575951451286639,0.46102460365997633,0.49395493249280165,0.9055840429035067,5.701651220774329,True,1.0,True,3.0,True,20.0,BULL_2013_2014
PEP,legacy,STOCH_ONLY_CONTROL,2014-12-19,2014-12-22,88.565,GREEN,2014-12-10,85.459,3.634491393533734,False,,3.353469203409931,-2.9740868288827382,3.353469203409931,-2.9740868288827382,0.17614181674476814,-0.050810139445611746,0.9202280810703956,3.248461581889006,True,2.0,True,20.0,False,,BULL_2013_2014
PEP,legacy,V0.1,2014-12-19,2014-12-22,88.565,GREEN,2014-12-10,85.459,3.634491393533734,False,,3.353469203409931,-2.9740868288827382,3.353469203409931,-2.9740868288827382,0.17614181674476814,-0.050810139445611746,0.9202280810703956,3.248461581889006,True,2.0,True,20.0,False,,BULL_2013_2014
HCP,legacy,STOCH_ONLY_CONTROL,2014-12-30,2014-12-31,37.979,GREEN,2014-12-26,37.225,2.025520483546006,False,,10.490007635798726,-2.095895099923639,10.490007635798726,-2.095895099923639,3.5809263013770742,7.25664182837884,7.240843624108062,5.318728771163017,True,3.0,True,3.0,True,4.0,BULL_2013_2014
HCP,legacy,V0.1,2014-12-30,2014-12-31,37.979,GREEN,2014-12-26,37.225,2.025520483546006,False,,10.490007635798726,-2.095895099923639,10.490007635798726,-2.095895099923639,3.5809263013770742,7.25664182837884,7.240843624108062,5.318728771163017,True,3.0,True,3.0,True,4.0,BULL_2013_2014
NUE,legacy,V0.1,2014-12-31,2015-01-02,45.237,GREEN,2014-12-12,44.018,2.7693216411468047,True,1.0,0.40453610982160715,-12.794836085505235,0.40453610982160715,-4.5891637376483825,-2.9467029201759587,-9.775184030771278,-9.95424099741362,-10.199615359108705,False,,False,,False,,BULL_2013_2014
