ticker,signal_type,signal_date,entry_date,entry_open,regime,swing_start,swing_low,swing_distance_pct,stop_hit_20d,days_to_stop,mfe_20d_pct,mae_20d_pct,mfe_before_stop_pct,mae_before_stop_pct,ret_5d_pct,ret_10d_pct,ret_15d_pct,ret_20d_pct,hit_2pct_before_stop,days_to_2pct,hit_3pct_before_stop,days_to_3pct,hit_5pct_before_stop,days_to_5pct,window,macd_group,data_ticker,spy_close,spy_ma50,spy_ma200
ABT,MACD_PASS,2007-08-01,2007-08-02,20.72,GREEN,2007-07-26,20.072,3.228377839776808,False,,11.192084942084946,-1.6505791505791456,11.192084942084946,-1.6505791505791456,7.326254826254841,1.3175675675675569,1.9015444015444194,0.419884169884166,True,2.0,True,2.0,True,3.0,GFC_2007_2009,MACD_PASS,,,,
ADP,MACD_PASS,2007-08-01,2007-08-02,34.697,GREEN,2007-07-24,33.311,4.160787727777615,False,,4.579646655330438,-3.7496037121365067,4.579646655330438,-3.7496037121365067,1.1931867308412558,-0.7781652592443233,-0.37755425541112775,-2.510303484451115,True,1.0,True,3.0,False,,GFC_2007_2009,MACD_PASS,,,,
FITB,MACD_FAIL,2007-08-01,2007-08-02,31.348,GREEN,2007-07-24,30.444,2.9693864144002102,True,18.0,11.005486793415864,-5.4676534388158675,11.005486793415864,-4.89664412402705,4.10552507336992,-1.891667729998725,-0.20734975118029686,-4.497894602526475,True,0.0,True,2.0,True,3.0,GFC_2007_2009,MACD_FAIL,,,,
KO,MACD_FAIL,2007-08-01,2007-08-02,21.683,GREEN,2007-07-31,21.227,2.1482074716163257,False,,6.940921459207661,-0.6226075727528535,6.940921459207661,-0.6226075727528535,5.059263017110194,0.4058478992759351,1.5449891620163303,0.4473550707927876,True,1.0,True,3.0,True,4.0,GFC_2007_2009,MACD_FAIL,,,,
PPG,MACD_FAIL,2007-08-01,2007-08-02,35.216,GREEN,2007-07-30,33.696,4.5109211775878455,True,5.0,0.8632439800090985,-14.198091776465239,0.8632439800090985,-8.88232621535665,-8.6579963652885,-9.717174011812812,-7.908337119491149,-6.993980009086787,False,,False,,False,,GFC_2007_2009,MACD_FAIL,,,,
STT,MACD_FAIL,2007-08-01,2007-08-02,59.961,GREEN,2007-07-27,57.134,4.948016942626099,True,9.0,7.137973015793597,-13.133536798919298,7.137973015793597,-8.904121011991128,3.657377295241915,-8.817397975350637,-6.4491919747836075,-12.616534080485643,True,3.0,True,3.0,True,4.0,GFC_2007_2009,MACD_FAIL,,,,
WMT,MACD_PASS,2007-08-02,2007-08-03,39.697,GREEN,2007-07-27,38.653,2.700954647763454,True,7.0,3.6778597878932784,-8.096329697458259,3.6778597878932784,-6.806559689649106,-1.3502279769252112,-6.872055822858158,-6.343048593092682,-6.574804141370882,True,3.0,True,3.0,False,,GFC_2007_2009,MACD_PASS,,,,
TGT,MACD_FAIL,2007-08-03,2007-08-06,50.126,YELLOW,2007-07-26,48.781,2.7572210491789706,True,7.0,9.5439492478953,-7.638750349120215,9.164904440809174,-4.508638231656226,4.23732194868931,-2.6493237042652384,2.5575549614970328,5.837290029126607,True,0.0,True,1.0,True,2.0,GFC_2007_2009,MACD_FAIL,,,,
LLY,MACD_FAIL,2007-08-06,2007-08-07,43.859,GREEN,2007-07-30,42.045,4.31442502081103,False,,5.693244260015051,-3.8669372306710303,5.693244260015051,-3.8669372306710303,-0.5358079299573659,-0.9986547800907464,0.4674069176223705,2.601518502473832,True,0.0,True,1.0,True,2.0,GFC_2007_2009,MACD_FAIL,,,,
MCD,MACD_PASS,2007-08-06,2007-08-07,39.67,GREEN,2007-07-27,38.456,3.1568545870605424,False,,5.87849760524326,-4.812200655407106,5.87849760524326,-4.812200655407106,-1.8351399042097372,-1.0763801361230119,-0.7335518023695586,0.4965969246281787,True,0.0,True,1.0,True,2.0,GFC_2007_2009,MACD_PASS,,,,
VFC,MACD_PASS,2007-08-06,2007-08-07,18.87,GREEN,2007-07-23,17.999,4.839157730985066,True,6.0,5.728669846316903,-11.547429782723906,5.728669846316903,-8.108108108108114,-3.529411764705881,-7.23900370959194,-11.494435612082675,-8.404875463699002,True,0.0,True,0.0,True,0.0,GFC_2007_2009,MACD_PASS,,,,
EMR,MACD_PASS,2007-08-07,2007-08-08,39.741,GREEN,2007-07-30,37.892,4.879657975298213,True,1.0,2.2898266274125056,-11.46674718804258,1.6959814800835415,-6.346090938828919,-5.087944440250613,-3.7115321708059756,-1.0669082307943945,-0.24911300671849324,False,,False,,False,,GFC_2007_2009,MACD_PASS,,,,
GE,MACD_PASS,2007-08-07,2007-08-08,31.802,GREEN,2007-08-03,30.602,3.9213123325272825,True,4.0,2.4275202817432895,-8.354820451543931,2.4275202817432895,-5.8486887617130945,-6.581347085088984,-0.9087478774919777,-2.003018678070567,-0.2547009622036356,True,0.0,False,,False,,GFC_2007_2009,MACD_PASS,,,,
SLM,MACD_PASS,2007-08-07,2007-08-08,16.18,GREEN,2007-08-01,15.604,3.6913611894386023,True,3.0,4.153275648949317,-8.992583436341162,4.153275648949317,-5.426452410383186,-5.302843016069225,1.378244746600732,0.6118665018541414,-1.4153275648949304,True,0.0,True,0.0,False,,GFC_2007_2009,MACD_PASS,,,,
MMM,MACD_PASS,2007-08-08,2007-08-09,74.674,GREEN,2007-08-03,73.578,1.4895756883851252,True,1.0,4.105846747194453,-5.337868602190865,0.2611350670916224,-3.5728633794895215,-2.8430243458231863,0.9668693253341187,1.660551195864679,1.1610466829150567,False,,False,,False,,GFC_2007_2009,MACD_PASS,,,,
SVU,MACD_PASS,2007-08-08,2007-08-09,265.69,GREEN,2007-07-26,250.43,6.093519147067039,False,,5.62309458391359,-9.462155143212014,5.62309458391359,-9.462155143212014,-5.743535699499414,4.034777372125409,1.3436711957544478,-0.9522375701004782,True,1.0,True,1.0,True,2.0,GFC_2007_2009,MACD_PASS,,,,
SWK,MACD_PASS,2007-08-08,2007-08-09,47.743,GREEN,2007-07-26,44.997,6.102629064159837,False,,6.602014955071955,-5.680413882663437,6.602014955071955,-5.680413882663437,-2.0610351255681447,1.2441614477515017,0.4314768657185164,-3.288440190184949,True,1.0,True,1.0,True,6.0,GFC_2007_2009,MACD_PASS,,,,
SHW,MACD_FAIL,2007-08-10,2007-08-13,63.222,YELLOW,2007-08-09,58.799,7.522236772734225,False,,3.427604314953636,-9.036411375786912,3.427604314953636,-9.036411375786912,-1.1182816108316729,1.1420075290247134,0.32267248742525734,-2.5639808927272134,True,0.0,True,10.0,False,,GFC_2007_2009,MACD_FAIL,,,,
GWW,MACD_PASS,2007-08-13,2007-08-14,76.297,YELLOW,2007-07-24,73.324,4.054606949975459,True,1.0,7.10381797449442,-8.422349502601678,0.31324953798970157,-5.735481080514293,0.8873219130503207,0.5308203468026296,3.9188958936786644,0.09305739413083547,False,,False,,False,,GFC_2007_2009,MACD_PASS,,,,
CB,MACD_PASS,2007-08-17,2007-08-20,49.121,YELLOW,2007-08-15,45.528,7.891846775610611,False,,4.159117281814284,-3.1167932248936325,4.159117281814284,-3.1167932248936325,1.7670650027483026,1.107469310478204,-0.1201115612467274,2.080576535493983,True,0.0,True,2.0,False,,GFC_2007_2009,MACD_PASS,,,,
KO,MACD_PASS,2007-09-04,2007-09-05,22.079,GREEN,2007-08-29,21.649,1.986234930019859,False,,7.763032746048282,-1.7256216314144646,7.763032746048282,-1.7256216314144646,3.1613750622763837,4.592599302504641,5.933239730060236,6.345396077720911,True,4.0,True,4.0,True,12.0,GFC_2007_2009,MACD_PASS,,,,
VFC,MACD_PASS,2007-09-04,2007-09-05,17.325,GREEN,2007-08-28,16.691,3.7984542567850887,False,,9.339105339105359,-3.84415584415585,9.339105339105359,-3.84415584415585,-0.36940836940837496,5.645021645021653,-0.5714285714285672,3.4054834054834116,True,9.0,True,9.0,True,10.0,GFC_2007_2009,MACD_PASS,,,,
ADP,MACD_PASS,2007-09-05,2007-09-06,33.884,GREEN,2007-08-28,33.396,1.4612528446520612,True,1.0,3.7598866721756607,-4.311769566757162,1.1244245071420078,-2.7859756817376957,-3.3112973674890855,0.5725416125605065,0.3305394876637946,3.2788336678078123,False,,False,,False,,GFC_2007_2009,MACD_PASS,,,,
SHW,MACD_FAIL,2007-09-13,2007-09-14,62.256,GREEN,2007-09-11,60.882,2.2568246772445066,True,5.0,3.9241197635569325,-7.093292212798763,3.9241197635569325,-3.535402210228733,-2.486507324595222,-2.725841685941921,-2.1042148547931183,-3.6719352351580636,True,2.0,True,3.0,False,,GFC_2007_2009,MACD_FAIL,,,,
SWK,MACD_FAIL,2007-09-13,2007-09-14,46.234,GREEN,2007-09-10,45.094,2.5280525125293885,False,,9.07557208980403,-0.44772245533589716,9.07557208980403,-0.44772245533589716,6.019379677293779,4.2328156767746705,5.666825280096899,6.979711900333085,True,2.0,True,2.0,True,2.0,GFC_2007_2009,MACD_FAIL,,,,
GWW,MACD_FAIL,2007-09-18,2007-09-19,79.202,GREEN,2007-09-13,75.335,5.133072277162021,False,,6.690487613949148,-0.6552864826645632,6.690487613949148,-0.6552864826645632,1.467134668316472,1.1881013105729643,4.525138254084493,3.0340142925683766,True,0.0,True,8.0,True,12.0,GFC_2007_2009,MACD_FAIL,,,,
MO,MACD_PASS,2007-09-19,2007-09-20,15.423,GREEN,2007-09-11,15.029,2.621598243396095,False,,4.499773066199841,-0.7197043376774959,4.499773066199841,-0.7197043376774959,1.5431498411463407,1.8349218699345027,2.210983595928151,3.5855540426635635,True,7.0,True,17.0,False,,GFC_2007_2009,MACD_PASS,,,,
CTL,MACD_PASS,2007-09-20,2007-09-21,29.272,GREEN,2007-09-13,28.368,3.186689227298367,False,,2.02241049467069,-3.344493030882756,2.02241049467069,-3.344493030882756,0.5431811970483924,0.28013118338343634,-0.9121344629680173,-1.6295435911451106,True,6.0,False,,False,,GFC_2007_2009,MACD_PASS,,,,
SVU,MACD_FAIL,2007-09-20,2007-09-21,260.3,GREEN,2007-09-17,256.14,1.624111813851803,True,2.0,0.2766039185555069,-12.604686899731076,0.2766039185555069,-6.661544371878603,-2.6469458317326167,-6.066077602766051,-11.42912024587015,-6.865155589704186,False,,False,,False,,GFC_2007_2009,MACD_FAIL,,,,
KMB,MACD_FAIL,2007-10-22,2007-10-23,55.935,GREEN,2007-10-17,53.432,4.684458751310072,False,,1.4409582551175415,-3.507642799678201,1.4409582551175415,-3.507642799678201,-0.2842585143470133,-0.8688656476267154,-1.21212121212122,-1.7538213998391061,False,,False,,False,,GFC_2007_2009,MACD_FAIL,,,,
CB,MACD_PASS,2007-10-23,2007-10-24,51.502,GREEN,2007-10-19,49.564,3.910096037446542,True,6.0,5.046405964816891,-8.20356491010058,5.046405964816891,-5.269698264145095,0.017475049512638563,-6.223059298668021,-2.083414236340342,-4.376529066832369,True,4.0,True,5.0,True,5.0,GFC_2007_2009,MACD_PASS,,,,
JNJ,MACD_FAIL,2007-10-23,2007-10-24,52.356,GREEN,2007-10-18,51.722,1.225783999071961,False,,5.7204522881808995,-0.9320803728321447,5.7204522881808995,-0.9320803728321447,1.3045305218122083,-0.655130262052106,3.9747115898846275,4.366261746504696,True,12.0,True,13.0,True,17.0,GFC_2007_2009,MACD_FAIL,,,,
BDX,MACD_FAIL,2007-10-24,2007-10-25,71.998,GREEN,2007-10-23,70.812,1.6748573688075474,True,5.0,4.766799077752171,-3.745937387149645,3.312592016444893,-1.734770410289188,-1.7111586432956516,-1.211144754020943,1.7556043223422746,1.8778299397205434,True,0.0,True,1.0,False,,GFC_2007_2009,MACD_FAIL,,,,
BCR,MACD_FAIL,2007-10-25,2007-10-26,79.064,GREEN,2007-10-16,75.336,4.948497398322171,False,,4.572245269654984,-3.3415966811696785,4.572245269654984,-3.3415966811696785,-1.6138824243650651,1.5342001416573936,3.1341697865020945,-1.0915207932813864,True,9.0,True,11.0,False,,GFC_2007_2009,MACD_FAIL,,,,
TGT,MACD_PASS,2007-10-25,2007-10-26,52.018,GREEN,2007-10-18,49.551,4.9787088050695205,True,4.0,1.3841362605252039,-20.223768695451582,1.3841362605252039,-7.489715098619709,-5.807605059787003,-10.794340420623637,-14.456534276596567,-12.330347187512015,False,,False,,False,,GFC_2007_2009,MACD_PASS,,,,
ADP,MACD_FAIL,2007-10-29,2007-10-30,35.902,GREEN,2007-10-26,34.241,4.850909728103736,True,14.0,2.448331569271911,-8.350509720906906,2.448331569271911,-5.531725252075104,1.935825302211569,-3.0081889588323696,-5.308896440309729,-6.211353127959452,True,0.0,False,,False,,GFC_2007_2009,MACD_FAIL,,,,
LLY,MACD_PASS,2007-10-30,2007-10-31,42.28,GREEN,2007-10-18,40.687,3.915255487010594,True,5.0,1.0950804162724648,-8.805581835383158,1.0950804162724648,-4.418164616840114,-4.273888363292344,-1.4853358561967789,-8.805581835383158,-1.9252601702932859,False,,False,,False,,GFC_2007_2009,MACD_PASS,,,,
GWW,MACD_PASS,2007-11-06,2007-11-07,76.578,GREEN,2007-10-19,76.076,0.6598664493401518,True,0.0,5.438898900467493,-2.987803285538926,0.0,-1.633628457259273,1.5631121209746857,-2.987803285538926,2.2996160777246644,3.6211444540207305,False,,False,,False,,GFC_2007_2009,MACD_PASS,,,,
PPG,MACD_FAIL,2007-11-08,2007-11-09,31.474,YELLOW,2007-10-19,31.117,1.1472828357489417,True,0.0,0.619559001080261,-8.076507593569303,0.37808985194127676,-2.011183834275909,-5.439410306920001,-6.55779373451103,-3.1200355849272388,0.3050136620702748,False,,False,,False,,GFC_2007_2009,MACD_FAIL,,,,
MCD,MACD_FAIL,2007-11-16,2007-11-19,46.861,YELLOW,2007-11-15,45.532,2.9188263199507958,False,,10.033930133799984,-1.9568511128656985,10.033930133799984,-1.9568511128656985,-0.7276840016218089,3.717376923241078,9.069375386782186,3.365271761166011,True,8.0,True,9.0,True,14.0,GFC_2007_2009,MACD_FAIL,,,,
MMM,MACD_PASS,2007-11-19,2007-11-20,69.654,YELLOW,2007-10-23,67.096,3.81244783593655,False,,8.181870387917423,-1.3452206621299534,8.181870387917423,-1.3452206621299534,1.72710827806013,2.1563729290493105,5.695293881184127,3.5848623194647766,True,5.0,True,7.0,True,12.0,GFC_2007_2009,MACD_PASS,,,,
GE,MACD_PASS,2007-11-28,2007-11-29,30.828,YELLOW,2007-11-21,29.403,4.846444240383629,True,3.0,0.9893603217853819,-5.793434540028541,0.9893603217853819,-5.793434540028541,-2.6956014013234664,-1.8586998832230472,-4.622421175554692,-2.4815103152977858,False,,False,,False,,GFC_2007_2009,MACD_PASS,,,,
ADP,MACD_PASS,2007-11-30,2007-12-03,33.226,GREEN,2007-11-19,32.904,0.9786044249939119,True,10.0,3.828327213627869,-4.144344790224519,3.828327213627869,-1.658339854330948,3.500270872208522,-1.658339854330948,1.7275627520616288,-3.9487148618551626,True,2.0,True,5.0,False,,GFC_2007_2009,MACD_PASS,,,,
BDX,MACD_PASS,2007-12-06,2007-12-07,72.172,GREEN,2007-12-05,70.898,1.7969477277215207,False,,10.975170426204084,-1.607271518040232,10.975170426204084,-1.607271518040232,0.3408524081361275,2.6062739012359337,1.7028764617857295,7.907498752979003,True,1.0,True,11.0,True,16.0,GFC_2007_2009,MACD_PASS,,,,
EMR,MACD_FAIL,2007-12-20,2007-12-21,45.721,YELLOW,2007-12-19,44.433,2.898746427205001,True,8.0,4.29343190218936,-20.034557424378285,4.29343190218936,-4.208131930622693,0.9754817261214965,-5.166116226679196,-10.997134795826858,-9.947288991929303,True,1.0,True,2.0,False,,GFC_2007_2009,MACD_FAIL,,,,
CTL,MACD_PASS,2009-06-24,2009-06-25,20.026,GREEN,2009-06-22,19.522,2.581702694396082,True,5.0,2.5416957954659036,-8.104464196544503,2.5416957954659036,-5.717567162688509,-5.717567162688509,-7.150704084689896,-5.238190352541694,-2.756416658344152,True,0.0,False,,False,,GFC_2007_2009,MACD_PASS,,,,
EMR,MACD_PASS,2009-06-25,2009-06-26,26.792,GREEN,2009-06-19,25.528,4.9514258853024185,True,6.0,12.720214989549117,-7.722454464019124,1.9856673633920519,-6.901313825022393,-4.378172588832497,-3.557031949835787,6.292923260674832,12.197670946551199,False,,False,,False,,GFC_2007_2009,MACD_PASS,,,,
GWW,MACD_PASS,2009-06-25,2009-06-26,72.933,GREEN,2009-06-22,67.883,7.43927050955322,False,,7.543910164123235,-6.261911617511973,7.543910164123235,-6.261911617511973,-1.287483032372183,-2.0758778605021178,5.938326957618623,7.350582041051368,True,12.0,True,15.0,True,15.0,GFC_2007_2009,MACD_PASS,,,,
MMM,MACD_FAIL,2009-06-25,2009-06-26,49.961,GREEN,2009-06-23,48.093,3.8841411432017026,False,,19.53924060767398,-1.7033285963051203,19.53924060767398,-1.7033285963051203,3.1584636016092515,2.8562278577290323,8.556674205880576,18.876723844598796,True,1.0,True,3.0,True,12.0,GFC_2007_2009,MACD_FAIL,,,,
NUE,MACD_FAIL,2009-06-25,2009-06-26,35.886,GREEN,2009-06-24,34.946,2.689864362158767,True,4.0,3.4581731037173213,-12.166304408404404,3.4581731037173213,-5.458953352282236,-7.4430139887421305,-4.592320124839777,0.4068438945549646,1.0533355626149543,True,0.0,True,0.0,False,,GFC_2007_2009,MACD_FAIL,,,,
PPG,MACD_PASS,2009-06-25,2009-06-26,19.492,GREEN,2009-06-17,18.311,6.449675058707882,False,,21.84998973938026,-5.781859224297159,21.84998973938026,-5.781859224297159,-1.6519597783706041,-0.400164169915862,15.339626513441406,20.726451877693396,True,12.0,True,12.0,True,12.0,GFC_2007_2009,MACD_PASS,,,,
SHW,MACD_PASS,2009-06-25,2009-06-26,49.243,GREEN,2009-06-22,47.629,3.3886917634214475,True,4.0,7.91381516154579,-4.140690047316376,1.549458806327797,-4.140690047316376,0.5584550088337359,-0.37568791503361787,7.599049611112241,5.127632353837086,False,,False,,False,,GFC_2007_2009,MACD_PASS,,,,
ADM,MACD_PASS,2009-06-26,2009-06-29,22.804,GREEN,2009-06-23,21.921,4.028100907805299,False,,19.847395193825633,-3.017014558849318,19.847395193825633,-3.017014558849318,1.5611296263813523,1.6751447114541351,9.138747588142436,16.07174179968427,True,0.0,True,2.0,True,12.0,GFC_2007_2009,MACD_PASS,,,,
JCI,MACD_PASS,2009-06-26,2009-06-29,11.363,GREEN,2009-06-18,10.937,3.8950352016092094,False,,12.637507700431216,-4.91067499779988,12.637507700431216,-4.91067499779988,-3.7490099445568914,1.3640763882777573,9.284519933116254,10.419783507876446,True,10.0,True,11.0,True,12.0,GFC_2007_2009,MACD_PASS,,,,
KO,MACD_PASS,2009-06-26,2009-06-29,19.636,GREEN,2009-06-23,19.242,2.04760419914769,False,,5.999185170095744,-0.6926054186188635,5.999185170095744,-0.6926054186188635,1.02363006722348,2.3833774699531407,4.593603585251582,2.587084946017515,True,2.0,True,2.0,True,11.0,GFC_2007_2009,MACD_PASS,,,,
LOW,MACD_PASS,2009-06-26,2009-06-29,17.106,GREEN,2009-06-18,15.947,7.267824669216805,False,,14.117853384777268,-4.66502981410033,14.117853384777268,-4.66502981410033,-3.624459254062906,1.2334853267859103,6.360341400678116,11.791184379749797,True,0.0,True,11.0,True,13.0,GFC_2007_2009,MACD_PASS,,,,
PGR,MACD_PASS,2009-06-26,2009-06-29,11.614,GREEN,2009-06-15,11.007,5.514672481148364,False,,4.374031341484397,-6.552436714310328,4.374031341484397,-6.552436714310328,-4.632340278973657,-3.573273635267793,-1.5929051145169626,3.8488031685896207,True,8.0,True,8.0,False,,GFC_2007_2009,MACD_PASS,,,,
DOV,MACD_PASS,2009-06-29,2009-06-30,24.071,GREEN,2009-06-22,22.8,5.574561403508782,True,4.0,9.633999418387273,-9.633999418387285,0.5649952224668686,-7.660670516389024,-8.437538947280965,-0.8433384570645241,4.918781936770378,-0.2451082215113698,False,,False,,False,,GFC_2007_2009,MACD_PASS,,,,
FHN,MACD_PASS,2009-06-29,2009-06-30,10.842,GREEN,2009-06-24,10.38,4.450867052023111,True,2.0,6.862202545655771,-8.356391809629226,2.6102195166943343,-5.939863493820329,-6.530160486995018,2.776240546024722,-3.5878989116399307,3.8369304556354678,True,0.0,False,,False,,GFC_2007_2009,MACD_PASS,,,,
SWK,MACD_PASS,2009-06-29,2009-06-30,29.285,GREEN,2009-06-19,28.493,2.779630084582174,True,2.0,16.83455694041318,-8.533378862899088,0.2322007853850172,-4.954754994024246,-6.9694382789824205,5.224517671162721,11.053440327812858,14.512549086563077,False,,False,,False,,GFC_2007_2009,MACD_PASS,,,,
VFC,MACD_FAIL,2009-07-01,2009-07-02,11.773,GREEN,2009-06-25,11.578,1.6842287096217046,True,0.0,20.130807780514747,-3.2362184659814885,0.9513293128344591,-3.2362184659814885,-1.1466915824343782,8.451541663127493,18.02429287352416,16.945553384863675,False,,False,,False,,GFC_2007_2009,MACD_FAIL,,,,
TGT,MACD_PASS,2009-07-09,2009-07-10,31.836,YELLOW,2009-07-07,30.028,6.021047022778747,False,,15.281442392260347,-2.7233320768940694,15.281442392260347,-2.7233320768940694,2.622816936801109,10.79281316748335,13.14863676341249,11.358210830506344,True,3.0,True,3.0,True,8.0,GFC_2007_2009,MACD_PASS,,,,
LEG,MACD_PASS,2009-07-13,2009-07-14,11.456,GREEN,2009-07-07,10.837,5.711912891021509,False,,23.30656424581006,-0.6983240223463638,23.30656424581006,-0.6983240223463638,8.379888268156432,14.10614525139664,21.03701117318435,20.015712290502808,True,1.0,True,1.0,True,1.0,GFC_2007_2009,MACD_PASS,,,,
MCD,MACD_PASS,2009-08-11,2009-08-12,45.266,GREEN,2009-07-27,44.261,2.270621992273103,True,3.0,2.343922590907077,-2.6443688419564237,1.3232890027835564,-2.52728317059161,-0.4661335218486218,1.9440639773781632,-0.9631953342464583,-1.8954623779437019,False,,False,,False,,GFC_2007_2009,MACD_PASS,,,,
BDX,MACD_PASS,2009-08-12,2009-08-13,59.113,GREEN,2009-08-03,55.688,6.150337595173094,False,,6.359007324953891,-4.293471825148442,6.359007324953891,-4.293471825148442,0.639453250554034,3.850252905452267,2.5138294452996757,5.986838766430402,True,6.0,True,7.0,True,11.0,GFC_2007_2009,MACD_PASS,,,,
CLX,MACD_PASS,2009-08-13,2009-08-14,47.733,GREEN,2009-08-06,46.524,2.5986587567707,False,,1.9944273353864395,-2.8072821737581855,1.9944273353864395,-2.8072821737581855,0.691345609955385,0.9134141998198286,0.5174617141181059,-0.7981899314939311,False,,False,,False,,GFC_2007_2009,MACD_PASS,,,,
GWW,MACD_FAIL,2009-08-17,2009-08-18,76.112,GREEN,2009-08-14,74.387,2.3189535805987482,False,,5.575993273071256,-1.020863989909604,5.575993273071256,-1.020863989909604,3.2964578515871423,-0.220727349169636,2.8103321421063754,4.996583981500957,True,2.0,True,3.0,True,20.0,GFC_2007_2009,MACD_FAIL,,,,
KO,MACD_PASS,2009-08-17,2009-08-18,19.885,GREEN,2009-08-12,19.342,2.807362216937248,False,,8.34297208951471,-0.8800603469952262,8.34297208951471,-0.8800603469952262,-0.025144581342728678,-0.46266029670607445,3.85214986170479,8.03620819713351,True,3.0,True,11.0,True,17.0,GFC_2007_2009,MACD_PASS,,,,
PFE,MACD_FAIL,2009-08-17,2009-08-18,12.428,GREEN,2009-08-13,12.163,2.1787387979939288,False,,6.927904731251999,-0.5069198583843026,6.927904731251999,-0.5069198583843026,5.801416157064687,3.1541680077244783,1.8265207595751454,3.4036047634373956,True,1.0,True,1.0,True,3.0,GFC_2007_2009,MACD_FAIL,,,,
TGT,MACD_FAIL,2009-08-18,2009-08-19,36.338,GREEN,2009-08-17,34.033,6.772838127699576,False,,11.679233859871218,-0.11833342506466504,11.679233859871218,-0.11833342506466504,7.771478892619288,5.154383840607624,9.469425945291432,10.605977213935812,True,0.0,True,0.0,True,4.0,GFC_2007_2009,MACD_FAIL,,,,
EMR,MACD_FAIL,2009-08-20,2009-08-21,28.793,GREEN,2009-08-18,27.474,4.800902671616791,False,,17.875872607925537,-0.6980863404299709,17.875872607925537,-0.6980863404299709,5.275587816483185,5.866009099433889,12.013336574861967,13.822804153787382,True,0.0,True,1.0,True,2.0,GFC_2007_2009,MACD_FAIL,,,,
JNJ,MACD_PASS,2009-08-20,2009-08-21,49.719,GREEN,2009-08-17,48.426,2.670053277165163,False,,0.6536736458898851,-2.9626500935256095,0.6536736458898851,-2.9626500935256095,-1.3073472917798035,-1.2570647036344251,-1.2248838472213919,-0.6898771093545752,False,,False,,False,,GFC_2007_2009,MACD_PASS,,,,
MTB,MACD_FAIL,2009-08-20,2009-08-21,50.199,GREEN,2009-08-19,48.028,4.520279836761887,True,8.0,12.607820872925757,-5.155481184884159,4.589732863204454,-5.155481184884159,2.8845196119444694,-2.4183748680252526,-0.9880674913842813,9.283053447279844,True,0.0,True,3.0,False,,GFC_2007_2009,MACD_FAIL,,,,
ADM,MACD_PASS,2009-08-21,2009-08-24,24.498,GREEN,2009-08-11,22.992,6.550104384133615,False,,2.424687729610575,-4.473834598742754,2.424687729610575,-4.473834598742754,0.10204914686913202,-0.21634419136256078,1.236835660053881,0.3347212017307477,True,0.0,False,,False,,GFC_2007_2009,MACD_PASS,,,,
LOW,MACD_FAIL,2009-08-21,2009-08-24,18.733,GREEN,2009-08-19,17.413,7.580543272267848,False,,5.679816366839274,-2.9199807825762036,5.679816366839274,-2.9199807825762036,1.5640847701916316,2.839908183419637,0.20285058452997884,-0.4697592483852042,True,2.0,True,2.0,True,19.0,GFC_2007_2009,MACD_FAIL,,,,
PEP,MACD_PASS,2009-08-21,2009-08-24,47.387,GREEN,2009-08-17,45.886,3.271150241903853,False,,4.007428197606933,-3.460864794141849,4.007428197606933,-3.460864794141849,-1.7641969316479211,1.023487454365113,1.0424800050646832,1.5426171734864047,True,13.0,True,18.0,False,,GFC_2007_2009,MACD_PASS,,,,
PPG,MACD_FAIL,2009-08-21,2009-08-24,24.454,GREEN,2009-08-20,23.462,4.228113545307299,False,,10.145579455303832,-3.3164308497587336,10.145579455303832,-3.3164308497587336,0.9446307352580341,0.9282734930890602,8.256317984787763,9.55262942667865,True,4.0,True,11.0,True,13.0,GFC_2007_2009,MACD_FAIL,,,,
SLM,MACD_PASS,2009-08-21,2009-08-24,2.8841,GREEN,2009-08-18,2.6776,7.712130265909778,False,,11.362296730349165,-7.728580839776711,11.362296730349165,-7.728580839776711,1.1372698588814512,-1.1372698588814512,-1.4770639020838416,0.45421448632156913,True,0.0,True,0.0,True,0.0,GFC_2007_2009,MACD_PASS,,,,
CMA,MACD_FAIL,2009-08-28,2009-08-31,23.489,GREEN,2009-08-27,23.427,0.26465189738336115,True,1.0,21.401507088424367,-6.432798331133716,3.129124270935324,-2.626761462812388,-0.19157903699604795,10.11537315339095,13.546766571586687,13.738345608582737,True,0.0,True,0.0,False,,GFC_2007_2009,MACD_FAIL,,,,
BAC,MACD_FAIL,2009-09-04,2009-09-08,16.46,GREEN,2009-09-03,15.566,5.743286650391877,True,17.0,3.5601458080194215,-10.540704738760642,3.5601458080194215,-7.314702308626975,-3.8396111786148324,0.8748481166463984,-1.7132442284325644,-2.6306196840826246,True,10.0,True,10.0,False,,GFC_2007_2009,MACD_FAIL,,,,
FHN,MACD_FAIL,2009-09-04,2009-09-08,11.723,GREEN,2009-09-03,11.206,4.613599857219364,False,,14.603770365947288,-3.9665614603770494,14.603770365947288,-3.9665614603770494,5.8688049134180575,7.276294463874433,3.241491085899506,-0.7847820523756766,True,1.0,True,1.0,True,5.0,GFC_2007_2009,MACD_FAIL,,,,
GE,MACD_FAIL,2009-09-04,2009-09-08,11.689,GREEN,2009-09-03,10.7,9.242990654205618,False,,20.660449995722473,-1.0864915732740288,20.660449995722473,-1.0864915732740288,10.189066643853195,17.1528787749166,15.091111301223359,10.753700059885363,True,1.0,True,1.0,True,4.0,GFC_2007_2009,MACD_FAIL,,,,
NUE,MACD_PASS,2009-09-08,2009-09-09,36.569,GREEN,2009-09-02,34.591,5.718250411956882,False,,12.31370833219394,-3.029888703546735,12.31370833219394,-3.029888703546735,5.786321747928569,7.23563674150236,3.3662391643194844,-0.41565260193060505,True,1.0,True,1.0,True,2.0,GFC_2007_2009,MACD_PASS,,,,
SWK,MACD_PASS,2009-09-08,2009-09-09,35.004,GREEN,2009-09-02,33.905,3.241409821560226,False,,6.336418695006296,-1.34841732373443,6.336418695006296,-1.34841732373443,4.070963318477894,4.242372300308528,4.710890183978966,3.8281339275511472,True,5.0,True,5.0,True,7.0,GFC_2007_2009,MACD_PASS,,,,
USB,MACD_FAIL,2009-09-08,2009-09-09,17.997,GREEN,2009-09-03,17.792,1.1522032374100544,False,,9.473801189087073,-1.183530588431414,9.473801189087073,-1.183530588431414,8.612546535533694,5.045285325332016,4.045118630882927,5.556481635828203,True,0.0,True,0.0,True,2.0,GFC_2007_2009,MACD_FAIL,,,,
BBT,MACD_FAIL,2009-09-09,2009-09-10,22.346,GREEN,2009-09-04,21.787,2.5657502180199243,True,15.0,10.932605387988904,-5.884722097914619,10.932605387988904,-5.249261612816625,7.549449565917832,3.450281929651844,-4.994182404009662,-0.5996598943882603,True,3.0,True,3.0,True,3.0,GFC_2007_2009,MACD_FAIL,,,,
KMB,MACD_PASS,2009-09-11,2009-09-14,46.503,GREEN,2009-09-04,45.881,1.3556810008500175,True,2.0,2.789067371997489,-2.0944885276218628,0.23869427778853147,-1.6127991742468262,-1.4085112788422283,0.2558974689804927,0.030105584585937706,2.072984538631917,False,,False,,False,,GFC_2007_2009,MACD_PASS,,,,
SHW,MACD_PASS,2009-09-14,2009-09-15,55.16,GREEN,2009-09-11,53.842,2.447903123955264,False,,5.928208846990568,-2.1573604060913687,5.928208846990568,-2.1573604060913687,2.1374184191443213,0.6870920957215532,0.1522842639593902,5.681653372008699,True,1.0,True,2.0,True,20.0,GFC_2007_2009,MACD_PASS,,,,
MO,MACD_FAIL,2009-09-16,2009-09-17,13.332,GREEN,2009-09-15,12.987,2.6565026565026573,True,4.0,0.3225322532253161,-5.288028802880285,0.3225322532253161,-2.7902790279027867,-4.035403540354032,-3.862886288628864,-2.1452145214521545,0.060006000600054676,False,,False,,False,,GFC_2007_2009,MACD_FAIL,,,,
CLX,MACD_FAIL,2009-09-18,2009-09-21,47.275,GREEN,2009-09-15,46.679,1.2768054157115571,True,10.0,4.173453199365418,-2.371232152300362,4.173453199365418,-2.371232152300362,2.1195134849286035,-1.455314648334205,1.5060814383923926,0.8672659968270935,True,1.0,True,1.0,False,,GFC_2007_2009,MACD_FAIL,,,,
CB,MACD_PASS,2009-09-25,2009-09-28,43.989,GREEN,2009-09-21,41.728,5.418424079754591,False,,7.497328877673959,-0.4251062765691316,7.497328877673959,-0.4251062765691316,3.9759939984996384,4.751187796949252,6.5266316579144945,3.2212598604196563,True,0.0,True,0.0,True,3.0,GFC_2007_2009,MACD_PASS,,,,
BDX,MACD_FAIL,2009-09-28,2009-09-29,61.932,GREEN,2009-09-25,59.825,3.521938988717088,True,3.0,0.0855777304139993,-5.3316540722082255,0.0855777304139993,-5.189562746237808,-4.196538138603634,-2.425240586449662,-4.253051734160051,-4.367693599431643,False,,False,,False,,GFC_2007_2009,MACD_FAIL,,,,
PGR,MACD_FAIL,2009-09-28,2009-09-29,13.005,GREEN,2009-09-25,12.528,3.8074712643678232,True,2.0,1.5378700499807607,-5.859284890426764,0.29219530949633477,-4.429065743944638,-1.7839292579777122,-2.7758554402153024,-1.3610149942330008,-3.6063052672049345,False,,False,,False,,GFC_2007_2009,MACD_FAIL,,,,
ADM,MACD_FAIL,2009-09-29,2009-09-30,24.573,GREEN,2009-09-28,23.147,6.160625567028144,False,,9.481951735644811,-4.248565498718104,9.481951735644811,-4.248565498718104,2.1120742278110116,3.528262727383713,8.525617547714969,2.392870223415944,True,4.0,True,6.0,True,13.0,GFC_2007_2009,MACD_FAIL,,,,
FITB,MACD_PASS,2009-09-29,2009-09-30,8.4439,GREEN,2009-09-25,7.9703,5.942059897368979,True,2.0,9.213751939269766,-12.315399282322147,1.8013003469960598,-9.41389642226932,1.5987872902331945,3.5990478333471465,1.2008668979973658,-11.51363706344224,False,,False,,False,,GFC_2007_2009,MACD_PASS,,,,
BAC,MACD_FAIL,2009-10-05,2009-10-06,16.224,GREEN,2009-10-02,14.725,10.179966044142619,True,14.0,10.996055226824453,-17.948717948717952,10.996055226824453,-12.432199211045358,3.500986193293887,-1.152613412228809,-10.219428007889542,-13.97928994082841,True,2.0,True,4.0,True,6.0,GFC_2007_2009,MACD_FAIL,,,,
TGT,MACD_FAIL,2009-10-05,2009-10-06,39.301,GREEN,2009-10-02,37.767,4.061747027828533,False,,8.783491514210828,-0.14757894201165023,8.783491514210828,-0.14757894201165023,5.274674944657898,4.997328312256677,1.8116587364189085,3.4884608534133887,True,1.0,True,2.0,True,4.0,GFC_2007_2009,MACD_FAIL,,,,
DOV,MACD_PASS,2009-10-06,2009-10-07,27.201,GREEN,2009-10-05,26.475,2.742209631728043,False,,9.584206462997692,-1.6139112532627453,9.584206462997692,-1.6139112532627453,5.911547369581993,5.069666556376595,-1.0551082680783752,2.135950884158677,True,1.0,True,2.0,True,5.0,GFC_2007_2009,MACD_PASS,,,,
GWW,MACD_PASS,2009-10-06,2009-10-07,77.637,GREEN,2009-10-02,75.03,3.4746101559376186,False,,11.673557710885273,-0.5577237657302669,11.673557710885273,-0.5577237657302669,5.722786815564751,8.749694089158533,5.641639939719467,7.229800224119942,True,1.0,True,2.0,True,3.0,GFC_2007_2009,MACD_PASS,,,,
JNJ,MACD_FAIL,2009-10-06,2009-10-07,48.97,GREEN,2009-10-05,48.296,1.3955607089614075,True,17.0,4.272003267306501,-2.311619358791095,4.272003267306501,-2.311619358791095,0.6309985705534205,0.23483765570757598,-1.0006126199714194,-1.0782111496834723,True,2.0,True,3.0,False,,GFC_2007_2009,MACD_FAIL,,,,
LEG,MACD_FAIL,2009-10-06,2009-10-07,14.616,GREEN,2009-10-05,14.241,2.633242047609019,False,,14.538861521620138,-1.388888888888884,14.538861521620138,-1.388888888888884,5.890804597701149,2.8872468527640915,4.0161466885604735,3.0582922824302194,True,3.0,True,4.0,True,5.0,GFC_2007_2009,MACD_FAIL,,,,
MMM,MACD_PASS,2009-10-06,2009-10-07,62.473,GREEN,2009-10-02,60.844,2.6773387679968508,False,,7.766555151825605,-1.0964736766283067,7.766555151825605,-1.0964736766283067,4.120179917724465,3.7968402349815022,1.2549421350023238,0.7235125574247991,True,3.0,True,5.0,True,6.0,GFC_2007_2009,MACD_PASS,,,,
MTB,MACD_FAIL,2009-10-06,2009-10-07,51.909,GREEN,2009-10-05,50.452,2.8878934432728043,False,,12.81280702768306,-2.0015796875301084,12.81280702768306,-2.0015796875301084,8.584253212352388,6.973742510932612,4.679342695871624,-1.6124371496272216,True,1.0,True,2.0,True,2.0,GFC_2007_2009,MACD_FAIL,,,,
SLM,MACD_PASS,2009-10-06,2009-10-07,2.812,GREEN,2009-10-02,2.6252,7.115648331555691,False,,34.72972972972974,-0.7005689900426715,34.72972972972974,-0.7005689900426715,11.536273115220496,25.174253200568984,17.599573257468016,13.75177809388337,True,0.0,True,0.0,True,1.0,GFC_2007_2009,MACD_PASS,,,,
VFC,MACD_PASS,2009-10-06,2009-10-07,15.231,GREEN,2009-10-05,14.7,3.6122448979591937,False,,11.49629046024554,-1.9237082266430283,11.49629046024554,-1.9237082266430283,6.604950430043988,5.863042479154346,-1.1686691615783507,0.026262228350071304,True,1.0,True,1.0,True,1.0,GFC_2007_2009,MACD_PASS,,,,
LOW,MACD_FAIL,2009-10-07,2009-10-08,18.317,GREEN,2009-09-29,17.645,3.808444318503823,True,13.0,6.22918600207456,-7.47939072992303,6.22918600207456,-3.9580717366381024,4.574984986624453,2.2711142654364913,-3.483103128241538,-3.040890975596433,True,2.0,True,2.0,True,4.0,GFC_2007_2009,MACD_FAIL,,,,
WMT,MACD_PASS,2009-10-07,2009-10-08,42.102,GREEN,2009-09-28,41.42,1.6465475615644598,False,,4.985511377131746,-0.26364543252100914,4.985511377131746,-0.26364543252100914,2.8668471806565066,1.9167735499501237,1.7576362168068016,3.5342739062277584,True,3.0,True,6.0,False,,GFC_2007_2009,MACD_PASS,,,,
BCR,MACD_PASS,2009-10-08,2009-10-09,74.876,GREEN,2009-09-23,73.299,2.1514618207615355,True,5.0,1.3088305999251926,-5.055024306854017,0.5889737699663389,-2.2957957155831044,-2.2330252684438445,-1.526523852769912,-3.6700678455045765,0.5889737699663389,False,,False,,False,,GFC_2007_2009,MACD_PASS,,,,
EMR,MACD_FAIL,2009-10-08,2009-10-09,31.869,GREEN,2009-10-05,31.175,2.2261427425821934,True,15.0,6.084282531613794,-4.242367190686879,3.548903322978436,-3.583419624086104,0.02824060999717659,1.4559603376321784,-3.473595029652643,5.415921428347303,True,3.0,True,10.0,False,,GFC_2007_2009,MACD_FAIL,,,,
FHN,MACD_PASS,2009-10-09,2009-10-12,12.005,GREEN,2009-10-01,11.258,6.6352815775448715,True,10.0,8.74635568513118,-12.927946688879643,8.74635568513118,-7.246980424823002,2.1074552269887414,-6.29737609329446,-10.73719283631821,-3.7067888379841762,True,2.0,True,2.0,True,4.0,GFC_2007_2009,MACD_PASS,,,,
NUE,MACD_PASS,2009-10-14,2009-10-15,36.594,GREEN,2009-10-01,35.461,3.1950593609881395,True,7.0,3.2710280373831724,-15.915177351478393,3.2710280373831724,-5.00628518336339,-2.92397660818714,-9.359457834617713,-12.586762857299016,-10.769525058752805,True,4.0,True,4.0,False,,GFC_2007_2009,MACD_PASS,,,,
SNV,MACD_FAIL,2009-10-22,2009-10-23,20.286,GREEN,2009-10-21,20.286,0.0,True,0.0,1.552795031055898,-51.70068027210885,1.552795031055898,-13.92586019915214,-31.262939958592128,-34.358671004633734,-40.25929212264616,-47.98876072167998,False,,False,,False,,GFC_2007_2009,MACD_FAIL,,,,
KO,MACD_PASS,2009-10-28,2009-10-29,21.83,GREEN,2009-10-27,21.653,0.8174386920980936,False,,9.166284928996804,-1.4154832798900507,9.166284928996804,-1.4154832798900507,1.6399450297755358,4.516720109940442,6.2803481447549325,6.839212093449398,True,7.0,True,7.0,True,9.0,GFC_2007_2009,MACD_PASS,,,,
BDX,MACD_FAIL,2009-10-29,2009-10-30,59.535,GREEN,2009-10-27,58.139,2.4011420905072134,False,,12.23985890652559,-0.3812883177962467,12.23985890652559,-0.3812883177962467,4.058117073990086,7.269673301419344,8.717561098513471,10.338456370202408,True,1.0,True,2.0,True,6.0,GFC_2007_2009,MACD_FAIL,,,,
CINF,MACD_FAIL,2009-10-29,2009-10-30,19.836,GREEN,2009-10-27,19.365,2.4322230828814906,False,,3.5944746924783333,-2.374470659407135,3.5944746924783333,-2.374470659407135,0.4688445251058715,1.7090139140955918,-0.8923169993950375,-0.5444646098003436,True,6.0,True,8.0,False,,GFC_2007_2009,MACD_FAIL,,,,
PGR,MACD_FAIL,2009-10-29,2009-10-30,12.652,GREEN,2009-10-28,12.351,2.4370496316087564,True,0.0,5.951628201074932,-3.4065760354094143,0.5374644325008004,-2.8612077141953796,-2.0075877331647174,3.8808093582042513,2.3632627252608396,1.8732216250395117,False,,False,,False,,GFC_2007_2009,MACD_FAIL,,,,
CTL,MACD_FAIL,2009-11-02,2009-11-03,20.733,GREEN,2009-10-28,20.535,0.9642074506939435,False,,12.815318574253599,-0.7958327304297463,12.815318574253599,-0.7958327304297463,6.694641392948419,6.82486856701876,9.55963922249554,12.255824048618136,True,1.0,True,2.0,True,2.0,GFC_2007_2009,MACD_FAIL,,,,
TGT,MACD_FAIL,2009-11-02,2009-11-03,40.564,GREEN,2009-10-30,39.895,1.6769018674019254,True,11.0,3.8704269795878155,-6.37018045557638,3.8704269795878155,-3.3354698747658063,2.7881865693718533,-0.709989152943491,-3.379844196824777,-2.847352332117148,True,4.0,True,5.0,False,,GFC_2007_2009,MACD_FAIL,,,,
PPG,MACD_PASS,2009-11-03,2009-11-04,26.082,GREEN,2009-10-28,24.905,4.725958642842798,False,,5.46353807223372,-1.7253278122843274,5.46353807223372,-1.7253278122843274,4.524192929990023,3.373974388467138,3.6500268384326295,1.8096771719960048,True,3.0,True,3.0,True,5.0,GFC_2007_2009,MACD_PASS,,,,
SWK,MACD_FAIL,2009-11-03,2009-11-04,42.484,GREEN,2009-11-02,38.29,10.953251501697569,False,,3.469541474437432,-2.7516241408530373,3.469541474437432,-2.7516241408530373,1.610017889087656,0.7202711609076262,1.0474531588362757,-1.7018171546935301,True,4.0,True,5.0,False,,GFC_2007_2009,MACD_FAIL,,,,
AVY,MACD_PASS,2009-11-04,2009-11-05,30.701,GREEN,2009-10-30,29.59,3.754646840148701,False,,9.087651868017321,-0.736132373538323,9.087651868017321,-0.736132373538323,5.1594410605517504,4.374450343636993,2.4364027230383334,5.863001205172469,True,0.0,True,2.0,True,2.0,GFC_2007_2009,MACD_PASS,,,,
JCI,MACD_PASS,2009-11-04,2009-11-05,14.55,GREEN,2009-10-28,14.101,3.1841713353662815,False,,9.828178694158062,-0.4398625429553271,9.828178694158062,-0.4398625429553271,4.646048109965628,7.7044673539518715,5.92439862542955,4.9140893470790425,True,2.0,True,2.0,True,5.0,GFC_2007_2009,MACD_PASS,,,,
WMT,MACD_FAIL,2009-11-04,2009-11-05,42.935,GREEN,2009-11-03,42.094,1.9979094407754028,False,,9.067194596483063,-0.03726563409807149,9.067194596483063,-0.03726563409807149,5.403516944218012,7.977174799114928,8.158844765342966,7.387911959939442,True,2.0,True,2.0,True,5.0,GFC_2007_2009,MACD_FAIL,,,,
BAC,MACD_PASS,2009-11-05,2009-11-06,14.084,GREEN,2009-10-23,13.312,5.799278846153855,False,,12.042033513206473,-0.6461232604373701,12.042033513206473,-0.6461232604373701,6.9653507526270975,7.703777335984108,6.106219823913661,6.368929281454139,True,0.0,True,1.0,True,1.0,GFC_2007_2009,MACD_PASS,,,,
JNJ,MACD_PASS,2009-11-05,2009-11-06,48.782,GREEN,2009-10-27,47.838,1.9733266440904673,False,,8.909023820261574,-0.6190808084949317,8.909023820261574,-0.6190808084949317,2.4906727891435443,3.9522774793981474,4.841949899553111,7.394120782255764,True,2.0,True,6.0,True,11.0,GFC_2007_2009,MACD_PASS,,,,
MMM,MACD_PASS,2009-11-05,2009-11-06,63.606,GREEN,2009-10-30,62.134,2.369073293205015,False,,5.700720057856179,-0.25469295349495047,5.700720057856179,-0.25469295349495047,3.2701317485771764,2.361412445366784,3.430493978555482,4.05622111121593,True,1.0,True,1.0,True,3.0,GFC_2007_2009,MACD_PASS,,,,
PEP,MACD_PASS,2009-11-05,2009-11-06,50.097,GREEN,2009-11-03,48.972,2.297231070815986,False,,5.7268898337225815,-0.3253687845579667,5.7268898337225815,-0.3253687845579667,1.564963969898403,1.7905263788250858,2.0180849152643843,5.313691438609092,True,1.0,True,2.0,True,20.0,GFC_2007_2009,MACD_PASS,,,,
VFC,MACD_PASS,2009-11-05,2009-11-06,15.708,GREEN,2009-10-29,14.938,5.154639175257736,False,,4.679144385026746,-3.692386045327223,4.679144385026746,-3.692386045327223,0.9103641456582601,-1.8143621084797612,-1.4769544181308825,-2.2536287242169606,True,1.0,True,1.0,False,,GFC_2007_2009,MACD_PASS,,,,
GE,MACD_PASS,2009-11-06,2009-11-09,12.64,GREEN,2009-10-23,11.392,10.955056179775301,False,,5.023734177215178,-2.547468354430382,5.023734177215178,-2.547468354430382,1.8987341772152,2.033227848101271,2.990506329113929,0.13449367088607111,True,5.0,True,5.0,True,18.0,GFC_2007_2009,MACD_PASS,,,,
LOW,MACD_FAIL,2009-11-06,2009-11-09,18.609,GREEN,2009-10-27,16.947,9.807045494777844,False,,10.081143532699222,-0.6663442420334342,10.081143532699222,-0.6663442420334342,3.374711161266042,4.051802891074208,7.378150357353963,7.990757160513717,True,1.0,True,3.0,True,5.0,GFC_2007_2009,MACD_FAIL,,,,
SHW,MACD_PASS,2009-11-06,2009-11-09,55.26,GREEN,2009-10-22,51.833,6.61161808114521,False,,5.025334781035107,-1.48389431777054,5.025334781035107,-1.48389431777054,1.735432500904821,0.903003981179884,3.7242128121606877,2.756062251176261,True,5.0,True,12.0,True,16.0,GFC_2007_2009,MACD_PASS,,,,
USB,MACD_PASS,2009-11-06,2009-11-09,20.488,GREEN,2009-11-04,19.726,3.862922031836158,True,13.0,4.221983600156198,-5.061499414291292,4.221983600156198,-4.846739554861379,-2.2549785240140507,-1.53748535728232,1.7522452167122227,-3.9193674345958662,True,0.0,True,2.0,False,,GFC_2007_2009,MACD_PASS,,,,
BBT,MACD_PASS,2009-11-09,2009-11-10,20.838,GREEN,2009-10-23,19.751,5.503518809174213,False,,6.555331605720327,-3.186486227085139,6.555331605720327,-3.186486227085139,-0.6046645551396557,0.07678280065264165,4.515788463384207,3.124100201554847,True,1.0,True,15.0,True,15.0,GFC_2007_2009,MACD_PASS,,,,
CB,MACD_PASS,2009-11-09,2009-11-10,44.853,GREEN,2009-10-27,43.069,4.142190438598514,True,7.0,0.42137649655540343,-9.14543062894344,0.42137649655540343,-5.297304528125224,-2.6129801796981322,-5.6049762557688565,-5.413238802309772,-5.8279267830468555,False,,False,,False,,GFC_2007_2009,MACD_PASS,,,,
FITB,MACD_PASS,2009-11-09,2009-11-10,8.2071,GREEN,2009-10-28,7.404,10.846839546191255,False,,12.141925893433726,-4.22317261883004,12.141925893433726,-4.22317261883004,1.9592791607266902,3.088788975399326,8.230678315117391,5.976532514530097,True,4.0,True,4.0,True,14.0,GFC_2007_2009,MACD_PASS,,,,
LEG,MACD_PASS,2009-11-09,2009-11-10,15.242,GREEN,2009-11-02,14.905,2.2609862462261043,False,,3.7396667104054426,-1.8960766303634746,3.7396667104054426,-1.8960766303634746,3.063902375016392,1.3187245768271794,2.657131610024921,2.3028473953549344,True,1.0,True,1.0,False,,GFC_2007_2009,MACD_PASS,,,,
MTB,MACD_PASS,2009-11-09,2009-11-10,54.17,GREEN,2009-10-30,50.603,7.048989190364208,False,,4.336348532397993,-5.305519660328595,4.336348532397993,-5.305519660328595,-1.7611223924681618,2.739523721617143,1.223924681558053,-1.0688573010891655,True,8.0,True,9.0,False,,GFC_2007_2009,MACD_PASS,,,,
PFE,MACD_PASS,2009-11-09,2009-11-10,13.556,GREEN,2009-11-03,13.086,3.591624637016655,False,,9.634110357037473,-0.5163765122454866,9.634110357037473,-0.5163765122454866,3.5851283564473313,5.7096488639716725,8.195632930067864,5.318678076128647,True,0.0,True,2.0,True,6.0,GFC_2007_2009,MACD_PASS,,,,
STT,MACD_PASS,2009-11-09,2009-11-10,38.353,GREEN,2009-10-21,35.393,8.363235668069958,False,,0.48236122337235177,-8.81808463483953,0.48236122337235177,-8.81808463483953,-3.856282429014679,-4.54983964748521,-1.1498448622011326,-5.835267123823429,False,,False,,False,,GFC_2007_2009,MACD_PASS,,,,
CMA,MACD_PASS,2009-11-10,2009-11-11,25.22,GREEN,2009-10-28,23.735,6.256583105119029,False,,4.940523394131646,-3.271213322759714,4.940523394131646,-3.271213322759714,3.4853291038858147,2.0618556701030855,-1.740681998413962,-0.2180808881839802,True,0.0,True,0.0,False,,GFC_2007_2009,MACD_PASS,,,,
RF,MACD_FAIL,2009-11-13,2009-11-16,4.4026,GREEN,2009-10-26,4.142,6.291646547561536,False,,22.24140280743199,-1.0221232907827171,22.24140280743199,-1.0221232907827171,16.12229137327943,17.96211329668833,16.12229137327943,8.976513878162894,True,0.0,True,1.0,True,1.0,GFC_2007_2009,MACD_FAIL,,,,
ADM,MACD_FAIL,2009-12-01,2009-12-02,26.369,GREEN,2009-11-25,25.543,3.2337626747054093,False,,3.159012476771972,-3.52307633964124,3.159012476771972,-3.52307633964124,-1.6762107019606343,0.7698433766923252,1.0656452652736181,0.9935909590807368,True,0.0,True,2.0,False,,GFC_2007_2009,MACD_FAIL,,,,
SWK,MACD_PASS,2009-12-02,2009-12-03,42.655,GREEN,2009-12-01,41.845,1.9357151392042082,True,0.0,7.52080647051927,-3.4087445785957127,0.9635447192591684,-2.175594889227528,-0.14535224475441533,2.37017934591488,6.937053100457158,6.097761106552579,False,,False,,False,,GFC_2007_2009,MACD_PASS,,,,
TGT,MACD_PASS,2009-12-02,2009-12-03,38.882,GREEN,2009-11-19,37.98,2.3749341758820375,True,1.0,5.174630934622715,-4.189599300447499,0.35749189856488783,-4.058433208168289,-2.319839514428268,0.8873000360063665,3.325446221902162,3.117123604752847,False,,False,,False,,GFC_2007_2009,MACD_PASS,,,,
SVU,MACD_PASS,2009-12-04,2009-12-07,94.129,GREEN,2009-11-16,89.124,5.615771284951321,True,1.0,1.3088421209191736,-14.42700974194987,1.3088421209191736,-9.593217818100698,-8.693388859968776,-12.62735182568604,-12.835576708559538,-11.177214248531275,False,,False,,False,,GFC_2007_2009,MACD_PASS,,,,
MTB,MACD_FAIL,2009-12-08,2009-12-09,53.058,GREEN,2009-12-07,51.296,3.434965689332503,False,,17.41490444419316,-1.9111161370575669,17.41490444419316,-1.9111161370575669,-0.46175882995965756,4.64208978853331,5.63345772550794,16.61012476912058,True,2.0,True,8.0,True,9.0,GFC_2007_2009,MACD_FAIL,,,,
MCD,MACD_PASS,2009-12-11,2009-12-14,50.399,GREEN,2009-12-04,48.61,3.6803126928615537,False,,2.682592908589454,-1.9107521974642383,2.682592908589454,-1.9107521974642383,0.6607273953848303,2.1528204924700978,-1.2857397964245343,0.5396932478819005,True,7.0,False,,False,,GFC_2007_2009,MACD_PASS,,,,
VFC,MACD_PASS,2009-12-11,2009-12-14,15.727,GREEN,2009-12-09,15.049,4.505282743039407,False,,3.0457175557957683,-3.3700006358491796,3.0457175557957683,-3.3700006358491796,-1.4688115978889749,0.32428308005341133,0.7884529789534023,1.6722833343930876,True,16.0,True,18.0,False,,GFC_2007_2009,MACD_PASS,,,,
BAC,MACD_PASS,2009-12-14,2009-12-15,14.566,GREEN,2009-12-10,14.227,2.382793280382378,True,2.0,11.190443498558288,-3.995606206233704,0.3913222573115327,-3.995606206233704,-0.7757792118632478,-2.464643690786761,9.577097349993124,8.856240560208706,False,,False,,False,,GFC_2007_2009,MACD_PASS,,,,
LLY,MACD_PASS,2009-12-15,2009-12-16,28.23,GREEN,2009-12-14,27.578,2.364203350496785,True,15.0,2.061636556854407,-3.0712008501594057,2.061636556854407,-3.0712008501594057,0.0,-0.6376195536663132,-2.624867162592981,-0.340063761955367,True,4.0,False,,False,,GFC_2007_2009,MACD_PASS,,,,
FITB,MACD_PASS,2009-12-21,2009-12-22,8.6126,GREEN,2009-12-17,7.9703,8.058667804223196,False,,24.74746301929729,-4.316931008057967,24.74746301929729,-4.316931008057967,-3.9233216450317077,8.745326614495031,15.516800966026501,18.744629960755166,True,8.0,True,9.0,True,10.0,GFC_2007_2009,MACD_PASS,,,,
RF,MACD_PASS,2009-12-21,2009-12-22,4.9325,GREEN,2009-12-15,4.69,5.1705756929637525,False,,32.42777496198681,-5.650278763304605,32.42777496198681,-5.650278763304605,-3.097820577800303,12.387227572225035,19.31677648251393,20.22301064368981,True,8.0,True,9.0,True,10.0,GFC_2007_2009,MACD_PASS,,,,
USB,MACD_PASS,2009-12-21,2009-12-22,19.642,GREEN,2009-12-09,18.647,5.335978977851674,False,,17.045107422869354,-3.243050605844622,17.045107422869354,-3.243050605844622,-2.092454943488431,5.401690255574798,10.452092454943497,7.585785561551783,True,8.0,True,9.0,True,10.0,GFC_2007_2009,MACD_PASS,,,,
WMT,MACD_FAIL,2009-12-21,2009-12-22,45.442,GREEN,2009-12-17,44.464,2.1995322058294464,False,,3.2546982967298854,-1.4413978257999283,3.2546982967298854,-1.4413978257999283,1.5734342678579205,0.2596716693807455,1.406188107917794,-0.9704678491263663,True,7.0,True,14.0,False,,GFC_2007_2009,MACD_FAIL,,,,
ADP,MACD_PASS,2009-12-22,2009-12-23,31.694,GREEN,2009-12-17,30.993,2.2618010518504095,True,19.0,1.438758124566153,-4.335205401653308,1.438758124566153,-4.243705433205025,-0.2397930207610255,-1.1642582192213036,-1.5239477503628418,-3.8461538461538436,False,,False,,False,,GFC_2007_2009,MACD_PASS,,,,
AVY,MACD_PASS,2009-12-22,2009-12-23,31.008,GREEN,2009-12-17,30.165,2.7946295375435026,False,,8.262383900928793,-2.231682146542824,8.262383900928793,-2.231682146542824,-1.8027605779153633,2.4509803921568762,6.25,3.82481940144479,True,7.0,True,7.0,True,11.0,GFC_2007_2009,MACD_PASS,,,,
CTL,MACD_PASS,2009-12-22,2009-12-23,22.906,GREEN,2009-12-18,22.288,2.7727925340990556,True,9.0,2.868244128176034,-5.5924211996856705,2.868244128176034,-3.1782065834279116,0.6592159259582564,-3.1520125731249404,-2.5015279839343374,-3.3441019820134366,True,3.0,False,,False,,GFC_2007_2009,MACD_PASS,,,,
KO,MACD_FAIL,2009-12-22,2009-12-23,23.331,GREEN,2009-12-21,23.208,0.5299896587383612,True,7.0,1.3415627277013398,-5.8034374866058,1.3415627277013398,-1.8558998757018497,-0.35574986070034953,-3.591787750203601,-1.5987313017016058,-4.993356478504984,False,,False,,False,,GFC_2007_2009,MACD_FAIL,,,,
PEP,MACD_PASS,2009-12-22,2009-12-23,50.001,GREEN,2009-12-14,48.275,3.5753495598135565,False,,3.367932641347182,-1.2999740005199878,3.367932641347182,-1.2999740005199878,-0.11799764004719604,-0.16599668006639368,2.3359532809343886,-1.0519789604207852,True,7.0,True,14.0,False,,GFC_2007_2009,MACD_PASS,,,,
PPG,MACD_PASS,2009-12-23,2009-12-24,26.446,GREEN,2009-12-18,25.688,2.9507941451261344,False,,8.273462905543362,-1.436890266959101,8.273462905543362,-1.436890266959101,2.1023973379717065,3.924979202904022,8.224306133252647,1.0398547984572293,True,5.0,True,6.0,True,13.0,GFC_2007_2009,MACD_PASS,,,,
HRL,MACD_PASS,2015-01-08,2015-01-09,24.623,GREEN,2015-01-07,24.031,2.4634846656402143,True,1.0,4.849124802014382,-3.452057019859489,0.5401453925191868,-2.944401575762501,-0.3736344068553832,3.045932664581885,0.10559233237217303,2.7250944239125996,False,,False,,False,,2015_2016,MACD_PASS,,,,
NUE,MACD_FAIL,2015-01-08,2015-01-09,44.134,GREEN,2015-01-05,42.104,4.821394641839261,True,2.0,1.9146236461684785,-10.615398558934164,0.16767118321474594,-5.76879503330765,-7.520279149861786,-7.703811120677928,-7.95531789550007,0.04531653600399199,False,,False,,False,,2015_2016,MACD_FAIL,,,,
APD,MACD_FAIL,2015-01-16,2015-01-20,130.95,GREEN,2015-01-15,127.33,2.8430063614230727,False,,9.400534555173735,-1.8174875906834642,9.400534555173735,-1.8174875906834642,0.6338297059946596,5.276823214967563,6.613211149293652,9.16380297823598,True,2.0,True,7.0,True,7.0,2015_2016,MACD_FAIL,,,,
PG,MACD_PASS,2015-01-16,2015-01-20,82.955,GREEN,2015-01-13,81.219,2.1374308967113675,True,5.0,1.1958290639503488,-7.643903321077683,1.1958290639503488,-5.061780483394607,-4.542221686456516,-5.137725272738236,-5.754927370260987,-4.7965764571152985,False,,False,,False,,2015_2016,MACD_PASS,,,,
BEN,MACD_PASS,2015-01-21,2015-01-22,50.002,GREEN,2015-01-13,48.06,4.040782355389094,False,,3.6938522459101453,-3.6198552057917777,3.6938522459101453,-3.6198552057917777,0.22999080036798514,1.751929922803086,2.1899124035038575,3.1018759249629824,True,0.0,True,0.0,False,,2015_2016,MACD_PASS,,,,
GPC,MACD_PASS,2015-01-21,2015-01-22,90.918,GREEN,2015-01-12,87.104,4.378673769287289,True,6.0,0.8029213137112468,-6.513561670956259,0.8029213137112468,-5.50716029829077,-2.869618777359828,-2.332871378604906,-1.476055346576055,-1.9963043621725185,False,,False,,False,,2015_2016,MACD_PASS,,,,
GWW,MACD_PASS,2015-01-21,2015-01-22,229.07,GREEN,2015-01-13,219.55,4.33614210885902,True,2.0,0.9953289387523379,-6.60060243593662,0.9953289387523379,-4.775832714890649,-3.7936002095429355,-1.680708953594967,-4.020605055223281,-2.4533985244685086,False,,False,,False,,2015_2016,MACD_PASS,,,,
SWK,MACD_PASS,2015-01-21,2015-01-22,88.074,GREEN,2015-01-15,85.584,2.9094223219293225,False,,6.623975293503204,-3.1382700910597805,6.623975293503204,-3.1382700910597805,2.764720575879376,3.398278720167136,4.6052183391239065,6.387810250471193,True,5.0,True,5.0,True,16.0,2015_2016,MACD_PASS,,,,
TROW,MACD_PASS,2015-01-21,2015-01-22,73.674,GREEN,2015-01-14,71.323,3.2962718898532195,True,5.0,4.168363330347202,-4.70586638434185,4.168363330347202,-4.70586638434185,-3.2033010288568753,-0.07601053288814885,0.5700789966609499,2.101148301978961,True,0.0,True,2.0,False,,2015_2016,MACD_PASS,,,,
ADM,MACD_PASS,2015-01-23,2015-01-26,44.088,GREEN,2015-01-07,43.063,2.3802336112207723,True,7.0,2.96679368535655,-3.79241516966069,2.5607875158773385,-3.79241516966069,1.0320268553801526,-0.6237524950099771,0.7915986209399373,2.6492469606242075,True,1.0,False,,False,,2015_2016,MACD_PASS,,,,
ABT,MACD_FAIL,2015-01-29,2015-01-30,42.599,GREEN,2015-01-27,40.674,4.732753110094889,False,,5.457874597995271,-2.467194065588385,5.457874597995271,-2.467194065588385,0.21596751097445743,1.5188149956571806,4.225451301673755,4.007136317753934,True,11.0,True,14.0,True,17.0,2015_2016,MACD_FAIL,,,,
CL,MACD_FAIL,2015-01-29,2015-01-30,64.285,GREEN,2015-01-27,61.011,5.366245431151739,False,,4.301158901765567,-2.003577817531299,4.301158901765567,-2.003577817531299,1.390682118690223,2.5309170101890155,3.408260091778792,3.8920432449249587,True,3.0,True,11.0,False,,2015_2016,MACD_FAIL,,,,
ABBV,MACD_FAIL,2015-02-02,2015-02-03,55.815,GREEN,2015-01-22,53.142,5.029919837416719,True,1.0,0.48732419600467924,-10.42192958882021,0.26157842873779646,-8.033682701782663,-7.648481590970169,-3.830511511242496,-1.5909701693093248,-2.157126220550032,False,,False,,False,,2015_2016,MACD_FAIL,,,,
PEP,MACD_FAIL,2015-02-02,2015-02-03,88.78,GREEN,2015-01-30,86.504,2.631092203828711,False,,4.938049110159937,-0.45731020500113795,4.938049110159937,-0.45731020500113795,2.048884883982871,3.4455958549222787,3.623563865735524,2.073665239918898,True,5.0,True,6.0,False,,2015_2016,MACD_FAIL,,,,
WBA,MACD_FAIL,2015-02-02,2015-02-03,71.133,GREEN,2015-01-29,69.128,2.9004166184469327,False,,12.36416290610547,-1.2132203056246738,12.36416290610547,-1.2132203056246738,2.093261917815936,3.992521052113651,6.961607130305203,10.987867796943762,True,3.0,True,6.0,True,6.0,2015_2016,MACD_FAIL,,,,
BDX,MACD_FAIL,2015-02-03,2015-02-04,134.46,GREEN,2015-01-30,130.03,3.4069060985926436,False,,6.63394318012791,-1.100699092666979,6.63394318012791,-1.100699092666979,0.8478357875948195,1.9485348802617874,5.615052803807807,6.299271158708919,True,1.0,True,1.0,True,13.0,2015_2016,MACD_FAIL,,,,
JNJ,MACD_PASS,2015-02-03,2015-02-04,94.595,GREEN,2015-01-30,92.049,2.765918152288438,True,6.0,1.9546487657910117,-4.8734076853956365,0.42496960727311794,-4.8734076853956365,-1.7125640890110483,-1.397536867699145,1.3753369628416001,1.0920238913261882,False,,False,,False,,2015_2016,MACD_PASS,,,,
SYY,MACD_FAIL,2015-02-03,2015-02-04,36.689,GREEN,2015-01-30,35.245,4.097035040431285,False,,2.2731608929106972,-2.9518384256861707,2.2731608929106972,-2.9518384256861707,-1.668074899833738,-2.5702526642862877,-1.1065987080596362,-1.1583853471067496,True,3.0,False,,False,,2015_2016,MACD_FAIL,,,,
KMB,MACD_PASS,2015-02-04,2015-02-05,101.22,GREEN,2015-01-27,98.876,2.370646061733872,False,,1.5807152736613261,-2.433313574392404,1.5807152736613261,-2.433313574392404,0.06915629322268302,0.7804781663702798,-0.4149377593360981,-2.1981821774352817,False,,False,,False,,2015_2016,MACD_PASS,,,,
KO,MACD_PASS,2015-02-04,2015-02-05,38.218,GREEN,2015-01-29,37.393,2.2062952959110094,False,,4.448165785755398,-1.8237479721597172,4.448165785755398,-1.8237479721597172,0.8817834528232593,0.40556805693650055,3.592548014024799,-0.6724580040818551,True,3.0,True,15.0,False,,2015_2016,MACD_PASS,,,,
VFC,MACD_FAIL,2015-02-04,2015-02-05,64.883,GREEN,2015-01-20,63.77,1.7453347969264454,False,,12.212752184701703,-2.1746836613596665,12.212752184701703,-2.1746836613596665,2.3642556601883413,9.285945471078726,10.52664026016059,7.849513740116842,True,1.0,True,6.0,True,6.0,2015_2016,MACD_FAIL,,,,
HCP,MACD_PASS,2015-02-18,2015-02-19,37.291,GREEN,2015-02-04,35.588,4.785320894683598,True,11.0,0.46123729586229345,-8.404172588560243,0.46123729586229345,-7.712316644766826,-4.043871175350611,-3.668445469416204,-7.371751897240609,-5.282776004934164,False,,False,,False,,2015_2016,MACD_PASS,,,,
ED,MACD_PASS,2015-02-20,2015-02-23,58.371,GREEN,2015-02-06,56.793,2.7785114362685492,True,5.0,2.9620873378903845,-7.1628034469171435,2.9620873378903845,-4.043103595963748,-3.558273800346068,-5.740864470370555,-3.717599492898871,-4.010553185657262,True,1.0,False,,False,,2015_2016,MACD_PASS,,,,
BCR,MACD_FAIL,2015-03-05,2015-03-06,167.54,GREEN,2015-03-02,163.79,2.2895170645338636,True,2.0,2.106959532052044,-3.3424853766264695,0.12534320162349566,-2.5188014802435266,-2.2143965620150308,1.1818073295929432,-1.0325892324220987,-0.907246030798603,False,,False,,False,,2015_2016,MACD_FAIL,,,,
CB,MACD_FAIL,2015-03-09,2015-03-10,104.56,GREEN,2015-03-06,104.6,-0.03824091778201755,True,0.0,3.136954858454466,-1.4824024483550136,0.22953328232593329,-1.4824024483550136,1.4345830145371163,0.5451415455240971,0.35386381025248603,0.11476664116296664,False,,False,,False,,2015_2016,MACD_FAIL,,,,
CLX,MACD_FAIL,2015-03-11,2015-03-12,100.37,GREEN,2015-03-10,99.297,1.0805965940562157,False,,4.652784696622492,-0.2191890006974173,4.652784696622492,-0.2191890006974173,1.7634751419746797,1.8132908239513634,2.3313739165089054,2.759788781508421,True,2.0,True,6.0,False,,2015_2016,MACD_FAIL,,,,
ABBV,MACD_PASS,2015-03-12,2015-03-13,52.663,GREEN,2015-03-09,49.637,6.096258839172375,False,,7.836621536942445,-3.081860129502678,7.836621536942445,-3.081860129502678,3.921159068036384,-0.8108159428821038,-0.8772762660691491,6.171315724512461,True,1.0,True,2.0,True,4.0,2015_2016,MACD_PASS,,,,
ABT,MACD_FAIL,2015-03-12,2015-03-13,44.297,GREEN,2015-03-11,43.359,2.1633340252311895,True,13.0,1.3522360430729075,-3.5171682055218145,1.3522360430729075,-3.5171682055218145,0.5485698805788308,-0.912025645077541,-1.9324107727385464,-0.936858026502918,False,,False,,False,,2015_2016,MACD_FAIL,,,,
GPC,MACD_FAIL,2015-03-12,2015-03-13,88.228,GREEN,2015-03-05,85.659,2.9991010868676726,True,13.0,2.048102643151828,-4.234483383959731,2.048102643151828,-4.234483383959731,1.2751054087137836,-1.8905562859863,-1.5289930634265647,-1.9948315727433386,True,6.0,False,,False,,2015_2016,MACD_FAIL,,,,
ADP,MACD_PASS,2015-03-13,2015-03-16,81.564,GREEN,2015-03-06,79.794,2.21821189563125,True,8.0,1.7336079642979785,-3.0172625177774526,1.7336079642979785,-3.0172625177774526,0.9133931636506443,-0.7270364376440464,-0.7687214947771026,-1.0396743661419294,False,,False,,False,,2015_2016,MACD_PASS,,,,
HRL,MACD_FAIL,2015-03-13,2015-03-16,26.461,GREEN,2015-03-12,26.106,1.359840649659061,False,,5.317259362835869,-1.458750614111326,5.317259362835869,-1.458750614111326,2.588715468047331,3.268961868410125,4.406485015683459,4.640792109141767,True,4.0,True,5.0,True,16.0,2015_2016,MACD_FAIL,,,,
ITW,MACD_PASS,2015-03-13,2015-03-16,92.268,GREEN,2015-03-10,90.61,1.829820108155844,False,,2.28356526639788,-2.1741015303247013,2.28356526639788,-2.1741015303247013,-0.009754194303546182,0.48554211644340484,0.5386482854293995,2.1285819569081266,True,2.0,False,,False,,2015_2016,MACD_PASS,,,,
KMB,MACD_PASS,2015-03-13,2015-03-16,98.213,GREEN,2015-03-06,96.074,2.226408809875724,False,,3.9577245374848635,-1.2981988127844457,3.9577245374848635,-1.2981988127844457,2.8377098754747365,1.6667854561005058,0.9275757791738393,1.585329844317962,True,4.0,True,5.0,False,,2015_2016,MACD_PASS,,,,
LEG,MACD_FAIL,2015-03-13,2015-03-16,42.458,GREEN,2015-03-12,40.967,3.6395147313691423,False,,3.0995336567902543,-2.2327947618823285,3.0995336567902543,-2.2327947618823285,1.6698855339394303,0.9892128691883828,0.3509350416882606,-0.6806726647510475,True,3.0,True,5.0,False,,2015_2016,MACD_FAIL,,,,
PEP,MACD_PASS,2015-03-13,2015-03-16,88.014,GREEN,2015-03-05,86.983,1.1852890794752824,False,,2.749562569591202,-2.454155020792148,2.749562569591202,-2.454155020792148,1.3656918217556324,2.0746699388733747,1.745176903674417,2.0417206353534834,True,6.0,False,,False,,2015_2016,MACD_PASS,,,,
PPG,MACD_PASS,2015-03-13,2015-03-16,109.71,GREEN,2015-03-10,107.92,1.658636026686433,True,7.0,1.5039649986327674,-3.7918147844316796,1.5039649986327674,-2.807401330781145,-0.9935283930361805,-1.8503326952875598,-1.6771488469601525,-0.3190228784978544,False,,False,,False,,2015_2016,MACD_PASS,,,,
SHW,MACD_PASS,2015-03-13,2015-03-16,278.14,GREEN,2015-03-11,273.37,1.7448878808940194,True,8.0,2.3369526137916097,-3.4982382972603587,1.459696555691381,-3.4982382972603587,0.704681095851023,-0.5572733155964626,0.6147983030128756,1.5280074782483721,False,,False,,False,,2015_2016,MACD_PASS,,,,
SWK,MACD_PASS,2015-03-13,2015-03-16,90.658,GREEN,2015-03-10,90.37,0.3186898306960284,True,1.0,2.1299830130821373,-2.03843014405789,0.2603190010809886,-2.03843014405789,0.8074301219969549,1.0390699110944368,0.9850206269716999,0.7434534183414554,False,,False,,False,,2015_2016,MACD_PASS,,,,
SYY,MACD_PASS,2015-03-13,2015-03-16,35.865,GREEN,2015-03-10,35.419,1.2592111578531462,True,3.0,0.5437055625261422,-3.3514568520842225,0.12547051442910462,-1.7565872020075313,-0.07528230865746499,-1.1097169942841267,-1.0818346577443294,-1.5279520423811532,False,,False,,False,,2015_2016,MACD_PASS,,,,
WMT,MACD_PASS,2015-03-13,2015-03-16,76.851,GREEN,2015-03-04,75.071,2.371088702694779,True,15.0,1.7579471965231352,-3.359748083954661,1.7579471965231352,-2.7898140557702678,1.0461802709138546,0.09498900469742111,-2.365616582738028,-2.7898140557702678,False,,False,,False,,2015_2016,MACD_PASS,,,,
APD,MACD_FAIL,2015-03-16,2015-03-17,141.51,GREEN,2015-03-10,140.39,0.79777761948856,True,6.0,2.275457564836403,-2.2330577344357283,2.275457564836403,-1.3002614656208111,-0.09186629920147071,-0.15546604480248805,-0.36746519680587175,0.5299978800084704,True,1.0,False,,False,,2015_2016,MACD_FAIL,,,,
CL,MACD_PASS,2015-03-16,2015-03-17,64.471,GREEN,2015-03-10,63.665,1.2660017277939195,False,,3.0664950132617497,-2.43520342479564,3.0664950132617497,-2.43520342479564,1.1121279334894707,1.152456143072067,1.9714290145957047,1.9435094848846868,True,4.0,True,5.0,False,,2015_2016,MACD_PASS,,,,
MDT,MACD_PASS,2015-03-16,2015-03-17,73.147,GREEN,2015-03-10,71.615,2.1392166445577177,False,,2.686371279751709,-1.7061533624072145,2.686371279751709,-1.7061533624072145,1.6774440510205268,1.1333342447400252,-0.9433059455616899,1.029433879721653,True,5.0,False,,False,,2015_2016,MACD_PASS,,,,
MKC,MACD_FAIL,2015-03-16,2015-03-17,68.545,GREEN,2015-03-10,67.71,1.2332004135283015,False,,9.52658837260194,-1.6879422277335965,9.52658837260194,-1.6879422277335965,4.0002917791231996,6.759063389014508,8.413451017579687,7.939309942373618,True,5.0,True,5.0,True,5.0,2015_2016,MACD_FAIL,,,,
MMM,MACD_FAIL,2015-03-16,2015-03-17,155.19,GREEN,2015-03-10,151.56,2.3950910530482927,False,,1.3209614021522098,-2.6097042335202048,1.3209614021522098,-2.6097042335202048,0.4768348476061668,-0.34151685031251766,0.451059990978786,0.5541594174882425,False,,False,,False,,2015_2016,MACD_FAIL,,,,
PG,MACD_PASS,2015-03-16,2015-03-17,76.322,GREEN,2015-03-06,73.987,3.1559598307810965,False,,2.0976913602893,-2.29029637588114,2.0976913602893,-2.29029637588114,0.6708419590681691,-1.703309661696495,-0.7088388669060031,0.17950263357877638,True,4.0,False,,False,,2015_2016,MACD_PASS,,,,
BDX,MACD_PASS,2015-03-18,2015-03-19,139.03,GREEN,2015-03-11,134.55,3.3296172426607207,False,,2.1434222829604943,-3.474070344529967,2.1434222829604943,-3.474070344529967,-1.136445371502559,-2.4886715097460987,-1.136445371502559,-2.2872761274545073,True,3.0,False,,False,,2015_2016,MACD_PASS,,,,
KO,MACD_PASS,2015-03-18,2015-03-19,37.317,GREEN,2015-03-09,36.515,2.1963576612351154,False,,2.797652544416751,-1.3318326767960964,2.797652544416751,-1.3318326767960964,-0.32156925797892644,0.4957526060508588,0.9861457244687566,-0.44483747353751824,True,11.0,False,,False,,2015_2016,MACD_PASS,,,,
VFC,MACD_PASS,2015-03-18,2015-03-19,69.432,GREEN,2015-03-10,67.863,2.3120109632642327,False,,3.478223297614913,-1.2040557667934104,3.478223297614913,-1.2040557667934104,-0.040327226639025326,2.124380689019456,2.2597649498790284,-0.23044129508007494,True,2.0,True,2.0,False,,2015_2016,MACD_PASS,,,,
TROW,MACD_FAIL,2015-04-01,2015-04-02,74.127,GREEN,2015-03-27,73.032,1.4993427538613213,False,,4.66226880893601,-1.0293145547506155,4.66226880893601,-1.0293145547506155,1.4798926167253645,3.284902936851619,3.4737679927691723,2.1193357346176223,True,4.0,True,7.0,False,,2015_2016,MACD_FAIL,,,,
CTAS,MACD_PASS,2015-04-09,2015-04-10,79.025,GREEN,2015-03-26,77.876,1.4754224664851767,True,14.0,0.9528630180322573,-2.8598544764315115,0.9528630180322573,-2.8598544764315115,-0.574501739955724,0.34039860803543043,-0.7099019297690745,0.6833280607402514,False,,False,,False,,2015_2016,MACD_PASS,,,,
LEG,MACD_PASS,2015-04-15,2015-04-16,41.909,GREEN,2015-04-14,41.51,0.9612141652613815,True,0.0,5.428428261232665,-5.807821708940796,0.08590040325466841,-1.3815648190126262,-1.8945811162280113,-5.521487031425232,2.956405545348262,5.270944188599125,False,,False,,False,,2015_2016,MACD_PASS,,,,
LOW,MACD_PASS,2015-04-22,2015-04-23,69.765,GREEN,2015-04-21,69.393,0.5360771259348862,True,2.0,1.3430803411452752,-7.333189994983158,1.3029456030961173,-1.58962230344728,-5.607396258869068,-0.9044649896079671,-0.9460331111588838,-5.798036264602602,False,,False,,False,,2015_2016,MACD_PASS,,,,
VFC,MACD_FAIL,2015-04-22,2015-04-23,69.346,GREEN,2015-04-20,69.149,0.28489204471504603,True,2.0,0.7484209615550963,-6.105615320278035,0.7484209615550963,-0.7022755458137575,-1.8818677357021363,-3.8589103913708067,-4.386698583912551,-3.44071756121479,False,,False,,False,,2015_2016,MACD_FAIL,,,,
CLX,MACD_PASS,2015-04-23,2015-04-24,102.33,GREEN,2015-04-20,101.61,0.7085916740478204,True,3.0,1.8274210886348063,-3.3235610280465178,0.44952604319359324,-1.983777973223888,-2.6189778168669964,-1.319261213720313,0.14658457930225577,0.6742890647903899,False,,False,,False,,2015_2016,MACD_PASS,,,,
WMT,MACD_PASS,2015-04-23,2015-04-24,73.989,GREEN,2015-04-06,72.282,2.3615837967958964,True,17.0,1.952993012474824,-4.2114368352052285,1.952993012474824,-3.3626620173269006,-0.9812269391396011,-0.44601224506345405,0.45141845409450987,-3.8316506507724224,False,,False,,False,,2015_2016,MACD_PASS,,,,
CB,MACD_FAIL,2015-04-24,2015-04-27,102.51,GREEN,2015-04-23,101.12,1.3746044303797555,True,3.0,0.3414301043800583,-2.4290313140181485,0.14632718759144403,-2.0583357721197904,-1.3559652716808146,-0.6048190420446797,-0.17559262510975504,-1.9900497512437831,False,,False,,False,,2015_2016,MACD_FAIL,,,,
CINF,MACD_PASS,2015-04-24,2015-04-27,48.714,GREEN,2015-04-21,47.697,2.1322095729291,True,2.0,0.0,-4.696801740772671,0.0,-4.413515621792497,-2.8225971999835786,-3.1243585006363594,-2.9396066839101787,-4.3355092991747775,False,,False,,False,,2015_2016,MACD_PASS,,,,
SHW,MACD_PASS,2015-04-27,2015-04-28,274.7,GREEN,2015-04-21,272.21,0.9147349472833577,True,1.0,4.503094284674192,-2.9377502730251193,0.2730251183108878,-1.8128867855842556,-2.6137604659628666,2.2715689843465725,3.840553330906449,2.8758645795413207,False,,False,,False,,2015_2016,MACD_PASS,,,,
ITW,MACD_PASS,2015-04-28,2015-04-29,89.363,GREEN,2015-04-21,88.578,0.8862245704351013,False,,3.8282063046227277,-1.1011268645860106,3.8282063046227277,-1.1011268645860106,0.5416111813614011,1.5285968465696076,2.4697022257533785,1.2622673813547092,True,4.0,True,11.0,False,,2015_2016,MACD_PASS,,,,
PEP,MACD_FAIL,2015-04-30,2015-05-01,88.572,GREEN,2015-04-27,86.805,2.035597027820968,False,,3.446913245720995,-0.4199972903400573,3.446913245720995,-0.4199972903400573,1.462087341371987,3.2165921510183937,1.1572505983832304,0.8524138553944738,True,6.0,True,10.0,False,,2015_2016,MACD_FAIL,,,,
PPG,MACD_PASS,2015-04-30,2015-05-01,106.36,GREEN,2015-04-27,104.85,1.4401525989508945,False,,4.945468221135774,-0.48890560361037894,4.945468221135774,-0.48890560361037894,3.619781872884542,4.842045881910506,3.6949981195938397,3.619781872884542,True,2.0,True,5.0,False,,2015_2016,MACD_PASS,,,,
GPC,MACD_FAIL,2015-05-01,2015-05-04,86.225,GREEN,2015-04-29,83.337,3.465447520309106,False,,2.342708031313445,-3.0895911858509595,2.342708031313445,-3.0895911858509595,1.7732676138011216,1.2861699043201114,0.010437808060315135,-2.4076543925775518,True,5.0,False,,False,,2015_2016,MACD_FAIL,,,,
BCR,MACD_PASS,2015-05-04,2015-05-05,168.39,GREEN,2015-04-29,163.29,3.1232776042623422,False,,2.6248589583704574,-2.232911693093409,2.6248589583704574,-2.232911693093409,-1.7340697191044474,2.185402933665892,1.0986400617613912,0.8789120494091307,True,8.0,False,,False,,2015_2016,MACD_PASS,,,,
BF-B,MACD_PASS,2015-05-04,2015-05-05,44.37,GREEN,2015-04-27,43.41,2.2114720110573582,False,,5.677259409510937,-1.9900833896776993,5.677259409510937,-1.9900833896776993,0.4034257381113404,3.7885958981293877,2.2560288483209456,5.65472165877845,True,4.0,True,8.0,True,20.0,2015_2016,MACD_PASS,,,,
HRL,MACD_PASS,2015-05-04,2015-05-05,26.8,GREEN,2015-04-23,25.91,3.4349671941335425,False,,5.977611940298511,-2.2500000000000075,5.977611940298511,-2.2500000000000075,-0.4477611940298498,-0.3955223880597103,4.32835820895523,1.5932835820895441,True,11.0,True,11.0,True,11.0,2015_2016,MACD_PASS,,,,
MKC,MACD_PASS,2015-05-04,2015-05-05,72.794,GREEN,2015-04-23,71.653,1.5923966896012498,False,,4.525098222380963,-1.4671538863093136,4.525098222380963,-1.4671538863093136,1.5234772096601512,4.324532241668266,3.3052174629777165,2.2172157045910357,True,6.0,True,7.0,False,,2015_2016,MACD_PASS,,,,
TGT,MACD_PASS,2015-05-04,2015-05-05,73.5,GREEN,2015-04-30,72.003,2.0790800383317265,True,7.0,1.687074829931956,-4.447619047619056,1.687074829931956,-4.447619047619056,0.9863945578231226,-1.9768707482993197,1.0176870748299427,1.068027210884348,False,,False,,False,,2015_2016,MACD_PASS,,,,
MMM,MACD_PASS,2015-05-06,2015-05-07,147.42,GREEN,2015-04-27,146.29,0.772438307471468,False,,4.375254375254389,0.0,4.375254375254389,0.0,3.7579704246371026,3.7172703839370547,1.8111518111518121,0.5223171889838563,True,1.0,True,5.0,False,,2015_2016,MACD_PASS,,,,
CAH,MACD_PASS,2015-05-08,2015-05-11,81.978,GREEN,2015-05-01,79.612,2.9719137818419394,False,,3.5106979921442294,-0.945375588572539,3.5106979921442294,-0.945375588572539,1.4564883261362738,1.153968137793071,1.665080875356817,1.2369172216936342,True,4.0,True,12.0,False,,2015_2016,MACD_PASS,,,,
MDT,MACD_PASS,2015-05-08,2015-05-11,72.095,GREEN,2015-05-07,70.275,2.589825684809677,False,,4.043276232748472,-1.8891740065191676,4.043276232748472,-1.8891740065191676,1.9238504750676233,0.7393023094528051,1.148484638324443,-1.4300575629378032,True,5.0,True,6.0,False,,2015_2016,MACD_PASS,,,,
TROW,MACD_FAIL,2015-05-08,2015-05-11,75.988,GREEN,2015-05-07,74.583,1.8838073019320722,True,15.0,0.8540822235089784,-4.561246512607243,0.8540822235089784,-2.4201189661525513,0.40137916513134364,-1.3831131231247018,-1.8581881349686857,-4.527030583776382,False,,False,,False,,2015_2016,MACD_FAIL,,,,
WBA,MACD_PASS,2015-05-08,2015-05-11,80.955,GREEN,2015-04-24,78.481,3.152355347154101,False,,2.8077326910011635,-2.214810697300962,2.8077326910011635,-2.214810697300962,1.4452473596442417,0.8856772280896763,1.8084120807856152,-0.7411524921252521,True,8.0,False,,False,,2015_2016,MACD_PASS,,,,
BDX,MACD_PASS,2015-05-15,2015-05-18,135.69,GREEN,2015-05-13,132.57,2.35347363656937,False,,1.1496794163166069,-2.181442995062277,1.1496794163166069,-2.181442995062277,-0.7738226840592666,-0.6116884073992024,-2.011938978554051,-1.0686122779865803,False,,False,,False,,2015_2016,MACD_PASS,,,,
LOW,MACD_FAIL,2015-05-26,2015-05-27,66.887,GREEN,2015-05-22,65.624,1.9246007558210598,True,9.0,1.7566941259138602,-3.1037421322528957,1.7566941259138602,-3.1037421322528957,1.013649887123047,-1.1033534169569537,-0.38572517828575625,0.20183294212627878,False,,False,,False,,2015_2016,MACD_FAIL,,,,
AFL,MACD_FAIL,2015-05-29,2015-06-01,59.176,GREEN,2015-05-26,58.351,1.413857517437589,True,5.0,2.127551710152775,-1.8875895633365003,0.46302555089901,-1.4735703663647404,-1.4093551439772978,-0.7198864404488359,0.5272407732864526,-1.6983236447208339,False,,False,,False,,2015_2016,MACD_FAIL,,,,
ADP,MACD_FAIL,2015-06-02,2015-06-03,80.858,GREEN,2015-06-01,79.509,1.6966632708246943,True,1.0,0.23003289717775655,-6.748868386554219,0.1273838086522039,-2.1482104429988436,-1.2787850305473913,-2.330010635929658,-1.919414281827414,-5.131217690271839,False,,False,,False,,2015_2016,MACD_FAIL,,,,
ITW,MACD_PASS,2015-06-03,2015-06-04,89.488,GREEN,2015-06-01,88.086,1.5916263651431617,True,2.0,0.4648667977829479,-2.868541033434646,0.15644555694618312,-2.03267477203648,0.3698819953513288,-1.0057214375111756,-1.6639102449490517,-0.6235472912569207,False,,False,,False,,2015_2016,MACD_PASS,,,,
GWW,MACD_PASS,2015-06-09,2015-06-10,227.92,GREEN,2015-06-08,225.68,0.9925558312654958,True,2.0,1.7593892593892768,-3.821516321516316,0.9477009477009579,-1.8076518076518,-0.7371007371007265,0.7722007722007707,-2.0884520884520863,-2.492102492102488,False,,False,,False,,2015_2016,MACD_PASS,,,,
ADM,MACD_FAIL,2015-06-10,2015-06-11,48.789,GREEN,2015-06-05,47.516,2.6790975671352912,True,10.0,0.9920268913074626,-10.43062985509028,0.9920268913074626,-3.660661214618055,-1.535182110721689,-2.8203078562790918,-6.751521859435538,-9.508290803254837,False,,False,,False,,2015_2016,MACD_FAIL,,,,
CINF,MACD_FAIL,2015-06-10,2015-06-11,47.282,GREEN,2015-06-08,46.056,2.6619767239881797,False,,5.911340467831305,-2.0219110866714574,5.911340467831305,-2.0219110866714574,1.7385051393765227,-0.5900765619051618,3.214754029017386,5.693498582970258,True,14.0,True,14.0,True,20.0,2015_2016,MACD_FAIL,,,,
CL,MACD_PASS,2015-06-10,2015-06-11,62.847,GREEN,2015-05-28,61.316,2.496901298192955,False,,1.685044632202004,-1.9269018409788785,1.685044632202004,-1.9269018409788785,1.0867662736486983,0.015911658472167467,-0.4375706079844721,0.28481868665171106,False,,False,,False,,2015_2016,MACD_PASS,,,,
ECL,MACD_FAIL,2015-06-10,2015-06-11,112.52,GREEN,2015-06-08,109.91,2.37467018469657,True,15.0,2.328474937788849,-4.470316388197659,2.328474937788849,-2.97724848915748,1.4219694276573103,0.3199431212228987,-2.4084607180945516,-2.870600782083177,True,6.0,False,,False,,2015_2016,MACD_FAIL,,,,
HRL,MACD_FAIL,2015-06-10,2015-06-11,27.241,GREEN,2015-06-08,26.613,2.35974899485214,False,,2.999155684446242,-1.8428104695128678,2.999155684446242,-1.8428104695128678,0.6167174479644544,1.8281267207518104,-0.143166550420315,0.6681105686281663,True,8.0,False,,False,,2015_2016,MACD_FAIL,,,,
MHFI,MACD_PASS,2015-06-10,2015-06-11,100.52,GREEN,2015-06-01,97.833,2.7465170239080905,True,12.0,2.7755670513330832,-3.3953442101074427,2.7755670513330832,-2.8889773179466727,1.8603263032232364,-0.139275766016711,-1.3479904496617512,-0.2984480700358061,True,5.0,False,,False,,2015_2016,MACD_PASS,,,,
WBA,MACD_FAIL,2015-06-10,2015-06-11,81.788,GREEN,2015-06-08,79.162,3.3172481746292393,False,,9.478163055705014,-2.0785445297598737,9.478163055705014,-2.0785445297598737,2.483249376436647,0.8069643468479493,0.16383821587520053,8.684648114637849,True,5.0,True,6.0,True,19.0,2015_2016,MACD_FAIL,,,,
APD,MACD_PASS,2015-06-11,2015-06-12,136.73,GREEN,2015-06-08,134.17,1.9080271297607476,True,9.0,0.8922694361149786,-9.171359613837481,0.8922694361149786,-2.8742777737146064,-0.8410736487968862,-2.94741461274044,-6.501864989395145,-6.223945001097042,False,,False,,False,,2015_2016,MACD_PASS,,,,
MDT,MACD_PASS,2015-06-11,2015-06-12,71.974,GREEN,2015-06-05,70.949,1.444699713878994,True,11.0,2.2285825436963336,-4.366854697529665,2.2285825436963336,-2.9885792091588814,1.094839803262282,-0.4459943868619143,-2.6064967905076952,-0.43348987134242956,True,6.0,False,,False,,2015_2016,MACD_PASS,,,,
MKC,MACD_PASS,2015-06-11,2015-06-12,73.358,GREEN,2015-06-04,72.653,0.9703659862634773,False,,7.138962349028044,-0.8710706398756929,7.138962349028044,-0.8710706398756929,3.045339294964422,5.932549960467837,3.2375473704299385,5.340930777829267,True,3.0,True,4.0,True,8.0,2015_2016,MACD_PASS,,,,
MMM,MACD_PASS,2015-06-11,2015-06-12,150.87,GREEN,2015-06-05,147.48,2.298616761594796,True,1.0,0.6097965135547057,-4.507191621926165,0.05302578378736378,-2.8302512096507026,-0.5965400676078758,-1.7697355339033716,-3.015841452906487,-2.134287797441503,False,,False,,False,,2015_2016,MACD_PASS,,,,
PEP,MACD_PASS,2015-06-11,2015-06-12,88.102,GREEN,2015-06-04,86.938,1.3388851825438808,True,1.0,3.7558738734648545,-1.5118839526912065,0.11463984926562976,-1.5118839526912065,0.9568454745635613,1.0079226351274562,0.4687748291752669,3.466436630269465,False,,False,,False,,2015_2016,MACD_PASS,,,,
SHW,MACD_PASS,2015-06-11,2015-06-12,275.05,GREEN,2015-06-04,270.08,1.840195497630348,True,11.0,1.5160879840029118,-2.4868205780767205,1.5160879840029118,-2.0396291583348547,-0.003635702599524837,0.38174877295038545,-0.7235048173059422,0.0290856207962209,False,,False,,False,,2015_2016,MACD_PASS,,,,
TROW,MACD_PASS,2015-06-12,2015-06-15,72.591,GREEN,2015-06-03,72.522,0.09514354264910097,True,10.0,3.0017495281784212,-2.5994958052651174,3.0017495281784212,-0.30582303591353277,1.858357096609775,-0.20663718642806028,-0.5400118471986848,0.5937375156700009,True,2.0,True,3.0,False,,2015_2016,MACD_PASS,,,,
CLX,MACD_PASS,2015-06-17,2015-06-18,99.65,GREEN,2015-06-03,97.381,2.3300233105020496,False,,4.836929252383326,-2.1605619668841003,4.836929252383326,-2.1605619668841003,0.030105368790778186,-0.06021073758153417,1.39488208730556,3.9939789262418257,True,13.0,True,14.0,False,,2015_2016,MACD_PASS,,,,
MCD,MACD_PASS,2015-06-18,2015-06-19,90.194,GREEN,2015-06-01,87.976,2.5211421296717385,False,,3.360533960130385,-1.9180876776725753,3.360533960130385,-1.9180876776725753,0.9346519724150237,-0.767235071069039,2.116548772645621,1.141982836995803,True,15.0,True,17.0,False,,2015_2016,MACD_PASS,,,,
PPG,MACD_FAIL,2015-07-02,2015-07-06,110.5,GREEN,2015-07-01,110.9,-0.36068530207394867,True,0.0,3.013574660633478,-11.488687782805428,1.031674208144806,-0.5339366515837107,1.4932126696832526,-3.447963800904974,-10.82262443438914,-6.036199095022621,False,,False,,False,,2015_2016,MACD_FAIL,,,,
ADP,MACD_PASS,2015-07-06,2015-07-07,76.785,GREEN,2015-06-30,75.401,1.8355194228193206,False,,2.556488897571141,-3.2232857980074137,2.556488897571141,-3.2232857980074137,1.1356384710555556,0.5430748193006485,-0.4831672852770641,-0.35944520414142866,True,7.0,False,,False,,2015_2016,MACD_PASS,,,,
GWW,MACD_FAIL,2015-07-09,2015-07-10,224.06,GREEN,2015-07-02,219.21,2.2124903060991796,True,3.0,0.9818798536106454,-6.721413906989204,0.9818798536106454,-3.258055877889854,-1.807551548692321,-4.998661072926891,-3.7668481656699115,-4.4273855217352605,False,,False,,False,,2015_2016,MACD_FAIL,,,,
LOW,MACD_PASS,2015-07-09,2015-07-10,64.468,GREEN,2015-06-30,62.955,2.403303947263935,False,,4.588322888875096,-1.6861078364459936,4.588322888875096,-1.6861078364459936,0.17683191660977648,0.07290438667244548,3.3210274865049128,3.5738661041136766,True,13.0,True,15.0,False,,2015_2016,MACD_PASS,,,,
MDT,MACD_PASS,2015-07-10,2015-07-13,71.29,GREEN,2015-07-01,68.831,3.5725181967427577,False,,5.52251367653247,0.0,5.52251367653247,0.0,2.9681582269603046,1.1768831533174318,4.307757048674432,3.795763781736561,True,3.0,True,3.0,True,14.0,2015_2016,MACD_PASS,,,,
MHFI,MACD_PASS,2015-07-10,2015-07-13,101.05,GREEN,2015-07-08,97.107,4.060469379138465,True,10.0,3.3646709549727927,-6.382978723404253,3.3646709549727927,-5.231073725878277,1.7615042058386932,-4.259277585353782,-2.6887679366650152,-0.6333498268184079,True,7.0,True,8.0,False,,2015_2016,MACD_PASS,,,,
AFL,MACD_PASS,2015-07-13,2015-07-14,58.106,GREEN,2015-07-08,57.025,1.8956597983340595,False,,5.899562867862174,-0.5042508518913746,5.899562867862174,-0.5042508518913746,0.7004440161084924,1.562661343062688,4.171686228616656,4.677658073176594,True,11.0,True,11.0,True,11.0,2015_2016,MACD_PASS,,,,
CAH,MACD_PASS,2015-07-13,2015-07-14,81.562,GREEN,2015-06-26,79.212,2.9667222138059834,True,9.0,1.8758735685735939,-6.661190260170169,1.8758735685735939,-4.234815232583788,0.4977808293077812,-2.4263750275863805,-0.01226061155928937,0.14957946102351904,False,,False,,False,,2015_2016,MACD_PASS,,,,
CTAS,MACD_PASS,2015-07-13,2015-07-14,83.137,GREEN,2015-07-08,80.695,3.0262098023421613,False,,3.0311413690655042,-3.1117312387986096,3.0311413690655042,-3.1117312387986096,-1.0669136485560005,-1.4975281763835668,0.9754982739333729,2.1025536163200576,True,16.0,True,19.0,False,,2015_2016,MACD_PASS,,,,
ECL,MACD_PASS,2015-07-13,2015-07-14,110.6,GREEN,2015-07-01,107.49,2.893292399292946,True,8.0,3.60759493670888,-5.180831826401433,1.6365280289331041,-3.9511754068715987,-0.9222423146473702,0.14466546112117395,1.5099457504520908,2.0343580470162825,False,,False,,False,,2015_2016,MACD_PASS,,,,
MMM,MACD_FAIL,2015-07-13,2015-07-14,147.67,GREEN,2015-07-08,144.07,2.4987853126952064,True,7.0,0.9209724385454088,-5.63418432992483,0.9209724385454088,-4.787702309202945,-0.48080178777001326,-3.4468747883794837,-3.900589151486411,-5.119523261325909,False,,False,,False,,2015_2016,MACD_FAIL,,,,
APD,MACD_PASS,2015-07-14,2015-07-15,128.67,GREEN,2015-06-26,124.19,3.6073757951525787,True,7.0,8.447967669231371,-6.264086422631532,1.0569674360767944,-5.510219942488526,-3.054325017486592,-2.090619414004802,7.647470272790868,6.124193673739042,False,,False,,False,,2015_2016,MACD_PASS,,,,
T,MACD_PASS,2015-07-14,2015-07-15,31.363,GREEN,2015-07-10,30.727,2.0698408565756443,True,5.0,0.39537034084748957,-4.70299397379077,0.39537034084748957,-3.080062494021618,-2.3690335745942592,-1.1701686700889558,-1.5145234830851617,-3.080062494021618,False,,False,,False,,2015_2016,MACD_PASS,,,,
ADM,MACD_PASS,2015-07-16,2015-07-17,44.607,GREEN,2015-06-29,43.7,2.0755148741418594,True,15.0,3.770708633174169,-4.840047526173019,3.770708633174169,-2.936758804671913,-1.06933889299885,-0.5851099603201404,-2.6811935346470195,-1.0469208868563173,True,12.0,True,12.0,False,,2015_2016,MACD_PASS,,,,
SWK,MACD_FAIL,2015-07-28,2015-07-29,101.63,GREEN,2015-07-27,99.67,1.9664894150697165,True,3.0,4.693496014956233,-14.136573846305211,4.693496014956233,-3.094558693299221,-0.8658860572665517,-1.4365836859195014,-0.42310341434614873,-7.874643313982088,True,0.0,True,1.0,False,,2015_2016,MACD_FAIL,,,,
TGT,MACD_PASS,2015-07-29,2015-07-30,75.433,GREEN,2015-07-23,73.168,3.095615569647925,True,6.0,4.463563692283201,-11.227181737435876,0.9558150941895383,-3.653573369745333,-2.5002319939549156,-3.175002982779429,-0.4255431972744139,-3.896172762584027,False,,False,,False,,2015_2016,MACD_PASS,,,,
LEG,MACD_PASS,2015-08-12,2015-08-13,44.923,GREEN,2015-08-04,43.985,2.132545185858814,True,7.0,3.592814371257469,-17.334105024152436,3.592814371257469,-17.334105024152436,0.3539389622242428,-8.6258709347105,-8.398815751396837,-7.3036083965897225,True,3.0,True,4.0,False,,2015_2016,MACD_PASS,,,,
ABBV,MACD_FAIL,2015-08-24,2015-08-25,59.927,YELLOW,2015-08-21,49.581,20.866864323026956,False,,0.013349575316645712,-12.591986917416186,0.013349575316645712,-12.591986917416186,-7.080281008560418,-8.985932885010095,-8.60046389774225,-11.792681095332657,False,,False,,False,,2015_2016,MACD_FAIL,,,,
AFL,MACD_FAIL,2015-08-25,2015-08-26,53.846,YELLOW,2015-08-21,48.971,9.95487125033183,False,,4.5128700367715435,-1.5897188277680718,4.5128700367715435,-1.5897188277680718,1.6305760873602582,2.0707202020577187,2.795007985737108,1.7011477175649103,True,1.0,True,1.0,False,,2015_2016,MACD_FAIL,,,,
CAH,MACD_FAIL,2015-08-25,2015-08-26,77.251,YELLOW,2015-08-24,71.099,8.65272366699954,False,,5.603810953903499,-1.906771433379506,5.603810953903499,-1.906771433379506,0.5177926499333241,2.1902629092179993,4.361108594063512,0.24595150871833393,True,0.0,True,0.0,True,13.0,2015_2016,MACD_FAIL,,,,
BCR,MACD_FAIL,2015-08-26,2015-08-27,191.27,YELLOW,2015-08-24,179.33,6.658116321864727,False,,3.555183771631709,-3.445391331625458,3.555183771631709,-3.445391331625458,-1.3331939143619076,-0.09933601714853246,1.0142730172008063,0.1097924400062622,True,0.0,True,14.0,False,,2015_2016,MACD_FAIL,,,,
BDX,MACD_FAIL,2015-08-26,2015-08-27,136.09,YELLOW,2015-08-19,128.69,5.7502525448752895,False,,1.7488426776397947,-5.239179954441909,1.7488426776397947,-5.239179954441909,-3.2772430009552544,-3.2405026085678523,-1.5724887941803378,-3.1229333529282144,False,,False,,False,,2015_2016,MACD_FAIL,,,,
BF-B,MACD_FAIL,2015-08-26,2015-08-27,48.135,YELLOW,2015-08-21,45.838,5.011126139883926,False,,1.792874207956796,-4.339877428066896,1.792874207956796,-4.339877428066896,-1.6079775631037685,-2.906409057858106,-0.9701880128804352,0.5796198192583368,False,,False,,False,,2015_2016,MACD_FAIL,,,,
CINF,MACD_FAIL,2015-08-26,2015-08-27,49.1,YELLOW,2015-08-24,46.306,6.033775320692802,False,,4.236252545824848,-3.6822810590631305,4.236252545824848,-3.6822810590631305,0.15071283095722254,1.3441955193482569,1.0386965376782076,2.283095723014239,True,12.0,True,13.0,False,,2015_2016,MACD_FAIL,,,,
CLX,MACD_FAIL,2015-08-26,2015-08-27,104.81,YELLOW,2015-08-25,101.41,3.35272655556651,False,,5.419330216582385,-2.36618643259231,5.419330216582385,-2.36618643259231,0.3816429729987414,-0.9636485068218681,2.2993989123175185,4.789619311134419,True,13.0,True,14.0,True,20.0,2015_2016,MACD_FAIL,,,,
CTAS,MACD_FAIL,2015-08-26,2015-08-27,81.612,YELLOW,2015-08-25,78.32,4.203268641470892,False,,6.151056217222961,-2.152869676028024,6.151056217222961,-2.152869676028024,0.6628927118561112,1.4544429740724452,2.236190756261336,4.577758172817736,True,7.0,True,8.0,True,20.0,2015_2016,MACD_FAIL,,,,
MHFI,MACD_FAIL,2015-08-26,2015-08-27,94.739,YELLOW,2015-08-21,88.218,7.3919154821011634,True,19.0,2.4794435237863954,-8.755633899450066,2.4794435237863954,-8.755633899450066,-3.549752477860224,-2.695827483929536,-5.112994648455238,-8.283811313186751,True,0.0,False,,False,,2015_2016,MACD_FAIL,,,,
SWK,MACD_FAIL,2015-08-26,2015-08-27,94.936,YELLOW,2015-08-25,90.508,4.892385203517935,False,,8.241341535350122,-1.828600320215723,8.241341535350122,-1.828600320215723,0.6446448133479388,1.2429426139715094,1.681132552456388,-0.3075756298980381,True,2.0,True,2.0,True,14.0,2015_2016,MACD_FAIL,,,,
T,MACD_FAIL,2015-08-26,2015-08-27,29.495,YELLOW,2015-08-25,28.388,3.899535014794986,False,,1.4816070520427216,-3.2107136802848046,1.4816070520427216,-3.2107136802848046,0.09493134429563455,-0.8815053398881223,-1.3900661129004899,-2.061366333276826,False,,False,,False,,2015_2016,MACD_FAIL,,,,
VFC,MACD_FAIL,2015-08-26,2015-08-27,68.39,YELLOW,2015-08-21,63.397,7.875766992128974,False,,1.488521713700841,-3.8646000877321285,1.488521713700841,-3.8646000877321285,-0.6477555198128315,-1.5616318175171728,-2.1158064044450975,-2.862991665448167,False,,False,,False,,2015_2016,MACD_FAIL,,,,
WBA,MACD_FAIL,2015-08-26,2015-08-27,82.692,YELLOW,2015-08-14,72.852,13.506835776643044,False,,6.711652880568875,-2.419822957480766,6.711652880568875,-2.419822957480766,2.296473661297349,4.776761960044507,0.24307067189088816,-1.1101436656508423,True,0.0,True,5.0,True,8.0,2015_2016,MACD_FAIL,,,,
ECL,MACD_PASS,2015-08-27,2015-08-28,106.57,YELLOW,2015-08-21,100.36,6.1877241929055415,False,,5.677019799193039,-4.128741672140368,5.677019799193039,-4.128741672140368,-2.674298583090917,-0.21582058740733379,3.2842263301116725,-1.6702636764567735,True,7.0,True,12.0,True,13.0,2015_2016,MACD_PASS,,,,
MKC,MACD_PASS,2015-08-27,2015-08-28,75.81,YELLOW,2015-08-21,72.559,4.480491737758241,False,,6.789341775491353,-2.2648727080860076,6.789341775491353,-2.2648727080860076,-0.3812161983907103,2.569581849360225,5.195884447961996,3.0747922437673214,True,4.0,True,7.0,True,12.0,2015_2016,MACD_PASS,,,,
ABT,MACD_PASS,2015-08-28,2015-08-31,43.506,YELLOW,2015-08-21,40.085,8.534364475489586,True,16.0,1.5721969383533319,-15.046200524065645,1.5721969383533319,-8.626396359122879,-4.075299958626399,-4.5740817358525305,-7.4702339907139255,-13.961292695260418,False,,False,,False,,2015_2016,MACD_PASS,,,,
KMB,MACD_PASS,2015-08-28,2015-08-31,99.88,YELLOW,2015-08-21,96.344,3.6701818483766413,False,,3.7244693632358716,-3.217861433720459,3.7244693632358716,-3.217861433720459,-0.02002402883459764,-0.35042050460551977,1.7420905086103389,1.6419703644373174,True,12.0,True,18.0,False,,2015_2016,MACD_PASS,,,,
SHW,MACD_PASS,2015-08-28,2015-08-31,251.12,YELLOW,2015-08-24,242.97,3.354323579042684,True,13.0,3.1777636189869396,-15.012742911755339,3.1777636189869396,-4.233035998725709,1.8636508442179123,-2.4012424338961447,-7.629818413507483,-14.75390251672508,True,6.0,True,6.0,False,,2015_2016,MACD_PASS,,,,
ADP,MACD_FAIL,2015-12-14,2015-12-15,81.915,YELLOW,2015-12-11,79.83,2.6118000751597314,True,12.0,2.271867179393272,-9.602636879692362,2.271867179393272,-4.762253555514873,-0.529817493743534,1.2512970762375453,-7.655496551303176,-7.410120246597096,True,9.0,False,,False,,2015_2016,MACD_FAIL,,,,
BF-B,MACD_PASS,2015-12-15,2015-12-16,49.91,YELLOW,2015-12-11,48.169,3.614357781975963,True,11.0,1.1420557002604692,-12.027649769585258,1.1420557002604692,-7.15487878180725,0.8254858745742499,-2.9773592466439514,-9.088359046283301,-10.09617311160087,False,,False,,False,,2015_2016,MACD_PASS,,,,
CINF,MACD_FAIL,2015-12-15,2015-12-16,57.331,YELLOW,2015-12-11,55.721,2.889395380556703,True,2.0,1.0448099631961805,-9.214909909124213,0.9837609670160896,-3.608867802759419,-1.2105143813992525,-1.5454117318728144,-7.5997278959027526,-8.285220910153324,False,,False,,False,,2015_2016,MACD_FAIL,,,,
ECL,MACD_FAIL,2015-12-15,2015-12-16,113.29,YELLOW,2015-12-10,109.46,3.4989950666910463,True,13.0,2.4273987112719553,-13.036455115191103,2.4273987112719553,-7.882425633330392,0.7149792567746394,-1.1121899549827896,-9.78903698472946,-11.316091446729637,True,0.0,False,,False,,2015_2016,MACD_FAIL,,,,
PEP,MACD_FAIL,2015-12-15,2015-12-16,95.0,YELLOW,2015-12-11,92.117,3.129715470542882,True,18.0,1.869473684210532,-6.549473684210517,1.869473684210532,-3.4957894736842077,0.8052631578947311,0.07999999999999119,-2.6336842105263103,-5.919999999999992,False,,False,,False,,2015_2016,MACD_FAIL,,,,
AFL,MACD_PASS,2015-12-16,2015-12-17,59.165,GREEN,2015-12-07,56.556,4.6131268123629665,True,1.0,0.016901884560116542,-9.446463280655792,0.016901884560116542,-5.543818135722134,-2.4795064649708376,-4.100397194287164,-7.501056367785008,-8.459393222344291,False,,False,,False,,2015_2016,MACD_PASS,,,,
CTAS,MACD_FAIL,2015-12-16,2015-12-17,89.326,GREEN,2015-12-15,87.793,1.7461528823482286,True,1.0,2.3733291538857726,-9.69706468441438,0.581017844748466,-3.290195463806722,0.07612565210577404,-3.476031614535513,-6.733761726708898,-8.713028681458912,False,,False,,False,,2015_2016,MACD_FAIL,,,,
LOW,MACD_FAIL,2015-12-16,2015-12-17,73.479,GREEN,2015-12-15,71.233,3.153033004365957,True,13.0,1.9039453449284816,-11.244028906218107,1.9039453449284816,-5.862899603968474,0.07757318417507264,-1.234366281522603,-4.643503586058606,-8.503109732032287,False,,False,,False,,2015_2016,MACD_FAIL,,,,
MMM,MACD_PASS,2015-12-23,2015-12-24,144.24,GREEN,2015-12-17,140.29,2.815596264879905,True,7.0,1.9065446478092163,-10.718247365501943,1.9065446478092163,-4.901552967276778,-2.655296727676104,-6.884359400998341,-8.243205768164186,-4.000277315585143,False,,False,,False,,2015_2016,MACD_PASS,,,,
SWK,MACD_PASS,2015-12-23,2015-12-24,103.34,GREEN,2015-12-21,99.98,3.3606721344268786,True,6.0,1.5192568221404912,-15.395780917360169,1.5192568221404912,-4.13295916392491,-1.848267853686858,-9.882910779949682,-10.463518482678536,-9.949680665763495,False,,False,,False,,2015_2016,MACD_PASS,,,,
MCD,MACD_PASS,2016-01-12,2016-01-13,111.98,YELLOW,2016-01-11,109.96,1.8370316478719673,True,0.0,6.063582782639743,-4.259689230219688,0.12502232541524716,-2.232541525272369,0.09823182711199419,3.9739239149848116,2.5093766744061385,-0.8394356135024039,False,,False,,False,,2015_2016,MACD_PASS,,,,
MDT,MACD_FAIL,2016-01-12,2016-01-13,74.145,YELLOW,2016-01-08,69.657,6.442999267840999,False,,1.1841661609009346,-7.71596196641714,1.1841661609009346,-7.71596196641714,-3.0777530514532248,-3.974644278103723,-1.0007417897363147,-5.651089082203786,False,,False,,False,,2015_2016,MACD_FAIL,,,,
MKC,MACD_PASS,2016-01-12,2016-01-13,83.017,YELLOW,2016-01-08,80.325,3.351384998443807,True,3.0,6.427599166435782,-8.50307768288423,0.5372393606128734,-5.7626751147355275,-6.950383656359538,-0.38546321837694686,0.10479781249623787,5.36637074334172,False,,False,,False,,2015_2016,MACD_PASS,,,,
SYY,MACD_PASS,2016-01-12,2016-01-13,38.928,YELLOW,2016-01-07,37.98,2.4960505529225907,True,4.0,8.035347307850383,-4.585388409371138,0.4187217427044976,-4.585388409371138,-3.198212083847096,-2.9490341142622167,6.730374023838892,4.693279901356373,False,,False,,False,,2015_2016,MACD_PASS,,,,
KO,MACD_PASS,2016-01-13,2016-01-14,39.668,YELLOW,2016-01-07,39.007,1.6945676417053468,False,,3.5721488353332775,-2.949480689724715,3.5721488353332775,-2.949480689724715,0.16890188565090725,2.218412826459626,1.0713925582333417,2.667137239084405,True,10.0,True,10.0,False,,2015_2016,MACD_PASS,,,,
BDX,MACD_PASS,2016-01-14,2016-01-15,138.43,YELLOW,2016-01-06,135.4,2.237813884785811,True,13.0,4.088709094849374,-9.029834573430618,4.088709094849374,-3.474680343856107,1.791519179368617,2.5789207541717873,-6.660405981362416,-0.15892508849237874,True,5.0,True,5.0,False,,2015_2016,MACD_PASS,,,,
JNJ,MACD_FAIL,2016-01-14,2016-01-15,91.907,YELLOW,2016-01-06,91.63,0.3023027392775379,True,2.0,8.72947653606364,-2.1695844712589896,2.1173577638264662,-1.9084509340964173,0.03046557933563676,8.316015102222906,5.840686781202753,6.1660156462510995,True,1.0,False,,False,,2015_2016,MACD_FAIL,,,,
GPC,MACD_FAIL,2016-04-22,2016-04-25,92.709,GREEN,2016-04-21,91.78,1.012203094356079,True,16.0,1.767897399389473,-4.65219126514147,1.767897399389473,-2.8637996311037806,0.009707795359670257,0.26858233828430667,0.19631319505117872,-3.132381969388076,False,,False,,False,,2015_2016,MACD_FAIL,,,,
CLX,MACD_FAIL,2016-04-25,2016-04-26,119.02,GREEN,2016-04-22,114.76,3.7120948065527903,False,,7.754999159805087,-0.27726432532347856,7.754999159805087,-0.27726432532347856,4.67148378423794,7.4357250882204795,4.67148378423794,5.1924046378760025,True,4.0,True,5.0,True,5.0,2015_2016,MACD_FAIL,,,,
LEG,MACD_PASS,2016-04-25,2016-04-26,46.095,GREEN,2016-04-21,45.165,2.0591165725672544,False,,4.950645406226273,-1.1845102505694705,4.950645406226273,-1.1845102505694705,3.2845210977329398,3.4732617420544454,0.9567198177676595,3.763965722963447,True,3.0,True,4.0,False,,2015_2016,MACD_PASS,,,,
PEP,MACD_FAIL,2016-04-25,2016-04-26,98.894,GREEN,2016-04-22,96.734,2.232927409183949,True,16.0,3.636216555099381,-3.097255647460917,3.636216555099381,-2.8404149897870545,0.35088074099540734,3.2721904261127976,-0.7958015653123596,-2.033490403866778,True,9.0,True,10.0,False,,2015_2016,MACD_FAIL,,,,
PG,MACD_FAIL,2016-04-25,2016-04-26,77.814,GREEN,2016-04-22,76.296,1.9896193771626214,True,0.0,1.6989230729688831,-2.9454853882334597,0.0,-2.81054823039556,-0.489629115583301,1.2028683784409022,-1.0782121469144368,-0.6489834734109468,False,,False,,False,,2015_2016,MACD_FAIL,,,,
ED,MACD_PASS,2016-04-26,2016-04-27,68.559,GREEN,2016-04-22,67.486,1.5899593989864513,False,,6.137779139135624,-1.9005528085298762,6.137779139135624,-1.9005528085298762,5.405563091643706,2.9171954083344165,-0.740967633716938,0.16482154057089193,True,1.0,True,2.0,True,5.0,2015_2016,MACD_PASS,,,,
MCD,MACD_PASS,2016-04-26,2016-04-27,122.65,GREEN,2016-04-25,119.83,2.353333889677045,True,17.0,3.139013452914785,-4.541377904606614,3.139013452914785,-4.541377904606614,1.0843864655523783,0.9376273950264968,-1.3615980432123975,-3.6689767631471693,True,7.0,True,9.0,False,,2015_2016,MACD_PASS,,,,
T,MACD_FAIL,2016-04-26,2016-04-27,35.228,GREEN,2016-04-25,35.228,0.0,False,,4.768933802656972,-0.3491540819802519,4.768933802656972,-0.3491540819802519,2.6910412172135745,3.4801862155103835,1.5555807880095474,2.004087657545117,True,0.0,True,3.0,False,,2015_2016,MACD_FAIL,,,,
MKC,MACD_PASS,2016-04-27,2016-04-28,90.038,GREEN,2016-04-15,88.337,1.9255804476040472,False,,7.452408982873915,-0.21657522379439076,7.452408982873915,-0.21657522379439076,2.3867700304315953,6.76158955107844,3.759523756636085,5.325529220995584,True,2.0,True,5.0,True,8.0,2015_2016,MACD_PASS,,,,
HRL,MACD_PASS,2016-04-28,2016-04-29,37.49,GREEN,2016-04-11,36.44,2.881448957189914,True,13.0,5.0893571619098354,-11.125633502267274,5.0893571619098354,-8.893038143504938,-0.0506801813817126,3.4462523339557016,-9.621232328620966,-9.826620432115241,True,6.0,True,6.0,True,10.0,2015_2016,MACD_PASS,,,,
CAH,MACD_FAIL,2016-05-03,2016-05-04,76.279,GREEN,2016-05-02,74.398,2.5282937713379416,True,2.0,1.013385073218065,-4.537290735326893,0.4234455092489542,-4.537290735326893,-2.6927463653168004,-1.591525845907782,-2.9824722400660586,1.013385073218065,False,,False,,False,,2015_2016,MACD_FAIL,,,,
CB,MACD_PASS,2016-05-03,2016-05-04,114.06,GREEN,2016-04-28,113.05,0.8934099955771879,False,,8.872523233385943,-0.6750832894967473,8.872523233385943,-0.6750832894967473,5.155181483429772,6.733298264071541,8.048395581273017,8.600736454497637,True,1.0,True,1.0,True,4.0,2015_2016,MACD_PASS,,,,
KMB,MACD_PASS,2016-05-04,2016-05-05,122.27,GREEN,2016-04-25,118.07,3.5572118234945327,False,,2.1755132084730677,-2.26547804040238,2.1755132084730677,-2.26547804040238,1.6766173223194514,-0.8832910771243929,0.01635724216897394,1.6847959434039383,True,5.0,False,,False,,2015_2016,MACD_PASS,,,,
SHW,MACD_FAIL,2016-05-04,2016-05-05,285.2,GREEN,2016-04-29,278.04,2.5751690404258287,False,,2.8190743338008417,-0.8800841514726487,2.8190743338008417,-0.8800841514726487,2.1248246844319807,-0.2910238429172485,-0.26297335203365746,0.6241234221598946,True,3.0,False,,False,,2015_2016,MACD_FAIL,,,,
NUE,MACD_FAIL,2016-05-06,2016-05-09,45.932,GREEN,2016-05-05,45.922,0.021776055049871346,True,0.0,5.765043978054507,-5.366628929722205,0.500740224679963,-3.0066184794914186,-0.1654619872855534,-2.209788382826794,1.2953931899329474,5.179395628320127,False,,False,,False,,2015_2016,MACD_FAIL,,,,
TGT,MACD_PASS,2016-05-09,2016-05-10,75.573,GREEN,2016-05-03,73.452,2.887600065348783,True,1.0,0.8151059240734115,-17.35540470803064,0.8151059240734115,-5.2346737591467685,-7.12423749222606,-13.331480819869512,-13.68345837799213,-13.417490373546093,False,,False,,False,,2015_2016,MACD_PASS,,,,
ADP,MACD_PASS,2016-05-10,2016-05-11,85.207,GREEN,2016-05-06,83.178,2.4393469427011816,True,2.0,0.34034762402150864,-4.343539850012313,0.34034762402150864,-2.7779407795134103,-2.9375520790545395,-0.7593272853169242,-0.11266679967607551,-0.02464586242912903,False,,False,,False,,2015_2016,MACD_PASS,,,,
DOV,MACD_FAIL,2016-05-10,2016-05-11,63.554,GREEN,2016-05-04,60.736,4.639752370916761,False,,10.660225949586156,-3.6897756238788992,10.660225949586156,-3.6897756238788992,-0.4389967586619359,1.3091229505617141,2.4561789973880366,10.224376121093881,True,11.0,True,11.0,True,17.0,2015_2016,MACD_FAIL,,,,
TROW,MACD_PASS,2016-05-10,2016-05-11,72.136,GREEN,2016-05-04,70.464,2.372842870118075,False,,2.9846401242098253,-3.1939669513141866,2.9846401242098253,-3.1939669513141866,-1.3529998890983719,2.531329710546748,1.97682155927692,-1.429244759897963,True,10.0,False,,False,,2015_2016,MACD_PASS,,,,
EMR,MACD_PASS,2016-05-12,2016-05-13,50.56,GREEN,2016-05-05,49.783,1.56077375811019,True,0.0,2.4841772151898756,-6.164952531645573,0.3579905063290978,-2.051028481012651,-3.945806962025322,-1.0067246835443022,1.420094936708849,-2.08465189873418,False,,False,,False,,2015_2016,MACD_PASS,,,,
WMT,MACD_FAIL,2016-05-19,2016-05-20,66.999,GREEN,2016-05-17,60.611,10.53934104370493,False,,3.5313959909849313,-0.6955327691458013,3.5313959909849313,-0.6955327691458013,2.0477917580859373,2.4806340393140225,1.726891446140999,2.550784340064771,True,3.0,True,10.0,False,,2015_2016,MACD_FAIL,,,,
BEN,MACD_PASS,2016-05-20,2016-05-23,34.408,GREEN,2016-05-02,33.757,1.9284889060046995,True,12.0,6.17007672634271,-9.169379214136253,6.17007672634271,-3.6183445710300077,5.356312485468484,0.0,-7.16693792141363,-4.629737270402245,True,1.0,True,1.0,True,2.0,2015_2016,MACD_PASS,,,,
GPC,MACD_FAIL,2016-05-20,2016-05-23,90.063,GREEN,2016-05-19,88.396,1.8858319380967492,False,,5.355140290685401,-0.8394124113120793,5.355140290685401,-0.8394124113120793,3.117817527730571,4.412466828775408,2.388328170280807,4.497962537334987,True,2.0,True,3.0,True,19.0,2015_2016,MACD_FAIL,,,,
CL,MACD_FAIL,2016-05-23,2016-05-24,68.151,GREEN,2016-05-20,67.571,0.8583563954950968,False,,2.9390617892620874,-0.4695455679300298,2.9390617892620874,-0.4695455679300298,1.0931607753371209,2.2288741177679094,1.8312277149271639,2.585435283414772,True,8.0,False,,False,,2015_2016,MACD_FAIL,,,,
PG,MACD_FAIL,2016-05-23,2016-05-24,76.668,GREEN,2016-05-20,76.182,0.6379459714893398,False,,4.335576772577876,0.0,4.335576772577876,0.0,1.8573590024521192,2.9282099441748644,3.3025512599780926,4.072103093859236,True,6.0,True,8.0,False,,2015_2016,MACD_FAIL,,,,
PPG,MACD_PASS,2016-05-23,2016-05-24,104.06,GREEN,2016-05-03,102.49,1.5318567665138172,False,,4.4013069383048276,-1.4126465500672647,4.4013069383048276,-1.4126465500672647,1.3261579857774208,4.113011724005378,0.038439361906594804,1.1627906976744207,True,1.0,True,10.0,False,,2015_2016,MACD_PASS,,,,
ABBV,MACD_FAIL,2016-05-24,2016-05-25,57.883,GREEN,2016-05-23,56.035,3.2979387882573485,False,,7.0245149698529685,-3.1425461707237035,7.0245149698529685,-3.1425461707237035,6.566694884508406,-0.5407459875956699,-0.29542352676951156,0.37662180605704254,True,2.0,True,2.0,True,5.0,2015_2016,MACD_FAIL,,,,
APD,MACD_PASS,2016-05-24,2016-05-25,137.64,GREEN,2016-05-04,134.44,2.3802439750074234,False,,2.3249055507120087,-1.809067131647768,2.3249055507120087,-1.809067131647768,-0.23249055507119643,1.9253124091833884,0.35600116245277924,1.5111886079628212,True,9.0,False,,False,,2015_2016,MACD_PASS,,,,
GWW,MACD_PASS,2016-05-24,2016-05-25,218.08,GREEN,2016-05-16,211.44,3.1403707907680767,True,12.0,2.191856199559794,-4.365370506236244,2.191856199559794,-4.365370506236244,1.5269625825385047,0.3943506969919186,-2.1505869405722744,-0.13297872340426453,True,9.0,False,,False,,2015_2016,MACD_PASS,,,,
KO,MACD_PASS,2016-05-26,2016-05-27,42.567,GREEN,2016-05-19,41.835,1.7497310864108995,False,,2.9318486151243883,-2.3774285244438143,2.9318486151243883,-2.3774285244438143,1.4800197335964604,1.6938003617825936,1.3766532760119299,-1.3273192848920479,True,7.0,False,,False,,2015_2016,MACD_PASS,,,,
PEP,MACD_PASS,2016-05-27,2016-05-31,97.883,GREEN,2016-05-19,95.831,2.1412695265623727,False,,3.266144274286642,-1.2913376173595004,3.266144274286642,-1.2913376173595004,1.0931418121635117,1.8358652677175957,2.6531675571856317,0.7468099670014272,True,7.0,True,14.0,False,,2015_2016,MACD_PASS,,,,
SYY,MACD_PASS,2016-06-03,2016-06-06,47.181,GREEN,2016-05-24,46.314,1.872004145614703,False,,5.93035332019245,-1.6150569085013,5.93035332019245,-1.6150569085013,-1.1614844958775628,1.9393399885547113,1.4497361225917382,5.148258833004826,True,9.0,True,17.0,True,20.0,2015_2016,MACD_PASS,,,,
MCD,MACD_PASS,2016-06-08,2016-06-09,117.88,GREEN,2016-05-19,116.2,1.4457831325301207,True,11.0,1.6372582287071724,-4.920257889379032,1.6372582287071724,-3.104852392263313,0.3223617237869014,-0.7041058703766478,-1.4251781472684022,-0.6277570410586963,False,,False,,False,,2015_2016,MACD_PASS,,,,
HRL,MACD_FAIL,2016-06-09,2016-06-10,33.707,GREEN,2016-05-19,32.969,2.2384664381691843,False,,7.790666627110099,-2.8243391580383803,7.790666627110099,-2.8243391580383803,0.581481591360844,1.9076156288011514,4.616251817129968,5.022695582519954,True,10.0,True,11.0,True,14.0,2015_2016,MACD_FAIL,,,,
AFL,MACD_FAIL,2016-06-16,2016-06-17,66.815,GREEN,2016-06-14,65.493,2.0185363321270966,True,6.0,7.793160218513817,-2.3991618648506963,4.636683379480644,-2.3991618648506963,0.6974481778043939,5.4089650527576305,5.640948888722597,6.4401706203696785,True,1.0,True,3.0,False,,2015_2016,MACD_FAIL,,,,
CB,MACD_FAIL,2016-06-16,2016-06-17,121.41,GREEN,2016-06-14,119.45,1.640853913771445,True,6.0,5.164319248826299,-3.352277407132853,2.7921917469730717,-3.352277407132853,-1.0625154435384143,4.620706696318266,4.315954204760741,3.7970513137303374,True,4.0,False,,False,,2015_2016,MACD_FAIL,,,,
LOW,MACD_FAIL,2016-06-16,2016-06-17,75.645,GREEN,2016-06-13,73.451,2.987025363848006,False,,7.4241522903033985,-3.236168947055318,7.4241522903033985,-3.236168947055318,-1.0390640491770742,2.2222222222222143,6.3335316279992115,5.652719941833584,True,1.0,True,10.0,True,14.0,2015_2016,MACD_FAIL,,,,
MMM,MACD_FAIL,2016-06-16,2016-06-17,164.83,GREEN,2016-06-15,161.58,2.011387547963861,False,,6.970818418977109,-2.845355821149076,6.970818418977109,-2.845355821149076,-0.515682824728525,3.270035794454884,4.71394770369471,6.54613844567129,True,4.0,True,9.0,True,16.0,2015_2016,MACD_FAIL,,,,
PNR,MACD_PASS,2016-06-16,2016-06-17,58.541,GREEN,2016-06-14,56.238,4.09509584266865,True,5.0,5.8728070924651155,-8.170342153362586,3.68972173348594,-4.726601868775726,-4.366170717958351,-2.7109205514084134,2.8629507524640774,4.135563109615492,True,1.0,True,1.0,False,,2015_2016,MACD_PASS,,,,
SWK,MACD_FAIL,2016-06-16,2016-06-17,109.61,GREEN,2016-06-15,108.06,1.4343883027947424,True,5.0,5.647294954839888,-7.380713438554876,2.700483532524389,-4.744092692272606,-4.379162485174703,0.1642185931940654,3.3117416294133672,4.634613630143236,True,1.0,False,,False,,2015_2016,MACD_FAIL,,,,
TGT,MACD_FAIL,2016-06-16,2016-06-17,63.897,GREEN,2016-06-13,62.862,1.6464636823518175,False,,10.761068594769707,-0.20814748736246447,10.761068594769707,-0.20814748736246447,3.4899917054008744,4.536989217021148,8.253908634208184,10.371378937978303,True,1.0,True,3.0,True,7.0,2015_2016,MACD_FAIL,,,,
ITW,MACD_FAIL,2016-06-17,2016-06-20,103.76,GREEN,2016-06-16,100.7,3.038728897715992,True,4.0,5.021202775636069,-8.139938319198158,1.089051657671547,-5.436584425597535,-7.7843099460293,-2.3804934464147998,3.373168851195074,4.394757131842697,False,,False,,False,,2015_2016,MACD_FAIL,,,,
MHFI,MACD_PASS,2016-06-20,2016-06-21,106.06,GREEN,2016-06-14,103.9,2.078922040423481,True,3.0,9.315481802753144,-7.886102206298329,2.7908730907033608,-3.780878747878569,-5.619460682632482,-0.8014331510465822,5.789175938148228,8.79690741089949,True,2.0,False,,False,,2015_2016,MACD_PASS,,,,
TROW,MACD_PASS,2016-06-20,2016-06-21,69.766,GREEN,2016-06-10,67.685,3.074536455640109,True,3.0,3.715276782386834,-7.027778574090537,1.5193647335378202,-5.978556890175735,-4.21122036522088,-0.647880056187844,2.043975575495205,2.2661468337012103,False,,False,,False,,2015_2016,MACD_PASS,,,,
SHW,MACD_FAIL,2016-06-22,2016-06-23,288.72,GREEN,2016-06-21,283.28,1.920361479807986,True,1.0,6.743557772236075,-4.783180936547515,0.17664172901079578,-3.809919645331117,0.31518426156829094,4.703518980326948,4.492241618176762,0.2840121917428551,False,,False,,False,,2015_2016,MACD_FAIL,,,,
ABBV,MACD_PASS,2016-06-23,2016-06-24,56.158,GREEN,2016-06-20,56.623,-0.8212210585804236,True,1.0,11.054524733786808,-1.5705687524484424,2.2614765483101262,-1.5705687524484424,5.821076249154178,8.591830193382943,8.198297660173083,9.489298051924933,True,0.0,False,,False,,2015_2016,MACD_PASS,,,,
ADM,MACD_PASS,2016-06-29,2016-06-30,40.203,GREEN,2016-06-27,37.609,6.897285224281435,False,,8.852573191055392,-1.1715543616148127,8.852573191055392,-1.1715543616148127,4.270825560281577,5.395119767181544,4.84540954655126,8.106360221873988,True,0.0,True,1.0,True,10.0,2015_2016,MACD_PASS,,,,
APD,MACD_FAIL,2016-06-29,2016-06-30,134.41,GREEN,2016-06-28,128.55,4.5585375340334355,False,,9.389182352503544,-1.629343054832233,9.389182352503544,-1.629343054832233,3.4149244847853533,6.993527267316435,6.4876125288297,7.045606725690057,True,1.0,True,5.0,True,7.0,2015_2016,MACD_FAIL,,,,
BDX,MACD_FAIL,2016-06-29,2016-06-30,165.17,GREEN,2016-06-28,159.72,3.4122213874279828,False,,5.376278985287897,-0.2240116243869772,5.376278985287897,-0.2240116243869772,4.2743839680329465,3.9413937155657885,3.105890900284569,4.492341224193264,True,3.0,True,5.0,True,6.0,2015_2016,MACD_FAIL,,,,
DOV,MACD_FAIL,2016-06-29,2016-06-30,66.232,GREEN,2016-06-28,63.374,4.509735853820174,False,,7.968957603575322,-2.7131899987921204,7.968957603575322,-2.7131899987921204,3.2129484237226613,7.2774489672665865,4.577847566131177,4.814893103031781,True,1.0,True,5.0,True,6.0,2015_2016,MACD_FAIL,,,,
ECL,MACD_FAIL,2016-06-29,2016-06-30,115.15,GREEN,2016-06-28,112.87,2.0200230353504045,False,,4.203213200173672,-0.2344767694311911,4.203213200173672,-0.2344767694311911,2.023447676943113,3.508467216673905,2.726877985236653,1.320017368649573,True,1.0,True,7.0,False,,2015_2016,MACD_FAIL,,,,
EMR,MACD_FAIL,2016-06-29,2016-06-30,48.804,GREEN,2016-06-28,47.084,3.6530456205929873,False,,11.435538070649942,-0.6843701335956132,11.435538070649942,-0.6843701335956132,4.991394148020656,10.472502253913607,9.648799278747644,9.825014343086625,True,0.0,True,1.0,True,5.0,2015_2016,MACD_FAIL,,,,
GWW,MACD_FAIL,2016-06-29,2016-06-30,212.6,GREEN,2016-06-28,207.71,2.3542438977420366,True,14.0,5.73377234242709,-2.62935089369708,5.73377234242709,-2.615239887111953,4.482596425211671,4.858889934148647,-1.2417685794919975,-0.7949200376293541,True,0.0,True,0.0,True,6.0,2015_2016,MACD_FAIL,,,,
NUE,MACD_FAIL,2016-06-29,2016-06-30,46.666,GREEN,2016-06-27,44.216,5.54098064049211,False,,18.27454677923972,-0.3728624694638527,18.27454677923972,-0.3728624694638527,10.215145930656156,17.425963228046125,9.240132001885758,11.14515921656023,True,0.0,True,1.0,True,3.0,2015_2016,MACD_FAIL,,,,
PEP,MACD_FAIL,2016-06-29,2016-06-30,100.16,GREEN,2016-06-28,97.99,2.214511684865794,False,,6.938897763578278,-0.19968051118210983,6.938897763578278,-0.19968051118210983,4.363019169329085,5.700878594249215,5.251597444089473,5.001996805111819,True,0.0,True,2.0,True,4.0,2015_2016,MACD_FAIL,,,,
PPG,MACD_PASS,2016-06-30,2016-07-01,101.86,GREEN,2016-06-28,96.102,5.991550644107302,False,,5.586098566660125,-2.4896917337522084,5.586098566660125,-2.4896917337522084,2.199096799528766,4.771254663263291,2.1794620066758252,0.34360887492637104,True,4.0,True,6.0,True,7.0,2015_2016,MACD_PASS,,,,
ED,MACD_FAIL,2016-07-21,2016-07-22,76.325,GREEN,2016-07-20,74.939,1.8495042634676384,True,10.0,1.8539141827710326,-6.3465443825745265,1.8539141827710326,-2.6767114313789753,0.3629217163445775,-2.5561742548313227,-1.2538486734359755,-3.3003603013429528,False,,False,,False,,2015_2016,MACD_FAIL,,,,
GPC,MACD_PASS,2016-07-26,2016-07-27,97.609,GREEN,2016-07-21,94.953,2.797173338388448,False,,3.4330850638772947,-2.1176325953549346,3.4330850638772947,-2.1176325953549346,-0.4354106690981352,0.03893083629584737,1.2980360417584658,3.2281859254781997,True,16.0,True,20.0,False,,2015_2016,MACD_PASS,,,,
BCR,MACD_FAIL,2016-07-28,2016-07-29,222.98,GREEN,2016-07-22,220.14,1.2900881257381647,True,3.0,1.1974168086823944,-4.3322271055700075,1.1974168086823944,-2.1975065028253526,-0.6009507579155082,-0.6099201722127523,-2.139205309893255,-3.0406314467665285,False,,False,,False,,2015_2016,MACD_FAIL,,,,
MKC,MACD_PASS,2016-08-01,2016-08-02,99.69,GREEN,2016-07-25,98.632,1.0726741828209763,True,1.0,0.7924566155080859,-2.060387200321001,0.19059083157788592,-2.0503561039221574,-1.1866787039823357,-1.7062894974420595,0.3109639883639215,-0.7122078443173807,False,,False,,False,,2015_2016,MACD_PASS,,,,
CB,MACD_FAIL,2016-08-03,2016-08-04,122.58,GREEN,2016-07-27,119.59,2.500209047579216,False,,1.3786914667971883,-0.693424702235268,1.3786914667971883,-0.693424702235268,0.6526350138684966,1.1910589003100158,0.23658019252732476,1.0605318975362987,False,,False,,False,,2015_2016,MACD_FAIL,,,,
AFL,MACD_PASS,2016-08-04,2016-08-05,70.352,GREEN,2016-08-03,69.468,1.2725283583808311,False,,3.454059586081404,-1.03621787582443,3.454059586081404,-1.03621787582443,0.3709915851717094,0.6339549692972346,1.0234250625426489,2.7447691607914493,True,15.0,True,17.0,False,,2015_2016,MACD_PASS,,,,
CLX,MACD_PASS,2016-08-04,2016-08-05,129.55,GREEN,2016-07-21,125.44,3.276466836734704,False,,0.6792744114241467,-3.095329988421458,0.6792744114241467,-3.095329988421458,-0.27788498649171656,-2.238517946738716,-2.3620223851794853,-1.3585488228483267,False,,False,,False,,2015_2016,MACD_PASS,,,,
CVX,MACD_PASS,2016-08-04,2016-08-05,96.059,GREEN,2016-07-27,93.126,3.149496381246908,False,,3.6654556054091847,-1.2606835382421244,3.6654556054091847,-1.2606835382421244,1.15345777074507,2.386033583526803,1.3845657356416297,0.9910575791961085,True,6.0,True,9.0,False,,2015_2016,MACD_PASS,,,,
LEG,MACD_FAIL,2016-08-04,2016-08-05,51.198,GREEN,2016-08-02,49.238,3.980665339778211,False,,0.373061447712808,-2.9063635298253843,0.373061447712808,-2.9063635298253843,-0.3418102269619805,-1.0937927262783753,-2.5274424782217975,-2.2637603031368414,False,,False,,False,,2015_2016,MACD_FAIL,,,,
WBA,MACD_PASS,2016-08-04,2016-08-05,77.974,GREEN,2016-07-28,75.836,2.8192415211772737,False,,4.522020160566331,-1.7236514735681219,4.522020160566331,-1.7236514735681219,3.825634185754212,3.3831790083874047,-0.6220022058634922,2.920204170620977,True,3.0,True,3.0,False,,2015_2016,MACD_PASS,,,,
EMR,MACD_FAIL,2016-08-05,2016-08-08,51.883,GREEN,2016-08-04,50.675,2.383818450912689,False,,2.530694061638683,-2.9161767823757345,2.530694061638683,-2.9161767823757345,1.998727907021558,-1.33569762735386,0.17346722433166928,-2.00836497504,True,5.0,False,,False,,2015_2016,MACD_FAIL,,,,
GWW,MACD_FAIL,2016-08-05,2016-08-08,215.07,GREEN,2016-08-02,207.37,3.713169696677432,False,,6.146835913888493,-1.25075556795462,6.146835913888493,-1.25075556795462,4.100990375226665,3.9940484493420803,5.784163295671174,3.8313107360394394,True,3.0,True,3.0,True,14.0,2015_2016,MACD_FAIL,,,,
XOM,MACD_PASS,2016-08-05,2016-08-08,83.365,GREEN,2016-07-27,81.026,2.8867277170290917,False,,1.8724884543873443,-1.4826365980927125,1.8724884543873443,-1.4826365980927125,0.5781802914892387,0.7845018892820965,0.6129670725124603,1.4490493612427269,False,,False,,False,,2015_2016,MACD_PASS,,,,
PPG,MACD_PASS,2016-08-08,2016-08-09,102.29,GREEN,2016-08-01,100.46,1.8216205454907541,False,,3.4607488513050955,-1.3979861179000963,3.4607488513050955,-1.3979861179000963,-0.6843288689021398,1.9943298465147974,2.815524489197374,2.277837520774262,True,10.0,True,13.0,False,,2015_2016,MACD_PASS,,,,
ADP,MACD_PASS,2016-08-09,2016-08-10,87.421,GREEN,2016-08-01,85.108,2.717723363256108,False,,1.1782066093958932,-1.2674300225346324,1.1782066093958932,-1.2674300225346324,-0.6668878187163441,-0.275677468800406,-0.13269122979604475,0.08007229384243697,False,,False,,False,,2015_2016,MACD_PASS,,,,
SYY,MACD_FAIL,2016-08-09,2016-08-10,50.269,GREEN,2016-08-05,49.551,1.4490121289176816,False,,4.026338299946297,-0.5967892737074432,4.026338299946297,-0.5967892737074432,0.6922755575006434,1.0404026338300065,-0.037796654001465146,1.4064333883705649,True,3.0,True,3.0,False,,2015_2016,MACD_FAIL,,,,
KMB,MACD_PASS,2016-08-10,2016-08-11,125.88,GREEN,2016-07-21,123.67,1.787013827120565,True,3.0,0.07944073721004585,-5.338417540514772,0.07944073721004585,-2.4785510009532774,-2.5341595170003117,-1.803304734667932,-2.017794725135047,-5.298697171909761,False,,False,,False,,2015_2016,MACD_PASS,,,,
KO,MACD_PASS,2016-08-12,2016-08-15,42.308,GREEN,2016-07-28,41.465,2.0330399131797794,True,18.0,0.524723456556675,-4.148151649806186,0.524723456556675,-4.148151649806186,-0.8130849957454833,-1.2668998770918094,-0.6996312754089073,-3.3397938924080495,False,,False,,False,,2015_2016,MACD_PASS,,,,
MCD,MACD_PASS,2016-08-12,2016-08-15,114.93,GREEN,2016-07-28,113.09,1.627022725263072,True,2.0,0.9658052727747224,-4.246062820847484,0.1914208648742699,-2.105629513616991,-3.0192290959714763,-3.027930044374838,-0.7221787174802152,-2.853911076307314,False,,False,,False,,2015_2016,MACD_PASS,,,,
ED,MACD_PASS,2016-08-18,2016-08-19,74.327,GREEN,2016-08-16,71.481,3.9814775954449377,True,14.0,0.19373847996018156,-5.3358806355698345,0.19373847996018156,-5.3358806355698345,-2.9491301949493343,-1.9346939873800983,-3.363515277086393,-0.8314609764957459,False,,False,,False,,2015_2016,MACD_PASS,,,,
LOW,MACD_FAIL,2016-08-23,2016-08-24,76.137,GREEN,2016-08-19,74.312,2.455861771988377,True,8.0,0.12871534208072077,-9.781052576276982,0.12871534208072077,-3.1797943181370525,-1.8978945847616946,-5.012017810000402,-8.623927919408436,-7.637548104075542,False,,False,,False,,2015_2016,MACD_FAIL,,,,
SHW,MACD_PASS,2016-08-23,2016-08-24,286.62,GREEN,2016-08-17,282.2,1.566265060240979,True,5.0,0.25120368432069995,-6.245202707417475,0.25120368432069995,-2.198032237806158,-2.096852976065866,-2.222454818226227,-4.497243737352585,-3.506384760309822,False,,False,,False,,2015_2016,MACD_PASS,,,,
ABT,MACD_FAIL,2016-08-29,2016-08-30,41.761,GREEN,2016-08-24,40.867,2.187584114322072,True,1.0,0.8117621704461175,-5.883479801728885,0.8117621704461175,-2.511913028902568,-2.581355810445163,-5.117214626086541,-2.535858815641401,-1.6762050717176402,False,,False,,False,,2015_2016,MACD_FAIL,,,,
BCR,MACD_FAIL,2016-08-29,2016-08-30,219.99,GREEN,2016-08-16,213.32,3.1267579223701603,True,7.0,5.041138233556075,-3.8774489749534125,0.8000363652893361,-3.327423973817001,-0.5136597118050812,-1.7955361607345899,3.463793808809501,2.918314468839478,False,,False,,False,,2015_2016,MACD_FAIL,,,,
PEP,MACD_FAIL,2016-08-29,2016-08-30,104.19,GREEN,2016-08-26,103.63,0.5403840586702735,True,0.0,1.0269699587292624,-2.8889528745560944,0.13436990114215064,-0.8158172569344369,0.047989250407898254,-1.9675592667242503,-0.01919570016315486,0.20155485171322596,False,,False,,False,,2015_2016,MACD_FAIL,,,,
ADM,MACD_PASS,2016-08-30,2016-08-31,41.973,GREEN,2016-08-26,40.955,2.485654987181052,True,6.0,1.8488075667691284,-4.357563195387515,1.8488075667691284,-2.820861029709565,0.0,-2.215710099349577,-0.6003859624044039,-3.9549234031401093,False,,False,,False,,2015_2016,MACD_PASS,,,,
JNJ,MACD_PASS,2016-08-30,2016-08-31,116.42,GREEN,2016-08-09,115.25,1.0151843817787443,True,6.0,0.36935234495789615,-2.0872702284830846,0.36935234495789615,-1.1338258031266202,-0.060127125923392644,-0.7558838687510727,-0.06871671534101065,-1.898299261295322,False,,False,,False,,2015_2016,MACD_PASS,,,,
PNR,MACD_FAIL,2016-08-30,2016-08-31,62.357,GREEN,2016-08-26,61.675,1.1057965139845916,True,1.0,1.6838526548743404,-9.148932758150641,0.311111823852972,-2.5594560354090135,-2.952354988213035,-7.885241432397327,-2.8272687909937866,-1.7335663999230144,False,,False,,False,,2015_2016,MACD_FAIL,,,,
WMT,MACD_PASS,2016-09-01,2016-09-02,71.017,GREEN,2016-08-23,68.974,2.961985675761869,True,4.0,0.2745821423039585,-3.6850331610740916,0.2745821423039585,-3.6850331610740916,-1.436275821282218,-1.2306912429418282,-1.8756072489685471,-1.3433403269639599,False,,False,,False,,2015_2016,MACD_PASS,,,,
CAH,MACD_PASS,2016-09-02,2016-09-06,77.581,GREEN,2016-08-18,76.415,1.5258784270103964,True,5.0,1.88963792681196,-6.9411324937806995,1.88963792681196,-2.914373364612477,-2.33820136373597,-5.002513502017248,-2.2750415694564374,-4.793699488276781,False,,False,,False,,2015_2016,MACD_PASS,,,,
NUE,MACD_PASS,2016-09-02,2016-09-06,47.497,GREEN,2016-08-11,46.583,1.9620891741622515,True,3.0,2.513842979556613,-8.773185674884731,1.7306356190917471,-4.665557824704725,-6.311977598585172,-6.0066951596942975,-0.0989536181232431,-2.3075141587889703,False,,False,,False,,2015_2016,MACD_PASS,,,,
T,MACD_PASS,2016-09-06,2016-09-07,38.821,GREEN,2016-08-18,38.153,1.7508452808429276,True,2.0,1.0638571906957717,-4.744854589011094,0.3142628989464491,-3.827825146183761,-3.322943767548492,-1.671775585379054,-0.9968831302645476,-3.9360140130341836,False,,False,,False,,2015_2016,MACD_PASS,,,,
ABBV,MACD_PASS,2016-09-07,2016-09-08,61.145,GREEN,2016-08-25,60.705,0.7248167366773917,True,1.0,2.140812821980531,-2.675607163300353,0.29601766293236853,-1.4081282198053824,-0.9534712568484816,1.7499386703736963,-1.784283261100661,-1.767928694087828,False,,False,,False,,2015_2016,MACD_PASS,,,,
VFC,MACD_PASS,2016-09-08,2016-09-09,57.88,GREEN,2016-09-01,56.827,1.8529924155771038,True,0.0,1.7605390463026893,-9.181064270905326,0.06910850034553828,-2.045611610228071,-5.834485141672429,-4.509329647546645,-6.019350380096755,-8.51762266758811,False,,False,,False,,2015_2016,MACD_PASS,,,,
DOV,MACD_FAIL,2016-09-12,2016-09-13,67.599,GREEN,2016-09-09,66.651,1.4223342485484292,True,1.0,7.463128152783338,-4.310714655542247,0.4482314827142453,-2.9497477773339886,-0.23225195638990614,0.4482314827142453,5.019305019305009,-3.224899776623924,False,,False,,False,,2015_2016,MACD_FAIL,,,,
EMR,MACD_FAIL,2016-09-12,2016-09-13,49.941,GREEN,2016-09-09,48.762,2.417866371354749,False,,6.335475861516571,-2.1285116437396168,6.335475861516571,-2.1285116437396168,-0.7949380268717166,0.3704371157966291,3.3339340421697505,-1.623916221140942,True,7.0,True,12.0,True,13.0,2015_2016,MACD_FAIL,,,,
CL,MACD_FAIL,2016-09-13,2016-09-14,70.066,GREEN,2016-09-09,68.928,1.6509981429897902,False,,3.4281962720863257,-0.9034339051751106,3.4281962720863257,-0.9034339051751106,1.347301116090538,2.179373733337142,1.3059115690919887,0.5551908200839062,True,6.0,True,12.0,False,,2015_2016,MACD_FAIL,,,,
ADP,MACD_FAIL,2016-09-14,2016-09-15,84.567,GREEN,2016-09-13,84.449,0.13972930407701867,True,18.0,3.8502016152872853,-0.879775799070559,3.8502016152872853,-0.879775799070559,3.445788546359685,0.8431184741092945,1.247531543036895,0.47299774143578777,True,4.0,True,5.0,False,,2015_2016,MACD_FAIL,,,,
BDX,MACD_FAIL,2016-09-14,2016-09-15,170.02,GREEN,2016-09-13,167.93,1.2445661882927395,False,,5.211151629220079,-0.9822373838372034,5.211151629220079,-0.9822373838372034,5.099400070579918,2.1350429361251644,2.5291142218562435,0.06469827079165213,True,0.0,True,4.0,True,5.0,2015_2016,MACD_FAIL,,,,
SWK,MACD_FAIL,2016-09-14,2016-09-15,117.73,GREEN,2016-09-13,117.41,0.27254918661103744,True,18.0,4.153571731928984,-2.4462753758600297,4.153571731928984,-2.4462753758600297,2.760553809564259,1.5459101333559877,3.567484923129194,0.7899430901214588,True,3.0,True,5.0,False,,2015_2016,MACD_FAIL,,,,
GWW,MACD_PASS,2016-09-15,2016-09-16,219.22,GREEN,2016-09-13,215.23,1.85383078567114,True,0.0,0.9989964419304886,-5.975732141227985,0.3968616002189673,-4.853571754401964,-4.2468752851017255,-0.5884499589453474,-0.7800383176717496,-5.291488002919442,False,,False,,False,,2015_2016,MACD_PASS,,,,
MKC,MACD_FAIL,2016-09-15,2016-09-16,93.44,GREEN,2016-09-09,93.85,-0.4368673415023894,True,0.0,5.35958904109588,-1.4490582191780788,0.866866438356162,-0.627140410958904,1.055222602739736,4.409246575342474,0.3028681506849429,-0.8722174657534221,False,,False,,False,,2015_2016,MACD_FAIL,,,,
ITW,MACD_PASS,2016-09-19,2016-09-20,114.95,GREEN,2016-09-09,112.02,2.6156043563649423,False,,3.123096998695085,-2.931709438886476,3.123096998695085,-2.931709438886476,0.9134406263592743,1.5224010439321534,-1.9051761635493714,-1.8703784254023526,True,2.0,True,9.0,False,,2015_2016,MACD_PASS,,,,
MMM,MACD_FAIL,2016-09-19,2016-09-20,173.4,GREEN,2016-09-16,170.15,1.9100793417572648,True,10.0,2.220299884659749,-5.207612456747402,2.220299884659749,-3.662053056516723,-0.7900807381776231,-3.39677047289505,-4.521337946943483,-4.371395617070362,True,2.0,False,,False,,2015_2016,MACD_FAIL,,,,
BF-B,MACD_PASS,2016-09-20,2016-09-21,45.879,GREEN,2016-09-02,44.47,3.1684281538115533,True,18.0,2.726737723141315,-3.8579742365788205,2.726737723141315,-3.8579742365788205,1.3709976241853772,0.0,-1.3775365635693815,-3.051505045881553,True,1.0,False,,False,,2015_2016,MACD_PASS,,,,
GPC,MACD_PASS,2016-09-20,2016-09-21,96.018,GREEN,2016-09-08,93.183,3.0424004378480918,True,20.0,3.027557333000064,-8.393217938303232,3.027557333000064,-8.393217938303232,1.8808973317502975,0.030202670332646342,-0.7988085567289471,-6.836218209085809,True,1.0,True,1.0,False,,2015_2016,MACD_PASS,,,,
HCP,MACD_PASS,2016-09-20,2016-09-21,35.338,GREEN,2016-09-13,34.419,2.6700368982248257,True,10.0,5.498330409191232,-5.57756522723415,5.498330409191232,-4.168317392042553,4.547512592676428,-3.506140698398341,-4.09474220385988,-2.07708415869603,True,1.0,True,1.0,True,2.0,2015_2016,MACD_PASS,,,,
AFL,MACD_PASS,2016-09-21,2016-09-22,71.99,GREEN,2016-09-15,69.655,3.35223602038619,True,13.0,0.3528267814974395,-5.468815113210168,0.3528267814974395,-4.017224614529791,-2.8920683428253824,-2.1975274343658757,-4.179747187109317,-5.332685095152101,False,,False,,False,,2015_2016,MACD_PASS,,,,
APD,MACD_PASS,2016-09-21,2016-09-22,144.57,GREEN,2016-09-13,139.51,3.62698014479248,True,7.0,1.7431002282631392,-12.429964722971576,1.7431002282631392,-6.979317977450372,0.8300477277443541,-7.622604966452229,-10.832122847063708,-9.407207581102572,False,,False,,False,,2015_2016,MACD_PASS,,,,
BEN,MACD_FAIL,2016-09-21,2016-09-22,35.166,GREEN,2016-09-20,34.151,2.972094521390267,True,2.0,3.1479269749189687,-5.7555593470966055,2.3602343172382634,-4.470226923733134,-3.0483990217823886,1.026559745208444,-3.9953364044815864,-3.4948529829949337,True,0.0,False,,False,,2015_2016,MACD_FAIL,,,,
CINF,MACD_PASS,2016-09-21,2016-09-22,73.97,GREEN,2016-09-15,72.034,2.6876197351250797,True,8.0,0.8422333378396818,-4.042179261862911,0.7232661889955416,-3.5811815600919283,-1.8575098012707736,-2.3158037042044,-0.7489522779505209,-3.97593619034744,False,,False,,False,,2015_2016,MACD_PASS,,,,
KMB,MACD_PASS,2016-09-21,2016-09-22,121.54,GREEN,2016-09-12,117.52,3.4206943498978903,True,16.0,1.6537765344742494,-5.076518018759257,1.6537765344742494,-3.8834951456310773,-0.10696067138391552,-1.6949152542372947,-2.97844331084417,-4.936646371564912,False,,False,,False,,2015_2016,MACD_PASS,,,,
KO,MACD_PASS,2016-09-21,2016-09-22,41.309,GREEN,2016-09-16,40.589,1.773879622557839,True,8.0,0.704446972814643,-3.0647074487399784,0.704446972814643,-2.173860417826612,-1.5880316638020697,-2.3408942361228813,-2.21985523735746,-1.8252681013822603,False,,False,,False,,2015_2016,MACD_PASS,,,,
PPG,MACD_PASS,2016-09-21,2016-09-22,101.46,GREEN,2016-09-13,97.805,3.737027759316991,True,11.0,0.6899270648531575,-12.750837768578748,0.6899270648531575,-10.625862408831054,-1.399566331559221,-1.271437019515076,-11.003351074314994,-10.480977725211904,False,,False,,False,,2015_2016,MACD_PASS,,,,
SHW,MACD_PASS,2016-09-21,2016-09-22,276.3,GREEN,2016-09-09,268.72,2.820779994045841,True,8.0,1.6395222584147495,-6.4314151284835415,1.6395222584147495,-2.9895041621425977,-0.7347086500181121,-1.889250814332255,-3.53963083604778,-1.25950054288817,False,,False,,False,,2015_2016,MACD_PASS,,,,
CLX,MACD_FAIL,2016-09-22,2016-09-23,122.44,GREEN,2016-09-09,117.88,3.868340685442817,True,8.0,0.3348578895785659,-6.239790918000654,0.3348578895785659,-4.173472721332894,-1.0045736687357087,-3.005553740607636,-3.7079385821626842,-5.063704671675929,False,,False,,False,,2015_2016,MACD_FAIL,,,,
CTAS,MACD_PASS,2016-09-22,2016-09-23,112.28,GREEN,2016-09-13,109.91,2.1563097079428717,True,4.0,3.411115069469184,-7.926612041325265,3.411115069469184,-3.3843961524759547,-2.0662629141432243,-3.9276807980049844,-4.978624866405424,-7.418952618453867,True,3.0,True,3.0,False,,2015_2016,MACD_PASS,,,,
CVX,MACD_PASS,2016-09-22,2016-09-23,95.482,GREEN,2016-09-15,93.738,1.860504811282504,False,,5.1088163214009,-1.559456232588341,5.1088163214009,-1.559456232588341,3.5964893906704987,2.953436249764363,1.7542573469345069,1.9783833602144973,True,3.0,True,5.0,True,11.0,2015_2016,MACD_PASS,,,,
ECL,MACD_PASS,2016-09-22,2016-09-23,117.52,GREEN,2016-09-13,115.19,2.0227450299505234,True,16.0,2.6718856364874144,-3.2590197413206234,2.6718856364874144,-2.408100748808717,2.3825731790333426,0.11061946902655162,-1.7869298842750125,-2.612321307011567,True,3.0,False,,False,,2015_2016,MACD_PASS,,,,
LOW,MACD_FAIL,2016-09-22,2016-09-23,70.43,GREEN,2016-08-26,68.69,2.53311981365556,True,12.0,1.9238960670168836,-4.10052534431351,1.9238960670168836,-3.0768138577310866,0.028396989919055038,-1.2338492119835287,-1.1642765866818228,-1.652704813289796,False,,False,,False,,2015_2016,MACD_FAIL,,,,
WBA,MACD_FAIL,2016-09-22,2016-09-23,80.553,GREEN,2016-09-20,77.743,3.6144733287884367,True,4.0,0.07324370290366922,-7.598723821583297,0.07324370290366922,-4.399587848993825,-2.3140044442789276,-3.2103087408290154,-5.113403597631372,-1.1632093156058732,False,,False,,False,,2015_2016,MACD_FAIL,,,,
LEG,MACD_PASS,2016-09-23,2016-09-26,46.941,GREEN,2016-09-13,47.037,-0.2040946488934159,True,0.0,0.6412304808163238,-7.496644724228297,0.0745616838158547,-1.5743166954261811,-5.9436313670352074,-4.948765471549388,-5.487739928846846,-6.748897552246436,False,,False,,False,,2015_2016,MACD_PASS,,,,
SYY,MACD_PASS,2016-09-23,2016-09-26,47.749,GREEN,2016-09-13,47.207,1.1481348105153888,True,6.0,0.6282854091185008,-3.4953611593960154,0.48796833441537846,-2.525707344656436,-0.7288110745774734,-1.5351106829462502,-1.4345850174872776,-2.4942930742005154,False,,False,,False,,2015_2016,MACD_PASS,,,,
XOM,MACD_FAIL,2016-09-28,2016-09-29,83.046,GREEN,2016-09-14,78.577,5.687414892398546,False,,1.9543385593526308,-1.771307468150185,1.9543385593526308,-1.771307468150185,0.07947402644317147,-0.47202755099584603,0.27575078871950875,-0.05900344387448353,False,,False,,False,,2015_2016,MACD_FAIL,,,,
ADM,MACD_FAIL,2016-09-30,2016-10-03,40.751,GREEN,2016-09-29,40.163,1.4640340612006142,False,,5.285759858653782,-1.1680694952271087,5.285759858653782,-1.1680694952271087,3.0723172437486346,-0.30919486638364413,1.2613187406444126,3.7888640769551785,True,0.0,True,1.0,True,20.0,2015_2016,MACD_FAIL,,,,
CB,MACD_FAIL,2016-10-07,2016-10-10,122.94,GREEN,2016-10-05,119.16,3.1722054380664666,False,,2.489019033674955,-3.156011062306807,2.489019033674955,-3.156011062306807,0.18708312998210186,-2.521555230193584,1.2363754677078287,-0.7483325199284185,True,14.0,False,,False,,2015_2016,MACD_FAIL,,,,
T,MACD_FAIL,2016-10-11,2016-10-12,37.283,GREEN,2016-10-06,36.388,2.459602066615374,True,7.0,1.0862859748410836,-7.354558377812959,1.0862859748410836,-5.5923611297374105,0.5900812702840375,-6.946865863798523,-7.099750556553919,-4.3666014001019215,False,,False,,False,,2015_2016,MACD_FAIL,,,,
PEP,MACD_PASS,2016-10-14,2016-10-17,103.88,GREEN,2016-10-11,102.09,1.7533548829464118,True,18.0,1.9541778975741275,-5.981902194840194,1.9541778975741275,-4.149018097805158,0.442818636888731,0.3369272237196741,0.12514439738160466,-5.098190219484011,False,,False,,False,,2015_2016,MACD_PASS,,,,
BCR,MACD_PASS,2016-10-17,2016-10-18,219.66,GREEN,2016-10-13,215.04,2.1484375,True,5.0,2.1123554584357773,-7.552581261950286,1.9803332422835274,-2.440134753710277,-2.4173723026495453,-2.5084221068924606,1.7618137121005129,-3.6602021305654153,False,,False,,False,,2015_2016,MACD_PASS,,,,
NUE,MACD_FAIL,2016-10-17,2016-10-18,46.167,GREEN,2016-10-13,44.725,3.2241475684740006,False,,27.374531591829655,-4.388415968115755,27.374531591829655,-4.388415968115755,-0.8014382567634981,0.9487296120605615,8.423765893387047,27.333376654320183,True,2.0,True,2.0,True,13.0,2015_2016,MACD_FAIL,,,,
WMT,MACD_PASS,2016-10-17,2016-10-18,66.717,GREEN,2016-10-10,65.258,2.235741211805453,False,,5.135122982148488,-0.8453617518773271,5.135122982148488,-0.8453617518773271,1.1526297645277905,1.06569539997301,1.7791567366638228,4.154863078375826,True,7.0,True,16.0,True,17.0,2015_2016,MACD_PASS,,,,
DOV,MACD_PASS,2016-10-18,2016-10-19,66.485,GREEN,2016-10-12,64.392,3.250403776866695,True,12.0,6.204407009099788,-3.677521245393689,4.203955779499147,-3.677521245393689,0.8528239452508135,-2.501316086335259,3.307512972851012,3.924193427088807,True,0.0,True,0.0,False,,2015_2016,MACD_PASS,,,,
ED,MACD_PASS,2016-10-18,2016-10-19,70.68,GREEN,2016-10-04,68.832,2.6847977684797852,True,16.0,3.7733446519524483,-5.830503678551224,3.7733446519524483,-5.830503678551224,0.8474816072439051,0.7625919637803902,-1.3653084323712594,-3.754951895868719,True,8.0,True,8.0,False,,2015_2016,MACD_PASS,,,,
ABBV,MACD_PASS,2016-10-19,2016-10-20,59.286,GREEN,2016-10-12,57.752,2.656185067183814,True,6.0,5.85973079647808,-10.395371588570669,0.8652970347130751,-10.395371588570669,0.016867388590902088,-9.04598050129879,4.151064332220078,0.40819080389973283,False,,False,,False,,2015_2016,MACD_PASS,,,,
MDT,MACD_PASS,2016-10-19,2016-10-20,81.808,GREEN,2016-10-14,80.576,1.5289912629070868,True,4.0,1.7088793272051594,-8.689859182476056,1.172256991981202,-3.5314394680227013,-3.025376491296705,-2.461861920594577,-1.124584392724426,-2.2247212986505116,False,,False,,False,,2015_2016,MACD_PASS,,,,
APD,MACD_PASS,2016-10-20,2016-10-21,129.97,GREEN,2016-10-05,126.6,2.6619273301737856,False,,5.839809186735412,-3.2622912979918373,5.839809186735412,-3.2622912979918373,0.34623374624913605,0.015388166499974432,3.885512041240302,3.4546433792413733,True,1.0,True,12.0,True,14.0,2015_2016,MACD_PASS,,,,
BEN,MACD_PASS,2016-10-20,2016-10-21,33.602,GREEN,2016-10-14,33.161,1.329875456108054,True,6.0,18.844116421641566,-3.5593119457175137,3.669424439021496,-1.7796559728587513,-0.14284863996189,-1.2826617463246204,8.704838997678731,13.585500863043887,True,1.0,True,3.0,False,,2015_2016,MACD_PASS,,,,
WBA,MACD_FAIL,2016-10-20,2016-10-21,78.766,GREEN,2016-10-11,74.432,5.822764402407565,False,,4.69364954421958,-4.5590737120077325,4.69364954421958,-4.5590737120077325,0.49767666251936404,-0.43292791305894474,0.43546707970443244,3.6614783028210196,True,1.0,True,1.0,False,,2015_2016,MACD_FAIL,,,,
AFL,MACD_FAIL,2016-10-24,2016-10-25,68.384,GREEN,2016-10-18,67.086,1.934829919804426,True,3.0,5.713324754328486,-2.969992980814229,1.4155357978474559,-2.54153018249883,-2.2987833411324377,0.13014740290127058,4.19103883949461,2.292934019653714,False,,False,,False,,2015_2016,MACD_FAIL,,,,
EMR,MACD_PASS,2016-10-24,2016-10-25,48.568,GREEN,2016-10-12,47.61,2.0121823146397766,False,,12.946796244440794,-1.6512930324493524,12.946796244440794,-1.6512930324493524,1.573052215450499,3.2140504035578887,12.162329105583925,9.285949596442112,True,5.0,True,5.0,True,11.0,2015_2016,MACD_PASS,,,,
MMM,MACD_FAIL,2016-10-24,2016-10-25,165.35,GREEN,2016-10-03,163.64,1.0449767782938268,True,0.0,3.5621409132144066,-3.3081342606592123,0.24795887511339654,-2.5703054127608094,-3.0843664953129735,0.9253099485938998,2.818264287874195,2.0925309948593984,False,,False,,False,,2015_2016,MACD_FAIL,,,,
MKC,MACD_FAIL,2016-10-25,2016-10-26,93.969,GREEN,2016-10-06,91.076,3.1764680047432936,True,11.0,0.6470218901978297,-5.3751769200480854,0.6470218901978297,-4.540859219529835,-1.0546031137928513,-1.3153273952047906,-4.113058561866145,-4.936734454979829,False,,False,,False,,2015_2016,MACD_FAIL,,,,
CL,MACD_PASS,2016-10-26,2016-10-27,70.145,GREEN,2016-10-12,69.059,1.5725683835560833,True,0.0,0.20956589920879676,-8.670610877468087,0.20956589920879676,-2.050039204504961,-1.6023950388480923,-6.29980754152113,-7.987739682087103,-7.2350131869698515,False,,False,,False,,2015_2016,MACD_PASS,,,,
GPC,MACD_PASS,2016-10-26,2016-10-27,88.736,GREEN,2016-10-19,85.947,3.2450230956287074,True,4.0,7.299179588892879,-5.221105301117934,0.0,-3.546474936891464,-3.7977821853588223,2.3181121529029847,3.5228092318788207,7.134646592138472,False,,False,,False,,2015_2016,MACD_PASS,,,,
PG,MACD_PASS,2016-10-26,2016-10-27,84.856,GREEN,2016-10-18,81.512,4.102463440965742,True,10.0,0.20623173376073112,-6.627698689544637,0.20623173376073112,-6.0903177147166865,-1.0394079381540355,-5.1993966248703565,-5.074479117563868,-4.627840105590641,False,,False,,False,,2015_2016,MACD_PASS,,,,
JNJ,MACD_PASS,2016-10-27,2016-10-28,112.8,GREEN,2016-10-19,110.04,2.5081788440566966,False,,5.762411347517737,-3.014184397163111,5.762411347517737,-3.014184397163111,-0.6117021276595747,2.2960992907801403,0.2925531914893531,-1.648936170212767,True,8.0,True,8.0,True,8.0,2015_2016,MACD_PASS,,,,
GWW,MACD_PASS,2016-10-28,2016-10-31,202.81,GREEN,2016-10-13,195.74,3.6119341984264697,False,,10.497509984714748,-3.4317834426310423,10.497509984714748,-3.4317834426310423,0.31556629357525345,7.3714313889847505,6.784675311868238,8.80134115674769,True,7.0,True,7.0,True,7.0,2015_2016,MACD_PASS,,,,
ITW,MACD_PASS,2016-10-28,2016-10-31,112.07,GREEN,2016-10-21,109.3,2.5343092406221457,False,,10.350673686089063,-2.444900508610681,10.350673686089063,-2.444900508610681,2.471669492281614,8.030695101275986,8.003926117605076,9.868831980012494,True,5.0,True,6.0,True,7.0,2015_2016,MACD_PASS,,,,
SWK,MACD_FAIL,2016-10-28,2016-10-31,112.3,GREEN,2016-10-26,109.88,2.202402621041144,False,,10.819234194122895,-1.3089937666963536,10.819234194122895,-1.3089937666963536,2.5556544968833528,6.598397150489754,5.921638468388246,4.87978628673198,True,5.0,True,6.0,True,7.0,2015_2016,MACD_FAIL,,,,
SYY,MACD_FAIL,2016-10-31,2016-11-01,46.908,GREEN,2016-10-21,45.977,2.02492550623139,False,,13.641596316193393,-1.0595207640487714,13.641596316193393,-1.0595207640487714,12.663085188027633,11.228361899889139,12.473352093459544,10.710326596742558,True,4.0,True,4.0,True,4.0,2015_2016,MACD_FAIL,,,,
BDX,MACD_PASS,2016-11-03,2016-11-04,170.5,GREEN,2016-10-13,162.89,4.671864448400775,True,6.0,3.8064516129032278,-6.2287390029325485,3.8064516129032278,-6.2287390029325485,-1.6539589442815195,-0.7917888563049869,-1.683284457478007,-5.096774193548381,True,1.0,True,1.0,False,,2015_2016,MACD_PASS,,,,
MHFI,MACD_PASS,2016-11-04,2016-11-07,123.4,GREEN,2016-11-01,117.94,4.629472613193153,True,14.0,2.2528363047001676,-9.489465153970833,2.2528363047001676,-4.9432739059967705,-0.9157212317666197,-2.5121555915721294,-3.9222042139384183,-8.784440842787689,True,1.0,False,,False,,2015_2016,MACD_PASS,,,,
ABT,MACD_PASS,2016-11-07,2016-11-08,38.715,GREEN,2016-10-13,37.424,3.449657973492948,True,10.0,4.81725429420119,-5.656722200697417,4.81725429420119,-4.569288389513126,0.4778509621593541,-3.840888544491805,-3.913211933359162,-2.8774376856515627,True,1.0,True,1.0,False,,2015_2016,MACD_PASS,,,,
CTAS,MACD_FAIL,2016-11-07,2016-11-08,103.66,GREEN,2016-10-03,100.96,2.6743264659271127,False,,14.981670846999817,-1.8618560679143248,14.981670846999817,-1.8618560679143248,4.148176731622599,9.589041095890405,9.357514952730073,14.865907775419629,True,1.0,True,2.0,True,7.0,2015_2016,MACD_FAIL,,,,
XOM,MACD_PASS,2016-11-07,2016-11-08,81.624,GREEN,2016-11-01,79.027,3.286218634137694,False,,4.44844653533274,-1.2643340194060548,4.44844653533274,-1.2643340194060548,2.4649612858963055,2.2995687542879617,3.0321964128197765,3.9412427717337994,True,1.0,True,2.0,False,,2015_2016,MACD_PASS,,,,
ECL,MACD_PASS,2016-11-08,2016-11-09,110.52,GREEN,2016-10-13,109.37,1.0514766389320584,False,,7.111834961997832,-0.6695620702135363,7.111834961997832,-0.6695620702135363,2.651103872602256,4.460731089395598,5.9717698154180265,6.985161056822298,True,0.0,True,0.0,True,10.0,2015_2016,MACD_PASS,,,,
PNR,MACD_FAIL,2016-11-08,2016-11-09,54.512,GREEN,2016-10-10,52.671,3.495282033756708,False,,10.505943645435867,-0.5778544173759892,10.505943645435867,-0.5778544173759892,4.6833724684473,3.861535074845901,5.618946287056059,8.9062958614617,True,0.0,True,0.0,True,1.0,2015_2016,MACD_FAIL,,,,
CINF,MACD_PASS,2016-11-09,2016-11-10,68.877,GREEN,2016-10-24,66.335,3.83206452099194,False,,11.092236886043239,-0.3716770474904596,11.092236886043239,-0.3716770474904596,4.666289182165317,8.426615561072648,8.709728937090766,10.591343990011183,True,2.0,True,5.0,True,6.0,2015_2016,MACD_PASS,,,,
T,MACD_FAIL,2016-11-09,2016-11-10,35.684,GREEN,2016-10-24,34.541,3.309110911670188,True,2.0,8.751821544669891,-3.657101221836112,0.0,-3.657101221836112,-0.16253783208159955,4.643537719986557,3.037776034076911,7.765385046519446,False,,False,,False,,2015_2016,MACD_FAIL,,,,
HCP,MACD_FAIL,2016-11-16,2016-11-17,27.77,GREEN,2016-10-25,26.249,5.794506457388859,False,,5.034209578682036,-3.114872164205973,5.034209578682036,-3.114872164205973,0.1728483975513173,-0.4429240187252437,2.8411955347497297,-0.23766654663305298,True,7.0,True,13.0,True,17.0,2015_2016,MACD_FAIL,,,,
PEP,MACD_PASS,2016-11-22,2016-11-23,99.69,GREEN,2016-11-14,97.666,2.0723690946695905,True,5.0,4.674490921857766,-3.2179757247467133,0.7021767479185481,-3.2179757247467133,-2.697361821647104,0.37115056675696145,3.4607282575985554,3.5108837395927406,False,,False,,False,,2015_2016,MACD_PASS,,,,
PG,MACD_PASS,2016-11-25,2016-11-28,80.61,GREEN,2016-11-18,79.232,1.7391962843295694,False,,3.1385684158293126,-2.3471033370549454,3.1385684158293126,-2.3471033370549454,-0.1687135591117661,2.405408758218597,1.8992680808832763,1.767770748046149,True,10.0,True,12.0,False,,2015_2016,MACD_PASS,,,,
BDX,MACD_FAIL,2016-12-06,2016-12-07,161.64,GREEN,2016-12-05,159.51,1.335339477148767,False,,5.153427369463004,-1.3548626577579825,5.153427369463004,-1.3548626577579825,2.5921801534273925,1.5095273447166768,1.6208859193268976,2.6787923781242284,True,2.0,True,3.0,True,4.0,2015_2016,MACD_FAIL,,,,
JNJ,MACD_PASS,2016-12-07,2016-12-08,108.4,GREEN,2016-11-21,107.2,1.1194029850746245,False,,6.11623616236161,-0.5535055350553542,6.11623616236161,-0.5535055350553542,4.843173431734327,4.428044280442811,4.225092250922513,5.193726937269361,True,2.0,True,2.0,True,4.0,2015_2016,MACD_PASS,,,,
SWK,MACD_FAIL,2016-12-07,2016-12-08,118.86,GREEN,2016-12-01,116.45,2.0695577501073315,True,6.0,0.9759380784115645,-5.12367491166078,0.9759380784115645,-3.070839643277812,-1.9013966010432481,-3.8532727578663994,-4.787144539794719,-2.3136463065791646,False,,False,,False,,2015_2016,MACD_FAIL,,,,
AFL,MACD_PASS,2016-12-08,2016-12-09,67.593,GREEN,2016-12-02,66.974,0.9242392570251168,False,,2.936694628141967,-1.8611394671046,2.936694628141967,-1.8611394671046,0.9172547453138558,1.992809906351245,1.439498172887732,0.9453641649283195,True,3.0,False,,False,,2015_2016,MACD_PASS,,,,
MHFI,MACD_PASS,2016-12-13,2016-12-14,115.31,GREEN,2016-11-23,111.6,3.324372759856642,True,4.0,0.6417483305870997,-7.848408637585635,0.6417483305870997,-3.91986818142398,-3.980574104587631,-6.63429017431273,-1.4916312548781563,-3.356170323475849,False,,False,,False,,2015_2016,MACD_PASS,,,,
NUE,MACD_PASS,2016-12-21,2016-12-22,60.305,GREEN,2016-12-20,58.991,2.2274584258615615,True,5.0,1.7709974297321907,-4.0494154713539565,1.6880855650443616,-3.449133571014007,-3.236879197413145,-3.041207196749862,-2.2303291601028064,-0.9617776303789016,False,,False,,False,,2015_2016,MACD_PASS,,,,
HRL,MACD_FAIL,2020-01-07,2020-01-08,36.222248005074555,GREEN,2020-01-06,35.91300039800501,0.8611021180138456,False,,8.431252939090106,-0.4718129567835905,8.431252939090106,-0.4718129567835905,2.310708127905481,6.127601393293203,8.137659904306238,5.9017352012103785,True,2.0,True,3.0,True,7.0,COVID_2020,MACD_FAIL,HRL,294.174560546875,284.81135986328127,268.57924507141115
ABT,MACD_FAIL,2020-01-08,2020-01-09,76.20714605509023,GREEN,2020-01-07,75.5360128441674,0.8884943560727665,True,1.0,7.581264482799099,-2.2400925620956746,0.7995271386676883,-1.30939472747722,2.728794058647366,5.195750703446667,1.4021847816051425,2.2516412041223566,False,,False,,False,,COVID_2020,MACD_FAIL,ABT,295.7424011230469,285.2548223876953,268.80434173583984
CAH,MACD_PASS,2020-01-08,2020-01-09,42.59545907956449,GREEN,2019-12-17,41.5178531109671,2.595524305452912,False,,20.478106198186996,-1.0557820437035126,20.478106198186996,-1.0557820437035126,8.406384271499379,7.211164151628524,2.0119566301902925,16.015958338439184,True,3.0,True,3.0,True,4.0,COVID_2020,MACD_PASS,CAH,295.7424011230469,285.2548223876953,268.80434173583984
APD,MACD_PASS,2020-01-09,2020-01-10,200.21758467575597,GREEN,2020-01-06,192.0295689251982,4.263934870232022,False,,7.462706060314672,-1.3859275053304865,7.462706060314672,-1.3859275053304865,1.066088488945094,-0.43921660347608915,3.629012199420112,7.339041523540257,True,9.0,True,9.0,True,16.0,COVID_2020,MACD_PASS,APD,297.747802734375,285.7075531005859,269.0301210021973
LIN,MACD_PASS,2020-01-09,2020-01-10,192.13048146136282,GREEN,2020-01-06,186.15886570022883,3.207806267336233,True,14.0,3.1697694296616286,-3.6869921596944466,1.7462141145383692,-3.6869921596944466,1.5943720219994573,-2.7806794696648707,-0.616896000204159,2.2302393435180035,False,,False,,False,,COVID_2020,MACD_PASS,LIN,297.747802734375,285.7075531005859,269.0301210021973
SHW,MACD_PASS,2020-01-09,2020-01-10,178.60041727795524,GREEN,2020-01-06,175.93958947061356,1.5123530840033705,True,14.0,5.65290504910827,-2.932118440578113,5.65290504910827,-2.932118440578113,4.687889340797535,2.891602575024299,1.2432898345027477,0.7801448051208748,True,3.0,True,3.0,True,6.0,COVID_2020,MACD_PASS,SHW,297.747802734375,285.7075531005859,269.0301210021973
ADM,MACD_FAIL,2020-01-10,2020-01-13,36.539752194542366,GREEN,2020-01-08,35.70176675326602,2.3471819954111517,False,,5.608560505254956,-1.5213029971756442,5.608560505254956,-1.5213029971756442,2.45233455137972,-0.27245724887657863,3.02001212459162,4.723003084806066,True,3.0,True,3.0,True,17.0,COVID_2020,MACD_FAIL,ADM,296.89093017578125,286.1447784423828,269.2582197570801
LEG,MACD_PASS,2020-01-10,2020-01-13,38.087230594963025,GREEN,2020-01-09,37.749085854415874,0.8957693488294005,True,13.0,4.439040989272014,-9.80629337922031,4.439040989272014,-4.1566033579294,3.188063062006674,1.31153422589656,-4.096064627058038,-8.2324626494791,True,0.0,True,2.0,False,,COVID_2020,MACD_PASS,LEG,296.89093017578125,286.1447784423828,269.2582197570801
PG,MACD_PASS,2020-01-10,2020-01-13,104.45630842744478,GREEN,2020-01-06,102.66200179359947,1.747780680774902,False,,3.912109976555622,-0.15322777532763565,3.912109976555622,-0.15322777532763565,1.685462943693783,2.240939890587468,1.9408003258330586,0.7239251323579277,True,3.0,True,10.0,False,,COVID_2020,MACD_PASS,PG,296.89093017578125,286.1447784423828,269.2582197570801
AMCR,MACD_PASS,2020-01-13,2020-01-14,40.26017276605638,GREEN,2020-01-06,39.08717346191406,3.0009826760312164,False,,4.32330190280259,-2.8195575676670193,4.32330190280259,-2.8195575676670193,0.845874414210912,1.9736877583526047,3.571419381255825,-1.5977574860330468,True,3.0,True,9.0,False,,COVID_2020,MACD_PASS,AMCR,298.9327392578125,286.60596923828126,269.4917653656006
CB,MACD_FAIL,2020-01-13,2020-01-14,135.80895953381156,GREEN,2020-01-09,135.04136014239427,0.5684179947594625,False,,11.544114727401977,-0.8577923556253753,11.544114727401977,-0.8577923556253753,2.2941955332484776,0.33914329110431574,9.94152416454057,8.983912932520077,True,3.0,True,14.0,True,15.0,COVID_2020,MACD_FAIL,CB,298.9327392578125,286.60596923828126,269.4917653656006
PEP,MACD_PASS,2020-01-13,2020-01-14,111.2392033488025,GREEN,2020-01-07,109.4176197696202,1.6647991274327367,False,,7.754456964313539,-0.3524715474774953,7.754456964313539,-0.3524715474774953,5.287132410084938,4.0754875437931215,5.962699421268702,7.269801563313383,True,1.0,True,3.0,True,5.0,COVID_2020,MACD_PASS,PEP,298.9327392578125,286.60596923828126,269.4917653656006
ED,MACD_PASS,2020-01-14,2020-01-15,69.69951376401647,GREEN,2020-01-08,68.615165237557,1.580333622611385,False,,7.994556331920433,-0.12491552736912936,7.994556331920433,-0.12491552736912936,5.348629623996914,7.585743519229293,6.143548024905399,6.336615742992779,True,2.0,True,3.0,True,5.0,COVID_2020,MACD_PASS,ED,298.47705078125,287.0727429199219,269.71508056640624
PPG,MACD_PASS,2020-01-14,2020-01-15,113.26779393312961,GREEN,2020-01-06,111.30301787358997,1.7652495835926985,True,1.0,1.6729612648407333,-7.9870347535400015,1.6729612648407333,-3.338200054960694,-2.6597736879939715,-5.088274710372276,-4.1245759166852025,-7.131290826704639,False,,False,,False,,COVID_2020,MACD_PASS,PPG,298.47705078125,287.0727429199219,269.71508056640624
TGT,MACD_PASS,2020-01-14,2020-01-15,97.54788052032376,GREEN,2020-01-06,101.84037599498068,-4.214925006628489,True,0.0,1.6256734163226705,-6.060094774594815,1.6256734163226705,-1.6426932847625308,-1.6682246374836285,-2.400193155489372,-2.000155482294541,0.672404016259831,False,,False,,False,,COVID_2020,MACD_PASS,TGT,298.47705078125,287.0727429199219,269.71508056640624
AFL,MACD_FAIL,2020-01-15,2020-01-16,45.04184747761644,GREEN,2020-01-08,44.61328544880271,0.9606152618047759,True,6.0,1.7316501817379981,-1.9600200336131857,1.7316501817379981,-1.7126500724798932,-0.3044608698225315,-1.8648739902087597,0.7231276385369911,0.49477181360295663,False,,False,,False,,COVID_2020,MACD_FAIL,AFL,299.15155029296875,287.50202697753906,269.9267185974121
GPC,MACD_PASS,2020-01-15,2020-01-16,82.43780197156933,GREEN,2020-01-07,80.84357136773642,1.971994280882483,True,6.0,3.0460778278662115,-6.34269425991868,3.0460778278662115,-4.128277453722207,-1.733471493752048,-6.242495398872483,-4.42885556236865,-3.336668065034043,True,1.0,True,1.0,False,,COVID_2020,MACD_PASS,GPC,299.15155029296875,287.50202697753906,269.9267185974121
NUE,MACD_PASS,2020-01-15,2020-01-16,47.600269750198805,GREEN,2019-12-31,46.573948462461956,2.2036381316564713,True,2.0,0.37174893278195675,-13.011161661357939,0.37174893278195675,-3.215608077119614,-6.449816026704935,-11.728597847002986,-10.929351172573254,-12.36059984476574,False,,False,,False,,COVID_2020,MACD_PASS,NUE,299.15155029296875,287.50202697753906,269.9267185974121
VFC,MACD_FAIL,2020-01-15,2020-01-16,78.53525109194824,GREEN,2020-01-10,77.32136820448635,1.5699190478001057,True,1.0,0.23858477582838766,-14.688813047275229,0.23858477582838766,-3.0601564864771724,-12.31329368902182,-13.931524528245976,-13.941909447935553,-13.215751953196387,False,,False,,False,,COVID_2020,MACD_FAIL,VFC,299.15155029296875,287.50202697753906,269.9267185974121
CAT,MACD_FAIL,2020-01-16,2020-01-17,130.0610291555041,GREEN,2020-01-15,127.39158749435084,2.0954614929118653,True,2.0,0.7200580872563256,-12.166299380000101,0.7200580872563256,-3.185922271001196,-7.798382123723724,-11.847026792715265,-8.756225493804038,-7.22097304371665,False,,False,,False,,COVID_2020,MACD_FAIL,CAT,301.6399841308594,287.9587683105469,270.1501695251465
WMT,MACD_FAIL,2020-01-16,2020-01-17,35.40817224435007,GREEN,2020-01-02,34.94136672211142,1.3359681261215561,True,4.0,3.360626224529173,-2.9038947266036175,0.4136468648037628,-1.637197141928881,-0.16370221393908757,-1.5337889761595558,-0.6892978857983678,3.08488325964118,False,,False,,False,,COVID_2020,MACD_FAIL,WMT,301.6399841308594,287.9587683105469,270.1501695251465
T,MACD_FAIL,2020-01-17,2020-01-21,18.621266203025943,GREEN,2020-01-15,18.33963343949645,1.5356509957443754,True,6.0,2.059940813307226,-5.29336819430376,2.059940813307226,-3.4419709692800837,0.5997249431548779,-1.8774677054106292,-0.46937267555300366,0.23465947509866414,True,1.0,False,,False,,COVID_2020,MACD_FAIL,T,302.5788879394531,288.44045288085937,270.3762934875488
SYY,MACD_PASS,2020-01-21,2020-01-22,70.10167635177088,GREEN,2020-01-15,68.95313174870242,1.665688814910249,True,5.0,0.597943056179151,-11.03800765670595,0.597943056179151,-2.343954481929167,-2.0688978180445905,-9.471399325834417,-7.36668363886549,-8.263578600642585,False,,False,,False,,COVID_2020,MACD_PASS,SYY,301.9864196777344,288.9090197753906,270.5960401916504
GWW,MACD_FAIL,2020-01-27,2020-01-28,299.9205599904953,GREEN,2020-01-24,295.78147923755824,1.3993711721256075,True,2.0,1.6849786589136606,-12.259136852398388,1.6849786589136606,-5.452388830443667,-5.079652279671565,-6.886557750250544,-4.946122861832702,-11.844433909816765,False,,False,,False,,COVID_2020,MACD_FAIL,GWW,294.8765869140625,290.49324096679686,271.41099700927737
ABBV,MACD_PASS,2020-02-04,2020-02-05,65.66604750577565,GREEN,2020-01-24,62.07625617323613,5.782873442820868,False,,15.048145360585385,-4.0912689567327405,15.048145360585385,-4.0912689567327405,14.96585090917415,10.78058508397306,0.4231893250226104,6.524806722737164,True,0.0,True,1.0,True,2.0,COVID_2020,MACD_PASS,ABBV,299.9445495605469,292.3174652099609,272.51810546875
LOW,MACD_FAIL,2020-02-04,2020-02-05,106.8375206224803,GREEN,2020-02-03,103.46894059042154,3.2556436867302807,True,14.0,5.152685693182368,-14.595074770125581,5.152685693182368,-7.102547552232319,3.7421284559267853,5.019924592054981,-10.703626975830316,-10.786599638001903,True,4.0,True,5.0,True,10.0,COVID_2020,MACD_FAIL,LOW,299.9445495605469,292.3174652099609,272.51810546875
ROST,MACD_PASS,2020-02-04,2020-02-05,109.9264567553084,GREEN,2020-01-28,104.67754773702725,5.014359938453605,True,16.0,6.056219792512363,-13.983081081066828,6.056219792512363,-8.806684182185787,2.5540484109182637,5.757248117670977,-4.381983943790935,-13.137428401667428,True,1.0,True,5.0,True,8.0,COVID_2020,MACD_PASS,ROST,299.9445495605469,292.3174652099609,272.51810546875
DOV,MACD_PASS,2020-02-05,2020-02-06,109.48965568874777,GREEN,2020-02-04,105.67653983370575,3.6082898446925027,True,11.0,0.6781102646671311,-16.398642097065107,0.6781102646671311,-4.39513511482107,0.092075978291839,-0.008355850347296911,-13.598204462976549,-14.649418344090858,False,,False,,False,,COVID_2020,MACD_PASS,DOV,303.4082336425781,292.7569610595703,272.7310794067383
EMR,MACD_PASS,2020-02-05,2020-02-06,66.2710303060913,GREEN,2020-01-28,61.57507677284592,7.626386809989749,True,11.0,0.0,-19.57631237708449,0.0,-9.355812067928404,-3.917178838317892,-5.296544326128883,-15.779758873213135,-18.3677262307665,False,,False,,False,,COVID_2020,MACD_PASS,EMR,303.4082336425781,292.7569610595703,272.7310794067383
PNR,MACD_PASS,2020-02-05,2020-02-06,40.929178472310475,GREEN,2020-01-29,39.09202521490811,4.699560197515029,True,12.0,0.04466444597257535,-16.9718611212747,0.04466444597257535,-5.381867883156655,-0.3126433307444998,-0.49128435218522837,-12.036618604673667,-14.515410735958334,False,,False,,False,,COVID_2020,MACD_PASS,PNR,303.4082336425781,292.7569610595703,272.7310794067383
EXPD,MACD_PASS,2020-02-07,2020-02-10,67.81971062298202,GREEN,2020-01-22,67.11469505549083,1.050463787264877,True,10.0,4.9514263997829655,-9.72507062467477,4.9514263997829655,-1.8328592327812476,1.805491086433575,-1.053226668445384,-3.9529376882859513,-4.322270806275674,True,4.0,True,5.0,False,,COVID_2020,MACD_PASS,EXPD,302.8067321777344,293.5755895996094,273.13859497070314
MMM,MACD_PASS,2020-02-07,2020-02-10,106.38412873176016,GREEN,2020-01-28,103.84088270346406,2.4491760490507275,True,9.0,3.0147965194369686,-9.5874541423561,3.0147965194369686,-4.126820817644727,0.0678893581096851,-7.509014513772938,-8.523029125925795,-3.4465948973539273,True,2.0,True,2.0,False,,COVID_2020,MACD_PASS,MMM,302.8067321777344,293.5755895996094,273.13859497070314
BDX,MACD_FAIL,2020-02-11,2020-02-12,176.88358967196322,GREEN,2020-02-10,169.842971383288,4.145369238027841,True,8.0,1.9590472512506674,-13.821854074075246,1.9590472512506674,-5.300654169896124,-1.2852554385395565,-5.479827643601121,-4.915096552475551,-13.810130981814561,False,,False,,False,,COVID_2020,MACD_FAIL,BDX,305.5959167480469,294.3678851318359,273.5616735839844
MKC,MACD_PASS,2020-02-11,2020-02-12,71.24976709232753,GREEN,2020-02-03,70.04488403454883,1.720158544604633,True,8.0,3.4679188596318467,-19.680165674527917,3.4679188596318467,-3.155426011386453,0.37988113824487524,-7.9345691835102645,-5.924867661324107,-19.625024236193877,True,1.0,True,2.0,False,,COVID_2020,MACD_PASS,MKC,305.5959167480469,294.3678851318359,273.5616735839844
NUE,MACD_FAIL,2020-02-20,2020-02-21,42.03510347057345,GREEN,2020-02-10,41.40692170175798,1.5170936234769838,True,2.0,2.399501672533244,-42.05429995229846,2.399501672533244,-5.451483837865667,-12.965665929184645,-16.628056690685845,-24.56324272395687,-35.529360944296094,True,0.0,False,,False,,COVID_2020,MACD_FAIL,NUE,307.13641357421875,297.2741320800781,274.8899269104004
ABT,MACD_FAIL,2020-03-02,2020-03-03,72.34508916910171,GREEN,2020-02-25,65.6408969766805,10.213437812714442,True,9.0,3.456746222875573,-24.479013598417932,2.3535157218082414,-14.194657818940238,-0.8580147889103107,-2.561873890319688,-14.574614701854326,-3.2728319769377068,True,0.0,False,,False,,COVID_2020,MACD_FAIL,ABT,281.74151611328125,296.8803265380859,275.85561569213866
CAH,MACD_FAIL,2020-03-02,2020-03-03,45.80285630991099,GREEN,2020-02-27,41.99301682754546,9.07255484408649,True,4.0,3.908848744140858,-27.65840189603984,3.908848744140858,-12.72696089807226,-7.910372258861786,-11.522790217021806,-19.340516382604633,-10.298648583359604,True,1.0,True,1.0,False,,COVID_2020,MACD_FAIL,CAH,281.74151611328125,296.8803265380859,275.85561569213866
CAT,MACD_FAIL,2020-03-02,2020-03-03,112.20534621951471,GREEN,2020-02-26,105.16379226463279,6.695796911890217,True,4.0,2.0157461091289353,-31.10237946103618,2.0157461091289353,-18.086599163282624,-16.14961928704569,-21.102376702975768,-20.20472125146451,-8.629937716165703,True,0.0,False,,False,,COVID_2020,MACD_FAIL,CAT,281.74151611328125,296.8803265380859,275.85561569213866
CL,MACD_FAIL,2020-03-02,2020-03-03,62.24511050279928,GREEN,2020-02-28,56.89999104176772,9.393884538765484,True,7.0,4.024802471299749,-19.37974819580608,4.024802471299749,-12.887669154103886,-1.0199815453420302,-3.239163720942506,-15.671953703984409,-8.532050610923791,True,0.0,True,1.0,False,,COVID_2020,MACD_FAIL,CL,281.74151611328125,296.8803265380859,275.85561569213866
CTAS,MACD_FAIL,2020-03-02,2020-03-03,65.05550109554619,GREEN,2020-02-26,59.80444155541491,8.780383870428143,True,4.0,3.3310464495579284,-44.36354143717305,3.3310464495579284,-10.371702281556805,-3.2337411332648225,-24.611560965158375,-37.34454766310936,-37.55363755221478,True,0.0,True,0.0,False,,COVID_2020,MACD_FAIL,CTAS,281.74151611328125,296.8803265380859,275.85561569213866
ECL,MACD_FAIL,2020-03-02,2020-03-03,179.30290108347498,GREEN,2020-02-26,162.33347735903615,10.45343449823799,True,7.0,6.415195904544402,-35.00204968678921,6.415195904544402,-14.151911334957523,-0.7023943991070869,-11.579845738474848,-20.20273471264301,-18.71081862430286,True,0.0,True,1.0,True,1.0,COVID_2020,MACD_FAIL,ECL,281.74151611328125,296.8803265380859,275.85561569213866
GWW,MACD_FAIL,2020-03-02,2020-03-03,267.60816729510367,GREEN,2020-02-26,249.62907955966963,7.202321046549565,True,4.0,2.8233653031707773,-30.418657439322295,2.8233653031707773,-12.722406750683103,-3.014105318108695,-14.526019936355993,-17.21064666809,-13.808051960339752,True,1.0,False,,False,,COVID_2020,MACD_FAIL,GWW,281.74151611328125,296.8803265380859,275.85561569213866
JNJ,MACD_FAIL,2020-03-02,2020-03-03,117.6956436994445,GREEN,2020-02-19,109.97816347696457,7.01728413940681,True,7.0,2.600004593568195,-22.028563977628924,2.600004593568195,-11.07143088187973,1.1714152766633346,-2.435723541750634,-14.871429243728794,-6.335733051115666,True,1.0,False,,False,,COVID_2020,MACD_FAIL,JNJ,281.74151611328125,296.8803265380859,275.85561569213866
KMB,MACD_FAIL,2020-03-02,2020-03-03,111.61856944146741,GREEN,2020-02-20,99.95716846297819,11.6663978760146,True,7.0,5.2519986110975525,-21.31549104863132,5.2519986110975525,-13.408618734020482,0.27189800543043763,2.4406095617298007,-16.53725701293598,-9.078372232436148,True,1.0,True,1.0,True,1.0,COVID_2020,MACD_FAIL,KMB,281.74151611328125,296.8803265380859,275.85561569213866
KO,MACD_FAIL,2020-03-02,2020-03-03,46.59425375625285,GREEN,2020-02-26,42.34199431544926,10.04265271286966,True,7.0,3.9464540951197113,-35.53894982306931,3.9464540951197113,-17.741360441406652,-5.461601348568113,-16.149081424897894,-29.88728749875382,-21.3564496849334,True,1.0,True,1.0,False,,COVID_2020,MACD_FAIL,KO,281.74151611328125,296.8803265380859,275.85561569213866
MCD,MACD_FAIL,2020-03-02,2020-03-03,174.75020365065257,GREEN,2020-02-27,163.3395342665604,6.985858895293906,True,4.0,2.554444444711823,-38.50000163204375,2.554444444711823,-8.861401458390505,-1.0594114382097009,-26.920810888085324,-19.826748349713075,-18.14357708387361,True,1.0,False,,False,,COVID_2020,MACD_FAIL,MCD,281.74151611328125,296.8803265380859,275.85561569213866
PEP,MACD_FAIL,2020-03-02,2020-03-03,112.06424328087788,GREEN,2020-02-26,104.8432335498164,6.887435160639521,True,7.0,4.023605272353681,-25.574175059669845,4.023605272353681,-16.643360322492374,-1.56298286174118,-6.274238132636556,-16.459911137074712,-11.86608799476624,True,1.0,True,1.0,False,,COVID_2020,MACD_FAIL,PEP,281.74151611328125,296.8803265380859,275.85561569213866
PG,MACD_FAIL,2020-03-02,2020-03-03,101.4585286360292,GREEN,2020-02-26,90.39155116858085,12.243375984120863,True,7.0,4.142674282226166,-21.20604979347499,4.142674282226166,-15.643533973045509,0.6848938561862861,-1.2444625708999846,-13.747594283706544,-8.126620640594673,True,1.0,True,1.0,False,,COVID_2020,MACD_FAIL,PG,281.74151611328125,296.8803265380859,275.85561569213866
SHW,MACD_FAIL,2020-03-02,2020-03-03,170.43931234640155,GREEN,2020-02-26,156.9276498977584,8.61012221711488,True,7.0,6.353137972389655,-39.793159507445786,6.353137972389655,-12.859850543225793,1.0175571530210092,-22.2267377437557,-16.003107008743335,-14.985596642722987,True,0.0,True,1.0,True,1.0,COVID_2020,MACD_FAIL,SHW,281.74151611328125,296.8803265380859,275.85561569213866
SPGI,MACD_FAIL,2020-03-02,2020-03-03,260.25200599642943,GREEN,2020-02-25,230.77239142285615,12.774324689280636,True,4.0,2.6946899522804824,-35.803750844787366,2.6946899522804824,-16.52004442493039,-10.578627105283589,-21.450516993358338,-24.555775360701602,-15.450432142239967,True,0.0,False,,False,,COVID_2020,MACD_FAIL,SPGI,281.74151611328125,296.8803265380859,275.85561569213866
SWK,MACD_PASS,2020-03-02,2020-03-03,115.79586459614544,GREEN,2020-02-24,106.76688990720561,8.456717898954613,True,2.0,2.2198652933145047,-50.51257005505549,2.2198652933145047,-10.477216992371618,-7.6776361539331095,-35.72993852257558,-36.18240808344149,-29.30366371597034,True,0.0,False,,False,,COVID_2020,MACD_PASS,SWK,281.74151611328125,296.8803265380859,275.85561569213866
T,MACD_FAIL,2020-03-02,2020-03-03,18.091999414061526,GREEN,2020-02-27,16.02836816759172,12.87486801458886,True,7.0,2.576517211245166,-30.005352782139184,2.576517211245166,-16.639805590192104,-3.784210476068839,-9.447134232390686,-24.61084627303022,-21.765937438977502,True,1.0,False,,False,,COVID_2020,MACD_FAIL,T,281.74151611328125,296.8803265380859,275.85561569213866
TROW,MACD_FAIL,2020-03-02,2020-03-03,94.37271595815693,GREEN,2020-02-26,86.22013237615556,9.45554519266314,True,4.0,3.616210952038257,-33.03795018953628,3.616210952038257,-16.827386615554996,-9.361917079551517,-12.261941347426275,-27.365120793875686,-20.750892073911288,True,1.0,True,1.0,False,,COVID_2020,MACD_FAIL,TROW,281.74151611328125,296.8803265380859,275.85561569213866
WMT,MACD_FAIL,2020-03-02,2020-03-03,35.41733038232093,GREEN,2020-02-26,31.84449358459806,11.219637669009463,True,7.0,10.337717958982173,-12.129553840381945,3.962801804601912,-11.285295801704864,3.1960928531898913,2.7395225376289023,-0.4660771429064958,-1.686096788677327,True,4.0,True,4.0,False,,COVID_2020,MACD_FAIL,WMT,281.74151611328125,296.8803265380859,275.85561569213866
ADM,MACD_PASS,2020-03-03,2020-03-04,32.42032995539773,YELLOW,2020-02-21,29.920021521902758,8.35663982281778,True,3.0,1.5991718456650261,-25.406248469380966,1.5991718456650261,-9.775601166722648,-9.543440901147093,-14.831055219154932,-15.656425171007049,-12.638650289633125,False,,False,,False,,COVID_2020,MACD_PASS,ADM,273.6745910644531,296.55607238769534,275.9314674377441
ADP,MACD_FAIL,2020-03-03,2020-03-04,137.228054221012,YELLOW,2020-02-26,130.39348290345882,5.2414976311457195,True,5.0,3.9136453856225106,-34.5108688321214,3.9136453856225106,-8.035611029256806,-6.571154655182532,-25.30771331756876,-22.13838130949425,-17.609854755803468,True,0.0,True,0.0,False,,COVID_2020,MACD_FAIL,ADP,273.6745910644531,296.55607238769534,275.9314674377441
ALB,MACD_FAIL,2020-03-03,2020-03-04,78.44229816805108,YELLOW,2020-02-27,70.70505305428937,10.942987494572476,True,3.0,2.0221416193633157,-42.205353035599835,2.0221416193633157,-18.187127206458175,-17.622829721547884,-18.858198118083045,-29.048194135540072,-35.17163970205426,True,1.0,False,,False,,COVID_2020,MACD_FAIL,ALB,273.6745910644531,296.55607238769534,275.9314674377441
AMCR,MACD_PASS,2020-03-03,2020-03-04,37.17790951447783,YELLOW,2020-02-14,34.54656581508853,7.616802531034916,True,3.0,0.8238960497728653,-40.26776863095163,0.8238960497728653,-11.328547685152746,-17.7136974148408,-34.19155619804939,-20.59733155171778,-19.052518022067744,False,,False,,False,,COVID_2020,MACD_PASS,AMCR,273.6745910644531,296.55607238769534,275.9314674377441
APD,MACD_PASS,2020-03-03,2020-03-04,197.58788792414487,YELLOW,2020-02-26,182.5523601519785,8.236282324506238,True,3.0,2.6013327802665076,-27.651022158846917,2.6013327802665076,-11.528820249373029,-10.206553349283098,-12.898628214332309,-17.401266292980246,-17.67519996943757,True,0.0,False,,False,,COVID_2020,MACD_PASS,APD,273.6745910644531,296.55607238769534,275.9314674377441
ATO,MACD_PASS,2020-03-03,2020-03-04,92.44537602283924,YELLOW,2020-02-26,87.12681595022964,6.1043893485649425,True,6.0,4.82675464761162,-27.811736141443234,4.82675464761162,-16.147873946226497,-4.71557572575485,-1.9455419635375226,-16.342413739197802,-12.321674390433646,True,0.0,True,0.0,False,,COVID_2020,MACD_PASS,ATO,273.6745910644531,296.55607238769534,275.9314674377441
BF-B,MACD_PASS,2020-03-03,2020-03-04,55.147598668045546,YELLOW,2020-02-26,52.25159786727561,5.542415770951292,True,3.0,3.5222616232532644,-28.264338289907464,3.5222616232532644,-15.050707082606907,-10.52306096450586,-12.353365312951114,-16.367237967041536,-14.15157362142363,True,0.0,True,0.0,False,,COVID_2020,MACD_PASS,BF-B,273.6745910644531,296.55607238769534,275.9314674377441
CB,MACD_FAIL,2020-03-03,2020-03-04,133.56928099840584,YELLOW,2020-02-27,128.45772825234405,3.9791710593080065,True,3.0,2.9547062584973194,-40.93982765820802,2.9547062584973194,-10.77755487851244,-11.230542906529061,-32.51521739876371,-30.648590328670355,-29.03401394715147,True,0.0,False,,False,,COVID_2020,MACD_FAIL,CB,273.6745910644531,296.55607238769534,275.9314674377441
ED,MACD_PASS,2020-03-03,2020-03-04,67.6761628521141,YELLOW,2020-02-25,62.082355525577334,9.010301363697737,True,12.0,11.578803682360794,-26.860041151537096,11.578803682360794,-16.200903887380957,1.992694646854698,8.713593798913145,-16.365990615046854,-8.489552569251469,True,0.0,True,0.0,True,3.0,COVID_2020,MACD_PASS,ED,273.6745910644531,296.55607238769534,275.9314674377441
ESS,MACD_FAIL,2020-03-03,2020-03-04,233.9937049434766,YELLOW,2020-02-28,220.46620047970603,6.135863200044467,True,5.0,2.6924552114448552,-40.45788079772231,2.6924552114448552,-7.024083252330571,-6.004674012455813,-30.14869250734845,-32.00461547799883,-31.53466473653217,True,0.0,False,,False,,COVID_2020,MACD_FAIL,ESS,273.6745910644531,296.55607238769534,275.9314674377441
HRL,MACD_PASS,2020-03-03,2020-03-04,35.86483174679932,YELLOW,2020-02-24,32.83791902890537,9.217736103282093,True,6.0,17.541037756427723,-11.017343077798781,2.760034398405975,-11.017343077798781,-3.5812102767524445,10.104911327657518,-4.333963717194567,5.725333268875388,True,0.0,False,,False,,COVID_2020,MACD_PASS,HRL,273.6745910644531,296.55607238769534,275.9314674377441
ITW,MACD_FAIL,2020-03-03,2020-03-04,147.22692396529496,YELLOW,2020-02-26,139.27638122272504,5.708464473854868,True,3.0,3.4370230517399625,-32.45949040016484,3.4370230517399625,-12.617945302334476,-7.707084762816985,-17.41813937309663,-16.387053585398103,-19.432174749018728,True,0.0,True,0.0,False,,COVID_2020,MACD_FAIL,ITW,273.6745910644531,296.55607238769534,275.9314674377441
LIN,MACD_PASS,2020-03-03,2020-03-04,180.88015376296488,YELLOW,2020-02-26,169.52954472803725,6.695357468892227,True,3.0,3.7046402871113493,-25.70531599991044,3.7046402871113493,-12.736302973437052,-11.92604577184625,-20.23617364248618,-16.291238440944213,-18.534636206650802,True,0.0,True,0.0,False,,COVID_2020,MACD_PASS,LIN,273.6745910644531,296.55607238769534,275.9314674377441
MDT,MACD_PASS,2020-03-03,2020-03-04,84.7954644623071,YELLOW,2020-02-20,79.84249541477722,6.2034246572573615,True,3.0,1.3944419918291429,-29.663570335500587,1.3944419918291429,-10.57045444006034,-9.858587782634798,-27.313493259030032,-15.338864459552337,-17.468155222491777,False,,False,,False,,COVID_2020,MACD_PASS,MDT,273.6745910644531,296.55607238769534,275.9314674377441
O,MACD_FAIL,2020-03-03,2020-03-04,53.409760330431915,YELLOW,2020-02-28,48.718998144643315,9.628199192155096,True,6.0,2.984479633465531,-50.03945277594936,2.984479633465531,-13.147542698536508,-3.286933985873397,-44.12310148849548,-28.34607917885745,-38.63438029876327,True,0.0,False,,False,,COVID_2020,MACD_FAIL,O,273.6745910644531,296.55607238769534,275.9314674377441
PPG,MACD_PASS,2020-03-03,2020-03-04,92.85473404257012,YELLOW,2020-02-18,87.89981537480413,5.63700691137774,True,3.0,1.9644898800633026,-34.104655421987864,1.9644898800633026,-9.83188918933534,-8.415172737092169,-31.12958984037806,-19.049850373684173,-24.546645422914658,False,,False,,False,,COVID_2020,MACD_PASS,PPG,273.6745910644531,296.55607238769534,275.9314674377441
ROP,MACD_PASS,2020-03-03,2020-03-04,345.0134924675058,YELLOW,2020-02-26,327.76666681483937,5.261921787308954,True,3.0,2.3170345425375993,-33.162493839064645,2.3170345425375993,-16.450361920703383,-10.022820144122734,-19.998343242833748,-20.58037472915084,-18.218778059361206,True,0.0,False,,False,,COVID_2020,MACD_PASS,ROP,273.6745910644531,296.55607238769534,275.9314674377441
SYY,MACD_PASS,2020-03-03,2020-03-04,57.98770671368052,YELLOW,2020-02-26,54.927779099323345,5.570819837488883,True,3.0,2.1685702467944212,-62.41144992160559,2.1685702467944212,-12.895766531325236,-20.268891277454028,-54.835911698242114,-34.00317342589071,-39.467984485355366,True,0.0,False,,False,,COVID_2020,MACD_PASS,SYY,273.6745910644531,296.55607238769534,275.9314674377441
TGT,MACD_FAIL,2020-03-03,2020-03-04,89.34400962682128,YELLOW,2020-02-26,84.11696278091489,6.214022324510671,True,6.0,2.420534637604921,-15.401883988976694,2.420534637604921,-13.635527212880715,-1.3271000892631002,-3.906546319740667,-14.915898754782065,-10.96261684634694,True,4.0,False,,False,,COVID_2020,MACD_FAIL,TGT,273.6745910644531,296.55607238769534,275.9314674377441
UTX,MACD_PASS,2020-03-03,2020-03-04,72.89575629583078,YELLOW,2020-02-25,68.23269012664117,6.834064669786377,True,3.0,4.016658541912266,-48.661117703980125,4.016658541912266,-16.312103428985058,-20.031231633835677,-40.940202744110664,-28.45135519402596,-32.03657871369746,True,0.0,True,0.0,False,,COVID_2020,MACD_PASS,RTX,273.6745910644531,296.55607238769534,275.9314674377441
GD,MACD_FAIL,2020-03-04,2020-03-05,141.97941282114084,GREEN,2020-02-26,134.05528480831975,5.911089610641973,True,2.0,1.9859036444466849,-38.934756570806606,1.9859036444466849,-10.974142207697668,-19.69511569830562,-28.318941123675323,-19.13031355195057,-22.31262465872139,False,,False,,False,,COVID_2020,MACD_FAIL,GD,285.1778869628906,296.4381219482422,276.073191986084
LEG,MACD_PASS,2020-03-04,2020-03-05,30.11012365983304,GREEN,2020-01-31,29.356972763176696,2.5654923712060684,True,1.0,0.7401758888935905,-43.10888102141659,0.7401758888935905,-5.997975039467319,-23.224110423707955,-32.46925289680331,-21.726293620720938,-37.47919295068676,False,,False,,False,,COVID_2020,MACD_PASS,LEG,285.1778869628906,296.4381219482422,276.073191986084
VFC,MACD_FAIL,2020-03-04,2020-03-05,59.52872669303448,GREEN,2020-02-26,57.02768855624729,4.385655810546085,True,2.0,0.0,-37.894324378736464,0.0,-14.537520828218254,-23.728677669341856,-21.344758085113625,-14.661544916158542,-32.31351292306207,False,,False,,False,,COVID_2020,MACD_FAIL,VFC,285.1778869628906,296.4381219482422,276.073191986084
ABBV,MACD_FAIL,2020-03-19,2020-03-20,56.35575316990702,YELLOW,2020-03-18,49.9404562837911,12.845891614726979,True,1.0,18.63369690112806,-14.315070622167593,0.0,-14.315070622167593,-0.45207541299870924,0.5068490228179456,10.000008022099838,16.77069888061984,False,,False,,False,,COVID_2020,MACD_FAIL,ABBV,219.22955322265625,285.17083618164065,275.5387680053711
LOW,MACD_PASS,2020-03-24,2020-03-25,71.01520859515524,YELLOW,2020-03-09,53.18828093598155,33.51664566980559,False,,24.60366679660271,-2.2344287877786417,24.60366679660271,-2.2344287877786417,0.38697003726031465,17.77558916861588,15.391376807852385,19.151003328745396,True,0.0,True,0.0,True,0.0,COVID_2020,MACD_PASS,LOW,222.93919372558594,280.1060015869141,274.88144973754885
DOV,MACD_PASS,2020-03-25,2020-03-26,75.83552274495374,YELLOW,2020-03-09,57.963175039351626,30.833969487469304,False,,13.04032201443377,-6.7144090461898065,13.04032201443377,-6.7144090461898065,-2.1369666274670296,8.559997539483955,7.442945580559868,10.454098503247767,True,0.0,True,2.0,True,3.0,COVID_2020,MACD_PASS,DOV,226.27662658691406,278.6528793334961,274.7146057891846
PNR,MACD_PASS,2020-03-25,2020-03-26,26.81692838866065,YELLOW,2020-03-09,20.1172694878401,33.30302308109041,False,,16.257695409667416,-8.111796280135708,16.257695409667416,-8.111796280135708,-5.453307243413308,11.929131242359258,8.570170162540691,8.604445203023726,True,0.0,True,0.0,True,0.0,COVID_2020,MACD_PASS,PNR,226.27662658691406,278.6528793334961,274.7146057891846
CLX,MACD_FAIL,2020-03-26,2020-03-27,138.35984739741573,YELLOW,2020-03-25,130.77829239166795,5.797257990677673,False,,16.60313377173881,-1.1381651370726331,16.60313377173881,-1.1381651370726331,4.159591081063163,8.811993939406747,12.895290539256465,11.526651966827872,True,0.0,True,0.0,True,1.0,COVID_2020,MACD_FAIL,CLX,239.48892211914062,277.4731167602539,274.6141379547119
TGT,MACD_PASS,2020-07-13,2020-07-14,99.67221488898622,GREEN,2020-07-09,98.26198339047963,1.435175079768669,False,,13.348483474891172,-1.1116723248880689,13.348483474891172,-1.1116723248880689,1.229573955254737,3.831922731631132,9.861873253342,10.931442067914322,True,1.0,True,1.0,True,8.0,COVID_2020,MACD_PASS,TGT,289.9405517578125,278.63781005859374,275.8789865875244
CAH,MACD_PASS,2020-07-14,2020-07-15,44.544793920892836,GREEN,2020-07-09,41.741838820077675,6.714977538236644,False,,14.527100527031056,-0.5826433132226416,14.527100527031056,-0.5826433132226416,9.069734489139014,12.060601150215033,11.866384247021466,4.52514116624767,True,1.0,True,2.0,True,4.0,COVID_2020,MACD_PASS,CAH,293.6979675292969,279.326083984375,276.00049247741697
MMM,MACD_FAIL,2020-08-05,2020-08-06,105.51598285143335,GREEN,2020-08-03,101.03630665395326,4.43372916710314,False,,10.287430284853883,-0.8016419762420401,10.287430284853883,-0.8016419762420401,6.368235274488487,4.514847987403048,6.184485099412518,7.6276466680492705,True,2.0,True,2.0,True,3.0,COVID_2020,MACD_FAIL,MMM,305.84478759765625,289.93900634765623,278.5564670562744
ECL,MACD_PASS,2020-08-06,2020-08-07,181.8746259874175,GREEN,2020-07-30,171.59962118206212,5.987778256488041,False,,8.077290718185193,-0.9484439413172785,8.077290718185193,-0.9484439413172785,0.3659894574653322,0.43814952048348843,3.350501474405454,5.546378922841089,True,2.0,True,2.0,True,18.0,COVID_2020,MACD_PASS,ECL,307.88922119140625,290.5307824707031,278.73536903381347
AOS,MACD_PASS,2020-08-07,2020-08-10,43.84043821765466,GREEN,2020-08-03,42.40979929981702,3.373368753112249,True,20.0,3.22256244379715,-3.691596847964407,3.22256244379715,-3.691596847964407,1.3869571911018896,1.3869571911018896,-0.12233044631622114,-3.610020041270745,True,1.0,True,2.0,False,,COVID_2020,MACD_PASS,AOS,308.1102600097656,291.13725036621094,278.9198204803467
ABBV,MACD_PASS,2020-08-12,2020-08-13,75.4529782022322,GREEN,2020-07-31,72.78822846922458,3.6609624784786465,True,17.0,2.3964429116039465,-6.411624778672698,2.3964429116039465,-5.980677820796664,0.0630473644745333,-0.8829501046340393,-3.437063390726458,-5.71791458416242,True,2.0,False,,False,,COVID_2020,MACD_PASS,ABBV,310.7532653808594,292.8295568847656,279.46098472595213
CAH,MACD_FAIL,2020-08-12,2020-08-13,46.214464126214544,GREEN,2020-08-10,45.28879587198778,2.0439233068665352,True,3.0,0.6739206182338364,-10.408071753013049,0.6739206182338364,-2.8079293797400595,-6.102566854116476,-5.147862068977183,-6.364642030089129,-9.434652548954626,False,,False,,False,,COVID_2020,MACD_FAIL,CAH,310.7532653808594,292.8295568847656,279.46098472595213
CLX,MACD_PASS,2020-08-18,2020-08-19,187.56359061385717,GREEN,2020-08-13,182.4045176892607,2.8283690502585612,True,4.0,0.4154330232020609,-10.50376199285421,0.4154330232020609,-4.351077956554217,-3.6688930199366476,-2.1602494028922115,-5.995301284337029,-9.546090849371236,False,,False,,False,,COVID_2020,MACD_PASS,CLX,311.8583984375,294.48143981933595,280.17240547180177
BDX,MACD_PASS,2020-08-19,2020-08-20,180.4851413108503,GREEN,2020-08-10,176.79597373380463,2.086680764913984,True,2.0,0.6570115810578425,-13.563136408987663,0.6570115810578425,-2.2591928126971306,-5.263753691516893,-9.68609790022329,-9.102699183631223,-10.598487974921367,False,,False,,False,,COVID_2020,MACD_PASS,BDX,310.5599670410156,294.8101232910156,280.3367685699463
TROW,MACD_PASS,2020-08-26,2020-08-27,104.86963800480775,GREEN,2020-08-21,103.5191359508282,1.3045916985059192,True,6.0,4.246103465121909,-9.885562436366902,4.246103465121909,-3.546976133670632,-0.5960594547626874,-7.469282273391764,-5.149325764564838,-7.187604084088406,True,0.0,True,4.0,False,,COVID_2020,MACD_PASS,TROW,320.0821228027344,298.0389227294922,281.2433959197998
KMB,MACD_FAIL,2020-08-28,2020-08-31,125.08930685194626,GREEN,2020-08-27,123.6737767656426,1.1445676871225885,True,1.0,0.9525671337463848,-7.074739267946528,0.9525671337463848,-1.5919162402677878,-4.107243951493389,-5.710066092652388,-5.401070547413922,-5.800193351189142,False,,False,,False,,COVID_2020,MACD_FAIL,KMB,322.8540344238281,299.4792596435547,281.6617101287842
ROP,MACD_PASS,2020-09-02,2020-09-03,427.8470252409049,GREEN,2020-08-21,409.91327128970624,4.375011790853667,True,1.0,0.11261768269459349,-14.394795994164733,0.11261768269459349,-6.121879860586866,-9.995928517951846,-11.849606990686212,-10.329281078453779,-10.86985646098848,False,,False,,False,,COVID_2020,MACD_PASS,ROP,329.4110107421875,301.8423260498047,282.32093574523924
CL,MACD_FAIL,2020-09-09,2020-09-10,66.95235317610505,GREEN,2020-09-08,65.61523143400943,2.0378221837720645,True,7.0,2.243551029715962,-3.5793114719352204,0.8688862192219426,-3.5793114719352204,-0.5187103477927502,-1.750731642646275,-0.0648143627339226,2.1138681331329234,False,,False,,False,,COVID_2020,MACD_FAIL,CL,312.9173889160156,304.5131597900391,282.9411705780029
DOV,MACD_FAIL,2020-09-09,2020-09-10,103.66553364987143,GREEN,2020-09-08,99.97514778755573,3.6913032328370843,True,7.0,4.34900586266409,-5.48780853263554,4.34900586266409,-5.003604609328926,3.461269712276338,-3.92752148195763,-3.92752148195763,1.264348053419595,True,2.0,True,4.0,False,,COVID_2020,MACD_FAIL,DOV,312.9173889160156,304.5131597900391,282.9411705780029
ITW,MACD_FAIL,2020-09-09,2020-09-10,170.07133327601244,GREEN,2020-09-08,164.8185602640475,3.1870033347880966,False,,3.896484797132471,-3.230491634538002,3.896484797132471,-3.230491634538002,2.751074331090675,-1.6465752264708478,-1.8108703724723396,3.373775543860069,True,3.0,True,5.0,False,,COVID_2020,MACD_FAIL,ITW,312.9173889160156,304.5131597900391,282.9411705780029
SPGI,MACD_FAIL,2020-09-09,2020-09-10,316.96988952494684,GREEN,2020-09-08,302.06708418778544,4.933607836561493,False,,4.710145912899,-2.6992477678238425,4.710145912899,-2.6992477678238425,0.042638743750056385,-1.6241066567690199,3.4558101343045156,1.5984802401321607,True,3.0,True,14.0,False,,COVID_2020,MACD_FAIL,SPGI,312.9173889160156,304.5131597900391,282.9411705780029
AOS,MACD_PASS,2020-09-10,2020-09-11,43.45596074640727,GREEN,2020-09-08,42.222025982277934,2.9224906560553654,False,,18.580242640859424,0.0,18.580242640859424,0.0,9.547352690104717,7.325106936931847,10.144058049224626,17.67488787255298,True,1.0,True,1.0,True,3.0,COVID_2020,MACD_PASS,AOS,307.4840087890625,304.9833776855469,283.0682941436768
CTAS,MACD_FAIL,2020-09-11,2020-09-14,76.06654621785881,GREEN,2020-09-10,73.83618466110306,3.0206890659271846,False,,8.315312668019814,-5.145842792034639,8.315312668019814,-5.145842792034639,-2.389475446543754,3.594981619203663,3.718319235035583,7.603098072476699,True,1.0,True,7.0,True,13.0,COVID_2020,MACD_FAIL,CTAS,307.640625,305.4169451904297,283.18527076721193
MKC,MACD_FAIL,2020-09-11,2020-09-14,87.97898755764368,GREEN,2020-09-10,86.58893256985779,1.6053494904379573,True,3.0,1.580032807600018,-8.389977292492512,1.580032807600018,-4.4449791459808985,-4.799990703894719,-2.4099803530686192,-2.145948927223018,0.7733990353560038,False,,False,,False,,COVID_2020,MACD_FAIL,MKC,307.640625,305.4169451904297,283.18527076721193
PNR,MACD_FAIL,2020-09-11,2020-09-14,41.31799597805572,GREEN,2020-09-08,39.90471295761144,3.5416443715446277,False,,12.944344738694301,-1.5202332039679245,12.944344738694301,-1.5202332039679245,-0.20118368629334915,2.503911305808093,3.2640441434226064,12.340721925848918,True,1.0,True,2.0,True,4.0,COVID_2020,MACD_FAIL,PNR,307.640625,305.4169451904297,283.18527076721193
SWK,MACD_FAIL,2020-09-11,2020-09-14,133.59620005679798,GREEN,2020-09-10,129.49599622805022,3.1662784550705814,True,5.0,11.06986315927918,-5.828834489464163,3.551763365738214,-5.828834489464163,-4.442787523701586,1.5222038208363209,4.76456029296719,10.123140289917787,True,2.0,True,2.0,False,,COVID_2020,MACD_FAIL,SWK,307.640625,305.4169451904297,283.18527076721193
TGT,MACD_FAIL,2020-09-11,2020-09-14,125.31155026978898,GREEN,2020-09-10,122.57845304290502,2.2296718216270106,False,,11.403624920390044,-1.4136157468929267,11.403624920390044,-1.4136157468929267,0.8819113158766934,5.324841652965295,8.710933400585287,10.78430576189946,True,6.0,True,6.0,True,10.0,COVID_2020,MACD_FAIL,TGT,307.640625,305.4169451904297,283.18527076721193
EMR,MACD_PASS,2020-09-15,2020-09-16,61.0186201601187,GREEN,2020-09-10,59.487160692873076,2.574436986751505,True,3.0,3.2931773005794973,-8.37082843454624,1.0010155124882125,-6.934582414195544,-7.311788233357963,-4.874527913008231,-0.07257068171708791,0.652819596309917,False,,False,,False,,COVID_2020,MACD_PASS,EMR,313.2673645019531,306.32588745117187,283.454828414917
JNJ,MACD_PASS,2020-09-15,2020-09-16,127.30195658110024,GREEN,2020-09-08,124.85627789138641,1.9587951291014427,True,3.0,2.510171913177417,-4.304151030770242,0.4484893042925764,-4.304151030770242,-3.3135099053063333,-0.34144193950380597,-1.0107806690191623,-0.8635290252367755,False,,False,,False,,COVID_2020,MACD_PASS,JNJ,313.2673645019531,306.32588745117187,283.454828414917
PEP,MACD_FAIL,2020-09-15,2020-09-16,113.75456955375724,GREEN,2020-09-10,111.75128642438344,1.7926264595882868,True,1.0,5.745541229450968,-5.077769367197382,0.23481606037949465,-3.3680430635258496,-3.874362386666963,1.7024037325590546,0.5356663370792214,4.578828145064162,False,,False,,False,,COVID_2020,MACD_FAIL,PEP,313.2673645019531,306.32588745117187,283.454828414917
BEN,MACD_PASS,2020-09-16,2020-09-17,15.535843563069996,GREEN,2020-09-09,14.974846985680065,3.7462591632915654,True,3.0,15.77840454273387,-7.992303410657586,3.033217930772847,-5.825738626621391,-7.221962387902181,-2.4689873633623516,8.899064914090982,15.241775048687622,True,1.0,True,1.0,False,,COVID_2020,MACD_PASS,BEN,312.024169921875,306.787080078125,283.58945930480957
BDX,MACD_PASS,2020-09-18,2020-09-21,161.00154555778795,GREEN,2020-09-04,156.00569539690554,3.2023511373556524,True,1.0,4.045176077269841,-5.138495836483347,0.0,-3.733957299307622,-2.761570640130462,2.9171843489013805,3.012242848971458,2.5887539140630578,False,,False,,False,,COVID_2020,MACD_PASS,BDX,305.7191467285156,307.4732275390625,283.8471715545654
CAH,MACD_PASS,2020-09-18,2020-09-21,40.68638659803487,GREEN,2020-09-10,39.7001584754957,2.4841919035358817,True,2.0,6.031994069473279,-5.060586378803789,1.063131671763573,-3.8060970727069265,1.1056560626875322,1.3051649154081968,3.8189539576327425,2.9165652627244576,False,,False,,False,,COVID_2020,MACD_PASS,CAH,305.7191467285156,307.4732275390625,283.8471715545654
CLX,MACD_PASS,2020-09-22,2020-09-23,174.90786708755417,GREEN,2020-09-17,167.82134713588482,4.222657053236145,False,,4.740912813147857,-2.686979447761728,4.740912813147857,-2.686979447761728,-1.4443113952435138,0.881602730204567,2.663520564683064,-0.8909630824653125,True,13.0,True,14.0,False,,COVID_2020,MACD_PASS,CLX,305.3955383300781,307.97919677734376,284.0580640411377
GWW,MACD_PASS,2020-09-25,2020-09-28,329.31987348830353,GREEN,2020-09-21,316.04103245433123,4.201619305838444,False,,11.698252741681703,-0.6658646181257777,11.698252741681703,-0.6658646181257777,5.617206530382046,10.597007756450072,6.635957666058956,2.8057647620679083,True,2.0,True,4.0,True,5.0,COVID_2020,MACD_PASS,GWW,303.9439697265625,308.2962176513672,284.2913698577881
HRL,MACD_PASS,2020-09-25,2020-09-28,40.476689329586904,GREEN,2020-09-10,39.16299850502655,3.3544183916145887,False,,4.306990271137057,-1.2247401236087585,4.306990271137057,-1.2247401236087585,1.0410296322655332,2.265781437230796,0.5253153964184909,1.4071216169054157,True,10.0,True,11.0,False,,COVID_2020,MACD_PASS,HRL,303.9439697265625,308.2962176513672,284.2913698577881
ABT,MACD_PASS,2020-09-28,2020-09-29,94.7720206602828,GREEN,2020-09-24,89.70307011328792,5.650810547056184,False,,5.244764521604073,-1.0282086079806185,5.244764521604073,-1.0282086079806185,0.22637902458226833,2.2261764330174127,2.5574527022877103,2.765672689764953,True,1.0,True,1.0,True,9.0,COVID_2020,MACD_PASS,ABT,308.9923095703125,308.5505340576172,284.4103426361084
ALB,MACD_FAIL,2020-09-28,2020-09-29,79.44975461874928,GREEN,2020-09-25,77.1958098451611,2.919776057935186,False,,16.69218420200489,-0.4472988500752617,16.69218420200489,-0.4472988500752617,10.347274776096803,11.99532511247028,10.135398777554983,12.042388395141291,True,0.0,True,0.0,True,1.0,COVID_2020,MACD_FAIL,ALB,308.9923095703125,308.5505340576172,284.4103426361084
AMCR,MACD_PASS,2020-09-28,2020-09-29,42.34309151053025,GREEN,2020-09-25,40.895133405114514,3.5406611614932304,False,,7.1164557828008235,-3.142333868309899,7.1164557828008235,-3.142333868309899,1.7559985644516551,5.452867632111613,3.4196040593294397,-2.3105465991512197,True,1.0,True,2.0,True,6.0,COVID_2020,MACD_PASS,AMCR,308.9923095703125,308.5505340576172,284.4103426361084
APD,MACD_PASS,2020-09-28,2020-09-29,254.62974221589678,GREEN,2020-09-25,246.30722492214716,3.3789172430407577,True,20.0,4.614434594441508,-3.4936761721535037,4.614434594441508,-3.4936761721535037,0.993426580847312,2.664122752648712,0.4103344647309104,-3.3368427225336728,True,1.0,True,4.0,False,,COVID_2020,MACD_PASS,APD,308.9923095703125,308.5505340576172,284.4103426361084
CAT,MACD_PASS,2020-09-28,2020-09-29,133.28012656858436,GREEN,2020-09-24,128.21375076617002,3.951507363398288,False,,15.718997402439294,-3.11386473299472,15.718997402439294,-3.11386473299472,2.1297785533480385,9.26737718354289,13.897684841639911,7.079927436850619,True,4.0,True,4.0,True,6.0,COVID_2020,MACD_PASS,CAT,308.9923095703125,308.5505340576172,284.4103426361084
ECL,MACD_FAIL,2020-09-28,2020-09-29,186.9937488036205,GREEN,2020-09-23,180.81076359224897,3.4195891265162315,True,20.0,4.391983341470462,-5.005008374951347,4.391983341470462,-5.005008374951347,-1.291445256739443,1.0301551103150342,2.0150979910233957,-4.638168605614979,True,2.0,True,9.0,False,,COVID_2020,MACD_FAIL,ECL,308.9923095703125,308.5505340576172,284.4103426361084
KMB,MACD_PASS,2020-09-28,2020-09-29,118.84845297871236,GREEN,2020-09-10,116.23956454008949,2.2444065830297344,True,17.0,5.318436619226041,-8.827922653454168,5.318436619226041,-7.832005728295366,1.6260006237216018,4.485106097412839,0.6233240052657241,-8.699217750711508,True,5.0,True,8.0,True,10.0,COVID_2020,MACD_PASS,KMB,308.9923095703125,308.5505340576172,284.4103426361084
LEG,MACD_FAIL,2020-09-28,2020-09-29,33.4668055626518,GREEN,2020-09-24,32.061098040045444,4.384464689420731,False,,9.468402558620003,-3.749402086478304,9.468402558620003,-3.749402086478304,0.37967922400847787,5.315595837353038,5.030816950088313,-0.3085250217641611,True,4.0,True,4.0,True,7.0,COVID_2020,MACD_FAIL,LEG,308.9923095703125,308.5505340576172,284.4103426361084
LIN,MACD_FAIL,2020-09-28,2020-09-29,219.63483125260322,GREEN,2020-09-22,211.0530232096533,4.066185791816412,True,19.0,2.132382504518149,-5.291052069415203,2.132382504518149,-4.828398345206352,-2.388957763342192,-0.7486618629760744,-1.9010804736596332,-5.169076738241019,True,9.0,False,,False,,COVID_2020,MACD_FAIL,LIN,308.9923095703125,308.5505340576172,284.4103426361084
MDT,MACD_PASS,2020-09-28,2020-09-29,88.5373764049003,GREEN,2020-09-23,84.47771434076297,4.805601211890775,False,,7.001514731563763,-3.919349393723792,7.001514731563763,-3.919349393723792,-1.6552674769775622,1.7313568691224468,3.83369908679303,0.08561133913616015,True,7.0,True,7.0,True,13.0,COVID_2020,MACD_PASS,MDT,308.9923095703125,308.5505340576172,284.4103426361084
NUE,MACD_FAIL,2020-09-28,2020-09-29,41.6195271320634,GREEN,2020-09-23,39.845911155719484,4.45118689697559,False,,11.159817547518003,-3.0914193573877147,11.159817547518003,-3.0914193573877147,2.8940946605323203,6.709046077332603,6.358249423675311,5.722428770363419,True,3.0,True,4.0,True,5.0,COVID_2020,MACD_FAIL,NUE,308.9923095703125,308.5505340576172,284.4103426361084
PPG,MACD_PASS,2020-09-28,2020-09-29,108.3001419958097,GREEN,2020-09-23,103.647316170845,4.4890943604321665,False,,13.256977051153495,-1.8003219201397136,13.256977051153495,-1.8003219201397136,1.9230965372492914,9.3044168757066,10.171870147408079,4.247149366973035,True,4.0,True,4.0,True,5.0,COVID_2020,MACD_PASS,PPG,308.9923095703125,308.5505340576172,284.4103426361084
TROW,MACD_PASS,2020-09-28,2020-09-29,99.20525538157077,GREEN,2020-09-21,94.50268446305053,4.976124165402829,False,,16.649708704254973,-1.3476325690506386,16.649708704254973,-1.3476325690506386,4.889142809986424,12.96719769694301,14.972999231362149,11.494187315268256,True,4.0,True,4.0,True,5.0,COVID_2020,MACD_PASS,TROW,308.9923095703125,308.5505340576172,284.4103426361084
WMT,MACD_PASS,2020-09-28,2020-09-29,42.420553164207114,GREEN,2020-09-18,41.64785371798909,1.8553163662411443,False,,6.812388151069437,-0.62659425162227,6.812388151069437,-0.62659425162227,2.4626284513166175,6.5427995408832595,4.845146505086961,4.09469868565695,True,1.0,True,1.0,True,2.0,COVID_2020,MACD_PASS,WMT,308.9923095703125,308.5505340576172,284.4103426361084
ABBV,MACD_PASS,2020-09-29,2020-09-30,68.99736076419725,GREEN,2020-09-10,67.66499541531964,1.9690614633160353,True,15.0,2.068952323027795,-6.5141640439194575,2.068952323027795,-3.811169803648773,0.08043159984756354,0.2782616270352589,-3.426691956864958,-6.222894607089458,True,9.0,False,,False,,COVID_2020,MACD_PASS,ABBV,307.30950927734375,308.72330688476563,284.5086109161377
BF-B,MACD_PASS,2020-09-30,2020-10-01,67.54742396078275,GREEN,2020-09-24,65.53666683082663,3.068140671765618,True,17.0,4.478433060226439,-9.483677327200013,4.478433060226439,-4.899886634848394,2.73972966278635,0.4478421693226764,-0.9747129729507309,-8.2982170961847,True,4.0,True,6.0,False,,COVID_2020,MACD_PASS,BF-B,309.6395263671875,308.9299713134766,284.6176673126221
GPC,MACD_PASS,2020-09-30,2020-10-01,81.10713956184418,GREEN,2020-09-23,78.67450680257603,3.0920216193697003,True,19.0,8.255826635547358,-6.5524020643927035,8.255826635547358,-6.5524020643927035,5.705908530963866,5.841776933184306,1.1390878303819685,-5.622340558405458,True,2.0,True,3.0,True,5.0,COVID_2020,MACD_PASS,GPC,309.6395263671875,308.9299713134766,284.6176673126221
CTAS,MACD_PASS,2022-01-12,2022-01-13,97.26969881648905,GREEN,2022-01-05,93.42930809493059,4.11047753629552,True,3.0,0.3466341421913377,-8.62158254317853,0.3466341421913377,-4.7471609355158595,-6.701581162875003,-5.029870306339768,-6.136147704094686,-7.680032275374982,False,,False,,False,,2022,MACD_PASS,,443.19171142578125,438.34759399414065,411.91082443237303
NUE,MACD_FAIL,2022-01-12,2022-01-13,106.71646836468072,GREEN,2022-01-11,100.55687679656218,6.125480190260957,True,2.0,8.21055409222553,-22.368415170348488,1.9035071657415026,-7.561399957953152,-18.377189759421807,-12.464921095051517,-2.40350282370283,3.868414475194526,False,,False,,False,,2022,MACD_FAIL,,443.19171142578125,438.34759399414065,411.91082443237303
ROP,MACD_PASS,2022-01-12,2022-01-13,452.3665707677415,GREEN,2022-01-07,432.3209474446944,4.636745788407914,True,3.0,0.13740706988596418,-10.356823173702068,0.13740706988596418,-6.286232906693689,-5.977082623842089,-6.507368101047972,-3.82799793216011,-6.000707835230356,False,,False,,False,,2022,MACD_PASS,,443.19171142578125,438.34759399414065,411.91082443237303
SPGI,MACD_PASS,2022-01-12,2022-01-13,407.71216949040104,GREEN,2022-01-05,389.94990711129293,4.555011311757728,True,2.0,0.5001889340131127,-13.584341147971745,0.5001889340131127,-6.071524080756396,-6.899973176029295,-9.202173905233558,-7.467140069810252,-13.268877226025122,False,,False,,False,,2022,MACD_PASS,,443.19171142578125,438.34759399414065,411.91082443237303
PG,MACD_FAIL,2022-01-19,2022-01-20,142.4562194370952,GREEN,2022-01-18,138.08077296685383,3.168758673802974,False,,3.266332875424771,-4.221830055454845,3.266332875424771,-4.221830055454845,-0.618259750169059,2.510635517314408,-1.8423478803623383,-0.18734765211535498,True,0.0,True,1.0,False,,2022,MACD_FAIL,,425.06011962890625,438.0078997802734,413.05892974853515
CB,MACD_FAIL,2022-01-24,2022-01-25,183.1849848050292,GREEN,2022-01-21,177.07538920019812,3.450279359783681,False,,9.002025260279577,-2.552880553026471,9.002025260279577,-2.552880553026471,2.8720097556159008,7.005014941566667,4.817564871687918,3.6646405448510055,True,2.0,True,5.0,True,6.0,2022,MACD_FAIL,,413.8538818359375,436.6819781494141,413.57709701538084
ED,MACD_PASS,2022-01-24,2022-01-25,69.67709399811079,GREEN,2022-01-20,68.623467214094,1.5353738695971675,False,,7.782156021495701,-0.6884684386965434,7.782156021495701,-0.6884684386965434,5.790522028097178,6.245392186180676,0.9855549525873641,4.758857413382711,True,2.0,True,3.0,True,4.0,2022,MACD_PASS,,413.8538818359375,436.6819781494141,413.57709701538084
DOV,MACD_FAIL,2022-01-25,2022-01-26,162.13747086859402,YELLOW,2022-01-21,156.8706079302612,3.3574568287988438,True,6.0,2.1169822304567987,-11.757170692725072,2.1169822304567987,-5.464513006479987,-0.7056880372266594,-2.2628070969905822,-4.968804599962473,-9.395239995767579,True,1.0,False,,False,,2022,MACD_FAIL,,408.8011779785156,436.16115478515627,413.7037187194824
GPC,MACD_FAIL,2022-01-25,2022-01-26,116.74272170894741,YELLOW,2022-01-19,112.45923736870262,3.808921739528781,True,11.0,2.0376218024570347,-13.060154577989291,2.0376218024570347,-4.8195597783996185,1.6842373471315453,-0.6766764880203224,-2.2856805039190187,-9.127821323566742,True,5.0,False,,False,,2022,MACD_FAIL,,408.8011779785156,436.16115478515627,413.7037187194824
GWW,MACD_FAIL,2022-01-25,2022-01-26,466.1045039098276,YELLOW,2022-01-21,454.5219124566142,2.548302102886857,True,11.0,7.641395377699478,-6.740536512000883,7.641395377699478,-3.8309441548570744,2.6652935895300045,0.22535789890973934,-2.396908901686101,-4.1483429932075655,True,4.0,True,4.0,True,6.0,2022,MACD_FAIL,,408.8011779785156,436.16115478515627,413.7037187194824
ITW,MACD_FAIL,2022-01-25,2022-01-26,211.1882277319833,YELLOW,2022-01-21,206.6879242822301,2.1773422251839314,True,7.0,5.057177762060605,-10.977844641106394,5.057177762060605,-4.215053453041917,0.36577838380325023,-3.555797272601313,-6.392753580898458,-8.91923546936344,True,6.0,True,6.0,True,6.0,2022,MACD_FAIL,,408.8011779785156,436.16115478515627,413.7037187194824
JNJ,MACD_FAIL,2022-01-25,2022-01-26,147.38342484372882,YELLOW,2022-01-14,139.2198555493741,5.863796699214019,False,,3.628999267128963,-6.458403696013326,3.628999267128963,-6.458403696013326,3.12165195866414,2.357674215784389,-0.1969695400878324,-5.004701602503625,True,1.0,True,3.0,False,,2022,MACD_FAIL,,408.8011779785156,436.16115478515627,413.7037187194824
LOW,MACD_PASS,2022-01-25,2022-01-26,212.5573724595416,YELLOW,2022-01-19,201.26043921977688,5.613091814546034,True,18.0,3.504454510408439,-11.317523299644883,3.504454510408439,-9.373934159437791,2.816457525079241,0.4729883840066673,-2.386497803522114,-8.234449314854098,True,3.0,True,5.0,False,,2022,MACD_PASS,,408.8011779785156,436.16115478515627,413.7037187194824
O,MACD_PASS,2022-01-25,2022-01-26,54.57357384672232,YELLOW,2022-01-20,51.71039404443697,5.536952203119738,True,19.0,1.2824812311417633,-7.569976656838529,1.2824812311417633,-5.675107529345247,0.9642650378981932,-0.8294269762748718,-2.4494592276965266,-4.908460218631783,False,,False,,False,,2022,MACD_PASS,,408.8011779785156,436.16115478515627,413.7037187194824
ALB,MACD_FAIL,2022-01-26,2022-01-27,201.2120459001088,YELLOW,2022-01-20,186.37854067350293,7.958805328662355,True,15.0,16.5155430427401,-20.15692859282414,16.5155430427401,-8.457443262676856,1.0477986583944388,10.90541762357402,-7.428451727168106,-9.81062925931926,True,2.0,True,2.0,True,3.0,2022,MACD_FAIL,,407.7755126953125,435.5541845703125,413.8195294189453
BEN,MACD_FAIL,2022-01-26,2022-01-27,25.53501679962771,YELLOW,2022-01-20,24.001642769123656,6.388621167533692,True,15.0,2.7691302143730168,-13.81454956973539,2.7691302143730168,-6.782822987068071,-3.671443054577661,-2.333543629257684,-6.316116326506238,-6.004980052053776,True,3.0,False,,False,,2022,MACD_FAIL,,407.7755126953125,435.5541845703125,413.8195294189453
ESS,MACD_FAIL,2022-01-26,2022-01-27,278.8277611033069,YELLOW,2022-01-19,271.8399342282891,2.570566717820588,True,0.0,2.8606849992393046,-6.972963086024286,1.0424566026875581,-3.184938803926185,-0.06365669900194604,-3.1334544150967147,-4.663789226139681,-1.6273298485951826,False,,False,,False,,2022,MACD_FAIL,,407.7755126953125,435.5541845703125,413.8195294189453
FRT,MACD_PASS,2022-01-26,2022-01-27,102.3995966946343,YELLOW,2022-01-19,97.21155981787219,5.3368517967225415,True,18.0,2.9077667646361327,-8.900509322516081,2.9077667646361327,-6.81433279449466,0.40272083079326837,-0.12081117795676999,-4.639553953126185,-3.0608218608201287,True,2.0,False,,False,,2022,MACD_PASS,,407.7755126953125,435.5541845703125,413.8195294189453
WST,MACD_PASS,2022-01-26,2022-01-27,378.3264883119943,YELLOW,2022-01-05,356.0208263560753,6.265268856381434,True,18.0,6.788859644494649,-8.833370345945069,6.788859644494649,-6.734030550594938,5.00547319845559,4.326599407075182,1.1279793842918107,0.9112737711093555,True,1.0,True,2.0,True,4.0,2022,MACD_PASS,,407.7755126953125,435.5541845703125,413.8195294189453
MKC,MACD_FAIL,2022-01-27,2022-01-28,88.32795984109852,YELLOW,2022-01-26,82.28944624875206,7.338138567724339,False,,5.7157810617465055,-5.888920828937961,5.7157810617465055,-5.888920828937961,3.6475070388267916,2.649020545297387,-0.3667804264261165,-3.0361541433875927,True,1.0,True,3.0,True,4.0,2022,MACD_FAIL,,405.7619323730469,434.9039416503906,413.93183990478514
MCD,MACD_PASS,2022-01-28,2022-01-31,229.8608428696535,GREEN,2022-01-12,221.05468196798748,3.9837025044062724,True,17.0,3.082102528297148,-6.042668149252551,3.082102528297148,-6.042668149252551,1.8939708416435996,-0.6391673816403154,-0.9097300911671602,-5.512104142380325,True,2.0,True,3.0,False,,2022,MACD_PASS,,415.8392028808594,434.42055236816407,414.07394882202146
ABT,MACD_PASS,2022-01-31,2022-02-01,116.42232312226588,GREEN,2022-01-12,108.77173222585219,7.0336205371153815,True,13.0,2.8028755295843366,-10.159389703929056,2.8028755295843366,-9.837490634102174,1.0049292975844892,-2.661530416675617,-7.94536066278998,-5.503668915765026,True,1.0,False,,False,,2022,MACD_PASS,,423.32891845703125,434.1083349609375,414.24703186035157
APD,MACD_PASS,2022-01-31,2022-02-01,252.2272004328193,GREEN,2022-01-14,242.47679455675254,4.02117072435344,True,3.0,1.243816403036746,-19.27915065555027,1.243816403036746,-7.890458354947027,-10.667845625379469,-12.427565359679594,-17.077745492873873,-17.551243259602998,False,,False,,False,,2022,MACD_PASS,,423.32891845703125,434.1083349609375,414.24703186035157
HRL,MACD_PASS,2022-01-31,2022-02-01,40.699733770537215,GREEN,2022-01-26,39.45503527324676,3.154726611369796,False,,6.9124273579563855,-3.30958596927321,6.9124273579563855,-3.30958596927321,-0.3351145322239124,-0.9845264692491473,-0.08379275931709174,5.7394041395316675,True,19.0,True,19.0,True,19.0,2022,MACD_PASS,,423.32891845703125,434.1083349609375,414.24703186035157
LIN,MACD_PASS,2022-01-31,2022-02-01,301.46354089831954,GREEN,2022-01-18,286.1193999786212,5.362845343882605,True,3.0,1.2701070828379013,-13.634380962097348,1.2701070828379013,-7.155807740841835,-6.781322918973998,-5.78582339478888,-9.159309386481585,-9.437017502762723,False,,False,,False,,2022,MACD_PASS,,423.32891845703125,434.1083349609375,414.24703186035157
NEE,MACD_PASS,2022-01-31,2022-02-01,69.04489735776697,GREEN,2022-01-07,61.74578880859491,11.821224880288582,False,,1.8323940138387007,-9.354210432018306,1.8323940138387007,-9.354210432018306,-3.3060293193310164,-3.7801364789978864,-7.329608581792602,-0.07754586337270775,False,,False,,False,,2022,MACD_PASS,,423.32891845703125,434.1083349609375,414.24703186035157
ADP,MACD_PASS,2022-02-01,2022-02-02,185.85776464856588,GREEN,2022-01-14,174.22133794448158,6.679105350340286,False,,2.8361512214412743,-6.4701172904674475,2.8361512214412743,-6.4701172904674475,2.724263830903495,-0.6421433449318892,-2.5977646659664733,-0.4183735414620693,True,5.0,False,,False,,2022,MACD_PASS,,426.1893310546875,433.82350769042966,414.4439657592773
CLX,MACD_PASS,2022-02-01,2022-02-02,140.46510437663466,GREEN,2022-01-26,138.56841893343278,1.368771800819224,True,2.0,1.5440430054833643,-16.070202396166643,1.5440430054833643,-15.192251466071427,-13.514977257207072,-14.453528146886752,-13.266729495887075,-11.92855429728893,False,,False,,False,,2022,MACD_PASS,,426.1893310546875,433.82350769042966,414.4439657592773
EXPD,MACD_PASS,2022-02-01,2022-02-02,108.5197148308646,GREEN,2022-01-11,104.32838381737056,4.017440757858437,True,2.0,0.9000338669375996,-12.749032130947235,0.9000338669375996,-5.898283105704937,-2.481641181605565,-6.169168127122204,-8.22264207491019,-11.385868226373608,False,,False,,False,,2022,MACD_PASS,,426.1893310546875,433.82350769042966,414.4439657592773
SHW,MACD_PASS,2022-02-01,2022-02-02,281.78577085316766,GREEN,2022-01-07,262.67381153808736,7.275928728170555,True,7.0,0.6979869621263957,-14.392232388300297,0.6979869621263957,-7.320406060912587,-2.41063286948372,-7.173987240907431,-11.835197867735925,-11.937574458697986,False,,False,,False,,2022,MACD_PASS,,426.1893310546875,433.82350769042966,414.4439657592773
ECL,MACD_PASS,2022-02-02,2022-02-03,180.85911889031527,GREEN,2022-01-14,171.35870833075123,5.544165599816875,True,10.0,1.0558248159224348,-12.575523690310298,1.0558248159224348,-6.30351899840641,-1.5863971539468613,-6.298260940210598,-5.28969613458159,-11.693027623858775,False,,False,,False,,2022,MACD_PASS,,430.329345703125,433.6372351074219,414.67575942993165
AMCR,MACD_PASS,2022-02-09,2022-02-10,47.99625073577407,GREEN,2022-02-07,47.17368183271362,1.743702995194285,True,12.0,3.0848152538339724,-7.722567494577337,3.0848152538339724,-3.0481227630831054,1.0282910160215097,2.1457428653496313,-2.2690173296154525,-5.64503379607928,True,4.0,True,6.0,False,,2022,MACD_PASS,,430.5081481933594,432.3279077148438,415.57655059814454
KMB,MACD_PASS,2022-02-15,2022-02-16,110.26421874653886,GREEN,2022-02-08,109.01332363706913,1.1474699309547143,True,5.0,1.6217776377690285,-9.869215376567498,1.6217776377690285,-3.3272333822071065,-2.109016361295646,-0.4735473780951738,-7.971641998532575,-6.7808695742861635,False,,False,,False,,2022,MACD_PASS,,419.74395751953125,431.65761474609377,416.13423217773436
CL,MACD_PASS,2022-02-18,2022-02-22,71.2539985878786,YELLOW,2022-02-10,69.47626043741411,2.558770635137897,True,2.0,0.5544385559755671,-9.022161303073295,0.5544385559755671,-4.914280495019796,-4.1834478795993775,-5.657728234992632,-4.87648995473381,-6.123935709476269,False,,False,,False,,2022,MACD_PASS,,408.5753173828125,430.26861572265625,416.5099282836914
PEP,MACD_PASS,2022-02-22,2022-02-23,146.3259888131334,YELLOW,2022-02-14,142.3633125399178,2.783495412207748,True,1.0,0.0,-8.716431091473776,0.0,-5.221142185574901,-2.719951393066533,-6.317820754909764,-4.94891354105892,-2.6991163651988503,False,,False,,False,,2022,MACD_PASS,,404.190673828125,429.60720092773437,416.5646823120117
ESS,MACD_PASS,2022-02-24,2022-02-25,269.2966079017338,YELLOW,2022-02-14,259.3852042479853,3.8211137302468057,False,,9.27801820629519,-1.6755253196174547,9.27801820629519,-1.6755253196174547,6.727128447889852,5.431265271831864,7.182098800509218,7.150719580961473,True,3.0,True,3.0,True,5.0,2022,MACD_PASS,,402.99554443359375,428.030625,416.688680267334
WST,MACD_FAIL,2022-02-24,2022-02-25,372.97233845239896,YELLOW,2022-02-23,344.9075084825873,8.136914761085446,False,,10.909533378521763,-5.0296595573008585,10.909533378521763,-5.0296595573008585,2.5505866284871948,-3.8007232967162463,9.834208161228442,7.331278417312714,True,0.0,True,1.0,True,13.0,2022,MACD_FAIL,,402.99554443359375,428.030625,416.688680267334
AOS,MACD_FAIL,2022-02-25,2022-02-28,62.679018422828854,YELLOW,2022-01-19,59.899200944542244,4.640825644502855,False,,2.019911170858757,-5.005848829217852,2.019911170858757,-5.005848829217852,-1.4636823712721236,-3.571414735743994,-0.5854605527421786,-2.429726371655061,True,2.0,False,,False,,2022,MACD_FAIL,,411.8872985839844,427.57921508789065,416.8597514343262
BEN,MACD_FAIL,2022-02-25,2022-02-28,23.42960682734368,YELLOW,2022-02-22,22.00746924620288,6.462067788126857,True,5.0,2.000678728949068,-10.30857116690117,2.000678728949068,-8.273974472111888,-7.731418076469776,-9.019986800299229,-6.2394035584625644,-5.086459936910003,True,0.0,False,,False,,2022,MACD_FAIL,,411.8872985839844,427.57921508789065,416.8597514343262
CTAS,MACD_FAIL,2022-02-25,2022-02-28,89.37024310195541,YELLOW,2022-02-22,85.4913399593805,4.537188380036961,False,,13.56258378176356,-2.5241960406740316,13.56258378176356,-2.5241960406740316,-0.4748147972389427,0.5954829626873659,4.96525225272364,13.533072299121574,True,2.0,True,3.0,True,13.0,2022,MACD_FAIL,,411.8872985839844,427.57921508789065,416.8597514343262
DOV,MACD_FAIL,2022-02-25,2022-02-28,148.5738533970952,YELLOW,2022-02-22,143.07469166170603,3.8435600814654913,True,5.0,2.694421103441913,-6.978690560330147,1.5962202004472292,-6.352967158196233,-6.231652880617133,-3.3201415143844892,0.9832758807806874,1.2961463754010305,False,,False,,False,,2022,MACD_FAIL,,411.8872985839844,427.57921508789065,416.8597514343262
FRT,MACD_PASS,2022-02-25,2022-02-28,97.29405278144078,YELLOW,2022-02-18,93.2855110446095,4.29706788540225,False,,3.4248972439326897,-2.348246639646756,3.4248972439326897,-2.348246639646756,-1.5683330880296942,-1.373352110676762,0.4320078505132052,2.0662330902171178,True,3.0,True,7.0,False,,2022,MACD_PASS,,411.8872985839844,427.57921508789065,416.8597514343262
GPC,MACD_FAIL,2022-02-25,2022-02-28,106.77131882985097,YELLOW,2022-02-22,101.49594179520702,5.197623610694024,False,,7.643974025521216,-2.1516310278867357,7.643974025521216,-2.1516310278867357,-1.803859711652822,1.102519984364414,6.219760435327126,5.689818104168598,True,2.0,True,2.0,True,12.0,2022,MACD_FAIL,,411.8872985839844,427.57921508789065,416.8597514343262
GWW,MACD_FAIL,2022-02-25,2022-02-28,450.4961305054774,YELLOW,2022-02-23,434.6865596397051,3.637004760137108,False,,9.162655291176325,-1.6355764125362326,9.162655291176325,-1.6355764125362326,4.423940609598276,2.8138789709509338,7.675956892866487,9.13074674096186,True,1.0,True,3.0,True,5.0,2022,MACD_FAIL,,411.8872985839844,427.57921508789065,416.8597514343262
ITW,MACD_PASS,2022-02-25,2022-02-28,193.71721282976304,YELLOW,2022-02-08,188.0043121912602,3.038707235976057,True,5.0,1.0386674377899752,-5.963105969006244,1.0386674377899752,-4.270638257856241,-4.233541990778122,-4.409731080412582,-1.7017690477207803,-0.6259979136124083,False,,False,,False,,2022,MACD_PASS,,411.8872985839844,427.57921508789065,416.8597514343262
JNJ,MACD_FAIL,2022-02-25,2022-02-28,144.19497281530363,YELLOW,2022-02-22,137.86480828631042,4.591573881455702,False,,9.400136011574567,-0.3008474544513029,9.400136011574567,-0.3008474544513029,5.734650325331936,5.415336863169373,7.9572624989451946,9.185246306838968,True,2.0,True,3.0,True,5.0,2022,MACD_FAIL,,411.8872985839844,427.57921508789065,416.8597514343262
LOW,MACD_FAIL,2022-02-25,2022-02-28,198.5732860487535,YELLOW,2022-02-17,188.50114230632002,5.343279950031254,False,,9.716483356785432,-4.529126051128496,9.716483356785432,-4.529126051128496,2.301391237013717,4.257576042388322,4.75929350665194,-1.6017573212770309,True,1.0,True,1.0,True,2.0,2022,MACD_FAIL,,411.8872985839844,427.57921508789065,416.8597514343262
O,MACD_PASS,2022-02-25,2022-02-28,52.68789027200773,YELLOW,2022-02-15,50.442367045722904,4.451661089277192,False,,3.33830648364275,-3.5639439783609617,3.33830648364275,-3.5639439783609617,-2.7519071644321103,-2.436134022474745,0.12025713758567758,3.33830648364275,True,19.0,True,20.0,False,,2022,MACD_PASS,,411.8872985839844,427.57921508789065,416.8597514343262
XOM,MACD_FAIL,2022-02-25,2022-02-28,65.79357176817419,YELLOW,2022-02-24,63.66094163540749,3.3499820737501462,False,,19.605321114000507,-0.4051825634984185,19.605321114000507,-0.4051825634984185,13.867477407556162,7.018684664505814,7.436939250709584,8.234230895308169,True,0.0,True,0.0,True,1.0,2022,MACD_FAIL,,411.8872985839844,427.57921508789065,416.8597514343262
AFL,MACD_PASS,2022-02-28,2022-03-01,54.98430024087267,YELLOW,2022-02-23,53.140287158028094,3.4700849044358106,True,0.0,9.21859245301171,-3.750207341058265,0.46258483337340284,-3.750207341058265,-2.1476800551906927,1.2060285598742615,6.492655037725714,7.913452727797776,False,,False,,False,,2022,MACD_PASS,,410.8334655761719,426.97095764160156,417.0028694152832
ALB,MACD_PASS,2022-02-28,2022-03-01,183.86375713272741,YELLOW,2022-02-22,160.65387748786333,14.447133183335392,False,,15.360623947378183,-12.582291498728804,15.360623947378183,-12.582291498728804,-7.065010145128426,-6.442803534640184,5.936613345162423,14.634111362303127,True,13.0,True,14.0,True,15.0,2022,MACD_PASS,,410.8334655761719,426.97095764160156,417.0028694152832
IBM,MACD_PASS,2022-02-28,2022-03-01,103.89786988325747,YELLOW,2022-02-16,100.62858509557698,3.2488629195922103,False,,8.290556795657666,-1.6059356404244718,8.290556795657666,-1.6059356404244718,2.4537737229749945,2.4211480301283173,5.209121061278932,7.5568858919406345,True,2.0,True,2.0,True,13.0,2022,MACD_PASS,,410.8334655761719,426.97095764160156,417.0028694152832
MKC,MACD_PASS,2022-02-28,2022-03-01,85.53819176193761,YELLOW,2022-02-18,83.12639621624011,2.9013594423408007,False,,12.940548257883066,-0.26301945499555,12.940548257883066,-0.26301945499555,2.630226747669373,3.398221724628425,1.8201059908348416,1.946376299049346,True,0.0,True,1.0,True,3.0,2022,MACD_PASS,,410.8334655761719,426.97095764160156,417.0028694152832
LIN,MACD_FAIL,2022-03-09,2022-03-10,264.98548747689836,YELLOW,2022-03-07,251.6679922226362,5.29169209665763,False,,17.273754129293085,-0.13545479120194992,17.273754129293085,-0.13545479120194992,10.276540113561428,13.367011450344869,13.862494344964272,13.37055859330427,True,0.0,True,1.0,True,3.0,2022,MACD_FAIL,,402.158203125,422.0887750244141,417.58326263427733
AMCR,MACD_FAIL,2022-03-10,2022-03-11,45.577677849954135,YELLOW,2022-03-07,44.289707877837344,2.90805704943764,False,,7.47494313675785,-0.8204137844315618,7.47494313675785,-0.8204137844315618,6.381039968841851,3.372841412450245,5.195996364331279,6.836834984058093,True,1.0,True,1.0,True,1.0,2022,MACD_FAIL,,400.3422546386719,421.1216979980469,417.6368475341797
SYY,MACD_FAIL,2022-03-10,2022-03-11,71.56327662858756,YELLOW,2022-03-08,66.67952501118303,7.324214766955017,False,,7.831386964796816,-5.920269615227891,7.831386964796816,-5.920269615227891,0.6192277842630212,0.21052588780297032,2.64967748403091,6.585789328838354,True,12.0,True,12.0,True,20.0,2022,MACD_FAIL,,400.3422546386719,421.1216979980469,417.6368475341797
MCD,MACD_PASS,2022-03-14,2022-03-15,206.6315979782776,YELLOW,2022-03-02,197.29610317872485,4.731717783141409,False,,12.062453196089585,0.0,12.062453196089585,0.0,4.44777076205396,8.856044621363512,9.005190137204554,9.294664030404999,True,0.0,True,1.0,True,4.0,2022,MACD_PASS,,392.36328125,418.92803833007815,417.6699136352539
KO,MACD_PASS,2022-03-15,2022-03-16,52.75347543493078,YELLOW,2022-03-09,50.35601231670027,4.761026554589587,False,,8.514575395891244,-1.9571732901247696,8.514575395891244,-1.9571732901247696,1.0371672739584392,4.064933461723608,5.553709908514137,8.280384341780579,True,3.0,True,7.0,True,12.0,2022,MACD_PASS,,400.99151611328125,418.0098907470703,417.71836059570313
