window,ticker,data_source,signal_type,signal_date,entry_date,entry_open,regime,spy_close,spy_ma50,spy_ma200,macd_hist,macd_hist_1,macd_hist_2,macd_pass,swing_start,swing_low,swing_distance_pct,stop_hit_20d,days_to_stop,mfe_20d_pct,mae_20d_pct,mfe_before_stop_pct,mae_before_stop_pct,ret_5d_pct,ret_10d_pct,ret_15d_pct,ret_20d_pct,hit_2pct_before_stop,days_to_2pct,hit_3pct_before_stop,days_to_3pct,hit_5pct_before_stop,days_to_5pct,macd_group,spy_state_source,spy_roc5_pct,spy_dist_ma50_pct,spy_dist_ma200_pct,spy_ma50_slope10_pct,spy_rv20_ann_pct,spy_close_reloaded,spy_ma50_reloaded,spy_ma200_reloaded,breadth_above_ma50_pct,breadth_5d_positive_pct,breadth_loaded_universe,cluster_size,cluster_stocks,loaded_universe,cluster_share_pct,spy_close_drift_pct,spy_ma50_drift_pct,spy_ma200_drift_pct,spy_roc5_pct_bin,spy_dist_ma50_pct_bin,spy_dist_ma200_pct_bin,spy_ma50_slope10_pct_bin,spy_rv20_ann_pct_bin,breadth_above_ma50_pct_bin,breadth_5d_positive_pct_bin,cluster_size_bin,cluster_share_pct_bin
BEAR_2022,CTAS,yfinance,MACD_PASS,2022-01-12,2022-01-13,97.26968348116858,GREEN,443.191650390625,438.3475964355469,411.9108235168457,-0.9077848606073872,-1.0942807694720642,-1.2564767246149735,True,2022-01-05,93.42931556150522,4.110452802295472,True,3.0,0.3466341421913377,-8.621568136661873,0.3466341421913377,-4.747145918166562,-6.701558610107005,-5.029855333561805,-6.136148592826373,-7.679994189770944,False,,False,,False,,MACD_PASS,yfinance,0.5636548109743345,1.1050853317377873,7.594091408955084,0.7708673086363804,15.042042564384403,443.19171142578125,438.34759643554685,411.9108267211914,75.80645161290323,38.70967741935484,64,4,4,64,6.25,1.377172973437979e-05,-1.1102230246251565e-14,7.779221933290614e-07,"(0,2]","(0,2]",>5,"(0,1]","(10,20]",>75,"(25,50]",2-4,"(5,10]"
BEAR_2022,NUE,yfinance,MACD_FAIL,2022-01-12,2022-01-13,106.71646836468072,GREEN,443.191650390625,438.3475964355469,411.9108235168457,-0.355541873118238,-0.4358885356532334,-0.172332844326827,False,2022-01-11,100.55686940257468,6.125487993710665,True,2.0,8.210525079058506,-22.368415170348488,1.9035071657415024,-7.56139289717761,-18.377189759421807,-12.464906796612585,-2.403509972922291,3.868428773633448,False,,False,,False,,MACD_FAIL,yfinance,0.5636548109743345,1.1050853317377873,7.594091408955084,0.7708673086363804,15.042042564384403,443.19171142578125,438.34759643554685,411.9108267211914,75.80645161290323,38.70967741935484,64,4,4,64,6.25,1.377172973437979e-05,-1.1102230246251565e-14,7.779221933290614e-07,"(0,2]","(0,2]",>5,"(0,1]","(10,20]",>75,"(25,50]",2-4,"(5,10]"
BEAR_2022,ROP,yfinance,MACD_PASS,2022-01-12,2022-01-13,452.3666019576257,GREEN,443.191650390625,438.3475964355469,411.9108235168457,-2.196035044368461,-2.638524852922396,-2.689214456817791,True,2022-01-07,432.3210359859858,4.636731572851249,True,3.0,0.1374070698859641,-10.356829354441954,0.1374070698859641,-6.286232792125479,-5.977082360352459,-6.50737454720105,-3.827997816846096,-6.000707570111807,False,,False,,False,,MACD_PASS,yfinance,0.5636548109743345,1.1050853317377873,7.594091408955084,0.7708673086363804,15.042042564384403,443.19171142578125,438.34759643554685,411.9108267211914,75.80645161290323,38.70967741935484,64,4,4,64,6.25,1.377172973437979e-05,-1.1102230246251565e-14,7.779221933290614e-07,"(0,2]","(0,2]",>5,"(0,1]","(10,20]",>75,"(25,50]",2-4,"(5,10]"
BEAR_2022,SPGI,yfinance,MACD_PASS,2022-01-12,2022-01-13,407.7120755117612,GREEN,443.191650390625,438.3475964355469,411.9108235168457,-3.172620273449218,-3.7976570696952634,-3.829664551459613,True,2022-01-05,389.94978702319946,4.555019410102901,True,2.0,0.5001889340131349,-13.584313771093504,0.5001889340131349,-6.071495006871719,-6.899951716243291,-9.202145491029734,-7.46711125567685,-13.268849749206456,False,,False,,False,,MACD_PASS,yfinance,0.5636548109743345,1.1050853317377873,7.594091408955084,0.7708673086363804,15.042042564384403,443.19171142578125,438.34759643554685,411.9108267211914,75.80645161290323,38.70967741935484,64,4,4,64,6.25,1.377172973437979e-05,-1.1102230246251565e-14,7.779221933290614e-07,"(0,2]","(0,2]",>5,"(0,1]","(10,20]",>75,"(25,50]",2-4,"(5,10]"
BEAR_2022,PG,yfinance,MACD_FAIL,2022-01-19,2022-01-20,142.4562194370952,GREEN,425.0601501464844,438.0079052734375,413.0589302062989,-0.7177174452422954,-0.974287621720678,-0.8559356971105219,False,2022-01-18,138.0807881584662,3.168747323203003,False,,3.26631109336617,-4.221830055454845,3.26631109336617,-4.221830055454845,-0.6182704613820422,2.510635517314408,-1.8423585915753105,-0.1873583633283382,True,0.0,True,1.0,False,,MACD_FAIL,yfinance,-3.8318068678862227,-2.9560209632579215,2.905486189770201,0.24628119655161207,15.4360836786501,425.060302734375,438.00790832519533,413.0589324951172,48.38709677419355,22.580645161290324,64,1,1,64,1.5625,3.589795245506622e-05,6.967358023857173e-07,5.54114221174018e-07,"(-4,-2]","(-5,-2]","(0,5]","(0,1]","(10,20]","(25,50]",<=25,1,<=2
BEAR_2022,CB,yfinance,MACD_FAIL,2022-01-24,2022-01-25,183.1850307303101,GREEN,413.8538818359375,436.68198059082033,413.577098236084,-0.5822858749447095,-0.7538687536776705,-0.6156015116770843,False,2022-01-21,177.07540382885165,3.45029674892825,False,,9.00199793299954,-2.55288055302646,9.00199793299954,-2.55288055302646,2.8720089542991767,7.004979785231846,4.817530263756287,3.66461455567646,True,2.0,True,5.0,True,6.0,MACD_FAIL,yfinance,-5.353753950932227,-5.227626469292268,0.06692386226265779,-0.23652913575725742,14.829776642213389,413.8538818359375,436.68198486328123,413.57710006713864,40.32258064516129,6.451612903225806,64,2,2,64,3.125,0.0,9.783918564210126e-07,4.427359812098075e-07,<=-4,<=-5,"(0,5]","(-1,0]","(10,20]","(25,50]",<=25,2-4,"(2,5]"
BEAR_2022,ED,yfinance,MACD_PASS,2022-01-24,2022-01-25,69.67709399811079,GREEN,413.8538818359375,436.68198059082033,413.577098236084,-0.410186059007656,-0.4230626275042853,-0.4737647015596773,True,2022-01-20,68.62347466854963,1.5353628399758623,False,,7.782156021495701,-0.6884575697809536,7.782156021495701,-0.6884575697809536,5.790500128806908,6.24538123653553,0.985554952587364,4.758857413382711,True,2.0,True,3.0,True,4.0,MACD_PASS,yfinance,-5.353753950932227,-5.227626469292268,0.06692386226265779,-0.23652913575725742,14.829776642213389,413.8538818359375,436.68198486328123,413.57710006713864,40.32258064516129,6.451612903225806,64,2,2,64,3.125,0.0,9.783918564210126e-07,4.427359812098075e-07,<=-4,<=-5,"(0,5]","(-1,0]","(10,20]","(25,50]",<=25,2-4,"(2,5]"
BEAR_2022,DOV,yfinance,MACD_FAIL,2022-01-25,2022-01-26,162.13745547061492,YELLOW,408.801025390625,436.1611547851562,413.7037190246582,-1.2598282515800223,-1.0686871496493409,-0.985191570184998,False,2022-01-21,156.8705930979354,3.357456785664969,True,6.0,2.117001695839993,-11.757171478109797,2.117001695839993,-5.464531428315356,-0.7056503743162468,-2.262778992978143,-4.968804985996322,-9.39524080217412,True,1.0,False,,False,,MACD_FAIL,yfinance,-4.823753797288655,-6.27291387982678,-1.1850447681042708,-0.3931759219421238,13.620969833569829,408.8011474609375,436.1611614990234,413.7037217712402,37.096774193548384,9.67741935483871,64,7,7,64,10.9375,2.9860569061845865e-05,1.5393088359516582e-06,6.639007343878234e-07,<=-4,<=-5,"(-5,0]","(-1,0]","(10,20]","(25,50]",<=25,5-9,>10
BEAR_2022,GPC,yfinance,MACD_FAIL,2022-01-25,2022-01-26,116.74273707984013,YELLOW,408.801025390625,436.1611547851562,413.7037190246582,-0.8351761585878208,-0.7953408708753232,-0.9691302578590444,False,2022-01-19,112.45922288540106,3.808948776752685,True,11.0,2.0375821359811974,-13.060153520054929,2.0375821359811974,-4.81954633358389,1.684197818031663,-0.6766895653918747,-2.285712975101162,-9.12782021778147,True,5.0,False,,False,,MACD_FAIL,yfinance,-4.823753797288655,-6.27291387982678,-1.1850447681042708,-0.3931759219421238,13.620969833569829,408.8011474609375,436.1611614990234,413.7037217712402,37.096774193548384,9.67741935483871,64,7,7,64,10.9375,2.9860569061845865e-05,1.5393088359516582e-06,6.639007343878234e-07,<=-4,<=-5,"(-5,0]","(-1,0]","(10,20]","(25,50]",<=25,5-9,>10
BEAR_2022,GWW,yfinance,MACD_FAIL,2022-01-25,2022-01-26,466.1045348784898,YELLOW,408.801025390625,436.1611547851562,413.7037190246582,-3.0399125189824376,-2.77253712127125,-2.8943166012286814,False,2022-01-21,454.5218825829521,2.5483156563806952,True,11.0,7.641401781085433,-6.740536337993031,7.641401781085433,-3.8309440536534622,2.66527367356324,0.2253512397914159,-2.396915386577214,-4.148342814363081,True,4.0,True,4.0,True,6.0,MACD_FAIL,yfinance,-4.823753797288655,-6.27291387982678,-1.1850447681042708,-0.3931759219421238,13.620969833569829,408.8011474609375,436.1611614990234,413.7037217712402,37.096774193548384,9.67741935483871,64,7,7,64,10.9375,2.9860569061845865e-05,1.5393088359516582e-06,6.639007343878234e-07,<=-4,<=-5,"(-5,0]","(-1,0]","(10,20]","(25,50]",<=25,5-9,>10
BEAR_2022,ITW,yfinance,MACD_FAIL,2022-01-25,2022-01-26,211.1882123363355,YELLOW,408.801025390625,436.1611547851562,413.7037190246582,-1.363874362338401,-1.1511756952940284,-1.0954955452897146,False,2022-01-21,206.6879843180967,2.177305097384319,True,7.0,5.057207594607349,-10.97784521328422,5.057207594607349,-4.215067533309935,0.3657784752726822,-3.555775791389182,-6.392761207335552,-8.919236054772705,True,6.0,True,6.0,True,6.0,MACD_FAIL,yfinance,-4.823753797288655,-6.27291387982678,-1.1850447681042708,-0.3931759219421238,13.620969833569829,408.8011474609375,436.1611614990234,413.7037217712402,37.096774193548384,9.67741935483871,64,7,7,64,10.9375,2.9860569061845865e-05,1.5393088359516582e-06,6.639007343878234e-07,<=-4,<=-5,"(-5,0]","(-1,0]","(10,20]","(25,50]",<=25,5-9,>10
BEAR_2022,JNJ,yfinance,MACD_FAIL,2022-01-25,2022-01-26,147.3833944783963,YELLOW,408.801025390625,436.1611547851562,413.7037190246582,-0.7693065741573162,-1.0217467752091962,-0.929099610134747,False,2022-01-14,139.2198851849617,5.863752353041307,False,,3.62903102242802,-6.458374228987873,3.62903102242802,-6.458374228987873,3.1216628516439915,2.357674598235904,-0.1969489777156718,-5.004671677539918,True,1.0,True,3.0,False,,MACD_FAIL,yfinance,-4.823753797288655,-6.27291387982678,-1.1850447681042708,-0.3931759219421238,13.620969833569829,408.8011474609375,436.1611614990234,413.7037217712402,37.096774193548384,9.67741935483871,64,7,7,64,10.9375,2.9860569061845865e-05,1.5393088359516582e-06,6.639007343878234e-07,<=-4,<=-5,"(-5,0]","(-1,0]","(10,20]","(25,50]",<=25,5-9,>10
BEAR_2022,LOW,yfinance,MACD_PASS,2022-01-25,2022-01-26,212.55731023097775,YELLOW,408.801025390625,436.1611547851562,413.7037190246582,-2.43359904726619,-2.737351507962895,-3.1832111033667685,True,2022-01-19,201.26043921977688,5.613060895124389,True,18.0,3.504492039218321,-11.31750427433048,3.504492039218321,-9.37392877926596,2.8164948044340887,0.4729962626020878,-2.386476404732585,-8.234429628118711,True,3.0,True,5.0,False,,MACD_PASS,yfinance,-4.823753797288655,-6.27291387982678,-1.1850447681042708,-0.3931759219421238,13.620969833569829,408.8011474609375,436.1611614990234,413.7037217712402,37.096774193548384,9.67741935483871,64,7,7,64,10.9375,2.9860569061845865e-05,1.5393088359516582e-06,6.639007343878234e-07,<=-4,<=-5,"(-5,0]","(-1,0]","(10,20]","(25,50]",<=25,5-9,>10
BEAR_2022,O,yfinance,MACD_PASS,2022-01-25,2022-01-26,54.57356605447486,YELLOW,408.801025390625,436.1611547851562,413.7037190246582,-0.3433174328658002,-0.3989400275533979,-0.4170818908210465,True,2022-01-20,51.71038671281361,5.536952097385428,True,19.0,1.2824466084077055,-7.56996345928399,1.2824466084077055,-5.675087075509177,0.9642305239441872,-0.8293778662299967,-2.449424328985106,-4.908446641054532,False,,False,,False,,MACD_PASS,yfinance,-4.823753797288655,-6.27291387982678,-1.1850447681042708,-0.3931759219421238,13.620969833569829,408.8011474609375,436.1611614990234,413.7037217712402,37.096774193548384,9.67741935483871,64,7,7,64,10.9375,2.9860569061845865e-05,1.5393088359516582e-06,6.639007343878234e-07,<=-4,<=-5,"(-5,0]","(-1,0]","(10,20]","(25,50]",<=25,5-9,>10
BEAR_2022,ALB,yfinance,MACD_FAIL,2022-01-26,2022-01-27,201.2120775169926,YELLOW,407.7754821777344,435.5541857910157,413.8195297241211,-2.2025127485228904,-2.0888197295345154,-1.6903959972585136,False,2022-01-20,186.37854067350293,7.9588222924628305,True,15.0,16.515509445457276,-20.15694813468253,16.515509445457276,-8.457465146095721,1.0477827805378537,10.90540019676871,-7.428473856569317,-9.810651014403826,True,2.0,True,2.0,True,3.0,MACD_FAIL,yfinance,-4.066425260202622,-6.3777710718926794,-1.460537561580244,-0.5835215971078056,13.570148390024766,407.7755432128906,435.5541925048828,413.8195329284668,32.25806451612903,12.903225806451612,64,5,5,64,7.8125,1.4967833750212378e-05,1.541453920061997e-06,7.743340857402359e-07,<=-4,<=-5,"(-5,0]","(-1,0]","(10,20]","(25,50]",<=25,5-9,"(5,10]"
BEAR_2022,BEN,yfinance,MACD_FAIL,2022-01-26,2022-01-27,25.535018756288547,YELLOW,407.7754821777344,435.5541857910157,413.8195297241211,-0.3155836678055644,-0.3204950379021955,-0.2871901727530521,False,2022-01-20,24.00164640566512,6.388613200557369,True,15.0,2.769130199321124,-13.814563318384876,2.769130199321124,-6.782830129980377,-3.6714653749858384,-2.3335436435622414,-6.316123505180671,-6.004994724110269,True,3.0,False,,False,,MACD_FAIL,yfinance,-4.066425260202622,-6.3777710718926794,-1.460537561580244,-0.5835215971078056,13.570148390024766,407.7755432128906,435.5541925048828,413.8195329284668,32.25806451612903,12.903225806451612,64,5,5,64,7.8125,1.4967833750212378e-05,1.541453920061997e-06,7.743340857402359e-07,<=-4,<=-5,"(-5,0]","(-1,0]","(10,20]","(25,50]",<=25,5-9,"(5,10]"
BEAR_2022,ESS,yfinance,MACD_FAIL,2022-01-26,2022-01-27,278.8276983098833,YELLOW,407.7754821777344,435.5541857910157,413.8195297241211,-1.9235047378643493,-1.828748018076145,-1.7402675507880598,False,2022-01-19,271.8398752429154,2.570565874753883,True,0.0,2.860708163991577,-6.972920905038526,1.042456602687536,-3.184938803926207,-0.0636451377856728,-3.1334107103366597,-4.6637458660188535,-1.627307694566782,False,,False,,False,,MACD_FAIL,yfinance,-4.066425260202622,-6.3777710718926794,-1.460537561580244,-0.5835215971078056,13.570148390024766,407.7755432128906,435.5541925048828,413.8195329284668,32.25806451612903,12.903225806451612,64,5,5,64,7.8125,1.4967833750212378e-05,1.541453920061997e-06,7.743340857402359e-07,<=-4,<=-5,"(-5,0]","(-1,0]","(10,20]","(25,50]",<=25,5-9,"(5,10]"
BEAR_2022,FRT,yfinance,MACD_PASS,2022-01-26,2022-01-27,102.39961987596882,YELLOW,407.7754821777344,435.5541857910157,413.8195297241211,-1.1940880157095093,-1.2920036609986896,-1.435563424334129,True,2022-01-19,97.21155250848778,5.336883563327577,True,18.0,2.9077509942764257,-8.900537132000263,2.9077509942764257,-6.814339001617276,0.4027279039518827,-0.1208337887134369,-4.639575540925078,-3.0608214541893,True,2.0,False,,False,,MACD_PASS,yfinance,-4.066425260202622,-6.3777710718926794,-1.460537561580244,-0.5835215971078056,13.570148390024766,407.7755432128906,435.5541925048828,413.8195329284668,32.25806451612903,12.903225806451612,64,5,5,64,7.8125,1.4967833750212378e-05,1.541453920061997e-06,7.743340857402359e-07,<=-4,<=-5,"(-5,0]","(-1,0]","(10,20]","(25,50]",<=25,5-9,"(5,10]"
BEAR_2022,WST,yfinance,MACD_PASS,2022-01-26,2022-01-27,378.3264274167572,YELLOW,407.7754821777344,435.5541857910157,413.8195297241211,-1.4343382696924571,-2.363252786774828,-3.412033193190677,True,2022-01-05,356.0208263560753,6.265251751978385,True,18.0,6.788876833177371,-8.833355671808851,6.788876833177371,-6.73401553855002,5.005473967150387,4.326583933563888,1.1279795288670955,0.91129808020618,True,1.0,True,2.0,True,4.0,MACD_PASS,yfinance,-4.066425260202622,-6.3777710718926794,-1.460537561580244,-0.5835215971078056,13.570148390024766,407.7755432128906,435.5541925048828,413.8195329284668,32.25806451612903,12.903225806451612,64,5,5,64,7.8125,1.4967833750212378e-05,1.541453920061997e-06,7.743340857402359e-07,<=-4,<=-5,"(-5,0]","(-1,0]","(10,20]","(25,50]",<=25,5-9,"(5,10]"
BEAR_2022,MKC,yfinance,MACD_FAIL,2022-01-27,2022-01-28,88.3279903338221,YELLOW,405.761962890625,434.90394470214846,413.9318403625488,-0.3625090735535294,-0.6719100659346517,-0.553164672807001,False,2022-01-26,82.28943866084869,7.33818552081873,False,,5.715727146858174,-5.888978749024343,5.715727146858174,-5.888978749024343,3.647462619903408,2.6490023837916654,-0.3668148219581946,-3.0361789798215133,True,1.0,True,3.0,True,4.0,MACD_FAIL,yfinance,-3.4717482588660364,-6.700794005016086,-1.9737334348202573,-0.7855971535458584,13.380026058835353,405.7619323730469,434.9039501953125,413.93184356689454,32.25806451612903,20.967741935483872,64,1,1,64,1.5625,-7.521054434800334e-06,1.2630752443953952e-06,7.741240093395163e-07,"(-4,-2]",<=-5,"(-5,0]","(-1,0]","(10,20]","(25,50]",<=25,1,<=2
BEAR_2022,MCD,yfinance,MACD_PASS,2022-01-28,2022-01-31,229.8608428696535,GREEN,415.8392333984375,434.4205560302734,414.073949432373,-1.028732937601267,-1.572583538374437,-1.617261103535008,True,2022-01-12,221.05469701268447,3.983695427409861,True,17.0,3.082115959138365,-6.042661657816895,3.082115959138365,-6.042661657816895,1.8939642033711124,-0.6391673816403154,-0.9097300911671602,-5.512104142380325,True,2.0,True,3.0,False,,MACD_PASS,yfinance,0.9064326705873427,-4.2772740758796886,0.42631290681656164,-0.9139388027515905,17.022575032282848,415.8392028808594,434.4205609130859,414.0739521789551,40.32258064516129,45.16129032258065,64,1,1,64,1.5625,-7.338792418210005e-06,1.1239828401343743e-06,6.633071425454773e-07,"(0,2]","(-5,-2]","(0,5]","(-1,0]","(10,20]","(25,50]","(25,50]",1,<=2
BEAR_2022,ABT,yfinance,MACD_PASS,2022-01-31,2022-02-01,116.4223002034917,GREEN,423.328857421875,434.1083367919922,414.2470320129394,-0.4318889209884404,-0.8757193122277536,-1.2853522867568237,True,2022-01-12,108.7717322258522,7.033599466591167,True,13.0,2.802869387206197,-10.15937201799899,2.802869387206197,-9.83747288480339,1.0049557345180649,-2.661524361139045,-7.945349094215615,-5.50364376010738,True,1.0,False,,False,,MACD_PASS,yfinance,2.289456863732342,-2.483125773291328,2.192376147050479,-0.9920657690443146,18.67031932211118,423.3288879394531,434.10834411621096,414.2470347595215,40.32258064516129,53.225806451612904,64,5,5,64,7.8125,7.208952945703118e-06,1.6871868568912873e-06,6.630299864696099e-07,>2,"(-5,-2]","(0,5]","(-1,0]","(10,20]","(25,50]","(50,75]",5-9,"(5,10]"
BEAR_2022,APD,yfinance,MACD_PASS,2022-01-31,2022-02-01,252.2272004328193,GREEN,423.328857421875,434.1083367919922,414.2470320129394,-1.140540371654092,-1.6560962499359393,-1.8888403791750008,True,2022-01-14,242.476779604096,4.021177138958754,True,3.0,1.243810307249027,-19.27915065555027,1.243810307249027,-7.890458354947027,-10.667845625379467,-12.427565359679594,-17.077739443253115,-17.55124930922376,False,,False,,False,,MACD_PASS,yfinance,2.289456863732342,-2.483125773291328,2.192376147050479,-0.9920657690443146,18.67031932211118,423.3288879394531,434.10834411621096,414.2470347595215,40.32258064516129,53.225806451612904,64,5,5,64,7.8125,7.208952945703118e-06,1.6871868568912873e-06,6.630299864696099e-07,>2,"(-5,-2]","(0,5]","(-1,0]","(10,20]","(25,50]","(50,75]",5-9,"(5,10]"
BEAR_2022,HRL,yfinance,MACD_PASS,2022-01-31,2022-02-01,40.69973763624834,GREEN,423.328857421875,434.1083367919922,414.2470320129394,-0.3439329709304285,-0.378446602840627,-0.388347364827469,True,2022-01-26,39.45504274918097,3.154716863393125,False,,6.91241720328255,-3.3096043524433294,6.91241720328255,-3.3096043524433294,-0.3351614896411781,-0.984498382736676,-0.0838022494813239,5.739394096273043,True,19.0,True,19.0,True,19.0,MACD_PASS,yfinance,2.289456863732342,-2.483125773291328,2.192376147050479,-0.9920657690443146,18.67031932211118,423.3288879394531,434.10834411621096,414.2470347595215,40.32258064516129,53.225806451612904,64,5,5,64,7.8125,7.208952945703118e-06,1.6871868568912873e-06,6.630299864696099e-07,>2,"(-5,-2]","(0,5]","(-1,0]","(10,20]","(25,50]","(50,75]",5-9,"(5,10]"
BEAR_2022,LIN,yfinance,MACD_PASS,2022-01-31,2022-02-01,301.46344962188726,GREEN,423.328857421875,434.1083367919922,414.2470320129394,-1.4460652179125262,-2.1579014412506665,-2.701907340466672,True,2022-01-18,286.1193119095004,5.3628458736264095,True,3.0,1.2701581309235044,-13.634384276977327,1.2701581309235044,-7.155769522507438,-6.781294694430439,-5.785794868830186,-9.159271758795809,-9.4370103285918,False,,False,,False,,MACD_PASS,yfinance,2.289456863732342,-2.483125773291328,2.192376147050479,-0.9920657690443146,18.67031932211118,423.3288879394531,434.10834411621096,414.2470347595215,40.32258064516129,53.225806451612904,64,5,5,64,7.8125,7.208952945703118e-06,1.6871868568912873e-06,6.630299864696099e-07,>2,"(-5,-2]","(0,5]","(-1,0]","(10,20]","(25,50]","(50,75]",5-9,"(5,10]"
BEAR_2022,NEE,yfinance,MACD_PASS,2022-01-31,2022-02-01,69.04485881070427,GREEN,423.328857421875,434.1083367919922,414.2470320129394,-0.7941146141302129,-1.2041533965744495,-1.218064915139064,True,2022-01-07,61.74578880859491,11.821162451638068,False,,1.8323940138387007,-9.354149463882566,1.8323940138387007,-9.354149463882566,-3.305953236222914,-3.7801048602178144,-7.329534745009059,-0.0774900776535192,False,,False,,False,,MACD_PASS,yfinance,2.289456863732342,-2.483125773291328,2.192376147050479,-0.9920657690443146,18.67031932211118,423.3288879394531,434.10834411621096,414.2470347595215,40.32258064516129,53.225806451612904,64,5,5,64,7.8125,7.208952945703118e-06,1.6871868568912873e-06,6.630299864696099e-07,>2,"(-5,-2]","(0,5]","(-1,0]","(10,20]","(25,50]","(50,75]",5-9,"(5,10]"
BEAR_2022,ADP,yfinance,MACD_PASS,2022-02-01,2022-02-02,185.85774956152048,GREEN,426.1893310546875,433.8235113525391,414.4439657592773,-2.296110301904023,-2.9012586072071382,-3.6045624099560616,True,2022-01-14,174.22132318954587,6.679105725373602,False,,2.8361513503182723,-6.4701175816902605,2.8361513503182723,-6.4701175816902605,2.724263959640272,-0.6421270696062353,-2.5977649692465854,-0.4183572479718456,True,5.0,False,,False,,MACD_PASS,yfinance,4.253435233490177,-1.7597656759730906,2.833982813533331,-1.019705026970652,18.73123655227675,426.1892395019531,433.8235168457031,414.44396865844726,38.70967741935484,70.96774193548387,64,4,4,64,6.25,-2.1481704892689635e-05,1.2662209281089076e-06,6.995324319802876e-07,>2,"(-2,0]","(0,5]",<=-1,"(10,20]","(25,50]","(50,75]",2-4,"(5,10]"
BEAR_2022,CLX,yfinance,MACD_PASS,2022-02-01,2022-02-02,140.46513455794897,GREEN,426.1893310546875,433.8235113525391,414.4439657592773,-1.3416739512655986,-1.5280458026513155,-1.6296992736735176,True,2022-01-26,138.56841893343278,1.3687935816222074,True,2.0,1.5440211870250795,-16.07025132505192,1.5440211870250795,-15.192253549447743,-13.515012134545346,-14.453546527995798,-13.266726405912364,-11.928562357887618,False,,False,,False,,MACD_PASS,yfinance,4.253435233490177,-1.7597656759730906,2.833982813533331,-1.019705026970652,18.73123655227675,426.1892395019531,433.8235168457031,414.44396865844726,38.70967741935484,70.96774193548387,64,4,4,64,6.25,-2.1481704892689635e-05,1.2662209281089076e-06,6.995324319802876e-07,>2,"(-2,0]","(0,5]",<=-1,"(10,20]","(25,50]","(50,75]",2-4,"(5,10]"
BEAR_2022,EXPD,yfinance,MACD_PASS,2022-02-01,2022-02-02,108.51973011101752,GREEN,426.1893310546875,433.8235113525391,414.4439657592773,-0.5812228323448396,-0.8384975029552799,-1.135750484396293,True,2022-01-11,104.32836108005334,4.017478073625691,True,2.0,0.9000338669375996,-12.749044416345756,0.9000338669375996,-5.898282557545298,-2.481661943128721,-6.1691672781572615,-8.222654997648405,-11.385887734134414,False,,False,,False,,MACD_PASS,yfinance,4.253435233490177,-1.7597656759730906,2.833982813533331,-1.019705026970652,18.73123655227675,426.1892395019531,433.8235168457031,414.44396865844726,38.70967741935484,70.96774193548387,64,4,4,64,6.25,-2.1481704892689635e-05,1.2662209281089076e-06,6.995324319802876e-07,>2,"(-2,0]","(0,5]",<=-1,"(10,20]","(25,50]","(50,75]",2-4,"(5,10]"
BEAR_2022,SHW,yfinance,MACD_PASS,2022-02-01,2022-02-02,281.78583175975126,GREEN,426.1893310546875,433.8235113525391,414.4439657592773,-1.4361211902593034,-2.32513899075032,-2.760796535673343,True,2022-01-07,262.6738986611546,7.275916334287458,True,7.0,0.6979869621264179,-14.392256149965732,0.6979869621264179,-7.320404504396382,-2.4106431328710487,-7.17399647471979,-11.835222339143003,-11.937598907976875,False,,False,,False,,MACD_PASS,yfinance,4.253435233490177,-1.7597656759730906,2.833982813533331,-1.019705026970652,18.73123655227675,426.1892395019531,433.8235168457031,414.44396865844726,38.70967741935484,70.96774193548387,64,4,4,64,6.25,-2.1481704892689635e-05,1.2662209281089076e-06,6.995324319802876e-07,>2,"(-2,0]","(0,5]",<=-1,"(10,20]","(25,50]","(50,75]",2-4,"(5,10]"
BEAR_2022,ECL,yfinance,MACD_PASS,2022-02-02,2022-02-03,180.85910354041292,GREEN,430.3293151855469,433.6372375488281,414.6757595825195,-1.395333810799599,-2.1526875404145542,-2.980062433323406,True,2022-01-14,171.35870833075123,5.544156642056586,True,10.0,1.0558420560994095,-12.575516270406371,1.0558420560994095,-6.303519482548204,-1.5863803645343455,-6.298261424379559,-5.2896880963137605,-11.693020129055498,False,,False,,False,,MACD_PASS,yfinance,5.530950519417432,-0.7628124151166427,3.7749116010953765,-0.9978502119993515,19.22595620039745,430.32940673828125,433.63724548339843,414.6757632446289,45.16129032258065,90.3225806451613,64,1,1,64,1.5625,2.1275040107404664e-05,1.8297714454718061e-06,8.831259945552006e-07,>2,"(-2,0]","(0,5]","(-1,0]","(10,20]","(25,50]",>75,1,<=2
BEAR_2022,AMCR,yfinance,MACD_PASS,2022-02-09,2022-02-10,47.99625073577407,GREEN,430.5081481933594,432.3279095458984,415.5765510559082,-0.1975172133819434,-0.2570367776944424,-0.2626909848194308,True,2022-02-07,47.17368183271362,1.743702995194285,True,12.0,3.084831350352246,-7.722575239063989,3.084831350352246,-3.0481169581935807,1.028267172301156,2.1457428653496318,-2.2690252775222297,-5.645041743986057,True,4.0,True,6.0,False,,MACD_PASS,yfinance,0.041528869443197,-0.4209291746068988,3.5929756409208924,-0.7407299879318541,20.748308898964208,430.50811767578125,432.3279119873047,415.57655334472656,40.32258064516129,37.096774193548384,64,1,1,64,1.5625,-7.0887341552250405e-06,5.64711699624354e-07,5.507573286323009e-07,"(0,2]","(-2,0]","(0,5]","(-1,0]","(20,30]","(25,50]","(25,50]",1,<=2
BEAR_2022,KMB,yfinance,MACD_PASS,2022-02-15,2022-02-16,110.26421109851094,GREEN,419.7439880371094,431.65761413574216,416.1342323303223,-0.4425958043811535,-0.5125712863153071,-0.6357887195625769,True,2022-02-08,109.01335357366996,1.1474351387563475,True,5.0,1.6217636880597075,-9.869209125012713,1.6217636880597075,-3.3272061776331907,-2.1089888139046558,-0.4735335556542708,-7.971621776972604,-6.78086310852084,False,,False,,False,,MACD_PASS,yfinance,-1.0733130797727974,-2.7599647417159923,0.8674566495982194,-0.4992583814503182,22.232320917447552,419.7440185546875,431.6576165771484,416.13423446655275,27.419354838709676,19.35483870967742,64,1,1,64,1.5625,7.270521784619177e-06,5.655885981781239e-07,5.133512948063412e-07,"(-2,0]","(-5,-2]","(0,5]","(-1,0]","(20,30]","(25,50]",<=25,1,<=2
BEAR_2022,CL,yfinance,MACD_PASS,2022-02-18,2022-02-22,71.25401394536156,YELLOW,408.57525634765625,430.26861572265625,416.5099276733399,-0.2442910886139024,-0.3312306088176974,-0.3983870435161032,True,2022-02-10,69.4762529015122,2.558803864061976,True,2.0,0.5544385559755893,-9.022170204342428,0.5544385559755893,-4.914290298667179,-4.18345782376357,-5.657727154084058,-4.876510456844551,-6.123988064680019,False,,False,,False,,MACD_PASS,yfinance,-1.4144041391791928,-5.04179753442201,-1.9050164089801314,-0.6164584960000496,21.95200152031441,408.5753479003906,430.26862060546875,416.5099304199219,27.419354838709676,33.87096774193548,64,1,1,64,1.5625,2.240780196949288e-05,1.1348288753154634e-06,6.594277346394506e-07,"(-2,0]",<=-5,"(-5,0]","(-1,0]","(20,30]","(25,50]","(25,50]",1,<=2
BEAR_2022,PEP,yfinance,MACD_PASS,2022-02-22,2022-02-23,146.32603525682455,YELLOW,404.1905822753906,429.60719909667966,416.56468170166016,-0.4166361148313739,-0.5754890078550403,-0.7154769599128095,True,2022-02-14,142.3633125399178,2.7835280355643643,True,1.0,0.0,-8.716460064758502,0.0,-5.221151858048224,-2.719971841687463,-6.317871345387394,-4.9489332822102,-2.6991472483713586,False,,False,,False,,MACD_PASS,yfinance,-2.152523515279392,-5.9162466245130325,-2.9705116114912333,-0.6805745796191975,22.17516682984914,404.1905822753906,429.60720397949217,416.5646846008301,25.806451612903224,37.096774193548384,64,1,1,64,1.5625,0.0,1.136576033289316e-06,6.959711251752765e-07,"(-4,-2]",<=-5,"(-5,0]","(-1,0]","(20,30]","(25,50]","(25,50]",1,<=2
BEAR_2022,ESS,yfinance,MACD_PASS,2022-02-24,2022-02-25,269.2966079017338,YELLOW,402.9956665039063,428.0306231689453,416.6886807250976,-0.0692224071032514,-0.294902073885475,-0.3257460767895699,True,2022-02-14,259.3852634453957,3.821090035989872,False,,9.27801820629519,-1.675502926504635,9.27801820629519,-1.675502926504635,6.727094450902271,5.431265271831864,7.182064803521637,7.150708248632265,True,3.0,True,3.0,True,5.0,MACD_PASS,yfinance,-4.097611082513463,-5.848885656221725,-3.286165043233469,-0.9939873014779166,23.361178771666697,402.99560546875,428.03062744140624,416.6886833190918,20.967741935483872,11.290322580645162,64,2,2,64,3.125,-1.5145362930457651e-05,9.981671267311754e-07,6.225257198622103e-07,<=-4,<=-5,"(-5,0]","(-1,0]","(20,30]",<=25,<=25,2-4,"(2,5]"
BEAR_2022,WST,yfinance,MACD_FAIL,2022-02-24,2022-02-25,372.9723682663992,YELLOW,402.9956665039063,428.0306231689453,416.6886807250976,-1.6795169723333592,-2.593897880335273,-1.641336832256517,False,2022-02-23,344.9075084825873,8.13692340514205,False,,10.9095245128332,-5.029667148870621,10.9095245128332,-5.029667148870621,2.5505702487187643,-3.800747351047473,9.83419938149732,7.331269837656329,True,0.0,True,1.0,True,13.0,MACD_FAIL,yfinance,-4.097611082513463,-5.848885656221725,-3.286165043233469,-0.9939873014779166,23.361178771666697,402.99560546875,428.03062744140624,416.6886833190918,20.967741935483872,11.290322580645162,64,2,2,64,3.125,-1.5145362930457651e-05,9.981671267311754e-07,6.225257198622103e-07,<=-4,<=-5,"(-5,0]","(-1,0]","(20,30]",<=25,<=25,2-4,"(2,5]"
BEAR_2022,AOS,yfinance,MACD_FAIL,2022-02-25,2022-02-28,62.67903362376843,YELLOW,411.8873596191406,427.5792126464844,416.85975204467775,-0.1788919956377195,-0.2794355489293578,-0.2348906580183989,False,2022-01-19,59.89921196984549,4.640831761396735,False,,2.019880316566658,-5.005859939502644,2.019880316566658,-5.005859939502644,-1.4636940961682332,-3.571444207717611,-0.5854907488703653,-2.429756120511306,True,2.0,False,,False,,MACD_FAIL,yfinance,0.15788713236939422,-3.6699295716412617,-1.1928221100107939,-1.0784006082271036,24.59877866549694,411.8873596191406,427.5792156982422,416.85975494384763,29.032258064516128,59.67741935483871,64,12,12,64,18.75,0.0,7.137292312719978e-07,6.954784748103293e-07,"(0,2]","(-5,-2]","(-5,0]",<=-1,"(20,30]","(25,50]","(50,75]",10+,>10
BEAR_2022,BEN,yfinance,MACD_FAIL,2022-02-25,2022-02-28,23.429608719294965,YELLOW,411.8873596191406,427.5792126464844,416.85975204467775,-0.0572652849463659,-0.1204166836595288,-0.1015681450748907,False,2022-02-22,22.00746742183961,6.462085210422996,True,5.0,2.000678728949068,-10.308578409523792,2.000678728949068,-8.27400615770687,-7.731449949484004,-9.02001042849917,-6.239411129672279,-5.086475741982199,True,0.0,False,,False,,MACD_FAIL,yfinance,0.15788713236939422,-3.6699295716412617,-1.1928221100107939,-1.0784006082271036,24.59877866549694,411.8873596191406,427.5792156982422,416.85975494384763,29.032258064516128,59.67741935483871,64,12,12,64,18.75,0.0,7.137292312719978e-07,6.954784748103293e-07,"(0,2]","(-5,-2]","(-5,0]",<=-1,"(20,30]","(25,50]","(50,75]",10+,>10
BEAR_2022,CTAS,yfinance,MACD_FAIL,2022-02-25,2022-02-28,89.37023552398995,YELLOW,411.8873596191406,427.5792126464844,416.85975204467775,0.2295543926806849,0.0948479447586501,-0.0185303580267186,False,2022-02-22,85.4913399593805,4.537179516021661,False,,13.562601950129082,-2.5242045549520142,13.562601950129082,-2.5242045549520142,-0.4748063582053929,0.5955000293152102,4.965261153036504,13.533090462765715,True,2.0,True,3.0,True,13.0,MACD_FAIL,yfinance,0.15788713236939422,-3.6699295716412617,-1.1928221100107939,-1.0784006082271036,24.59877866549694,411.8873596191406,427.5792156982422,416.85975494384763,29.032258064516128,59.67741935483871,64,12,12,64,18.75,0.0,7.137292312719978e-07,6.954784748103293e-07,"(0,2]","(-5,-2]","(-5,0]",<=-1,"(20,30]","(25,50]","(50,75]",10+,>10
BEAR_2022,DOV,yfinance,MACD_FAIL,2022-02-25,2022-02-28,148.57382292621088,YELLOW,411.8873596191406,427.5792126464844,416.85975204467775,-0.2484685624624751,-0.5579078549628824,-0.552428991308211,False,2022-02-22,143.0746768006908,3.843549570397165,True,5.0,2.694452528559843,-6.97866124761839,1.596220200447207,-6.352958209088633,-6.231643919916474,-3.3201216863910643,0.9832760510119388,1.2961363396253534,False,,False,,False,,MACD_FAIL,yfinance,0.15788713236939422,-3.6699295716412617,-1.1928221100107939,-1.0784006082271036,24.59877866549694,411.8873596191406,427.5792156982422,416.85975494384763,29.032258064516128,59.67741935483871,64,12,12,64,18.75,0.0,7.137292312719978e-07,6.954784748103293e-07,"(0,2]","(-5,-2]","(-5,0]",<=-1,"(20,30]","(25,50]","(50,75]",10+,>10
BEAR_2022,FRT,yfinance,MACD_PASS,2022-02-25,2022-02-28,97.29406043549214,YELLOW,411.8873596191406,427.5792126464844,416.85975204467775,-0.0363542629290423,-0.2800078353118587,-0.3549571786951597,True,2022-02-18,93.2855036858811,4.297084317740296,False,,3.424873082897628,-2.3482543218375507,3.424873082897628,-2.3482543218375507,-1.5683329899926712,-1.373352027978747,0.4319764248527535,2.0662172191594497,True,3.0,True,7.0,False,,MACD_PASS,yfinance,0.15788713236939422,-3.6699295716412617,-1.1928221100107939,-1.0784006082271036,24.59877866549694,411.8873596191406,427.5792156982422,416.85975494384763,29.032258064516128,59.67741935483871,64,12,12,64,18.75,0.0,7.137292312719978e-07,6.954784748103293e-07,"(0,2]","(-5,-2]","(-5,0]",<=-1,"(20,30]","(25,50]","(50,75]",10+,>10
BEAR_2022,GPC,yfinance,MACD_FAIL,2022-02-25,2022-02-28,106.77131123293285,YELLOW,411.8873596191406,427.5792126464844,416.85975204467775,-0.578229401954153,-0.7500330483189448,-0.7010892298028419,False,2022-02-22,101.4959563936989,5.197600994832774,False,,7.643974443174395,-2.151616945606949,7.643974443174395,-2.151616945606949,-1.8038455793220052,1.102534323487947,6.219760847454436,5.689818478589803,True,2.0,True,2.0,True,12.0,MACD_FAIL,yfinance,0.15788713236939422,-3.6699295716412617,-1.1928221100107939,-1.0784006082271036,24.59877866549694,411.8873596191406,427.5792156982422,416.85975494384763,29.032258064516128,59.67741935483871,64,12,12,64,18.75,0.0,7.137292312719978e-07,6.954784748103293e-07,"(0,2]","(-5,-2]","(-5,0]",<=-1,"(20,30]","(25,50]","(50,75]",10+,>10
BEAR_2022,GWW,yfinance,MACD_FAIL,2022-02-25,2022-02-28,450.4961305054774,YELLOW,411.8873596191406,427.5792126464844,416.85975204467775,0.004236352695333,-0.8182923353464524,-0.9520152293069976,False,2022-02-23,434.6865893319718,3.636997680973275,False,,9.162648514980257,-1.6355764125362326,9.162648514980257,-1.6355764125362326,4.423933835382909,2.8138721967355678,7.675936570220365,9.130739966746493,True,1.0,True,3.0,True,5.0,MACD_FAIL,yfinance,0.15788713236939422,-3.6699295716412617,-1.1928221100107939,-1.0784006082271036,24.59877866549694,411.8873596191406,427.5792156982422,416.85975494384763,29.032258064516128,59.67741935483871,64,12,12,64,18.75,0.0,7.137292312719978e-07,6.954784748103293e-07,"(0,2]","(-5,-2]","(-5,0]",<=-1,"(20,30]","(25,50]","(50,75]",10+,>10
BEAR_2022,ITW,yfinance,MACD_PASS,2022-02-25,2022-02-28,193.7171976189349,YELLOW,411.8873596191406,427.5792126464844,416.85975204467775,-0.245429353600846,-0.6681102004671153,-0.823023639283603,True,2022-02-08,188.0042972773506,3.0387073190973,True,5.0,1.0386674377899752,-5.963090736183297,1.0386674377899752,-4.270630741110759,-4.233534471119816,-4.409747205101578,-1.7017376987528476,-0.6260058643620781,False,,False,,False,,MACD_PASS,yfinance,0.15788713236939422,-3.6699295716412617,-1.1928221100107939,-1.0784006082271036,24.59877866549694,411.8873596191406,427.5792156982422,416.85975494384763,29.032258064516128,59.67741935483871,64,12,12,64,18.75,0.0,7.137292312719978e-07,6.954784748103293e-07,"(0,2]","(-5,-2]","(-5,0]",<=-1,"(20,30]","(25,50]","(50,75]",10+,>10
BEAR_2022,JNJ,yfinance,MACD_FAIL,2022-02-25,2022-02-28,144.19498791646902,YELLOW,411.8873596191406,427.5792126464844,416.85975204467775,-0.5837602972871669,-0.9874173586321032,-0.8305480135445431,False,2022-02-22,137.864823311596,4.591573436079366,False,,9.400103348625224,-0.3008474544512918,9.400103348625224,-0.3008474544512918,5.734639252017515,5.41535756945275,7.957251192862369,9.185213708047968,True,2.0,True,3.0,True,5.0,MACD_FAIL,yfinance,0.15788713236939422,-3.6699295716412617,-1.1928221100107939,-1.0784006082271036,24.59877866549694,411.8873596191406,427.5792156982422,416.85975494384763,29.032258064516128,59.67741935483871,64,12,12,64,18.75,0.0,7.137292312719978e-07,6.954784748103293e-07,"(0,2]","(-5,-2]","(-5,0]",<=-1,"(20,30]","(25,50]","(50,75]",10+,>10
BEAR_2022,LOW,yfinance,MACD_FAIL,2022-02-25,2022-02-28,198.5732860487535,YELLOW,411.8873596191406,427.5792126464844,416.85975204467775,-0.7076844475452884,-1.0539841961213536,-0.9157464767146948,False,2022-02-17,188.50112756018493,5.343288190863826,False,,9.716483356785432,-4.529126051128496,9.716483356785432,-4.529126051128496,2.301391237013717,4.257576042388322,4.75929350665194,-1.6017573212770309,True,1.0,True,1.0,True,2.0,MACD_FAIL,yfinance,0.15788713236939422,-3.6699295716412617,-1.1928221100107939,-1.0784006082271036,24.59877866549694,411.8873596191406,427.5792156982422,416.85975494384763,29.032258064516128,59.67741935483871,64,12,12,64,18.75,0.0,7.137292312719978e-07,6.954784748103293e-07,"(0,2]","(-5,-2]","(-5,0]",<=-1,"(20,30]","(25,50]","(50,75]",10+,>10
BEAR_2022,O,yfinance,MACD_PASS,2022-02-25,2022-02-28,52.68787875692002,YELLOW,411.8873596191406,427.5792126464844,416.85975204467775,-0.0600770203108662,-0.1624191651079853,-0.1713463644474301,True,2022-02-15,50.4423670457229,4.4516382610706895,False,,3.338329068527357,-3.563944391310103,3.338329068527357,-3.563944391310103,-2.7519148713012758,-2.436076498710682,0.120279019156344,3.338329068527357,True,19.0,True,20.0,False,,MACD_PASS,yfinance,0.15788713236939422,-3.6699295716412617,-1.1928221100107939,-1.0784006082271036,24.59877866549694,411.8873596191406,427.5792156982422,416.85975494384763,29.032258064516128,59.67741935483871,64,12,12,64,18.75,0.0,7.137292312719978e-07,6.954784748103293e-07,"(0,2]","(-5,-2]","(-5,0]",<=-1,"(20,30]","(25,50]","(50,75]",10+,>10
BEAR_2022,XOM,yfinance,MACD_FAIL,2022-02-25,2022-02-28,65.79357176817419,YELLOW,411.8873596191406,427.5792126464844,416.85975204467775,-0.6436406558802077,-0.7388918866921408,-0.6804326808337668,False,2022-02-24,63.66094163540749,3.3499820737501462,False,,19.605321114000507,-0.4051825634984185,19.605321114000507,-0.4051825634984185,13.867489003513532,7.018707856420536,7.436950846666934,8.234219299350798,True,0.0,True,0.0,True,1.0,MACD_FAIL,yfinance,0.15788713236939422,-3.6699295716412617,-1.1928221100107939,-1.0784006082271036,24.59877866549694,411.8873596191406,427.5792156982422,416.85975494384763,29.032258064516128,59.67741935483871,64,12,12,64,18.75,0.0,7.137292312719978e-07,6.954784748103293e-07,"(0,2]","(-5,-2]","(-5,0]",<=-1,"(20,30]","(25,50]","(50,75]",10+,>10
BEAR_2022,AFL,yfinance,MACD_PASS,2022-02-28,2022-03-01,54.98430024087267,YELLOW,410.8335266113281,426.97095642089846,417.00287048339845,-0.5109304857097106,-0.5182835334089729,-0.5747754352132011,True,2022-02-23,53.14029464409968,3.4700703282188883,True,0.0,9.218585431310222,-3.750207341058265,0.4625848333734028,-3.750207341058265,-2.147686992984299,1.2060285598742615,6.492655037725714,7.91344579000417,False,,False,,False,,MACD_PASS,yfinance,0.5526883119511883,-3.7795223383703114,-1.4794566371816642,-1.1827135051493687,22.94920688058887,410.83349609375,426.9709588623047,417.0028727722168,24.193548387096776,45.16129032258065,64,4,4,64,6.25,-7.4282102469069855e-06,5.717967876961438e-07,5.488735244085774e-07,"(0,2]","(-5,-2]","(-5,0]",<=-1,"(20,30]",<=25,"(25,50]",2-4,"(5,10]"
BEAR_2022,ALB,yfinance,MACD_PASS,2022-02-28,2022-03-01,183.86378896633812,YELLOW,410.8335266113281,426.97095642089846,417.00287048339845,-3.080823544179188,-3.882941876323695,-4.384181816747328,True,2022-02-22,160.6538634111752,14.447163026362952,False,,15.360603974194674,-12.58229882768368,15.360603974194674,-12.58229882768368,-7.065017936642959,-6.442828031809011,5.936586704659441,14.634091514905778,True,13.0,True,14.0,True,15.0,MACD_PASS,yfinance,0.5526883119511883,-3.7795223383703114,-1.4794566371816642,-1.1827135051493687,22.94920688058887,410.83349609375,426.9709588623047,417.0028727722168,24.193548387096776,45.16129032258065,64,4,4,64,6.25,-7.4282102469069855e-06,5.717967876961438e-07,5.488735244085774e-07,"(0,2]","(-5,-2]","(-5,0]",<=-1,"(20,30]",<=25,"(25,50]",2-4,"(5,10]"
BEAR_2022,IBM,yfinance,MACD_PASS,2022-02-28,2022-03-01,103.89790844517856,YELLOW,410.8335266113281,426.97095642089846,417.00287048339845,-0.9604620381488196,-1.0567055304657211,-1.2542098893803957,True,2022-02-16,100.62859995904071,3.248885990134576,False,,8.290523996650311,-1.6059356404244496,8.290523996650311,-1.6059356404244496,2.45372101071808,2.4211173594745894,5.209082012698585,7.556853315147283,True,2.0,True,2.0,True,13.0,MACD_PASS,yfinance,0.5526883119511883,-3.7795223383703114,-1.4794566371816642,-1.1827135051493687,22.94920688058887,410.83349609375,426.9709588623047,417.0028727722168,24.193548387096776,45.16129032258065,64,4,4,64,6.25,-7.4282102469069855e-06,5.717967876961438e-07,5.488735244085774e-07,"(0,2]","(-5,-2]","(-5,0]",<=-1,"(20,30]",<=25,"(25,50]",2-4,"(5,10]"
BEAR_2022,MKC,yfinance,MACD_PASS,2022-02-28,2022-03-01,85.53819929621267,YELLOW,410.8335266113281,426.97095642089846,417.00287048339845,-0.7567020160497203,-0.7705343322824904,-0.8333334627353982,True,2022-02-18,83.12637375362304,2.90139631224382,False,,12.940575115102714,-0.26301945499555,12.940575115102714,-0.26301945499555,2.6301998693473827,3.3981947786607902,1.82009702243604,1.9463584002449963,True,0.0,True,1.0,True,3.0,MACD_PASS,yfinance,0.5526883119511883,-3.7795223383703114,-1.4794566371816642,-1.1827135051493687,22.94920688058887,410.83349609375,426.9709588623047,417.0028727722168,24.193548387096776,45.16129032258065,64,4,4,64,6.25,-7.4282102469069855e-06,5.717967876961438e-07,5.488735244085774e-07,"(0,2]","(-5,-2]","(-5,0]",<=-1,"(20,30]",<=25,"(25,50]",2-4,"(5,10]"
BEAR_2022,LIN,yfinance,MACD_FAIL,2022-03-09,2022-03-10,264.9853968736675,YELLOW,402.15826416015625,422.0887731933594,417.583263092041,-0.0923492188312451,-1.3358100361259453,-1.0495773845659135,False,2022-03-07,251.6680222983713,5.291643512622124,False,,17.273794227280128,-0.1354547912019721,17.273794227280128,-0.1354547912019721,10.276600852480012,13.36705021254696,13.862510243177084,13.370608873421052,True,0.0,True,1.0,True,3.0,MACD_FAIL,yfinance,-2.393274888453034,-4.72186958977765,-3.693867345155355,-1.5467650347310347,25.814846489025907,402.1582946777344,422.0887762451172,417.5832666015625,30.64516129032258,30.64516129032258,64,1,1,64,1.5625,7.5884498240696985e-06,7.230132714752813e-07,8.404363427416683e-07,"(-4,-2]","(-5,-2]","(-5,0]",<=-1,"(20,30]","(25,50]","(25,50]",1,<=2
BEAR_2022,AMCR,yfinance,MACD_FAIL,2022-03-10,2022-03-11,45.57767401075892,YELLOW,400.34228515625,421.1216973876953,417.63684814453126,-0.2569039332843292,-0.2488287683424173,-0.2884480046950128,False,2022-03-07,44.289704160774114,2.908057017742549,False,,7.474952189814998,-0.8204137844315618,7.474952189814998,-0.8204137844315618,6.381023820769016,3.3728584896324687,5.195996855761353,6.836843983364749,True,1.0,True,1.0,True,1.0,MACD_FAIL,yfinance,-2.347893865240336,-4.934308685263056,-4.14106105504951,-1.6141200605094608,25.00338465984033,400.3422546386719,421.12169921875,417.63685165405275,30.64516129032258,20.967741935483872,64,2,2,64,3.125,-7.622871545098775e-06,4.34804170446057e-07,8.403285178815167e-07,"(-4,-2]","(-5,-2]","(-5,0]",<=-1,"(20,30]","(25,50]",<=25,2-4,"(2,5]"
BEAR_2022,SYY,yfinance,MACD_FAIL,2022-03-10,2022-03-11,71.56326079725113,YELLOW,400.34228515625,421.1216973876953,417.63684814453126,-0.9278324815193096,-0.9802616503523084,-0.9781838732837738,False,2022-03-08,66.67951738989242,7.324203291397868,False,,7.831378462510941,-5.9202488027628615,7.831378462510941,-5.9202488027628615,0.6192607044552156,0.210548056532156,2.649700192353044,6.585780924765339,True,12.0,True,12.0,True,20.0,MACD_FAIL,yfinance,-2.347893865240336,-4.934308685263056,-4.14106105504951,-1.6141200605094608,25.00338465984033,400.3422546386719,421.12169921875,417.63685165405275,30.64516129032258,20.967741935483872,64,2,2,64,3.125,-7.622871545098775e-06,4.34804170446057e-07,8.403285178815167e-07,"(-4,-2]","(-5,-2]","(-5,0]",<=-1,"(20,30]","(25,50]",<=25,2-4,"(2,5]"
BEAR_2022,MCD,yfinance,MACD_PASS,2022-03-14,2022-03-15,206.63158302063667,YELLOW,392.36322021484375,418.92803833007815,417.6699139404297,-1.309874969665331,-1.7257478763216527,-2.2263007706976854,True,2022-03-02,197.29610317872485,4.731710201825456,False,,12.062468725117292,0.0,12.062468725117292,0.0,4.447756169200234,8.856052501231648,9.005168489714531,9.294701480178414,True,0.0,True,1.0,True,4.0,MACD_PASS,yfinance,-0.5793511400236317,-6.341127509036815,-6.059004081787689,-1.883715061370117,23.93653582688605,392.36328125,418.92804260253905,417.6699186706543,27.419354838709676,40.32258064516129,64,1,1,64,1.5625,1.5555779220299826e-05,1.0198555555618327e-06,1.132527005509587e-06,"(-2,0]",<=-5,<=-5,<=-1,"(20,30]","(25,50]","(25,50]",1,<=2
BEAR_2022,KO,yfinance,MACD_PASS,2022-03-15,2022-03-16,52.75349461106612,YELLOW,400.991455078125,418.0098876953125,417.71836029052736,-0.3084275536371129,-0.4294390247446163,-0.4888691799812475,True,2022-03-09,50.3560161063528,4.761056751689408,False,,8.5145359503493,-1.9571732901247807,8.5145359503493,-1.9571732901247807,1.037130546488374,4.064895633646759,5.5536787704348,8.280344981368138,True,3.0,True,7.0,True,12.0,MACD_PASS,yfinance,2.383168991718465,-4.071300177858661,-4.0043511345913,-1.948203243310076,25.461815662650643,400.991455078125,418.009892578125,417.71836517333986,35.483870967741936,70.96774193548387,64,1,1,64,1.5625,0.0,1.168109320381916e-06,1.1689245571488982e-06,>2,"(-5,-2]","(-5,0]",<=-1,"(20,30]","(25,50]","(50,75]",1,<=2
BULL_2013_2014,ABT,legacy,MACD_FAIL,2013-01-28,2013-01-29,29.738,GREEN,136.43,130.1228,125.9065,-0.0681097690261195,-0.075593969740481,-0.0676252722990075,False,2013-01-25,29.495,0.823868452280041,False,,7.034770327527062,-0.0302643082924269,7.034770327527062,-0.0302643082924269,2.636357522361954,4.035241105656051,4.701055888089312,3.910821171565004,True,2.0,True,3.0,True,8.0,MACD_FAIL,legacy,1.1641702506302698,4.847113649567936,8.358186431995174,1.319334352837842,12.032039651179856,136.43,130.1228,125.9065,86.53846153846153,67.3076923076923,52,1,1,52,1.9230769230769231,0.0,0.0,0.0,"(0,2]",>2,>5,>1,"(10,20]",>75,"(50,75]",1,<=2
BULL_2013_2014,MKC,legacy,MACD_PASS,2013-01-31,2013-02-01,57.336,GREEN,136.11,130.9474,126.10955,-0.4012712593231692,-0.4453251029138266,-0.4772713912168413,True,2013-01-28,55.377,3.53756974917383,False,,9.981512487791267,-0.6871773405888071,9.981512487791267,-0.6871773405888071,1.0447188502860305,2.72603599832566,3.8823775638342495,9.916980605553238,True,8.0,True,9.0,True,14.0,MACD_PASS,legacy,0.19876325088339364,3.942499049236581,7.929970410646936,1.6958182346280326,5.508041919637316,136.11,130.9474,126.10955,90.38461538461539,50.0,52,1,1,52,1.9230769230769231,0.0,0.0,0.0,"(0,2]",>2,>5,>1,<=10,>75,"(25,50]",1,<=2
BULL_2013_2014,PPG,legacy,MACD_FAIL,2013-02-05,2013-02-06,64.106,GREEN,137.35,131.6206,126.31115,-0.4656367416544846,-0.4459715145248966,-0.4224535666603621,False,2013-02-04,63.672,0.6816182937555038,True,4.0,1.547437057373724,-6.651483480485442,1.2791314385549146,-1.8095030106386245,0.8501544317224718,-5.284996724175572,-1.945215736436512,-1.3649268399213654,False,,False,,False,,MACD_FAIL,legacy,0.2627929045915689,4.352966025075111,8.739410574600882,1.8740025108475722,8.250541809542465,137.35,131.6206,126.31115000000001,90.38461538461539,63.46153846153846,52,1,1,52,1.9230769230769231,0.0,0.0,2.220446049250313e-14,"(0,2]",>2,>5,>1,<=10,>75,"(50,75]",1,<=2
BULL_2013_2014,APD,legacy,MACD_FAIL,2013-02-07,2013-02-08,77.232,GREEN,137.27,132.016,126.4535,-0.2856747118484639,-0.2808879856986912,-0.2754381076345591,False,2013-02-06,76.547,0.8948750440905595,True,8.0,1.9214833229749264,-3.883105448518742,1.806246115599741,-2.910710586285481,0.7781748498031815,-3.7898798425523017,-1.3828464885021765,1.4631240936399337,False,,False,,False,,MACD_FAIL,legacy,0.852251855117192,3.9798206278027104,8.553737144483954,1.8278977710106226,8.157802091900079,137.27,132.016,126.4535,90.38461538461539,71.15384615384616,52,1,1,52,1.9230769230769231,0.0,0.0,0.0,"(0,2]",>2,>5,>1,<=10,>75,"(50,75]",1,<=2
BULL_2013_2014,ITW,legacy,MACD_PASS,2013-02-11,2013-02-12,56.753,GREEN,137.98,132.4486,126.60915,-0.203348187857228,-0.2403881179916646,-0.2770901311403114,True,2013-02-04,55.622,2.0333680917622443,True,7.0,2.835092418021956,-5.02352298556904,2.835092418021956,-2.4791640970521445,0.3982168343523717,-2.2606734445756227,-0.4123130054798918,-2.463305904533686,True,3.0,False,,False,,MACD_PASS,legacy,1.4857310973815707,4.176261583738894,8.981064954626095,1.7873885283747226,7.931912811530485,137.98,132.4486,126.60915000000001,88.46153846153847,82.6923076923077,52,1,1,52,1.9230769230769231,0.0,0.0,2.220446049250313e-14,"(0,2]",>2,>5,>1,<=10,>75,>75,1,<=2
BULL_2013_2014,SWK,legacy,MACD_FAIL,2013-02-12,2013-02-13,70.042,GREEN,138.22,132.64700000000002,126.6785,-0.1800072463857525,-0.2541038862267716,-0.2183342291817412,False,2013-02-11,68.451,2.3242903682926697,True,7.0,5.378201650438297,-3.1980811513092067,2.498500899460332,-3.122412266925556,-1.9088546871876888,1.4662630992832826,1.35632905970704,5.206875874475303,True,3.0,False,,False,,MACD_FAIL,legacy,0.6334182744812455,4.201376585976302,9.11085938024212,1.7164512156407241,7.884895691060438,138.22,132.64700000000002,126.67849999999999,90.38461538461539,78.84615384615384,52,1,1,52,1.9230769230769231,0.0,0.0,-1.1102230246251565e-14,"(0,2]",>2,>5,>1,<=10,>75,>75,1,<=2
BULL_2013_2014,BF-B,legacy,MACD_FAIL,2013-02-15,2013-02-19,30.976,GREEN,138.3,133.2778,126.87615,-0.0073418839866855,-0.0347436036292656,-0.0323957765456511,False,2013-02-13,30.323,2.153480856115819,False,,5.859375,0.0,5.859375,0.0,0.6714876033057982,4.3194731404958775,4.535769628099184,5.336389462809921,True,1.0,True,9.0,True,16.0,MACD_FAIL,legacy,0.21012970074634207,3.768219463406508,9.003938092383802,1.5946847905794703,7.740359787938958,138.3,133.2778,126.87615,90.38461538461539,82.6923076923077,52,1,1,52,1.9230769230769231,0.0,0.0,0.0,"(0,2]",>2,>5,>1,<=10,>75,>75,1,<=2
BULL_2013_2014,AFL,legacy,MACD_PASS,2013-02-20,2013-02-21,44.66,GREEN,137.62,133.69899999999998,127.00555,-0.156931068569176,-0.2328084360413349,-0.3001969122975358,True,2013-02-11,43.172,3.4466784026683905,False,,4.236453201970458,-2.648902821316612,4.236453201970458,-2.648902821316612,0.2395879982087123,3.490819525302302,1.6636811464397772,2.469771607702653,True,8.0,True,9.0,False,,MACD_PASS,legacy,-0.43409058023440306,2.932707050912886,8.357469417675055,1.5790841251293486,9.35252487315912,137.62,133.69899999999998,127.00555,88.46153846153847,65.38461538461539,52,3,3,52,5.769230769230769,0.0,0.0,0.0,"(-2,0]",>2,>5,>1,<=10,>75,"(50,75]",2-4,"(5,10]"
BULL_2013_2014,MCD,legacy,MACD_FAIL,2013-02-20,2013-02-21,80.44,GREEN,137.62,133.69899999999998,127.00555,-0.2769574081280095,-0.278732392870651,-0.2657964869377269,False,2013-02-15,80.241,0.2480028912899889,False,,7.557185479860773,-0.1504226752859216,7.557185479860773,-0.1504226752859216,3.457235206365006,4.74390850323223,7.141969169567375,6.29537543510692,True,2.0,True,2.0,True,11.0,MACD_FAIL,legacy,-0.43409058023440306,2.932707050912886,8.357469417675055,1.5790841251293486,9.35252487315912,137.62,133.69899999999998,127.00555,88.46153846153847,65.38461538461539,52,3,3,52,5.769230769230769,0.0,0.0,0.0,"(-2,0]",>2,>5,>1,<=10,>75,"(50,75]",2-4,"(5,10]"
BULL_2013_2014,MHFI,legacy,MACD_PASS,2013-02-20,2013-02-21,42.541,GREEN,137.62,133.69899999999998,127.00555,-0.2412596876419694,-0.4305890053752477,-0.676878691149291,True,2013-02-06,39.241,8.409571621518296,False,,9.595449096166051,-0.8932559178204458,9.595449096166051,-0.8932559178204458,2.689170447333167,5.291365976352247,7.811287933993083,7.193060811922614,True,2.0,True,2.0,True,8.0,MACD_PASS,legacy,-0.43409058023440306,2.932707050912886,8.357469417675055,1.5790841251293486,9.35252487315912,137.62,133.69899999999998,127.00555,88.46153846153847,65.38461538461539,52,3,3,52,5.769230769230769,0.0,0.0,0.0,"(-2,0]",>2,>5,>1,<=10,>75,"(50,75]",2-4,"(5,10]"
BULL_2013_2014,BCR,legacy,MACD_FAIL,2013-02-27,2013-02-28,96.584,GREEN,138.11,134.4964,127.367,-0.3337034659530087,-0.4087510320116486,-0.3959975461887497,False,2013-02-26,94.798,1.8840059916875875,False,,3.5264640106021705,-1.2838565393854195,3.5264640106021705,-1.2838565393854195,0.5943013335542036,3.0398409674480265,1.1016317402468223,1.8346724095088085,True,6.0,True,6.0,False,,MACD_FAIL,legacy,0.3560528992879064,2.6867633631829646,8.434680882803235,1.3942267823621846,13.190509405904432,138.11,134.4964,127.367,82.6923076923077,65.38461538461539,52,3,3,52,5.769230769230769,0.0,0.0,0.0,"(0,2]",>2,>5,>1,"(10,20]",>75,"(50,75]",2-4,"(5,10]"
BULL_2013_2014,LOW,legacy,MACD_FAIL,2013-02-27,2013-02-28,34.833,GREEN,138.11,134.4964,127.367,-0.3476681877608651,-0.4130021930474181,-0.3845969623828502,False,2013-02-25,33.097,5.245188385654287,False,,5.164642723853818,-0.5023971521258441,5.164642723853818,-0.5023971521258441,2.5406941693222107,3.8698934918037553,0.0545459765165068,0.4794304251715342,True,1.0,True,4.0,True,7.0,MACD_FAIL,legacy,0.3560528992879064,2.6867633631829646,8.434680882803235,1.3942267823621846,13.190509405904432,138.11,134.4964,127.367,82.6923076923077,65.38461538461539,52,3,3,52,5.769230769230769,0.0,0.0,0.0,"(0,2]",>2,>5,>1,"(10,20]",>75,"(50,75]",2-4,"(5,10]"
BULL_2013_2014,SHW,legacy,MACD_PASS,2013-02-27,2013-02-28,153.63,GREEN,138.11,134.4964,127.367,-0.8145939039917154,-1.2050267975656794,-1.2219432680203577,True,2013-02-22,146.69,4.731065512304866,False,,6.945258087613104,-0.9242986395886166,6.945258087613104,-0.9242986395886166,2.2456551454794083,4.875349866562528,4.777712686324298,4.764694395625857,True,2.0,True,3.0,True,9.0,MACD_PASS,legacy,0.3560528992879064,2.6867633631829646,8.434680882803235,1.3942267823621846,13.190509405904432,138.11,134.4964,127.367,82.6923076923077,65.38461538461539,52,3,3,52,5.769230769230769,0.0,0.0,0.0,"(0,2]",>2,>5,>1,"(10,20]",>75,"(50,75]",2-4,"(5,10]"
BULL_2013_2014,MDT,legacy,MACD_PASS,2013-02-28,2013-03-01,40.689,GREEN,137.84,134.6874,127.4487,-0.3164091743567984,-0.3866079893836526,-0.4308374804871151,True,2013-02-21,39.516,2.968417856058303,False,,4.927621715942898,-0.6488240064882467,4.927621715942898,-0.6488240064882467,1.791639017916391,1.3861240138612452,2.656737693234046,4.460665044606649,True,2.0,True,4.0,False,,MACD_PASS,legacy,0.7823353074504658,2.3406792320588288,8.153319727859131,1.3855057103370205,13.115279477687771,137.84,134.6874,127.4487,84.61538461538461,73.07692307692308,52,3,3,52,5.769230769230769,0.0,0.0,0.0,"(0,2]",>2,>5,>1,"(10,20]",>75,"(50,75]",2-4,"(5,10]"
BULL_2013_2014,NUE,legacy,MACD_PASS,2013-02-28,2013-03-01,38.682,GREEN,137.84,134.6874,127.4487,-0.3238784065255348,-0.3855244775104798,-0.4428442086551266,True,2013-02-22,37.575,2.94610778443114,False,,7.380693862778553,-1.587301587301604,7.380693862778553,-1.587301587301604,6.62065043172535,4.268135049894006,3.262499353704573,1.819967943746437,True,2.0,True,2.0,True,4.0,MACD_PASS,legacy,0.7823353074504658,2.3406792320588288,8.153319727859131,1.3855057103370205,13.115279477687771,137.84,134.6874,127.4487,84.61538461538461,73.07692307692308,52,3,3,52,5.769230769230769,0.0,0.0,0.0,"(0,2]",>2,>5,>1,"(10,20]",>75,"(50,75]",2-4,"(5,10]"
BULL_2013_2014,TROW,legacy,MACD_PASS,2013-02-28,2013-03-01,61.513,GREEN,137.84,134.6874,127.4487,-0.3829514456353572,-0.4082052052940713,-0.471305496378067,True,2013-02-25,60.341,1.9422946255448048,False,,7.274884983662,-1.3753190382520764,7.274884983662,-1.3753190382520764,5.605319200819348,6.64737535155171,4.618535919236577,4.811990961260215,True,2.0,True,2.0,True,4.0,MACD_PASS,legacy,0.7823353074504658,2.3406792320588288,8.153319727859131,1.3855057103370205,13.115279477687771,137.84,134.6874,127.4487,84.61538461538461,73.07692307692308,52,3,3,52,5.769230769230769,0.0,0.0,0.0,"(0,2]",>2,>5,>1,"(10,20]",>75,"(50,75]",2-4,"(5,10]"
BULL_2013_2014,ABT,legacy,MACD_PASS,2013-03-05,2013-03-06,31.272,GREEN,140.28,135.21460000000002,127.7366,-0.0801051976957984,-0.1223825727401048,-0.1511733421286542,True,2013-02-28,30.126,3.804023102967524,False,,6.395497569710917,-4.03875671527244,6.395497569710917,-4.03875671527244,0.984906625735471,-2.4814530570478333,-0.1758761831670452,5.714377078536703,True,18.0,True,18.0,True,20.0,MACD_PASS,legacy,2.8521152577168474,3.7461930886161676,9.819738430489,1.2766065813698324,12.222487175047851,140.28,135.21460000000002,127.7366,84.61538461538461,98.07692307692308,52,1,1,52,1.9230769230769231,0.0,0.0,0.0,>2,>2,>5,>1,"(10,20]",>75,>75,1,<=2
BULL_2013_2014,WAG,legacy,MACD_FAIL,2013-03-08,2013-03-11,36.969,GREEN,141.35,135.8604,128.0919,-0.2192206573237562,-0.2428391094057422,-0.2198559094121541,False,2013-03-07,36.258,1.9609465497269607,False,,19.446022343044177,-0.1704130487706012,19.446022343044177,-0.1704130487706012,4.712056046958257,13.99280478238525,16.789742757445424,19.226919851767697,True,0.0,True,2.0,True,2.0,MACD_FAIL,legacy,2.197961101872603,4.040618163938858,10.35045931866103,1.348272698111952,11.810039709987127,141.35,135.8604,128.0919,90.38461538461539,86.53846153846153,52,1,1,52,1.9230769230769231,0.0,0.0,0.0,>2,>2,>5,>1,"(10,20]",>75,>75,1,<=2
BULL_2013_2014,CL,legacy,MACD_FAIL,2013-03-20,2013-03-21,51.372,GREEN,142.18,137.6484,129.0412,-0.1853383179502465,-0.2421563170769305,-0.2262681154433786,False,2013-03-18,50.115,2.508231068542344,False,,5.674297282566387,-0.6676788912247877,5.674297282566387,-0.6676788912247877,3.4357237405590717,2.2911313556022828,3.737444522307865,5.520517013158921,True,3.0,True,5.0,True,20.0,MACD_FAIL,legacy,0.2962753950338737,3.2921559567710146,10.181864396797312,1.657407968142799,11.054450902849057,142.18,137.6484,129.0412,86.53846153846153,59.61538461538461,52,1,1,52,1.9230769230769231,0.0,0.0,0.0,"(0,2]",>2,>5,>1,"(10,20]",>75,"(50,75]",1,<=2
BULL_2013_2014,HCP,legacy,MACD_PASS,2013-03-22,2013-03-25,38.116,GREEN,142.1,138.00979999999998,129.31210000000002,-0.1088296985945643,-0.1376532976325815,-0.1421518528243369,True,2013-03-20,37.464,1.7403373905616082,False,,8.21439815300662,-0.650645398257943,8.21439815300662,-0.650645398257943,2.641935145345786,5.142197502361223,6.72158673522929,7.891699024031906,True,4.0,True,5.0,True,10.0,MACD_PASS,legacy,-0.14054813773718422,2.963702577643046,9.889175104263238,1.5820651197847146,11.149868038476765,142.1,138.00979999999998,129.31210000000002,82.6923076923077,55.76923076923077,52,1,1,52,1.9230769230769231,0.0,0.0,0.0,"(-2,0]",>2,>5,>1,"(10,20]",>75,"(50,75]",1,<=2
BULL_2013_2014,EMR,legacy,MACD_FAIL,2013-03-28,2013-04-01,48.143,GREEN,143.08,138.7102,129.81135,-0.158715463067345,-0.1767360158457314,-0.1463036401263382,False,2013-03-27,47.424,1.5161099865047325,True,10.0,3.200880709552778,-4.497019296678639,3.200880709552778,-3.605924018029627,0.7166150842282448,-3.605924018029627,-3.2382693226429504,-0.5089005670606217,True,6.0,True,8.0,False,,MACD_FAIL,legacy,1.489572989076482,3.150309061626322,10.221486796031321,1.3030395980310416,7.512884453746849,143.08,138.71020000000001,129.81135,90.38461538461539,82.6923076923077,52,3,3,52,5.769230769230769,0.0,2.220446049250313e-14,0.0,"(0,2]",>2,>5,>1,<=10,>75,>75,2-4,"(5,10]"
BULL_2013_2014,GWW,legacy,MACD_PASS,2013-03-28,2013-04-01,203.85,GREEN,143.08,138.7102,129.81135,-0.7381439422922698,-1.029071434715254,-1.1517691570208828,True,2013-03-25,198.3,2.798789712556715,True,2.0,11.194505764042194,-3.45842531272994,0.1324503311258329,-3.45842531272994,0.0883002207505478,0.5788570026980633,8.599460387539848,9.428501349031148,False,,False,,False,,MACD_PASS,legacy,1.489572989076482,3.150309061626322,10.221486796031321,1.3030395980310416,7.512884453746849,143.08,138.71020000000001,129.81135,90.38461538461539,82.6923076923077,52,3,3,52,5.769230769230769,0.0,2.220446049250313e-14,0.0,"(0,2]",>2,>5,>1,<=10,>75,>75,2-4,"(5,10]"
BULL_2013_2014,ITW,legacy,MACD_FAIL,2013-03-28,2013-04-01,55.252,GREEN,143.08,138.7102,129.81135,-0.0738523039196933,-0.0649340134866064,-0.0142123292100108,False,2013-03-27,54.665,1.0738132260129871,False,,8.405125606312879,-1.3284586983276614,8.405125606312879,-1.3284586983276614,1.7646420039093558,1.1565192210236663,-0.0760153478607139,6.57894736842104,True,3.0,True,7.0,True,17.0,MACD_FAIL,legacy,1.489572989076482,3.150309061626322,10.221486796031321,1.3030395980310416,7.512884453746849,143.08,138.71020000000001,129.81135,90.38461538461539,82.6923076923077,52,3,3,52,5.769230769230769,0.0,2.220446049250313e-14,0.0,"(0,2]",>2,>5,>1,<=10,>75,>75,2-4,"(5,10]"
BULL_2013_2014,LOW,legacy,MACD_PASS,2013-04-03,2013-04-04,35.01,GREEN,141.77,139.1978,130.1784,-0.0985875456465941,-0.1105962337008135,-0.1348454744824481,True,2013-04-01,34.455,1.6107966913365246,True,10.0,3.9245929734361695,-2.2165095686946468,3.9245929734361695,-2.2165095686946468,2.396458154812908,-1.613824621536697,0.0428449014567178,2.907740645529855,True,0.0,True,3.0,False,,MACD_PASS,legacy,-0.6099270891755326,1.8478740324918919,8.904395813744825,1.2648116677530519,8.25980232086631,141.77,139.1978,130.1784,80.76923076923077,48.07692307692308,52,1,1,52,1.9230769230769231,0.0,0.0,0.0,"(-2,0]","(0,2]",>5,>1,<=10,>75,"(25,50]",1,<=2
BULL_2013_2014,CAH,legacy,MACD_PASS,2013-04-04,2013-04-05,38.504,GREEN,142.33,139.3324,130.29385,-0.0909015741983075,-0.1695304642122161,-0.2573995379638928,True,2013-03-20,37.486,2.715680520727748,False,,10.76771244546022,-0.4259297735300094,10.76771244546022,-0.4259297735300094,2.368585082069385,1.8985040515271168,4.054124246831492,9.749636401412864,True,3.0,True,4.0,True,13.0,MACD_PASS,legacy,-0.21733034212000346,2.1514019711136756,9.237696176757403,1.2234068830440537,8.344785189210171,142.33,139.3324,130.29385,88.46153846153847,67.3076923076923,52,1,1,52,1.9230769230769231,0.0,0.0,0.0,"(-2,0]",>2,>5,>1,<=10,>75,"(50,75]",1,<=2
BULL_2013_2014,DOV,legacy,MACD_PASS,2013-04-05,2013-04-08,54.401,GREEN,141.7,139.4502,130.40009999999998,-0.223005421711648,-0.2558059453476076,-0.3026382038531086,True,2013-04-02,52.948,2.744201858427142,True,7.0,3.477877244903582,-6.643260234186876,3.477877244903582,-4.095512950129598,-2.463190014889438,-5.8785684086689605,-3.5293468870057576,-0.3713167037370679,True,2.0,True,3.0,False,,MACD_PASS,legacy,-0.964495387195996,1.6133358001637843,8.665560839293839,1.181966199684803,8.523749640952156,141.7,139.4502,130.40009999999998,76.92307692307692,34.61538461538461,52,1,1,52,1.9230769230769231,0.0,0.0,0.0,"(-2,0]","(0,2]",>5,>1,<=10,>75,"(25,50]",1,<=2
BULL_2013_2014,APD,legacy,MACD_PASS,2013-04-08,2013-04-09,76.455,GREEN,142.65,139.5864,130.5099,-0.2152632016890475,-0.2768373121381393,-0.3030954451952262,True,2013-04-01,74.74,2.294621354027293,False,,5.73670786737297,-1.6741874305146842,5.73670786737297,-1.6741874305146842,0.61604865607221,-0.9168792099927936,1.1575436531293004,4.724347655483618,True,17.0,True,17.0,True,17.0,MACD_PASS,legacy,0.09121526803255176,2.194769691030074,9.302052947707429,1.1423826423920813,8.700180044044897,142.65,139.5864,130.5099,80.76923076923077,61.53846153846154,52,3,3,52,5.769230769230769,0.0,0.0,0.0,"(0,2]",>2,>5,>1,<=10,>75,"(50,75]",2-4,"(5,10]"
BULL_2013_2014,CVX,legacy,MACD_FAIL,2013-04-08,2013-04-09,98.817,GREEN,142.65,139.5864,130.5099,-0.3934825996406093,-0.3975319476472132,-0.3552842506309457,False,2013-04-04,97.312,1.5465718513646864,True,6.0,5.042654603964913,-3.274740176285451,2.6847607193094314,-3.274740176285451,-0.8186850440713656,-0.4219921673396132,3.403260572573563,4.29379560197134,True,2.0,False,,False,,MACD_FAIL,legacy,0.09121526803255176,2.194769691030074,9.302052947707429,1.1423826423920813,8.700180044044897,142.65,139.5864,130.5099,80.76923076923077,61.53846153846154,52,3,3,52,5.769230769230769,0.0,0.0,0.0,"(0,2]",>2,>5,>1,<=10,>75,"(50,75]",2-4,"(5,10]"
BULL_2013_2014,NUE,legacy,MACD_PASS,2013-04-08,2013-04-09,38.392,GREEN,142.65,139.5864,130.5099,-0.2332077257937616,-0.2706110316690133,-0.2889357984026498,True,2013-04-02,37.084,3.5271276022004194,True,7.0,3.201187747447376,-6.095019795790801,3.201187747447376,-5.451656595123988,-1.3857053552823628,-3.865388622629717,-0.8621587830798139,2.409356115857464,True,1.0,True,2.0,False,,MACD_PASS,legacy,0.09121526803255176,2.194769691030074,9.302052947707429,1.1423826423920813,8.700180044044897,142.65,139.5864,130.5099,80.76923076923077,61.53846153846154,52,3,3,52,5.769230769230769,0.0,0.0,0.0,"(0,2]",>2,>5,>1,<=10,>75,"(50,75]",2-4,"(5,10]"
BULL_2013_2014,SWK,legacy,MACD_FAIL,2013-04-09,2013-04-10,70.88,GREEN,143.15,139.71740000000003,130.6164,-0.4668942598694516,-0.4726526880333001,-0.4593893900572631,False,2013-04-03,69.273,2.319807139866903,True,6.0,2.7440744920993243,-5.279345372460487,2.7440744920993243,-3.064334085778775,-2.024548532731385,0.1058126410835358,-4.665632054176072,2.294018058690761,True,1.0,False,,False,,MACD_FAIL,legacy,-0.04887585532746819,2.456816402251949,9.595732235768262,1.1232913594865668,8.69533682894986,143.15,139.71740000000003,130.6164,84.61538461538461,48.07692307692308,52,1,1,52,1.9230769230769231,0.0,0.0,0.0,"(-2,0]",>2,>5,>1,<=10,>75,"(25,50]",1,<=2
BULL_2013_2014,AFL,legacy,MACD_FAIL,2013-04-10,2013-04-11,45.072,GREEN,144.89,139.8866,130.7326,-0.2205283925266816,-0.2265588044601033,-0.1778530900463553,False,2013-04-09,44.24,1.8806509945750396,True,2.0,11.430599929002462,-3.4411608093716795,0.1797124600638966,-2.666844160454396,-2.762247071352508,4.532747603833864,9.247426340078093,9.065495207667729,False,,False,,False,,MACD_FAIL,legacy,2.2007476899202683,3.5767543138513602,10.829280531405328,1.1154850900006785,9.553576493493756,144.89,139.8866,130.7326,88.46153846153847,88.46153846153847,52,3,3,52,5.769230769230769,0.0,0.0,0.0,>2,>2,>5,>1,<=10,>75,>75,2-4,"(5,10]"
BULL_2013_2014,MKC,legacy,MACD_FAIL,2013-04-10,2013-04-11,65.246,GREEN,144.89,139.8866,130.7326,-0.3270626508601739,-0.3494029519508397,-0.3166569076068779,False,2013-04-09,64.08,1.819600499375773,False,,2.945774453606376,-1.0958526193176388,2.945774453606376,-1.0958526193176388,0.1992459307850413,0.5854765043067811,1.894369003463825,2.1166048493394207,True,15.0,False,,False,,MACD_FAIL,legacy,2.2007476899202683,3.5767543138513602,10.829280531405328,1.1154850900006785,9.553576493493756,144.89,139.8866,130.7326,88.46153846153847,88.46153846153847,52,3,3,52,5.769230769230769,0.0,0.0,0.0,>2,>2,>5,>1,<=10,>75,>75,2-4,"(5,10]"
BULL_2013_2014,PPG,legacy,MACD_PASS,2013-04-10,2013-04-11,62.873,GREEN,144.89,139.8866,130.7326,-0.1207809700809375,-0.228817813042937,-0.2803323524618653,True,2013-03-25,60.943,3.1668936547265547,False,,15.660140282792302,-2.4493820877006023,15.660140282792302,-2.4493820877006023,4.418430804956031,9.061123216643075,10.242870548566165,14.734464714583371,True,0.0,True,5.0,True,5.0,MACD_PASS,legacy,2.2007476899202683,3.5767543138513602,10.829280531405328,1.1154850900006785,9.553576493493756,144.89,139.8866,130.7326,88.46153846153847,88.46153846153847,52,3,3,52,5.769230769230769,0.0,0.0,0.0,>2,>2,>5,>1,<=10,>75,>75,2-4,"(5,10]"
BULL_2013_2014,GPC,legacy,MACD_FAIL,2013-04-18,2013-04-19,64.902,GREEN,140.76,140.6442,131.4538,-0.4773372739097364,-0.4527724788241616,-0.390392381857954,False,2013-04-17,65.537,-0.9689183209484752,True,0.0,10.67609626821977,-2.124741918584938,1.8951650180271784,-2.124741918584938,2.189454870420016,4.999845921543256,6.03217158176943,10.649902930572242,False,,False,,False,,MACD_FAIL,legacy,-3.1778786628146927,0.08233542513660375,7.079445402110851,0.9414895602171569,14.714666142185557,140.76,140.6442,131.4538,67.3076923076923,25.0,52,1,1,52,1.9230769230769231,0.0,0.0,0.0,"(-4,-2]","(0,2]",>5,"(0,1]","(10,20]","(50,75]",<=25,1,<=2
BULL_2013_2014,XOM,legacy,MACD_PASS,2013-04-19,2013-04-22,74.516,GREEN,141.99,140.735,131.5526,-0.2495072579956949,-0.3237897000604283,-0.3399822948492008,True,2013-04-16,72.314,3.045053516608154,False,,6.53014117773365,-0.3623382897632865,6.53014117773365,-0.3623382897632865,0.6830747758870492,3.391217993451079,3.554941220677432,6.33689408985989,True,1.0,True,10.0,True,13.0,MACD_PASS,legacy,-2.0893669838642936,0.8917469002025058,7.934012706704396,0.9213324900215314,14.743236712088779,141.99,140.735,131.5526,71.15384615384616,38.46153846153846,52,1,1,52,1.9230769230769231,0.0,0.0,0.0,"(-4,-2]","(0,2]",>5,"(0,1]","(10,20]","(50,75]","(25,50]",1,<=2
BULL_2013_2014,ADM,legacy,MACD_PASS,2013-04-22,2013-04-23,28.832,GREEN,142.62,140.842,131.6528,-0.1559548313870889,-0.182677420817846,-0.2079576108408233,True,2013-04-15,28.093,2.63054853522231,False,,9.02816315205326,-0.922586015538296,9.02816315205326,-0.922586015538296,4.98404550499445,6.225721420643726,5.941315205327413,7.970310765815758,True,2.0,True,3.0,True,4.0,MACD_PASS,legacy,0.6705724571186789,1.2624075204839436,8.330396315156218,0.8995145658889481,14.557032221040473,142.62,140.842,131.6528,71.15384615384616,75.0,52,1,1,52,1.9230769230769231,0.0,0.0,0.0,"(0,2]","(0,2]",>5,"(0,1]","(10,20]","(50,75]","(50,75]",1,<=2
BULL_2013_2014,BCR,legacy,MACD_FAIL,2013-04-23,2013-04-24,97.257,GREEN,144.09,140.9636,131.75635,-0.3545904619632583,-0.3452258964582637,-0.2146234740547661,False,2013-04-22,95.862,1.4552168742567595,False,,8.547456738332437,-1.7654256248907485,8.547456738332437,-1.7654256248907485,0.0421563486432852,3.5915152636828207,7.580945330413225,5.863845275918433,True,7.0,True,10.0,True,12.0,MACD_FAIL,legacy,0.22954924874791782,2.2178775229917402,9.36095300150619,0.8919433084211281,14.88853104486566,144.09,140.9636,131.75635,82.6923076923077,73.07692307692308,52,4,4,52,7.6923076923076925,0.0,0.0,0.0,"(0,2]",>2,>5,"(0,1]","(10,20]",>75,"(50,75]",2-4,"(5,10]"
BULL_2013_2014,BEN,legacy,MACD_PASS,2013-04-23,2013-04-24,47.216,GREEN,144.09,140.9636,131.75635,-0.1692255600900438,-0.2591652868306262,-0.2746049162001407,True,2013-04-19,44.945,5.052842362887966,False,,11.27795662487292,-0.5167739749237565,11.27795662487292,-0.5167739749237565,0.777278888512356,5.239749237546598,9.287106065740414,7.359793290410033,True,4.0,True,4.0,True,10.0,MACD_PASS,legacy,0.22954924874791782,2.2178775229917402,9.36095300150619,0.8919433084211281,14.88853104486566,144.09,140.9636,131.75635,82.6923076923077,73.07692307692308,52,4,4,52,7.6923076923076925,0.0,0.0,0.0,"(0,2]",>2,>5,"(0,1]","(10,20]",>75,"(50,75]",2-4,"(5,10]"
BULL_2013_2014,MDT,legacy,MACD_FAIL,2013-04-23,2013-04-24,42.684,GREEN,144.09,140.9636,131.75635,-0.1036074840054817,-0.1386640722685463,-0.1369839680630357,False,2013-04-19,41.469,2.9298994429573844,False,,15.17196139068504,-1.2159122856339577,15.17196139068504,-1.2159122856339577,-0.1897666572954648,4.437259863180598,6.99793833755038,10.252085090432027,True,7.0,True,10.0,True,11.0,MACD_FAIL,legacy,0.22954924874791782,2.2178775229917402,9.36095300150619,0.8919433084211281,14.88853104486566,144.09,140.9636,131.75635,82.6923076923077,73.07692307692308,52,4,4,52,7.6923076923076925,0.0,0.0,0.0,"(0,2]",>2,>5,"(0,1]","(10,20]",>75,"(50,75]",2-4,"(5,10]"
BULL_2013_2014,PNR,legacy,MACD_FAIL,2013-04-23,2013-04-24,48.418,GREEN,144.09,140.9636,131.75635,-0.160005557715025,-0.3148399782617135,-0.2680822998626377,False,2013-04-19,45.18,7.166888003541394,False,,10.549795530587811,-0.097071337106025,10.549795530587811,-0.097071337106025,0.9438638522863309,4.678012309471691,8.978066008509234,7.66243958858277,True,0.0,True,1.0,True,10.0,MACD_FAIL,legacy,0.22954924874791782,2.2178775229917402,9.36095300150619,0.8919433084211281,14.88853104486566,144.09,140.9636,131.75635,82.6923076923077,73.07692307692308,52,4,4,52,7.6923076923076925,0.0,0.0,0.0,"(0,2]",>2,>5,"(0,1]","(10,20]",>75,"(50,75]",2-4,"(5,10]"
BULL_2013_2014,BMS,legacy,MACD_FAIL,2013-05-01,2013-05-02,34.825,GREEN,144.55,141.7382,132.46939999999998,-0.1851822313798793,-0.1813929755021084,-0.192394863503863,False,2013-04-29,34.543,0.8163737949801853,False,,5.720028715003589,-0.1751615218951951,5.720028715003589,-0.1751615218951951,1.108399138549876,4.051687006460858,3.474515434314407,0.8470926058865569,True,1.0,True,8.0,True,11.0,MACD_FAIL,legacy,0.24967057354881028,1.983798298553241,9.11954005981761,0.8267414067835377,14.58798984747243,144.55,141.7382,132.46939999999998,69.23076923076923,48.07692307692308,52,2,2,52,3.8461538461538463,0.0,0.0,0.0,"(0,2]","(0,2]",>5,"(0,1]","(10,20]","(50,75]","(25,50]",2-4,"(2,5]"
BULL_2013_2014,MMM,legacy,MACD_PASS,2013-05-01,2013-05-02,94.041,GREEN,144.55,141.7382,132.46939999999998,-0.2875555833347943,-0.3058859835307055,-0.3278417630915512,True,2013-04-29,92.115,2.090864680019533,False,,7.591369721717145,-0.129730649397608,7.591369721717145,-0.129730649397608,4.625642007209629,5.726225795131912,5.704958475558541,5.56778426431026,True,1.0,True,1.0,True,5.0,MACD_PASS,legacy,0.24967057354881028,1.983798298553241,9.11954005981761,0.8267414067835377,14.58798984747243,144.55,141.7382,132.46939999999998,69.23076923076923,48.07692307692308,52,2,2,52,3.8461538461538463,0.0,0.0,0.0,"(0,2]","(0,2]",>5,"(0,1]","(10,20]","(50,75]","(25,50]",2-4,"(2,5]"
BULL_2013_2014,CLX,legacy,MACD_FAIL,2013-05-02,2013-05-03,76.235,GREEN,145.88,141.9034,132.58935,-0.4303973532635532,-0.4446436687193555,-0.3645249890883077,False,2013-04-30,73.479,3.7507315015174343,True,19.0,2.1761658031088205,-4.946546861677703,2.1761658031088205,-3.806650488620711,-0.2570997573293043,1.1556371745261362,0.2754640257099705,-3.6912179445136695,True,7.0,False,,False,,MACD_FAIL,legacy,0.766733439248446,2.80232890825729,10.023919719042285,0.8953088716064928,14.844188245994044,145.88,141.9034,132.58935,86.53846153846153,57.69230769230769,52,2,2,52,3.8461538461538463,0.0,0.0,0.0,"(0,2]",>2,>5,"(0,1]","(10,20]",>75,"(50,75]",2-4,"(2,5]"
BULL_2013_2014,TROW,legacy,MACD_PASS,2013-05-02,2013-05-03,63.596,GREEN,145.88,141.9034,132.58935,-0.29816422522027,-0.3653453334416698,-0.3824327260098992,True,2013-04-26,61.585,3.2654055370625823,False,,9.393672558022503,-0.5582112082520907,9.393672558022503,-0.5582112082520907,2.651110132712753,6.979998742059257,5.011321466758933,3.72979432668723,True,3.0,True,6.0,True,8.0,MACD_PASS,legacy,0.766733439248446,2.80232890825729,10.023919719042285,0.8953088716064928,14.844188245994044,145.88,141.9034,132.58935,86.53846153846153,57.69230769230769,52,2,2,52,3.8461538461538463,0.0,0.0,0.0,"(0,2]",>2,>5,"(0,1]","(10,20]",>75,"(50,75]",2-4,"(2,5]"
BULL_2013_2014,CB,legacy,MACD_PASS,2013-05-03,2013-05-06,80.89,GREEN,147.38,142.1156,132.71825,-0.1347509143080785,-0.2183522663831265,-0.2240494745317423,True,2013-05-01,79.133,2.2203126382166705,False,,3.229076523674124,-2.116454444307092,3.229076523674124,-2.116454444307092,1.4229200148349497,1.0001236246754752,-0.6960069229818289,-1.4970948201260992,True,2.0,True,8.0,False,,MACD_PASS,legacy,1.9719089462395312,3.704308323646388,11.047274960301223,0.980992645752643,15.013370058275896,147.38,142.1156,132.71825,94.23076923076923,90.38461538461539,52,3,3,52,5.769230769230769,0.0,0.0,0.0,"(0,2]",>2,>5,"(0,1]","(10,20]",>75,>75,2-4,"(5,10]"
BULL_2013_2014,LEG,legacy,MACD_PASS,2013-05-03,2013-05-06,28.524,GREEN,147.38,142.1156,132.71825,-0.1144751649349595,-0.1675166548789743,-0.1747477377186252,True,2013-05-01,27.421,4.022464534480874,True,20.0,4.38227457579583,-6.177254242041785,4.38227457579583,-6.177254242041785,2.3804515495722933,3.137708596269806,1.2235310615621886,-4.445379329687283,True,3.0,True,6.0,False,,MACD_PASS,legacy,1.9719089462395312,3.704308323646388,11.047274960301223,0.980992645752643,15.013370058275896,147.38,142.1156,132.71825,94.23076923076923,90.38461538461539,52,3,3,52,5.769230769230769,0.0,0.0,0.0,"(0,2]",>2,>5,"(0,1]","(10,20]",>75,>75,2-4,"(5,10]"
BULL_2013_2014,PG,legacy,MACD_PASS,2013-05-03,2013-05-06,67.727,GREEN,147.38,142.1156,132.71825,-0.2290091496163394,-0.3004212796193671,-0.3561046241160019,True,2013-04-26,66.468,1.8941445507612675,False,,5.533982016034944,-2.4465870332363915,5.533982016034944,-2.4465870332363915,0.7161102662158303,1.359871247803679,3.6248468114636663,-0.8445671593308446,True,7.0,True,7.0,True,14.0,MACD_PASS,legacy,1.9719089462395312,3.704308323646388,11.047274960301223,0.980992645752643,15.013370058275896,147.38,142.1156,132.71825,94.23076923076923,90.38461538461539,52,3,3,52,5.769230769230769,0.0,0.0,0.0,"(0,2]",>2,>5,"(0,1]","(10,20]",>75,>75,2-4,"(5,10]"
BULL_2013_2014,WAG,legacy,MACD_FAIL,2013-05-07,2013-05-08,44.697,GREEN,148.49,142.5692,132.97055,-0.2776055183783656,-0.3354310039881805,-0.2879524854821522,False,2013-05-06,43.577,2.5701631594648555,False,,5.199454102065015,-4.423115645345332,5.199454102065015,-4.423115645345332,2.1231850012304987,2.928608183994452,0.6063046736917377,-0.977694252410688,True,5.0,True,5.0,True,10.0,MACD_FAIL,legacy,1.8100788481316465,4.152930647012121,11.671343767473319,1.139017448476043,14.943384913481275,148.49,142.5692,132.97055,98.07692307692308,86.53846153846153,52,1,1,52,1.9230769230769231,0.0,0.0,0.0,"(0,2]",>2,>5,>1,"(10,20]",>75,>75,1,<=2
BULL_2013_2014,HCP,legacy,MACD_FAIL,2013-05-14,2013-05-15,41.917,GREEN,150.9,143.72379999999998,133.66725,-0.122014945527162,-0.182133528776903,-0.1645800103539778,False,2013-05-13,40.546,3.381344645587725,True,7.0,4.699763818975589,-15.585561943841409,4.699763818975589,-5.794784932127783,1.1928334565928012,-10.556576090846203,-10.838084786602098,-14.104062790753147,True,3.0,True,4.0,False,,MACD_FAIL,legacy,1.6230049161559679,4.993049167917918,12.892275407775667,1.4752065882299714,10.64345952901631,150.9,143.72379999999998,133.66725,100.0,80.76923076923077,52,1,1,52,1.9230769230769231,0.0,0.0,0.0,"(0,2]",>2,>5,>1,"(10,20]",>75,>75,1,<=2
BULL_2013_2014,ED,legacy,MACD_PASS,2013-05-21,2013-05-22,51.352,GREEN,152.68,144.8358,134.37585,-0.1799347250229624,-0.2160334758120747,-0.2605738004000644,True,2013-05-10,50.761,1.164279663521195,True,0.0,0.625097367191163,-8.354105000778933,0.625097367191163,-2.136236173858841,-5.1000934725035085,-5.674559900295984,-5.296775198629067,-8.223632964636229,False,,False,,False,,MACD_PASS,legacy,1.1795891318754137,5.415926172948948,13.621606858672886,1.5898244501617587,8.068230100103255,152.68,144.8358,134.37585,96.15384615384616,61.53846153846154,52,1,1,52,1.9230769230769231,0.0,0.0,0.0,"(0,2]",>2,>5,>1,<=10,>75,"(50,75]",1,<=2
BULL_2013_2014,KMB,legacy,MACD_PASS,2013-05-24,2013-05-28,90.723,GREEN,150.97,145.3918,134.77800000000002,-0.3425961022194911,-0.421615575563482,-0.4381418549660272,True,2013-05-22,87.961,3.1400279669398845,True,1.0,0.3405972024734582,-9.321781687113518,0.3405972024734582,-4.637192332705043,-6.410722749468167,-5.269887459629874,-3.8270339384720464,-7.5416377324383,False,,False,,False,,MACD_PASS,legacy,-0.97081010167267,3.836667542461125,12.013830150321247,1.4842383436614703,8.988782783655472,150.97,145.3918,134.77800000000002,84.61538461538461,17.307692307692307,52,2,2,52,3.8461538461538463,0.0,0.0,0.0,"(-2,0]",>2,>5,>1,<=10,>75,<=25,2-4,"(2,5]"
BULL_2013_2014,T,legacy,MACD_FAIL,2013-05-24,2013-05-28,29.36,GREEN,150.97,145.3918,134.77800000000002,-0.080151592523657,-0.0826697934307991,-0.0786883209911841,False,2013-05-22,28.815,1.891376019434321,True,0.0,0.2997275204359662,-7.956403269754764,0.2997275204359662,-2.3739782016348743,-3.695504087193469,-3.474114441416898,-2.3467302452316097,-5.439373297002714,False,,False,,False,,MACD_FAIL,legacy,-0.97081010167267,3.836667542461125,12.013830150321247,1.4842383436614703,8.988782783655472,150.97,145.3918,134.77800000000002,84.61538461538461,17.307692307692307,52,2,2,52,3.8461538461538463,0.0,0.0,0.0,"(-2,0]",>2,>5,>1,<=10,>75,<=25,2-4,"(2,5]"
BULL_2013_2014,CINF,legacy,MACD_FAIL,2013-05-28,2013-05-29,41.15,GREEN,151.88,145.5834,134.90735,-0.2330418175529483,-0.245966604375995,-0.2361617086377144,False,2013-05-22,40.513,1.5723348061116305,True,4.0,0.554070473876056,-6.150668286755767,0.554070473876056,-3.616038882138517,-4.763061968408266,-4.660996354799507,-2.4860267314702256,-3.8153098420413145,False,,False,,False,,MACD_FAIL,legacy,-0.3673576489110486,4.325081018852406,12.580967604804316,1.4613211268508675,8.951306747711744,151.88,145.5834,134.90735,90.38461538461539,34.61538461538461,52,2,2,52,3.8461538461538463,0.0,0.0,0.0,"(-2,0]",>2,>5,>1,<=10,>75,"(25,50]",2-4,"(2,5]"
BULL_2013_2014,WMT,legacy,MACD_PASS,2013-05-28,2013-05-29,68.824,GREEN,151.88,145.5834,134.90735,-0.2600387901715332,-0.2953390298201744,-0.3313068900653514,True,2013-05-21,68.019,1.183492847586698,True,1.0,0.0,-5.387655469022434,0.0,-1.8685342322445675,-2.3393002441008948,-2.866732535162153,-3.3636522143438263,-2.6458793444147366,False,,False,,False,,MACD_PASS,legacy,-0.3673576489110486,4.325081018852406,12.580967604804316,1.4613211268508675,8.951306747711744,151.88,145.5834,134.90735,90.38461538461539,34.61538461538461,52,2,2,52,3.8461538461538463,0.0,0.0,0.0,"(-2,0]",>2,>5,>1,<=10,>75,"(25,50]",2-4,"(2,5]"
BULL_2013_2014,KO,legacy,MACD_PASS,2013-06-04,2013-06-05,35.981,GREEN,149.39,146.4452,135.50424999999998,-0.2022073300839485,-0.2571036608456551,-0.2701032378434361,True,2013-05-30,34.444,4.462315642782477,True,11.0,0.8032016897807193,-5.222200605875338,0.8032016897807193,-5.222200605875338,-1.7675995664378497,-1.7147939190128247,-1.9093410411050395,-1.5202467969206102,False,,False,,False,,MACD_PASS,legacy,-1.639452199104563,2.0108545722222315,10.247464562919607,1.2624862224570155,9.812912385149739,149.39,146.4452,135.50424999999998,55.76923076923077,15.384615384615385,52,4,4,52,7.6923076923076925,0.0,0.0,0.0,"(-2,0]",>2,>5,>1,<=10,"(50,75]",<=25,2-4,"(5,10]"
BULL_2013_2014,MCD,legacy,MACD_PASS,2013-06-04,2013-06-05,85.827,GREEN,149.39,146.4452,135.50424999999998,-0.3038716098434707,-0.3748923576191693,-0.4183676516180385,True,2013-05-31,84.456,1.6233304916169369,True,0.0,2.474745709392145,-3.030514872942081,0.0279632283547215,-2.0518018805271043,0.1095226443893038,0.6885944982348402,0.7223833991634399,2.2603609586726803,False,,False,,False,,MACD_PASS,legacy,-1.639452199104563,2.0108545722222315,10.247464562919607,1.2624862224570155,9.812912385149739,149.39,146.4452,135.50424999999998,55.76923076923077,15.384615384615385,52,4,4,52,7.6923076923076925,0.0,0.0,0.0,"(-2,0]",>2,>5,>1,<=10,"(50,75]",<=25,2-4,"(5,10]"
BULL_2013_2014,PEP,legacy,MACD_PASS,2013-06-04,2013-06-05,71.712,GREEN,149.39,146.4452,135.50424999999998,-0.2809028573595986,-0.3299685966027048,-0.3638511100024172,True,2013-05-30,70.19,2.1684000569881734,True,11.0,2.8405287817938385,-3.328592146363229,2.8405287817938385,-2.624386434627401,1.5060240963855387,0.0,0.5034024988844088,-0.1980142793395978,True,3.0,False,,False,,MACD_PASS,legacy,-1.639452199104563,2.0108545722222315,10.247464562919607,1.2624862224570155,9.812912385149739,149.39,146.4452,135.50424999999998,55.76923076923077,15.384615384615385,52,4,4,52,7.6923076923076925,0.0,0.0,0.0,"(-2,0]",>2,>5,>1,<=10,"(50,75]",<=25,2-4,"(5,10]"
BULL_2013_2014,SYY,legacy,MACD_FAIL,2013-06-04,2013-06-05,30.129,GREEN,149.39,146.4452,135.50424999999998,-0.1015875667089139,-0.1177830432621672,-0.1082705305960796,False,2013-05-31,29.216,3.125,False,,2.157389890139072,-2.827840286766903,2.157389890139072,-2.827840286766903,0.155995884363902,0.136081516147235,0.0,-0.2256961731222473,True,7.0,False,,False,,MACD_FAIL,legacy,-1.639452199104563,2.0108545722222315,10.247464562919607,1.2624862224570155,9.812912385149739,149.39,146.4452,135.50424999999998,55.76923076923077,15.384615384615385,52,4,4,52,7.6923076923076925,0.0,0.0,0.0,"(-2,0]",>2,>5,>1,<=10,"(50,75]",<=25,2-4,"(5,10]"
BULL_2013_2014,ADM,legacy,MACD_PASS,2013-06-05,2013-06-06,29.336,GREEN,147.28,146.5602,135.6079,-0.2148182043908267,-0.21518887980702,-0.2362980501443218,True,2013-05-31,28.608,2.5447427293064706,False,,7.482274338696482,-1.499863648759192,7.482274338696482,-1.499863648759192,2.0759476411235323,-0.3101990728115567,3.061085355876747,6.6334878647395845,True,4.0,True,8.0,True,17.0,MACD_PASS,legacy,-2.392471336735358,0.4911292424546243,8.607241908472885,1.1905896194172927,10.96646986626425,147.28,146.5602,135.6079,38.46153846153846,7.6923076923076925,52,3,3,52,5.769230769230769,0.0,0.0,0.0,"(-4,-2]","(0,2]",>5,>1,"(10,20]","(25,50]",<=25,2-4,"(5,10]"
BULL_2013_2014,BCR,legacy,MACD_PASS,2013-06-05,2013-06-06,101.81,GREEN,147.28,146.5602,135.6079,-0.3879236597774191,-0.3992830010817338,-0.4136418228680878,True,2013-05-31,100.26,1.5459804508278552,False,,7.916707592574412,-1.0018662213927887,7.916707592574412,-1.0018662213927887,4.970042235536787,4.685197917689821,4.253020331990953,4.12533149985268,True,5.0,True,5.0,True,5.0,MACD_PASS,legacy,-2.392471336735358,0.4911292424546243,8.607241908472885,1.1905896194172927,10.96646986626425,147.28,146.5602,135.6079,38.46153846153846,7.6923076923076925,52,3,3,52,5.769230769230769,0.0,0.0,0.0,"(-4,-2]","(0,2]",>5,>1,"(10,20]","(25,50]",<=25,2-4,"(5,10]"
BULL_2013_2014,CLX,legacy,MACD_FAIL,2013-06-05,2013-06-06,73.347,GREEN,147.28,146.5602,135.6079,-0.3323170971811162,-0.3161708626976796,-0.3609057352021868,False,2013-05-31,72.464,1.2185361006844753,True,10.0,4.223758299589631,-2.380465458709957,4.223758299589631,-2.380465458709957,2.710403970169195,-1.696047554773883,0.9748183293113666,0.865747747010781,True,1.0,True,6.0,False,,MACD_FAIL,legacy,-2.392471336735358,0.4911292424546243,8.607241908472885,1.1905896194172927,10.96646986626425,147.28,146.5602,135.6079,38.46153846153846,7.6923076923076925,52,3,3,52,5.769230769230769,0.0,0.0,0.0,"(-4,-2]","(0,2]",>5,>1,"(10,20]","(25,50]",<=25,2-4,"(5,10]"
BULL_2013_2014,ABT,legacy,MACD_FAIL,2013-06-07,2013-06-10,33.925,GREEN,150.49,146.8364,135.82745,-0.0965182768223872,-0.148924527292499,-0.1429467948924064,False,2013-06-06,32.62,4.000613120784791,True,8.0,0.45099484156228,-10.013264554163593,0.45099484156228,-6.402358142962406,-1.538688282977152,-6.673544583640368,-6.514369933677222,-7.289609432571842,False,,False,,False,,MACD_FAIL,legacy,0.8105573419078249,2.4882113699328023,10.794982899259331,1.1112595422475557,12.151983895504895,150.49,146.8364,135.82745,61.53846153846154,78.84615384615384,52,18,18,52,34.61538461538461,0.0,0.0,0.0,"(0,2]",>2,>5,>1,"(10,20]","(50,75]",>75,10+,>10
BULL_2013_2014,BDX,legacy,MACD_PASS,2013-06-07,2013-06-10,91.817,GREEN,150.49,146.8364,135.82745,-0.4407411380862815,-0.5187881453193985,-0.5242523838080886,True,2013-06-04,89.159,2.981190906133979,False,,1.8732914384046675,-4.616792097324018,1.8732914384046675,-4.616792097324018,1.3755622597122483,-1.1337769694065305,0.4465404010150831,-0.0490105318187161,False,,False,,False,,MACD_PASS,legacy,0.8105573419078249,2.4882113699328023,10.794982899259331,1.1112595422475557,12.151983895504895,150.49,146.8364,135.82745,61.53846153846154,78.84615384615384,52,18,18,52,34.61538461538461,0.0,0.0,0.0,"(0,2]",>2,>5,>1,"(10,20]","(50,75]",>75,10+,>10
BULL_2013_2014,BF-B,legacy,MACD_PASS,2013-06-07,2013-06-10,33.194,GREEN,150.49,146.8364,135.82745,-0.127619317936706,-0.1833365528079589,-0.2188410230311399,True,2013-05-30,32.243,2.949477405948575,True,8.0,1.8135807676086024,-4.922576369223364,1.8135807676086024,-4.922576369223364,0.9971681629209916,-3.2505874555642578,-3.47653190335604,-0.3163222269084942,False,,False,,False,,MACD_PASS,legacy,0.8105573419078249,2.4882113699328023,10.794982899259331,1.1112595422475557,12.151983895504895,150.49,146.8364,135.82745,61.53846153846154,78.84615384615384,52,18,18,52,34.61538461538461,0.0,0.0,0.0,"(0,2]",>2,>5,>1,"(10,20]","(50,75]",>75,10+,>10
BULL_2013_2014,BMS,legacy,MACD_PASS,2013-06-07,2013-06-10,35.563,GREEN,150.49,146.8364,135.82745,-0.0989169823862138,-0.1457712067232601,-0.1604138603502475,True,2013-05-31,34.557,2.911132332089017,True,10.0,2.415431768973364,-4.619970193740686,1.583106037173443,-4.293788488035322,0.8548210218485286,-3.610494052807689,-0.4527177122290005,2.345133987571346,False,,False,,False,,MACD_PASS,legacy,0.8105573419078249,2.4882113699328023,10.794982899259331,1.1112595422475557,12.151983895504895,150.49,146.8364,135.82745,61.53846153846154,78.84615384615384,52,18,18,52,34.61538461538461,0.0,0.0,0.0,"(0,2]",>2,>5,>1,"(10,20]","(50,75]",>75,10+,>10
BULL_2013_2014,CAH,legacy,MACD_FAIL,2013-06-07,2013-06-10,42.805,GREEN,150.49,146.8364,135.82745,-0.2063834431257931,-0.2436060326274188,-0.2198396064809619,False,2013-06-06,41.53,3.0700698290392348,False,,4.254175914028724,-1.4250671650508084,4.254175914028724,-1.4250671650508084,2.677257329751193,-0.8713935287933627,1.922672584978402,2.819764046256279,True,3.0,True,5.0,False,,MACD_FAIL,legacy,0.8105573419078249,2.4882113699328023,10.794982899259331,1.1112595422475557,12.151983895504895,150.49,146.8364,135.82745,61.53846153846154,78.84615384615384,52,18,18,52,34.61538461538461,0.0,0.0,0.0,"(0,2]",>2,>5,>1,"(10,20]","(50,75]",>75,10+,>10
BULL_2013_2014,CB,legacy,MACD_PASS,2013-06-07,2013-06-10,80.691,GREEN,150.49,146.8364,135.82745,-0.146073104561487,-0.2462592961176505,-0.3045386411914165,True,2013-06-04,78.458,2.846108746080711,True,8.0,2.816918863318074,-5.768920945334677,0.4486250015491189,-3.979378121475752,-0.4511035927179052,-4.58911154899555,-0.163587017139466,2.7400825370859083,False,,False,,False,,MACD_PASS,legacy,0.8105573419078249,2.4882113699328023,10.794982899259331,1.1112595422475557,12.151983895504895,150.49,146.8364,135.82745,61.53846153846154,78.84615384615384,52,18,18,52,34.61538461538461,0.0,0.0,0.0,"(0,2]",>2,>5,>1,"(10,20]","(50,75]",>75,10+,>10
BULL_2013_2014,CL,legacy,MACD_PASS,2013-06-07,2013-06-10,53.682,GREEN,150.49,146.8364,135.82745,-0.3168885692320501,-0.4072737010064121,-0.4203254944938207,True,2013-05-31,51.683,3.867809531180466,True,8.0,1.0841622890354286,-6.423009574904071,1.0841622890354286,-6.052308036213261,0.6128683730114437,-5.27737416638725,-2.240974628367054,-0.5048247084683877,False,,False,,False,,MACD_PASS,legacy,0.8105573419078249,2.4882113699328023,10.794982899259331,1.1112595422475557,12.151983895504895,150.49,146.8364,135.82745,61.53846153846154,78.84615384615384,52,18,18,52,34.61538461538461,0.0,0.0,0.0,"(0,2]",>2,>5,>1,"(10,20]","(50,75]",>75,10+,>10
BULL_2013_2014,CVX,legacy,MACD_FAIL,2013-06-07,2013-06-10,103.82,GREEN,150.49,146.8364,135.82745,-0.558554313847341,-0.5632677198855551,-0.4416543123670124,False,2013-06-06,100.18,3.633459772409653,True,8.0,0.6357156617222248,-5.644384511654788,0.0288961664419273,-4.379695627046809,-1.41591215565402,-4.980735889038712,-3.14968214216913,0.2408013870159875,False,,False,,False,,MACD_FAIL,legacy,0.8105573419078249,2.4882113699328023,10.794982899259331,1.1112595422475557,12.151983895504895,150.49,146.8364,135.82745,61.53846153846154,78.84615384615384,52,18,18,52,34.61538461538461,0.0,0.0,0.0,"(0,2]",>2,>5,>1,"(10,20]","(50,75]",>75,10+,>10
BULL_2013_2014,EMR,legacy,MACD_FAIL,2013-06-07,2013-06-10,50.537,GREEN,150.49,146.8364,135.82745,-0.1812375685856519,-0.2506083662539348,-0.2294028955780735,False,2013-06-05,48.531,4.133440481341832,True,8.0,0.0197874824386046,-7.818034311494548,0.0197874824386046,-6.349803114549724,-2.4022003680471693,-6.814808951857043,-4.487801017076598,-0.5857094801828389,False,,False,,False,,MACD_FAIL,legacy,0.8105573419078249,2.4882113699328023,10.794982899259331,1.1112595422475557,12.151983895504895,150.49,146.8364,135.82745,61.53846153846154,78.84615384615384,52,18,18,52,34.61538461538461,0.0,0.0,0.0,"(0,2]",>2,>5,>1,"(10,20]","(50,75]",>75,10+,>10
BULL_2013_2014,GWW,legacy,MACD_FAIL,2013-06-07,2013-06-10,237.96,GREEN,150.49,146.8364,135.82745,-1.1296487995967404,-1.584013810828186,-1.5483752831017492,False,2013-06-06,227.94,4.395893656225325,True,8.0,1.2691208606488311,-5.20255505126912,0.0,-4.878971255673226,-2.5424441082534943,-3.8535888384602535,-2.4794083039166304,0.2941670869053503,False,,False,,False,,MACD_FAIL,legacy,0.8105573419078249,2.4882113699328023,10.794982899259331,1.1112595422475557,12.151983895504895,150.49,146.8364,135.82745,61.53846153846154,78.84615384615384,52,18,18,52,34.61538461538461,0.0,0.0,0.0,"(0,2]",>2,>5,>1,"(10,20]","(50,75]",>75,10+,>10
BULL_2013_2014,JNJ,legacy,MACD_PASS,2013-06-07,2013-06-10,75.516,GREEN,150.49,146.8364,135.82745,-0.3843446509918822,-0.4540318036068334,-0.4940642744109282,True,2013-05-31,73.418,2.857609850445386,True,8.0,4.788389215530486,-3.397955400180097,1.751946607341481,-3.397955400180097,0.7269982520260454,-0.4714232745378632,1.901583770326809,4.551353355580279,False,,False,,False,,MACD_PASS,legacy,0.8105573419078249,2.4882113699328023,10.794982899259331,1.1112595422475557,12.151983895504895,150.49,146.8364,135.82745,61.53846153846154,78.84615384615384,52,18,18,52,34.61538461538461,0.0,0.0,0.0,"(0,2]",>2,>5,>1,"(10,20]","(50,75]",>75,10+,>10
BULL_2013_2014,LOW,legacy,MACD_FAIL,2013-06-07,2013-06-10,38.539,GREEN,150.49,146.8364,135.82745,-0.3356693622902357,-0.3986453058873709,-0.3902862424503335,False,2013-06-04,36.668,5.102541725755438,True,9.0,5.770777653805226,-6.515477827655114,0.6227457899789846,-5.558006175562424,-0.5059809543579208,-5.122084122577142,-1.248086354082878,5.360803342069054,False,,False,,False,,MACD_FAIL,legacy,0.8105573419078249,2.4882113699328023,10.794982899259331,1.1112595422475557,12.151983895504895,150.49,146.8364,135.82745,61.53846153846154,78.84615384615384,52,18,18,52,34.61538461538461,0.0,0.0,0.0,"(0,2]",>2,>5,>1,"(10,20]","(50,75]",>75,10+,>10
BULL_2013_2014,MMM,legacy,MACD_FAIL,2013-06-07,2013-06-10,100.31,GREEN,150.49,146.8364,135.82745,-0.2722153952920719,-0.3819689477986239,-0.3165168684586499,False,2013-06-06,96.898,3.521228508328345,True,10.0,1.8941282025720207,-3.828132788356098,1.644900807496752,-3.828132788356098,0.4386402153324642,-3.507127903499152,-1.9031003887947429,1.7246535739208424,False,,False,,False,,MACD_FAIL,legacy,0.8105573419078249,2.4882113699328023,10.794982899259331,1.1112595422475557,12.151983895504895,150.49,146.8364,135.82745,61.53846153846154,78.84615384615384,52,18,18,52,34.61538461538461,0.0,0.0,0.0,"(0,2]",>2,>5,>1,"(10,20]","(50,75]",>75,10+,>10
BULL_2013_2014,PPG,legacy,MACD_FAIL,2013-06-07,2013-06-10,73.11,GREEN,150.49,146.8364,135.82745,-0.5226931630833853,-0.6372078579160521,-0.6110716992054239,False,2013-06-05,69.848,4.67014087733364,True,9.0,0.7810149090411667,-7.321843797018179,0.7810149090411667,-5.365887019559567,0.0711257009984978,-5.9772944877581775,-4.851593489262751,0.3351114758582962,False,,False,,False,,MACD_FAIL,legacy,0.8105573419078249,2.4882113699328023,10.794982899259331,1.1112595422475557,12.151983895504895,150.49,146.8364,135.82745,61.53846153846154,78.84615384615384,52,18,18,52,34.61538461538461,0.0,0.0,0.0,"(0,2]",>2,>5,>1,"(10,20]","(50,75]",>75,10+,>10
BULL_2013_2014,SHW,legacy,MACD_FAIL,2013-06-07,2013-06-10,175.66,GREEN,150.49,146.8364,135.82745,-1.4608870584860545,-1.608124769474863,-1.5643779681412997,False,2013-06-05,170.05,3.2990296971478816,True,8.0,0.5123534099965799,-7.508823864283276,0.5123534099965799,-4.48593874530342,-0.204941363998623,-5.470795855630184,-2.880564727314128,-0.0796994193327904,False,,False,,False,,MACD_FAIL,legacy,0.8105573419078249,2.4882113699328023,10.794982899259331,1.1112595422475557,12.151983895504895,150.49,146.8364,135.82745,61.53846153846154,78.84615384615384,52,18,18,52,34.61538461538461,0.0,0.0,0.0,"(0,2]",>2,>5,>1,"(10,20]","(50,75]",>75,10+,>10
BULL_2013_2014,SWK,legacy,MACD_PASS,2013-06-07,2013-06-10,73.003,GREEN,150.49,146.8364,135.82745,-0.1790948901520158,-0.269859664179443,-0.2809898450933151,True,2013-06-05,70.418,3.670936408304693,True,9.0,1.931427475583192,-7.59968768406778,1.931427475583192,-5.371012150185617,0.250674629809744,-5.997013821349806,-1.865676753010148,0.9287289563442602,False,,False,,False,,MACD_PASS,legacy,0.8105573419078249,2.4882113699328023,10.794982899259331,1.1112595422475557,12.151983895504895,150.49,146.8364,135.82745,61.53846153846154,78.84615384615384,52,18,18,52,34.61538461538461,0.0,0.0,0.0,"(0,2]",>2,>5,>1,"(10,20]","(50,75]",>75,10+,>10
BULL_2013_2014,TROW,legacy,MACD_FAIL,2013-06-07,2013-06-10,66.054,GREEN,150.49,146.8364,135.82745,-0.3586984167890144,-0.4450929733120725,-0.4030425328842756,False,2013-06-04,62.954,4.924230390443829,True,9.0,1.52905198776756,-7.431798225694131,0.7327338238410919,-5.728646259121328,-1.5805250249795622,-6.783843521966881,-2.676597935022862,1.1399763829593956,False,,False,,False,,MACD_FAIL,legacy,0.8105573419078249,2.4882113699328023,10.794982899259331,1.1112595422475557,12.151983895504895,150.49,146.8364,135.82745,61.53846153846154,78.84615384615384,52,18,18,52,34.61538461538461,0.0,0.0,0.0,"(0,2]",>2,>5,>1,"(10,20]","(50,75]",>75,10+,>10
BULL_2013_2014,XOM,legacy,MACD_FAIL,2013-06-07,2013-06-10,78.728,GREEN,150.49,146.8364,135.82745,-0.2139311035077055,-0.2796360140278702,-0.2628146250957864,False,2013-06-05,76.221,3.2891197963815566,True,10.0,1.6449039731734505,-4.248806015648821,0.3772482471293692,-4.248806015648821,-0.4521898181079065,-3.750889137282787,-1.7681129966466758,1.536937303119612,False,,False,,False,,MACD_FAIL,legacy,0.8105573419078249,2.4882113699328023,10.794982899259331,1.1112595422475557,12.151983895504895,150.49,146.8364,135.82745,61.53846153846154,78.84615384615384,52,18,18,52,34.61538461538461,0.0,0.0,0.0,"(0,2]",>2,>5,>1,"(10,20]","(50,75]",>75,10+,>10
BULL_2013_2014,ADP,legacy,MACD_PASS,2013-06-10,2013-06-11,53.858,GREEN,150.49,146.9846,135.9415,-0.2857110657070628,-0.3245557267389723,-0.3764865936998903,True,2013-05-31,53.033,1.5556351705541704,False,,5.859853689331218,-1.075049203460943,5.859853689331218,-1.075049203460943,2.5177318132868054,1.3962642504363298,3.2232908760072787,5.685320658026671,True,5.0,True,6.0,True,19.0,MACD_PASS,legacy,0.2731876332622507,2.3848756944605087,10.702029917280619,1.0955225810534097,12.108795136435702,150.49,146.9846,135.9415,59.61538461538461,59.61538461538461,52,7,7,52,13.461538461538462,0.0,0.0,0.0,"(0,2]",>2,>5,>1,"(10,20]","(50,75]","(50,75]",5-9,>10
BULL_2013_2014,ECL,legacy,MACD_PASS,2013-06-10,2013-06-11,79.739,GREEN,150.49,146.9846,135.9415,-0.4459117539714118,-0.5227278457204059,-0.6211901988121556,True,2013-05-30,79.016,0.9150045560392784,False,,6.275473733054082,-1.3130337726833918,6.275473733054082,-1.3130337726833918,3.648152096213897,0.8728476655087247,2.9295576819373226,5.9556804073289005,True,4.0,True,4.0,True,19.0,MACD_PASS,legacy,0.2731876332622507,2.3848756944605087,10.702029917280619,1.0955225810534097,12.108795136435702,150.49,146.9846,135.9415,59.61538461538461,59.61538461538461,52,7,7,52,13.461538461538462,0.0,0.0,0.0,"(0,2]",>2,>5,>1,"(10,20]","(50,75]","(50,75]",5-9,>10
BULL_2013_2014,GPC,legacy,MACD_PASS,2013-06-10,2013-06-11,68.509,GREEN,150.49,146.9846,135.9415,-0.3835801767882312,-0.5057959750587275,-0.6229423038759114,True,2013-05-31,66.862,2.463282582034654,False,,10.78544424820096,-2.3763301172108786,10.78544424820096,-2.3763301172108786,3.4725364550643123,0.4291406968427447,8.13469763096819,8.486476229400509,True,1.0,True,4.0,True,15.0,MACD_PASS,legacy,0.2731876332622507,2.3848756944605087,10.702029917280619,1.0955225810534097,12.108795136435702,150.49,146.9846,135.9415,59.61538461538461,59.61538461538461,52,7,7,52,13.461538461538462,0.0,0.0,0.0,"(0,2]",>2,>5,>1,"(10,20]","(50,75]","(50,75]",5-9,>10
BULL_2013_2014,HRL,legacy,MACD_PASS,2013-06-10,2013-06-11,18.209,GREEN,150.49,146.9846,135.9415,-0.1270726370873431,-0.1542596328790784,-0.1830621882463503,True,2013-05-29,17.782,2.4013046901360857,True,7.0,3.959580427261256,-4.854742160470105,3.959580427261256,-4.657037728595748,-0.4613103410401442,-3.234664177055291,-0.917128892305996,1.0599154264374857,True,3.0,True,4.0,False,,MACD_PASS,legacy,0.2731876332622507,2.3848756944605087,10.702029917280619,1.0955225810534097,12.108795136435702,150.49,146.9846,135.9415,59.61538461538461,59.61538461538461,52,7,7,52,13.461538461538462,0.0,0.0,0.0,"(0,2]",>2,>5,>1,"(10,20]","(50,75]","(50,75]",5-9,>10
BULL_2013_2014,LEG,legacy,MACD_PASS,2013-06-10,2013-06-11,27.475,GREEN,150.49,146.9846,135.9415,-0.1374529034843201,-0.1806361038828624,-0.2310655794402173,True,2013-05-30,26.647,3.107291627575348,True,9.0,5.095541401273884,-5.594176524112838,5.095541401273884,-5.594176524112838,4.585987261146496,-2.751592356687904,-1.4449499545041045,1.357597816196532,True,1.0,True,2.0,True,6.0,MACD_PASS,legacy,0.2731876332622507,2.3848756944605087,10.702029917280619,1.0955225810534097,12.108795136435702,150.49,146.9846,135.9415,59.61538461538461,59.61538461538461,52,7,7,52,13.461538461538462,0.0,0.0,0.0,"(0,2]",>2,>5,>1,"(10,20]","(50,75]","(50,75]",5-9,>10
BULL_2013_2014,MKC,legacy,MACD_PASS,2013-06-10,2013-06-11,64.606,GREEN,150.49,146.9846,135.9415,-0.2881851053147188,-0.3957846361413966,-0.5432437862144142,True,2013-05-30,62.83,2.826675155180647,False,,4.061542271615659,-3.086400643903031,4.061542271615659,-3.086400643903031,3.880444540754735,0.7801133021700934,-0.73832151812524,0.3018295514348734,True,2.0,True,4.0,False,,MACD_PASS,legacy,0.2731876332622507,2.3848756944605087,10.702029917280619,1.0955225810534097,12.108795136435702,150.49,146.9846,135.9415,59.61538461538461,59.61538461538461,52,7,7,52,13.461538461538462,0.0,0.0,0.0,"(0,2]",>2,>5,>1,"(10,20]","(50,75]","(50,75]",5-9,>10
BULL_2013_2014,PG,legacy,MACD_PASS,2013-06-10,2013-06-11,67.425,GREEN,150.49,146.9846,135.9415,-0.1922556706004447,-0.2640776210609761,-0.3279729987979095,True,2013-05-31,65.818,2.441581330335163,True,7.0,3.113088616981829,-3.325176121616602,2.301816833518733,-3.325176121616602,1.7486095661846557,-1.2784575454208302,0.9744160177975524,2.727474972191324,True,4.0,False,,False,,MACD_PASS,legacy,0.2731876332622507,2.3848756944605087,10.702029917280619,1.0955225810534097,12.108795136435702,150.49,146.9846,135.9415,59.61538461538461,59.61538461538461,52,7,7,52,13.461538461538462,0.0,0.0,0.0,"(0,2]",>2,>5,>1,"(10,20]","(50,75]","(50,75]",5-9,>10
BULL_2013_2014,NUE,legacy,MACD_PASS,2013-06-13,2013-06-14,39.526,GREEN,149.97,147.36759999999998,136.26995,-0.1148512495044843,-0.2020602457958012,-0.2076263666755026,True,2013-06-04,37.922,4.229734718632994,True,6.0,2.3883013712493018,-6.80058695542175,0.2403481252846173,-6.80058695542175,-2.868997621818548,-3.562212214744731,-2.3124019632646875,0.802003744370805,False,,False,,False,,MACD_PASS,legacy,0.9219380888290774,1.7659241244344148,10.053610498866416,0.953722339517471,13.473358835979221,149.97,147.36759999999998,136.26995,61.53846153846154,86.53846153846153,52,1,1,52,1.9230769230769231,0.0,0.0,0.0,"(0,2]","(0,2]",>5,"(0,1]","(10,20]","(50,75]",>75,1,<=2
BULL_2013_2014,BEN,legacy,MACD_PASS,2013-06-18,2013-06-19,46.647,GREEN,151.39,147.84560000000002,136.61724999999998,-0.2290371904905319,-0.3812831222681215,-0.4673972357311277,True,2013-05-31,44.192,5.555304127443872,True,1.0,0.0793191416382566,-11.74137672304756,0.0793191416382566,-8.733680622548068,-8.590048663365268,-8.20631551868286,-6.898621561943951,-2.7675949149998824,False,,False,,False,,MACD_PASS,legacy,1.6313104189043859,2.3973659006422787,10.813239177336676,0.9562621376460356,13.736900313290878,151.39,147.84560000000002,136.61724999999998,75.0,96.15384615384616,52,1,1,52,1.9230769230769231,0.0,0.0,0.0,"(0,2]",>2,>5,"(0,1]","(10,20]","(50,75]",>75,1,<=2
BULL_2013_2014,ED,legacy,MACD_FAIL,2013-06-25,2013-06-26,48.554,GREEN,145.61,148.0578,137.10535,0.0235635281204521,-0.0082199743575712,0.0149650025881966,False,2013-06-24,46.825,3.6924719701014297,False,,5.451662066976981,-1.5817440375664238,5.451662066976981,-1.5817440375664238,-0.0123573752934924,2.337603493018081,4.617539234666546,3.39415908061127,True,1.0,True,11.0,True,15.0,MACD_FAIL,legacy,-3.817953629698112,-1.653273248690701,6.203003748577296,0.6419537581212609,17.54538208682209,145.61,148.0578,137.10535,26.923076923076923,0.0,52,5,5,52,9.615384615384615,0.0,0.0,0.0,"(-4,-2]","(-2,0]",>5,"(0,1]","(10,20]","(25,50]",<=25,5-9,"(5,10]"
BULL_2013_2014,HCP,legacy,MACD_FAIL,2013-06-25,2013-06-26,34.75,GREEN,145.61,148.0578,137.10535,-0.1513586326620102,-0.2509567592232717,-0.2459924905846697,False,2013-05-28,32.491,6.9526945923486405,False,,6.897841726618692,-3.0100719424460465,6.897841726618692,-3.0100719424460465,1.2172661870503587,4.874820143884895,5.528057553956822,1.7669064748201402,True,1.0,True,1.0,True,10.0,MACD_FAIL,legacy,-3.817953629698112,-1.653273248690701,6.203003748577296,0.6419537581212609,17.54538208682209,145.61,148.0578,137.10535,26.923076923076923,0.0,52,5,5,52,9.615384615384615,0.0,0.0,0.0,"(-4,-2]","(-2,0]",>5,"(0,1]","(10,20]","(25,50]",<=25,5-9,"(5,10]"
BULL_2013_2014,T,legacy,MACD_FAIL,2013-06-25,2013-06-26,28.075,GREEN,145.61,148.0578,137.10535,-0.051312116092417,-0.0780163614796246,-0.0634635984967934,False,2013-06-21,27.024,3.8891355831853103,False,,3.829029385574345,-0.936776491540514,3.829029385574345,-0.936776491540514,0.5592163846838805,2.557435440783617,2.1834372217275133,1.3891362422083775,True,7.0,True,14.0,False,,MACD_FAIL,legacy,-3.817953629698112,-1.653273248690701,6.203003748577296,0.6419537581212609,17.54538208682209,145.61,148.0578,137.10535,26.923076923076923,0.0,52,5,5,52,9.615384615384615,0.0,0.0,0.0,"(-4,-2]","(-2,0]",>5,"(0,1]","(10,20]","(25,50]",<=25,5-9,"(5,10]"
BULL_2013_2014,TGT,legacy,MACD_FAIL,2013-06-25,2013-06-26,60.657,GREEN,145.61,148.0578,137.10535,-0.1389672655271895,-0.1793312008828974,-0.1538677439321439,False,2013-06-17,59.208,2.4473044183218384,False,,5.753664045369877,-1.3930791170021606,5.753664045369877,-1.3930791170021606,-0.1764017343422796,4.416637815915725,4.200669337421892,3.340092652125892,True,7.0,True,8.0,True,15.0,MACD_FAIL,legacy,-3.817953629698112,-1.653273248690701,6.203003748577296,0.6419537581212609,17.54538208682209,145.61,148.0578,137.10535,26.923076923076923,0.0,52,5,5,52,9.615384615384615,0.0,0.0,0.0,"(-4,-2]","(-2,0]",>5,"(0,1]","(10,20]","(25,50]",<=25,5-9,"(5,10]"
BULL_2013_2014,WMT,legacy,MACD_PASS,2013-06-25,2013-06-26,66.653,GREEN,145.61,148.0578,137.10535,-0.0709159354538389,-0.1189535598963211,-0.1615994381414697,True,2013-06-20,65.116,2.3604029731556064,False,,5.453617991688287,-0.7111457848859026,5.453617991688287,-0.7111457848859026,0.1875384453813078,4.032826729479533,3.642746763086424,4.542931300916675,True,7.0,True,8.0,True,18.0,MACD_PASS,legacy,-3.817953629698112,-1.653273248690701,6.203003748577296,0.6419537581212609,17.54538208682209,145.61,148.0578,137.10535,26.923076923076923,0.0,52,5,5,52,9.615384615384615,0.0,0.0,0.0,"(-4,-2]","(-2,0]",>5,"(0,1]","(10,20]","(25,50]",<=25,5-9,"(5,10]"
BULL_2013_2014,CINF,legacy,MACD_FAIL,2013-06-26,2013-06-27,39.669,GREEN,147.02,148.12300000000002,137.195,-0.0140703794971623,-0.048749408978176,-0.0413702506521997,False,2013-06-24,38.619,2.718868950516584,False,,9.332224154881663,-0.5974438478408728,9.332224154881663,-0.5974438478408728,1.9637500315107688,7.5172048703017635,8.326400968010294,7.383599284075726,True,3.0,True,6.0,True,7.0,MACD_FAIL,legacy,-1.5139335476956006,-0.7446514045759356,7.161339698968638,0.6245771163205349,17.93865521895353,147.02,148.12300000000002,137.195,32.69230769230769,32.69230769230769,52,3,3,52,5.769230769230769,0.0,0.0,0.0,"(-2,0]","(-2,0]",>5,"(0,1]","(10,20]","(25,50]","(25,50]",2-4,"(5,10]"
BULL_2013_2014,DOV,legacy,MACD_FAIL,2013-06-26,2013-06-27,59.143,GREEN,147.02,148.12300000000002,137.195,-0.3435065495703271,-0.3966079754821124,-0.3855922282112942,False,2013-06-24,57.162,3.46558902767573,False,,11.318330148960998,-2.8659351064369454,11.318330148960998,-2.8659351064369454,-0.2570042101347591,3.5811507701672296,9.093214750689004,8.273168422298504,True,7.0,True,9.0,True,14.0,MACD_FAIL,legacy,-1.5139335476956006,-0.7446514045759356,7.161339698968638,0.6245771163205349,17.93865521895353,147.02,148.12300000000002,137.195,32.69230769230769,32.69230769230769,52,3,3,52,5.769230769230769,0.0,0.0,0.0,"(-2,0]","(-2,0]",>5,"(0,1]","(10,20]","(25,50]","(25,50]",2-4,"(5,10]"
BULL_2013_2014,PNR,legacy,MACD_FAIL,2013-06-26,2013-06-27,52.52,GREEN,147.02,148.12300000000002,137.195,-0.3626147702004066,-0.4147980497767852,-0.41322105441058,False,2013-06-24,50.692,3.606091690996616,False,,7.41241431835491,-0.1923076923077027,7.41241431835491,-0.1923076923077027,2.244859101294727,6.0529322162985455,5.653084539223152,5.89870525514089,True,3.0,True,7.0,True,9.0,MACD_FAIL,legacy,-1.5139335476956006,-0.7446514045759356,7.161339698968638,0.6245771163205349,17.93865521895353,147.02,148.12300000000002,137.195,32.69230769230769,32.69230769230769,52,3,3,52,5.769230769230769,0.0,0.0,0.0,"(-2,0]","(-2,0]",>5,"(0,1]","(10,20]","(25,50]","(25,50]",2-4,"(5,10]"
BULL_2013_2014,ITW,legacy,MACD_PASS,2013-06-27,2013-06-28,63.678,GREEN,147.9,148.24779999999998,137.28650000000002,-0.2562883858819433,-0.3964206859608712,-0.4584385241696335,True,2013-06-24,60.987,4.412415760735877,False,,6.2517667012155,-2.223687929897289,6.2517667012155,-2.223687929897289,1.4746066145293613,3.354376707811157,5.676999905775948,2.7482018907629024,True,6.0,True,8.0,True,14.0,MACD_PASS,legacy,1.586647434576549,-0.23460719147264664,7.730913090507796,0.5972818991420104,18.03769696904214,147.9,148.24779999999998,137.28650000000002,40.38461538461539,90.38461538461539,52,1,1,52,1.9230769230769231,0.0,0.0,0.0,"(0,2]","(-2,0]",>5,"(0,1]","(10,20]","(25,50]",>75,1,<=2
BULL_2013_2014,MHFI,legacy,MACD_PASS,2013-07-01,2013-07-02,51.045,GREEN,148.15,148.5014,137.47324999999998,-0.1757628757874463,-0.2465386085630454,-0.2561830222512744,True,2013-06-26,49.866,2.364336421609914,False,,15.245371730825742,-0.7601136252326501,15.245371730825742,-0.7601136252326501,3.2892545792927663,6.411989421099018,9.926535409932402,14.3206974238417,True,3.0,True,3.0,True,6.0,MACD_PASS,legacy,2.739251040221924,-0.2366307657705513,7.766420012620667,0.5624673259710056,17.414776556651283,148.15,148.5014,137.47324999999998,46.15384615384615,90.38461538461539,52,1,1,52,1.9230769230769231,0.0,0.0,0.0,>2,"(-2,0]",>5,"(0,1]","(10,20]","(25,50]",>75,1,<=2
BULL_2013_2014,APD,legacy,MACD_FAIL,2013-07-03,2013-07-05,82.661,GREEN,148.07,148.6888,137.64725,-0.4918195874218201,-0.4818155489666635,-0.3742391425942324,False,2013-07-02,80.746,2.37163450821094,False,,20.33486166390437,-1.0621695842053636,20.33486166390437,-1.0621695842053636,4.760406963380559,5.128174108709072,12.86217200372606,15.898670473379228,True,2.0,True,2.0,True,4.0,MACD_FAIL,legacy,0.7141885457760733,-0.4161712247324756,7.572072816565512,0.48699653033559276,16.573539232447285,148.07,148.68880000000001,137.64725,40.38461538461539,55.76923076923077,52,1,1,52,1.9230769230769231,0.0,2.220446049250313e-14,0.0,"(0,2]","(-2,0]",>5,"(0,1]","(10,20]","(25,50]","(50,75]",1,<=2
BULL_2013_2014,ABT,legacy,MACD_PASS,2013-07-08,2013-07-09,32.106,GREEN,150.51,148.9134,137.82825,-0.0502939439299779,-0.1126909511777185,-0.151538367085477,True,2013-07-01,30.528,5.169025157232721,False,,5.217093378184745,-2.111754812184641,5.217093378184745,-2.111754812184641,1.0807948670030545,3.855977075935968,4.419734629041283,2.2114246558275763,True,6.0,True,6.0,True,15.0,MACD_PASS,legacy,2.193101575230849,1.0721667761262488,9.201125313569602,0.6202895495400318,16.207863717999018,150.51,148.9134,137.82825,63.46153846153846,88.46153846153847,52,1,1,52,1.9230769230769231,0.0,0.0,0.0,>2,"(0,2]",>5,"(0,1]","(10,20]","(50,75]",>75,1,<=2
BULL_2013_2014,WAG,legacy,MACD_PASS,2013-07-09,2013-07-10,42.564,GREEN,151.61,149.055,137.928,-0.114515750488074,-0.2879186082134896,-0.4232608208431351,True,2013-06-26,39.738,7.111580854597621,False,,11.270087397800951,-0.7118691852269432,11.270087397800951,-0.7118691852269432,7.203270369326198,10.107132788271777,8.312188704069158,7.113993045766365,True,0.0,True,0.0,True,1.0,MACD_PASS,legacy,2.3354708066149144,1.714132367247001,9.91966823270114,0.7271302009068892,16.41229139517888,151.61,149.055,137.928,71.15384615384616,96.15384615384616,52,1,1,52,1.9230769230769231,0.0,0.0,0.0,>2,"(0,2]",>5,"(0,1]","(10,20]","(50,75]",>75,1,<=2
BULL_2013_2014,GPC,legacy,MACD_FAIL,2013-07-29,2013-07-30,73.014,GREEN,154.78,150.79840000000002,139.57299999999998,-0.3482678151970806,-0.3371026664618263,-0.3556065901686454,False,2013-07-24,71.936,1.4985542704626154,True,11.0,3.2308872271071376,-5.282548552332433,3.2308872271071376,-1.828416468074612,1.5832580053140477,-0.5601665434026293,-2.804941518065029,-5.109978908154589,True,2.0,True,3.0,False,,MACD_FAIL,legacy,-0.5461671914155364,2.640346316671782,10.895373747071435,0.7397906353755479,7.306320397669724,154.78,150.79840000000002,139.57299999999998,82.6923076923077,44.23076923076923,52,3,3,52,5.769230769230769,0.0,0.0,0.0,"(-2,0]",>2,>5,"(0,1]",<=10,>75,"(25,50]",2-4,"(5,10]"
BULL_2013_2014,GWW,legacy,MACD_FAIL,2013-07-29,2013-07-30,235.83,GREEN,154.78,150.79840000000002,139.57299999999998,-0.7930300188862349,-0.8372556994648177,-0.7985511321937735,False,2013-07-26,231.16,2.0202457172521227,True,12.0,4.558368316159944,-4.091930627994744,4.558368316159944,-4.091930627994744,1.8911928083789051,-0.2289785014629286,-2.5018021456133632,-3.901115210108985,True,1.0,True,2.0,False,,MACD_FAIL,legacy,-0.5461671914155364,2.640346316671782,10.895373747071435,0.7397906353755479,7.306320397669724,154.78,150.79840000000002,139.57299999999998,82.6923076923077,44.23076923076923,52,3,3,52,5.769230769230769,0.0,0.0,0.0,"(-2,0]",>2,>5,"(0,1]",<=10,>75,"(25,50]",2-4,"(5,10]"
BULL_2013_2014,MCD,legacy,MACD_PASS,2013-07-29,2013-07-30,85.711,GREEN,154.78,150.79840000000002,139.57299999999998,-0.2754414673857606,-0.3185313906198844,-0.3744475368542732,True,2013-07-23,84.224,1.7655300151975697,True,11.0,1.4688896407695662,-4.071822753205534,1.4688896407695662,-2.4069255988146243,0.7046936799244063,-1.579727222876881,-2.5504310998588187,-3.2224568608463344,False,,False,,False,,MACD_PASS,legacy,-0.5461671914155364,2.640346316671782,10.895373747071435,0.7397906353755479,7.306320397669724,154.78,150.79840000000002,139.57299999999998,82.6923076923077,44.23076923076923,52,3,3,52,5.769230769230769,0.0,0.0,0.0,"(-2,0]",>2,>5,"(0,1]",<=10,>75,"(25,50]",2-4,"(5,10]"
BULL_2013_2014,TROW,legacy,MACD_FAIL,2013-08-01,2013-08-02,66.633,GREEN,156.67,150.9738,139.95995000000002,-0.2832463120688033,-0.3822527312949049,-0.3816037995732645,False,2013-07-29,64.495,3.314985657802927,True,8.0,0.784896372668209,-8.369726711989555,0.784896372668209,-3.56129845572013,-2.2001110560833093,-4.727387330601951,-4.9494994972461015,-8.147614545345395,False,,False,,False,,MACD_FAIL,legacy,1.0187632987297635,3.7729725290083227,11.939165454117395,0.5959512098262731,7.826127991428701,156.67,150.9738,139.95995000000002,94.23076923076923,80.76923076923077,52,1,1,52,1.9230769230769231,0.0,0.0,0.0,"(0,2]",>2,>5,"(0,1]",<=10,>75,>75,1,<=2
BULL_2013_2014,PEP,legacy,MACD_FAIL,2013-08-05,2013-08-06,74.857,GREEN,156.71,151.19379999999998,140.23295,-0.2331190151161363,-0.2380296607199096,-0.2194465804253601,False,2013-08-02,73.936,1.2456719324821286,True,5.0,1.1742388821352812,-6.906501729965131,1.1742388821352812,-1.3973309109368448,-1.242368783146519,-4.912032274870748,-6.373485445582916,-5.140467825320272,False,,False,,False,,MACD_FAIL,legacy,1.2469311280527196,3.648430028215466,11.749770649480041,0.567912731142739,7.258783170191754,156.71,151.19379999999998,140.23295,92.3076923076923,75.0,52,1,1,52,1.9230769230769231,0.0,0.0,0.0,"(0,2]",>2,>5,"(0,1]",<=10,>75,"(50,75]",1,<=2
BULL_2013_2014,WAG,legacy,MACD_FAIL,2013-08-12,2013-08-13,46.025,GREEN,155.26,151.66,140.8524,-0.1652767965406985,-0.1790083756675116,-0.1400420218946346,False,2013-08-09,45.205,1.8139586328945967,True,3.0,1.881586094513854,-6.198804997284091,1.5491580662683413,-2.4747419880499666,-2.170559478544254,-5.199348180336772,-0.7104834329168863,1.8185768604019656,False,,False,,False,,MACD_FAIL,legacy,-0.9252759874928351,2.3737307134379604,10.228863689933586,0.5713588473087228,6.226328348433977,155.26,151.66,140.8524,73.07692307692308,38.46153846153846,52,1,1,52,1.9230769230769231,0.0,0.0,0.0,"(-2,0]",>2,>5,"(0,1]",<=10,"(50,75]","(25,50]",1,<=2
BULL_2013_2014,CB,legacy,MACD_PASS,2013-08-14,2013-08-15,80.874,GREEN,154.92,151.88379999999998,141.1308,-0.255471880856863,-0.3258620507397021,-0.3944583720665354,True,2013-07-31,80.343,0.6609163212725422,True,2.0,2.8909167346736986,-2.824146202735112,0.974355169770269,-0.8766723545267863,1.0720379850137407,-1.5357222345871224,-1.6136211885154572,2.268961594579233,False,,False,,False,,MACD_PASS,legacy,-0.2575328354365247,1.999028204456299,9.770510760230922,0.6559571619812354,6.424674357130406,154.92,151.88379999999998,141.1308,67.3076923076923,36.53846153846154,52,1,1,52,1.9230769230769231,0.0,0.0,0.0,"(-2,0]","(0,2]",>5,"(0,1]",<=10,"(50,75]","(25,50]",1,<=2
BULL_2013_2014,BCR,legacy,MACD_FAIL,2013-08-20,2013-08-21,111.34,GREEN,152.02,152.1128,141.6132,-0.6054045906477883,-0.6669499224631894,-0.5801638220400245,False,2013-08-19,109.1,2.0531622364803104,False,,6.610382611819654,-0.6107418717442137,6.610382611819654,-0.6107418717442137,0.4670379019220405,2.739356924735037,4.347045087120538,5.676306807975573,True,8.0,True,10.0,True,13.0,MACD_FAIL,legacy,-2.388596378579688,-0.0610073576976955,7.348749975284785,0.5427928582948383,8.278511902741702,152.02,152.1128,141.6132,46.15384615384615,0.0,52,3,3,52,5.769230769230769,0.0,0.0,0.0,"(-4,-2]","(-2,0]",>5,"(0,1]",<=10,"(25,50]",<=25,2-4,"(5,10]"
BULL_2013_2014,BMS,legacy,MACD_FAIL,2013-08-20,2013-08-21,36.794,GREEN,152.02,152.1128,141.6132,-0.1437559552149562,-0.1611620462057775,-0.1369643465007616,False,2013-08-19,36.43,0.9991765028822376,True,5.0,1.6198293199978453,-5.7699624938848615,1.6198293199978453,-1.4540414197966922,-1.252921672011742,-1.820949067782773,-2.45964015872151,-4.470837636571168,False,,False,,False,,MACD_FAIL,legacy,-2.388596378579688,-0.0610073576976955,7.348749975284785,0.5427928582948383,8.278511902741702,152.02,152.1128,141.6132,46.15384615384615,0.0,52,3,3,52,5.769230769230769,0.0,0.0,0.0,"(-4,-2]","(-2,0]",>5,"(0,1]",<=10,"(25,50]",<=25,2-4,"(5,10]"
BULL_2013_2014,SHW,legacy,MACD_FAIL,2013-08-20,2013-08-21,164.93,GREEN,152.02,152.1128,141.6132,-0.4370309044474441,-0.6585317224732159,-0.5093257939167117,False,2013-08-16,159.68,3.287825651302612,False,,7.172739950281937,-3.383253501485484,7.172739950281937,-3.383253501485484,-1.6128054326077668,1.291456981749839,1.4490996180197555,5.475050021221128,True,10.0,True,14.0,True,19.0,MACD_FAIL,legacy,-2.388596378579688,-0.0610073576976955,7.348749975284785,0.5427928582948383,8.278511902741702,152.02,152.1128,141.6132,46.15384615384615,0.0,52,3,3,52,5.769230769230769,0.0,0.0,0.0,"(-4,-2]","(-2,0]",>5,"(0,1]",<=10,"(25,50]",<=25,2-4,"(5,10]"
BULL_2013_2014,APD,legacy,MACD_PASS,2013-08-21,2013-08-22,91.503,GREEN,151.09,152.1554,141.72969999999998,-0.7979311448603073,-0.8377603825346809,-0.9019348149479514,True,2013-08-14,89.381,2.3741063536993234,False,,9.06746226899664,-0.9639028228582758,9.06746226899664,-0.9639028228582758,0.3038151754587437,0.8491524868037059,3.953968722336976,6.289411276133028,True,2.0,True,11.0,True,16.0,MACD_PASS,legacy,-2.4722437387038387,-0.7002051849622215,6.604332048963646,0.5252364555062172,8.42616827858555,151.09,152.15540000000001,141.72969999999998,36.53846153846154,3.8461538461538463,52,2,2,52,3.8461538461538463,0.0,2.220446049250313e-14,0.0,"(-4,-2]","(-2,0]",>5,"(0,1]",<=10,"(25,50]",<=25,2-4,"(2,5]"
BULL_2013_2014,LOW,legacy,MACD_FAIL,2013-08-21,2013-08-22,42.783,GREEN,151.09,152.1554,141.72969999999998,-0.1442535023933732,-0.2553179948889642,-0.2545653769712723,False,2013-08-19,40.501,5.634428779536327,False,,6.956033938713979,-1.7390084846784948,6.956033938713979,-1.7390084846784948,0.9770235841338736,-0.8063950634597861,1.9330107753079415,4.067035972231969,True,0.0,True,0.0,True,19.0,MACD_FAIL,legacy,-2.4722437387038387,-0.7002051849622215,6.604332048963646,0.5252364555062172,8.42616827858555,151.09,152.15540000000001,141.72969999999998,36.53846153846154,3.8461538461538463,52,2,2,52,3.8461538461538463,0.0,2.220446049250313e-14,0.0,"(-4,-2]","(-2,0]",>5,"(0,1]",<=10,"(25,50]",<=25,2-4,"(2,5]"
BULL_2013_2014,BDX,legacy,MACD_PASS,2013-08-22,2013-08-23,91.956,GREEN,152.45,152.2498,141.8517,-0.2718441769583994,-0.3786135743157011,-0.4528579220581674,True,2013-08-05,90.248,1.8925627160712777,False,,4.5913262864848425,-2.258688938187825,4.5913262864848425,-2.258688938187825,-1.0929140023489547,1.2777850276219027,2.3043629561964485,3.477750228370091,True,11.0,True,17.0,False,,MACD_PASS,legacy,-0.20293270489657456,0.13149442560844715,7.471394421074962,0.5209268668856737,9.092685981271453,152.45,152.2498,141.8517,44.23076923076923,34.61538461538461,52,4,4,52,7.6923076923076925,0.0,0.0,0.0,"(-2,0]","(0,2]",>5,"(0,1]",<=10,"(25,50]","(25,50]",2-4,"(5,10]"
BULL_2013_2014,BF-B,legacy,MACD_PASS,2013-08-22,2013-08-23,33.501,GREEN,152.45,152.2498,141.8517,-0.175795901705328,-0.2207867287231549,-0.2211374506938489,True,2013-08-14,32.472,3.1688839615668707,True,3.0,2.84170621772486,-5.835646697113517,0.101489507775887,-4.080475209695223,-5.017760663860771,-2.1372496343392777,0.271633682576633,-0.1223844064356161,False,,False,,False,,MACD_PASS,legacy,-0.20293270489657456,0.13149442560844715,7.471394421074962,0.5209268668856737,9.092685981271453,152.45,152.2498,141.8517,44.23076923076923,34.61538461538461,52,4,4,52,7.6923076923076925,0.0,0.0,0.0,"(-2,0]","(0,2]",>5,"(0,1]",<=10,"(25,50]","(25,50]",2-4,"(5,10]"
BULL_2013_2014,CLX,legacy,MACD_FAIL,2013-08-22,2013-08-23,74.599,GREEN,152.45,152.2498,141.8517,-0.2533127535925326,-0.2626102522186315,-0.237903271167708,False,2013-08-19,73.789,1.0977245930965385,True,2.0,1.3592675505033514,-2.7319401064357374,0.7399562996822873,-1.8753602595209085,-1.3498840467030426,-0.6112682475636455,0.7748093137977863,-1.195726484269244,False,,False,,False,,MACD_FAIL,legacy,-0.20293270489657456,0.13149442560844715,7.471394421074962,0.5209268668856737,9.092685981271453,152.45,152.2498,141.8517,44.23076923076923,34.61538461538461,52,4,4,52,7.6923076923076925,0.0,0.0,0.0,"(-2,0]","(0,2]",>5,"(0,1]",<=10,"(25,50]","(25,50]",2-4,"(5,10]"
BULL_2013_2014,HRL,legacy,MACD_FAIL,2013-08-22,2013-08-23,19.848,GREEN,152.45,152.2498,141.8517,-0.0880662613840768,-0.0947384509003759,-0.0718118980258413,False,2013-08-21,19.478,1.8995790122189105,True,2.0,3.466344216041928,-5.003022974607008,0.3022974607013395,-3.441152760983479,-3.0582426440951216,-1.1487303506650393,0.8665860540104875,1.692865779927466,False,,False,,False,,MACD_FAIL,legacy,-0.20293270489657456,0.13149442560844715,7.471394421074962,0.5209268668856737,9.092685981271453,152.45,152.2498,141.8517,44.23076923076923,34.61538461538461,52,4,4,52,7.6923076923076925,0.0,0.0,0.0,"(-2,0]","(0,2]",>5,"(0,1]",<=10,"(25,50]","(25,50]",2-4,"(5,10]"
BULL_2013_2014,AFL,legacy,MACD_PASS,2013-08-23,2013-08-26,54.323,GREEN,152.98,152.31,141.9714,-0.2879710334221672,-0.316225495902245,-0.3518646093742961,True,2013-08-19,53.507,1.5250341076868512,True,1.0,5.213261417815662,-4.204480606741157,0.2853303388988149,-3.556504611306444,-2.8717117979493056,0.0662702722603603,3.909946063361746,3.5730721793715503,False,,False,,False,,MACD_PASS,legacy,0.4926755567233876,0.4398923248637665,7.754096951921308,0.5078513716474387,9.198839477228917,152.98,152.31,141.9714,46.15384615384615,44.23076923076923,52,7,7,52,13.461538461538462,0.0,0.0,0.0,"(0,2]","(0,2]",>5,"(0,1]",<=10,"(25,50]","(25,50]",5-9,>10
BULL_2013_2014,CVX,legacy,MACD_PASS,2013-08-23,2013-08-26,101.94,GREEN,152.98,152.31,141.9714,-0.3659328662925389,-0.5003416639827628,-0.5594067175737536,True,2013-08-06,99.8,2.1442885771543185,False,,5.581714734157339,-1.383166568569738,5.581714734157339,-1.383166568569738,0.6768687463213574,2.7270943692368155,3.8552089464390926,3.972925250147141,True,2.0,True,11.0,True,16.0,MACD_PASS,legacy,0.4926755567233876,0.4398923248637665,7.754096951921308,0.5078513716474387,9.198839477228917,152.98,152.31,141.9714,46.15384615384615,44.23076923076923,52,7,7,52,13.461538461538462,0.0,0.0,0.0,"(0,2]","(0,2]",>5,"(0,1]",<=10,"(25,50]","(25,50]",5-9,>10
BULL_2013_2014,ECL,legacy,MACD_PASS,2013-08-23,2013-08-26,87.509,GREEN,152.98,152.31,141.9714,-0.3754519224068366,-0.4439423432515006,-0.5086682958263529,True,2013-08-19,85.935,1.8316169197649448,False,,8.555691414597355,-1.4821332662926068,8.555691414597355,-1.4821332662926068,0.8159160772034824,3.875029996914603,5.08519123747273,7.368384966117758,True,6.0,True,10.0,True,14.0,MACD_PASS,legacy,0.4926755567233876,0.4398923248637665,7.754096951921308,0.5078513716474387,9.198839477228917,152.98,152.31,141.9714,46.15384615384615,44.23076923076923,52,7,7,52,13.461538461538462,0.0,0.0,0.0,"(0,2]","(0,2]",>5,"(0,1]",<=10,"(25,50]","(25,50]",5-9,>10
BULL_2013_2014,ITW,legacy,MACD_PASS,2013-08-23,2013-08-26,66.909,GREEN,152.98,152.31,141.9714,-0.1480124644786749,-0.2070993871740372,-0.2531617054376627,True,2013-08-19,65.67,1.8867062585655516,True,1.0,7.247156585810566,-2.978672525370296,0.6292128114304463,-2.509378409481533,-2.4032641348697537,1.621605464137854,3.0623682912612527,6.49240012554364,False,,False,,False,,MACD_PASS,legacy,0.4926755567233876,0.4398923248637665,7.754096951921308,0.5078513716474387,9.198839477228917,152.98,152.31,141.9714,46.15384615384615,44.23076923076923,52,7,7,52,13.461538461538462,0.0,0.0,0.0,"(0,2]","(0,2]",>5,"(0,1]",<=10,"(25,50]","(25,50]",5-9,>10
BULL_2013_2014,KMB,legacy,MACD_PASS,2013-08-23,2013-08-26,84.17,GREEN,152.98,152.31,141.9714,-0.2438030154635948,-0.3446262317298612,-0.4442945822938028,True,2013-08-15,82.125,2.490106544901072,True,1.0,3.0378994891291367,-4.096471426874193,0.156825472258526,-3.344422003088987,-3.429963169775452,-1.25222763454913,1.33182844243791,0.2922656528454359,False,,False,,False,,MACD_PASS,legacy,0.4926755567233876,0.4398923248637665,7.754096951921308,0.5078513716474387,9.198839477228917,152.98,152.31,141.9714,46.15384615384615,44.23076923076923,52,7,7,52,13.461538461538462,0.0,0.0,0.0,"(0,2]","(0,2]",>5,"(0,1]",<=10,"(25,50]","(25,50]",5-9,>10
BULL_2013_2014,PG,legacy,MACD_PASS,2013-08-23,2013-08-26,69.888,GREEN,152.98,152.31,141.9714,-0.24861593777419,-0.2906523942169132,-0.3160576328061125,True,2013-08-19,68.969,1.332482709623184,True,0.0,0.7583562271062272,-7.896920787545792,0.0744047619047449,-1.741357600732596,-2.715773809523825,-2.465373168498164,-0.1130380036630129,-1.626888736263732,False,,False,,False,,MACD_PASS,legacy,0.4926755567233876,0.4398923248637665,7.754096951921308,0.5078513716474387,9.198839477228917,152.98,152.31,141.9714,46.15384615384615,44.23076923076923,52,7,7,52,13.461538461538462,0.0,0.0,0.0,"(0,2]","(0,2]",>5,"(0,1]",<=10,"(25,50]","(25,50]",5-9,>10
BULL_2013_2014,T,legacy,MACD_PASS,2013-08-23,2013-08-26,27.539,GREEN,152.98,152.31,141.9714,-0.0871537114866632,-0.1329119063190792,-0.1527766356347678,True,2013-08-12,26.64,3.3746246246246336,False,,2.03711100620938,-3.1845746032898914,2.03711100620938,-3.1845746032898914,-2.8722902066160683,-0.9840589709139812,1.289080939758147,-0.620937579432812,True,16.0,False,,False,,MACD_PASS,legacy,0.4926755567233876,0.4398923248637665,7.754096951921308,0.5078513716474387,9.198839477228917,152.98,152.31,141.9714,46.15384615384615,44.23076923076923,52,7,7,52,13.461538461538462,0.0,0.0,0.0,"(0,2]","(0,2]",>5,"(0,1]",<=10,"(25,50]","(25,50]",5-9,>10
BULL_2013_2014,BEN,legacy,MACD_PASS,2013-08-26,2013-08-27,43.091,GREEN,152.39,152.3772,142.10264999999998,-0.1857785735468471,-0.2111116992227092,-0.2366176824498392,True,2013-08-16,43.047,0.1022138592701171,True,0.0,17.451439975865025,-2.631640017637093,0.1763709359263066,-2.4413450604534592,1.4388155299250416,4.365180664175816,13.819591097909068,8.992597062031503,False,,False,,False,,MACD_PASS,legacy,0.7204230006609302,0.008400206855085912,7.239379420440084,0.4728999076882401,9.228916703207778,152.39,152.3772,142.10264999999998,38.46153846153846,53.84615384615385,52,3,3,52,5.769230769230769,0.0,0.0,0.0,"(0,2]","(0,2]",>5,"(0,1]",<=10,"(25,50]","(50,75]",2-4,"(5,10]"
BULL_2013_2014,MHFI,legacy,MACD_PASS,2013-08-26,2013-08-27,56.213,GREEN,152.39,152.3772,142.10264999999998,-0.4205771829603488,-0.48149654854129,-0.5343328376419586,True,2013-08-19,55.498,1.2883347147645052,True,0.0,12.900930389767495,-1.819863732588556,0.3380001067368798,-1.497874157223411,0.825431839610058,4.9027804956149,9.17047658015051,10.401508547844806,False,,False,,False,,MACD_PASS,legacy,0.7204230006609302,0.008400206855085912,7.239379420440084,0.4728999076882401,9.228916703207778,152.39,152.3772,142.10264999999998,38.46153846153846,53.84615384615385,52,3,3,52,5.769230769230769,0.0,0.0,0.0,"(0,2]","(0,2]",>5,"(0,1]",<=10,"(25,50]","(50,75]",2-4,"(5,10]"
BULL_2013_2014,MMM,legacy,MACD_PASS,2013-08-26,2013-08-27,102.66,GREEN,152.39,152.3772,142.10264999999998,-0.4637905098151011,-0.5004171399570938,-0.5322256302709969,True,2013-08-19,102.61,0.0487281941331296,True,0.0,7.831677381648161,-0.9156438729787664,0.3701539060978032,-0.6526397818040097,1.022793687901813,4.665887395285417,6.974478862263789,5.990648743424898,False,,False,,False,,MACD_PASS,legacy,0.7204230006609302,0.008400206855085912,7.239379420440084,0.4728999076882401,9.228916703207778,152.39,152.3772,142.10264999999998,38.46153846153846,53.84615384615385,52,3,3,52,5.769230769230769,0.0,0.0,0.0,"(0,2]","(0,2]",>5,"(0,1]",<=10,"(25,50]","(50,75]",2-4,"(5,10]"
BULL_2013_2014,MCD,legacy,MACD_PASS,2013-08-28,2013-08-29,84.333,GREEN,150.47,152.35479999999998,142.35825,-0.0075431992925926,-0.0964200294274915,-0.1087412548825523,True,2013-08-14,82.221,2.5686868318312683,False,,3.4909228890232846,-1.600796841094232,3.4909228890232846,-1.600796841094232,0.6367614101241648,1.7786631567713762,1.307910307945881,1.5343934165747752,True,9.0,True,13.0,False,,MACD_PASS,legacy,-0.4103514461579194,-1.2371123194018119,5.698124274497607,0.3101054885379595,10.81446141591754,150.47,152.35479999999998,142.35825,23.076923076923077,25.0,52,2,2,52,3.8461538461538463,0.0,0.0,0.0,"(-2,0]","(-2,0]",>5,"(0,1]","(10,20]",<=25,<=25,2-4,"(2,5]"
BULL_2013_2014,XOM,legacy,MACD_PASS,2013-08-28,2013-08-29,76.43,GREEN,150.47,152.35479999999998,142.35825,-0.0350625494799786,-0.1943834544288255,-0.2408984506814249,True,2013-08-06,74.499,2.591981100417473,False,,1.3999738322648003,-2.2818265079157407,1.3999738322648003,-2.2818265079157407,-1.5556718566008154,-0.2603689650660934,0.032709668978148,-1.950804657856875,False,,False,,False,,MACD_PASS,legacy,-0.4103514461579194,-1.2371123194018119,5.698124274497607,0.3101054885379595,10.81446141591754,150.47,152.35479999999998,142.35825,23.076923076923077,25.0,52,2,2,52,3.8461538461538463,0.0,0.0,0.0,"(-2,0]","(-2,0]",>5,"(0,1]","(10,20]",<=25,<=25,2-4,"(2,5]"
BULL_2013_2014,CTAS,legacy,MACD_PASS,2013-08-30,2013-09-03,44.847,GREEN,150.24,152.4768,142.61710000000002,-0.1185413947278107,-0.1415550180963905,-0.1463955964354664,True,2013-08-29,44.345,1.1320329236667035,False,,8.161081008763116,-1.308894686378137,8.161081008763116,-1.308894686378137,3.0659798871719435,4.597854928980749,5.781880616317703,7.191116462639635,True,4.0,True,5.0,True,9.0,MACD_PASS,legacy,-1.7910838018041497,-1.4669772712963436,5.34501122235691,0.2701458577196725,9.694271663822667,150.24,152.4768,142.61710000000002,21.153846153846153,9.615384615384615,52,4,4,52,7.6923076923076925,0.0,0.0,0.0,"(-2,0]","(-2,0]",>5,"(0,1]",<=10,<=25,<=25,2-4,"(5,10]"
BULL_2013_2014,DOV,legacy,MACD_FAIL,2013-08-30,2013-09-03,65.2,GREEN,150.24,152.4768,142.61710000000002,-0.3372334347225653,-0.3220170843565303,-0.3492451482031158,False,2013-08-29,64.418,1.213946412493394,False,,8.203987730061346,-1.0352760736196287,8.203987730061346,-1.0352760736196287,4.322085889570548,4.47852760736196,5.8972392638036775,5.628834355828216,True,2.0,True,5.0,True,9.0,MACD_FAIL,legacy,-1.7910838018041497,-1.4669772712963436,5.34501122235691,0.2701458577196725,9.694271663822667,150.24,152.4768,142.61710000000002,21.153846153846153,9.615384615384615,52,4,4,52,7.6923076923076925,0.0,0.0,0.0,"(-2,0]","(-2,0]",>5,"(0,1]",<=10,<=25,<=25,2-4,"(5,10]"
BULL_2013_2014,ED,legacy,MACD_PASS,2013-08-30,2013-09-03,48.236,GREEN,150.24,152.4768,142.61710000000002,-0.0675347475886575,-0.1333377780789702,-0.1657876102794019,True,2013-08-15,47.492,1.5665796344647598,True,0.0,1.451198275147192,-3.540923791359152,0.1948751969483408,-1.996434198523911,-1.0780330043950517,-2.1747242723277216,-0.4436520441164271,-2.369599469276052,False,,False,,False,,MACD_PASS,legacy,-1.7910838018041497,-1.4669772712963436,5.34501122235691,0.2701458577196725,9.694271663822667,150.24,152.4768,142.61710000000002,21.153846153846153,9.615384615384615,52,4,4,52,7.6923076923076925,0.0,0.0,0.0,"(-2,0]","(-2,0]",>5,"(0,1]",<=10,<=25,<=25,2-4,"(5,10]"
BULL_2013_2014,SWK,legacy,MACD_PASS,2013-08-30,2013-09-03,79.06,GREEN,150.24,152.4768,142.61710000000002,-0.3716899731292157,-0.3905939400193677,-0.4071994538403332,True,2013-08-29,77.521,1.9852685078881829,False,,7.909182899063993,-0.987857323551744,7.909182899063993,-0.987857323551744,4.024791297748553,4.291677207184419,4.22210979003288,7.444978497343779,True,3.0,True,4.0,True,9.0,MACD_PASS,legacy,-1.7910838018041497,-1.4669772712963436,5.34501122235691,0.2701458577196725,9.694271663822667,150.24,152.4768,142.61710000000002,21.153846153846153,9.615384615384615,52,4,4,52,7.6923076923076925,0.0,0.0,0.0,"(-2,0]","(-2,0]",>5,"(0,1]",<=10,<=25,<=25,2-4,"(5,10]"
BULL_2013_2014,ADM,legacy,MACD_PASS,2013-09-03,2013-09-04,32.148,GREEN,150.92,152.5744,142.7582,-0.2361156518629732,-0.3006344682698898,-0.3602581809375835,True,2013-08-21,30.841,4.237865179468892,False,,4.908547965658805,-0.6159014557670872,4.908547965658805,-0.6159014557670872,1.3189000870971634,4.065571730745288,2.8337688192111354,4.261540375762096,True,4.0,True,8.0,False,,MACD_PASS,legacy,-0.9646302250803873,-1.0843234513784772,5.7172197463963625,0.32364076795312613,9.981127842446165,150.92,152.5744,142.7582,25.0,11.538461538461538,52,5,5,52,9.615384615384615,0.0,0.0,0.0,"(-2,0]","(-2,0]",>5,"(0,1]",<=10,<=25,<=25,5-9,"(5,10]"
BULL_2013_2014,GWW,legacy,MACD_PASS,2013-09-03,2013-09-04,230.6,GREEN,150.92,152.5744,142.7582,-0.3525877393267456,-0.6438519685271276,-0.7446283970962428,True,2013-08-28,224.18,2.8637701846730312,False,,9.67476149176063,-0.3859496964440545,9.67476149176063,-0.3859496964440545,7.0078057241977465,8.725065047701651,6.006071118820455,5.013009540329572,True,1.0,True,1.0,True,4.0,MACD_PASS,legacy,-0.9646302250803873,-1.0843234513784772,5.7172197463963625,0.32364076795312613,9.981127842446165,150.92,152.5744,142.7582,25.0,11.538461538461538,52,5,5,52,9.615384615384615,0.0,0.0,0.0,"(-2,0]","(-2,0]",>5,"(0,1]",<=10,<=25,<=25,5-9,"(5,10]"
BULL_2013_2014,PEP,legacy,MACD_PASS,2013-09-03,2013-09-04,71.168,GREEN,150.92,152.5744,142.7582,-0.0438896625816672,-0.1250973266171751,-0.2379081001067374,True,2013-08-13,69.687,2.125217041916017,False,,4.053788219424437,-1.7437612410071912,4.053788219424437,-1.7437612410071912,0.1784509892086339,3.9765062949640217,0.6266861510791255,-0.186881744604328,True,9.0,True,10.0,False,,MACD_PASS,legacy,-0.9646302250803873,-1.0843234513784772,5.7172197463963625,0.32364076795312613,9.981127842446165,150.92,152.5744,142.7582,25.0,11.538461538461538,52,5,5,52,9.615384615384615,0.0,0.0,0.0,"(-2,0]","(-2,0]",>5,"(0,1]",<=10,<=25,<=25,5-9,"(5,10]"
BULL_2013_2014,SYY,legacy,MACD_PASS,2013-09-03,2013-09-04,28.691,GREEN,150.92,152.5744,142.7582,-0.0114361825053339,-0.054821390140701,-0.095930437874662,True,2013-08-14,27.941,2.684227479331458,False,,3.81652783102715,-2.3979645184901144,3.81652783102715,-2.3979645184901144,0.9306054163326528,3.6631696350772014,-0.6238890244327444,-0.8051305287372301,True,7.0,True,8.0,False,,MACD_PASS,legacy,-0.9646302250803873,-1.0843234513784772,5.7172197463963625,0.32364076795312613,9.981127842446165,150.92,152.5744,142.7582,25.0,11.538461538461538,52,5,5,52,9.615384615384615,0.0,0.0,0.0,"(-2,0]","(-2,0]",>5,"(0,1]",<=10,<=25,<=25,5-9,"(5,10]"
BULL_2013_2014,VFC,legacy,MACD_PASS,2013-09-03,2013-09-04,42.669,GREEN,150.92,152.5744,142.7582,-0.1091285941334607,-0.149795264065141,-0.2335893180262319,True,2013-08-16,41.725,2.262432594367869,False,,8.460474817783425,0.0,8.460474817783425,0.0,2.1139468935292616,5.952799456279756,5.444233518479469,3.6208957322646502,True,1.0,True,6.0,True,8.0,MACD_PASS,legacy,-0.9646302250803873,-1.0843234513784772,5.7172197463963625,0.32364076795312613,9.981127842446165,150.92,152.5744,142.7582,25.0,11.538461538461538,52,5,5,52,9.615384615384615,0.0,0.0,0.0,"(-2,0]","(-2,0]",>5,"(0,1]",<=10,<=25,<=25,5-9,"(5,10]"
BULL_2013_2014,EMR,legacy,MACD_PASS,2013-09-04,2013-09-05,53.802,GREEN,152.18,152.734,142.9066,-0.1979761366332875,-0.2539331206425868,-0.2730811653848818,True,2013-08-29,52.793,1.9112382323414057,False,,8.977361436377818,-0.3568640570982495,8.977361436377818,-0.3568640570982495,3.789821939704852,8.505260027508266,6.73766774469351,3.9812646370023455,True,2.0,True,3.0,True,7.0,MACD_PASS,legacy,1.4803947719391752,-0.3627221181924156,6.489133461995467,0.4083811487264777,10.510971706034752,152.18,152.734,142.9066,36.53846153846154,76.92307692307692,52,6,6,52,11.538461538461538,0.0,0.0,0.0,"(0,2]","(-2,0]",>5,"(0,1]","(10,20]","(25,50]",>75,5-9,>10
BULL_2013_2014,KO,legacy,MACD_PASS,2013-09-04,2013-09-05,33.807,GREEN,152.18,152.734,142.9066,-0.0010762877691575,-0.0459715306013527,-0.0502522447449082,True,2013-08-12,33.08,2.1977025392986738,True,19.0,3.4371579850326794,-3.1857307658177403,3.4371579850326794,-2.9727571213062465,0.2277634809358941,2.4994823557251467,1.0145827787144457,-3.114739550980583,True,7.0,True,9.0,False,,MACD_PASS,legacy,1.4803947719391752,-0.3627221181924156,6.489133461995467,0.4083811487264777,10.510971706034752,152.18,152.734,142.9066,36.53846153846154,76.92307692307692,52,6,6,52,11.538461538461538,0.0,0.0,0.0,"(0,2]","(-2,0]",>5,"(0,1]","(10,20]","(25,50]",>75,5-9,>10
BULL_2013_2014,MDT,legacy,MACD_PASS,2013-09-04,2013-09-05,48.866,GREEN,152.18,152.734,142.9066,-0.1183534424777071,-0.2389709551033485,-0.302373794881752,True,2013-08-19,47.031,3.9016818694052935,False,,2.0382269880898862,-1.162362378750048,2.0382269880898862,-1.162362378750048,0.6753161707526711,1.4631850366307877,-0.5341136986862116,0.1862235501166376,True,11.0,False,,False,,MACD_PASS,legacy,1.4803947719391752,-0.3627221181924156,6.489133461995467,0.4083811487264777,10.510971706034752,152.18,152.734,142.9066,36.53846153846154,76.92307692307692,52,6,6,52,11.538461538461538,0.0,0.0,0.0,"(0,2]","(-2,0]",>5,"(0,1]","(10,20]","(25,50]",>75,5-9,>10
BULL_2013_2014,NUE,legacy,MACD_PASS,2013-09-04,2013-09-05,40.777,GREEN,152.18,152.734,142.9066,-0.1281965821309219,-0.1912825153912105,-0.2166754305086472,True,2013-08-19,39.88,2.2492477432296765,False,,10.601564607499324,-0.6081859871986617,10.601564607499324,-0.6081859871986617,4.335777521642115,8.325771881207533,7.209946783726107,5.302008485175458,True,2.0,True,2.0,True,4.0,MACD_PASS,legacy,1.4803947719391752,-0.3627221181924156,6.489133461995467,0.4083811487264777,10.510971706034752,152.18,152.734,142.9066,36.53846153846154,76.92307692307692,52,6,6,52,11.538461538461538,0.0,0.0,0.0,"(0,2]","(-2,0]",>5,"(0,1]","(10,20]","(25,50]",>75,5-9,>10
BULL_2013_2014,PNR,legacy,MACD_PASS,2013-09-04,2013-09-05,56.447,GREEN,152.18,152.734,142.9066,-0.2221697277046732,-0.3173866783123283,-0.3520820160424231,True,2013-08-21,54.942,2.739252302428019,False,,8.058887097631406,-0.6200506669973627,8.058887097631406,-0.6200506669973627,4.195085655570696,6.335146243378742,7.134125817138193,6.576080216840574,True,2.0,True,3.0,True,5.0,MACD_PASS,legacy,1.4803947719391752,-0.3627221181924156,6.489133461995467,0.4083811487264777,10.510971706034752,152.18,152.734,142.9066,36.53846153846154,76.92307692307692,52,6,6,52,11.538461538461538,0.0,0.0,0.0,"(0,2]","(-2,0]",>5,"(0,1]","(10,20]","(25,50]",>75,5-9,>10
BULL_2013_2014,PPG,legacy,MACD_PASS,2013-09-04,2013-09-05,74.726,GREEN,152.18,152.734,142.9066,-0.1989613289946319,-0.2860205685471032,-0.3198600311083822,True,2013-08-29,73.047,2.298520130874637,False,,8.417418301528269,-0.8056098279046187,8.417418301528269,-0.8056098279046187,2.530578379680448,5.759708802826324,4.9019083050076295,4.796188742873975,True,3.0,True,3.0,True,9.0,MACD_PASS,legacy,1.4803947719391752,-0.3627221181924156,6.489133461995467,0.4083811487264777,10.510971706034752,152.18,152.734,142.9066,36.53846153846154,76.92307692307692,52,6,6,52,11.538461538461538,0.0,0.0,0.0,"(0,2]","(-2,0]",>5,"(0,1]","(10,20]","(25,50]",>75,5-9,>10
BULL_2013_2014,ABT,legacy,MACD_PASS,2013-09-05,2013-09-06,30.654,GREEN,152.35,152.86880000000002,143.05285,-0.1064311845122247,-0.1558661415749309,-0.1889488169182108,True,2013-08-12,29.726,3.1218461952499554,False,,5.924186076857829,-2.0747700137013103,5.924186076857829,-2.0747700137013103,3.405754550792728,4.648659228811902,-1.7224505774124044,-0.4730214653878795,True,3.0,True,3.0,True,8.0,MACD_PASS,legacy,1.2494184887352988,-0.339375987775159,6.499101555823583,0.46886275478885686,10.50535179834313,152.35,152.86880000000002,143.05285,38.46153846153846,82.6923076923077,52,4,4,52,7.6923076923076925,0.0,0.0,0.0,"(0,2]","(-2,0]",>5,"(0,1]","(10,20]","(25,50]",>75,2-4,"(5,10]"
BULL_2013_2014,GPC,legacy,MACD_PASS,2013-09-05,2013-09-06,70.639,GREEN,152.35,152.86880000000002,143.05285,-0.0507086888404934,-0.1761666846150662,-0.2381752148912003,True,2013-08-27,68.275,3.462467960454041,False,,4.633417800365258,-1.2429394527102566,4.633417800365258,-1.2429394527102566,1.2570959385042269,3.173884115007297,2.0073896855844486,2.332988858845697,True,2.0,True,3.0,False,,MACD_PASS,legacy,1.2494184887352988,-0.339375987775159,6.499101555823583,0.46886275478885686,10.50535179834313,152.35,152.86880000000002,143.05285,38.46153846153846,82.6923076923077,52,4,4,52,7.6923076923076925,0.0,0.0,0.0,"(0,2]","(-2,0]",>5,"(0,1]","(10,20]","(25,50]",>75,2-4,"(5,10]"
BULL_2013_2014,LEG,legacy,MACD_PASS,2013-09-05,2013-09-06,25.65,GREEN,152.35,152.86880000000002,143.05285,-0.011042201207195,-0.0392340576284091,-0.0687755304416671,True,2013-08-16,25.065,2.333931777378795,False,,8.105263157894749,-0.7251461988304064,8.105263157894749,-0.7251461988304064,5.793372319688106,5.450292397660816,4.799220272904492,2.1754385964912304,True,1.0,True,1.0,True,3.0,MACD_PASS,legacy,1.2494184887352988,-0.339375987775159,6.499101555823583,0.46886275478885686,10.50535179834313,152.35,152.86880000000002,143.05285,38.46153846153846,82.6923076923077,52,4,4,52,7.6923076923076925,0.0,0.0,0.0,"(0,2]","(-2,0]",>5,"(0,1]","(10,20]","(25,50]",>75,2-4,"(5,10]"
BULL_2013_2014,TROW,legacy,MACD_PASS,2013-09-05,2013-09-06,62.157,GREEN,152.35,152.86880000000002,143.05285,-0.0467330537234025,-0.1041768911382297,-0.1626866288943852,True,2013-08-08,61.037,1.834952569752768,False,,5.835223707707926,-1.8662419357433515,5.835223707707926,-1.8662419357433515,0.9942564795598186,4.3824508904869885,2.250752127676692,2.6191740270605117,True,6.0,True,8.0,True,9.0,MACD_PASS,legacy,1.2494184887352988,-0.339375987775159,6.499101555823583,0.46886275478885686,10.50535179834313,152.35,152.86880000000002,143.05285,38.46153846153846,82.6923076923077,52,4,4,52,7.6923076923076925,0.0,0.0,0.0,"(0,2]","(-2,0]",>5,"(0,1]","(10,20]","(25,50]",>75,2-4,"(5,10]"
BULL_2013_2014,CAH,legacy,MACD_PASS,2013-09-06,2013-09-09,46.377,GREEN,152.43,152.97699999999998,143.18695,-0.1335696688857601,-0.1639225342079154,-0.1797770287714396,True,2013-08-28,45.512,1.900597644577262,False,,7.622312784354301,-0.3169674623196949,7.622312784354301,-0.3169674623196949,5.252603661297628,5.248291178817088,3.6807037971408274,7.083252474286805,True,2.0,True,2.0,True,4.0,MACD_PASS,legacy,1.1278444901479556,-0.3575700922360703,6.4552321283469105,0.4776360954168668,10.372329243699934,152.43,152.97699999999998,143.18695,38.46153846153846,76.92307692307692,52,5,5,52,9.615384615384615,0.0,0.0,0.0,"(0,2]","(-2,0]",>5,"(0,1]","(10,20]","(25,50]",>75,5-9,"(5,10]"
BULL_2013_2014,CINF,legacy,MACD_PASS,2013-09-06,2013-09-09,39.651,GREEN,152.43,152.97699999999998,143.18695,-0.1229163085159187,-0.1332129281658026,-0.1693589497984095,True,2013-08-19,39.161,1.2512448609586224,False,,5.495447781897034,-4.585004161307415,5.495447781897034,-4.585004161307415,3.2281657461350037,3.783006733751981,4.080603263473792,4.8372046102242106,True,1.0,True,5.0,True,8.0,MACD_PASS,legacy,1.1278444901479556,-0.3575700922360703,6.4552321283469105,0.4776360954168668,10.372329243699934,152.43,152.97699999999998,143.18695,38.46153846153846,76.92307692307692,52,5,5,52,9.615384615384615,0.0,0.0,0.0,"(0,2]","(-2,0]",>5,"(0,1]","(10,20]","(25,50]",>75,5-9,"(5,10]"
BULL_2013_2014,CL,legacy,MACD_PASS,2013-09-06,2013-09-09,52.829,GREEN,152.43,152.97699999999998,143.18695,-0.1113083818587475,-0.1706330553200947,-0.2024999699459921,True,2013-08-19,51.865,1.858671551142388,False,,5.655984402506209,0.0,5.655984402506209,0.0,3.484828408639196,3.795263964867779,2.246871983191045,2.0859755058774576,True,2.0,True,5.0,True,7.0,MACD_PASS,legacy,1.1278444901479556,-0.3575700922360703,6.4552321283469105,0.4776360954168668,10.372329243699934,152.43,152.97699999999998,143.18695,38.46153846153846,76.92307692307692,52,5,5,52,9.615384615384615,0.0,0.0,0.0,"(0,2]","(-2,0]",>5,"(0,1]","(10,20]","(25,50]",>75,5-9,"(5,10]"
BULL_2013_2014,JNJ,legacy,MACD_PASS,2013-09-06,2013-09-09,78.214,GREEN,152.43,152.97699999999998,143.18695,-0.127729730423302,-0.2058579468170074,-0.2919217216663619,True,2013-08-16,76.836,1.793430162944443,False,,3.8113381236095862,-1.4179047229396224,3.8113381236095862,-1.4179047229396224,1.8769018334313656,1.9472217250108723,-0.8016467640064362,-0.9154371340169164,True,2.0,True,8.0,False,,MACD_PASS,legacy,1.1278444901479556,-0.3575700922360703,6.4552321283469105,0.4776360954168668,10.372329243699934,152.43,152.97699999999998,143.18695,38.46153846153846,76.92307692307692,52,5,5,52,9.615384615384615,0.0,0.0,0.0,"(0,2]","(-2,0]",>5,"(0,1]","(10,20]","(25,50]",>75,5-9,"(5,10]"
BULL_2013_2014,WMT,legacy,MACD_PASS,2013-09-06,2013-09-09,65.466,GREEN,152.43,152.97699999999998,143.18695,-0.0338574836900664,-0.0629804116586733,-0.0988557029974465,True,2013-08-15,64.872,0.9156492785793446,True,20.0,5.327956496501995,-1.8375950875263336,5.327956496501995,-1.8375950875263336,2.6487031436165376,4.900253566736956,1.5229279320563285,-1.3426816973696076,True,3.0,True,5.0,True,7.0,MACD_PASS,legacy,1.1278444901479556,-0.3575700922360703,6.4552321283469105,0.4776360954168668,10.372329243699934,152.43,152.97699999999998,143.18695,38.46153846153846,76.92307692307692,52,5,5,52,9.615384615384615,0.0,0.0,0.0,"(0,2]","(-2,0]",>5,"(0,1]","(10,20]","(25,50]",>75,5-9,"(5,10]"
BULL_2013_2014,MKC,legacy,MACD_PASS,2013-09-09,2013-09-10,62.641,GREEN,153.91,153.0972,143.32815,-0.1148928312342,-0.2076920801728006,-0.2570229096904962,True,2013-08-16,61.288,2.2076099725884424,True,12.0,2.4951708944620954,-6.736801775195156,2.4951708944620954,-3.0395427914624573,0.7327469229418515,0.6273846202966116,-4.784406379208505,-4.061237847416221,True,6.0,False,,False,,MACD_PASS,legacy,2.442758253461119,0.5309045495280218,7.38295303469696,0.5168406539294734,11.02223603451765,153.91,153.0972,143.32815,44.23076923076923,94.23076923076923,52,1,1,52,1.9230769230769231,0.0,0.0,0.0,>2,"(0,2]",>5,"(0,1]","(10,20]","(25,50]",>75,1,<=2
BULL_2013_2014,TGT,legacy,MACD_FAIL,2013-09-10,2013-09-11,56.85,GREEN,155.04,153.25240000000002,143.47385,0.1109544374543505,-0.0079684895201486,-0.1029361661558097,False,2013-08-12,55.373,2.6673649612627197,True,18.0,1.329815303430082,-4.174142480211085,1.329815303430082,-3.1996481970096746,1.1574318381706306,-2.304309586631492,-1.6693051890941055,-3.1521547933157423,False,,False,,False,,MACD_FAIL,legacy,2.7299231380863986,1.1664417653491688,8.061503890778688,0.5743641437170544,11.359773093744487,155.04,153.25240000000002,143.47385,50.0,96.15384615384616,52,1,1,52,1.9230769230769231,0.0,0.0,0.0,>2,"(0,2]",>5,"(0,1]","(10,20]","(25,50]",>75,1,<=2
BULL_2013_2014,BCR,legacy,MACD_PASS,2013-10-02,2013-10-03,113.42,GREEN,156.09,154.542,145.73895000000002,-0.4359196218221887,-0.5065105535785369,-0.564344710387428,True,2013-09-26,112.31,0.9883358561125544,True,2.0,21.08975489331688,-1.930876388643976,0.4672897196261738,-1.930876388643976,0.2204196790689394,6.30400282137189,16.319873038264852,17.871627578910232,False,,False,,False,,MACD_PASS,legacy,0.08335470633495934,1.001669449081799,7.102459568975883,0.2869568941685996,8.427646243478343,156.09,154.542,145.73895000000002,55.76923076923077,50.0,52,2,2,52,3.8461538461538463,0.0,0.0,0.0,"(0,2]","(0,2]",>5,"(0,1]",<=10,"(50,75]","(25,50]",2-4,"(2,5]"
BULL_2013_2014,CLX,legacy,MACD_PASS,2013-10-02,2013-10-03,73.549,GREEN,156.09,154.542,145.73895000000002,-0.0791337766758654,-0.1228916156851406,-0.129472694815566,True,2013-09-27,72.304,1.7218964372648804,False,,12.210907014371353,-2.964010387632743,12.210907014371353,-2.964010387632743,1.0401229112564137,3.1489211274116524,6.943670206257058,10.00285523936424,True,6.0,True,9.0,True,13.0,MACD_PASS,legacy,0.08335470633495934,1.001669449081799,7.102459568975883,0.2869568941685996,8.427646243478343,156.09,154.542,145.73895000000002,55.76923076923077,50.0,52,2,2,52,3.8461538461538463,0.0,0.0,0.0,"(0,2]","(0,2]",>5,"(0,1]",<=10,"(50,75]","(25,50]",2-4,"(2,5]"
BULL_2013_2014,GWW,legacy,MACD_FAIL,2013-10-03,2013-10-04,242.34,GREEN,154.65,154.54059999999998,145.8633,-0.919782042249421,-0.8683630976995795,-0.8365372175200596,False,2013-10-01,238.81,1.4781625560068568,True,2.0,3.602376825947018,-5.158042419740861,0.3713790542213546,-2.6409177189073207,-2.6244119831641544,-0.2104481307254269,0.961459107039686,1.972435421308916,False,,False,,False,,MACD_FAIL,legacy,-1.207359141433495,0.07079045894737845,6.023927883161839,0.1959304557100916,9.221281030706015,154.65,154.54059999999998,145.8633,42.30769230769231,17.307692307692307,52,1,1,52,1.9230769230769231,0.0,0.0,0.0,"(-2,0]","(0,2]",>5,"(0,1]",<=10,"(25,50]",<=25,1,<=2
BULL_2013_2014,PEP,legacy,MACD_FAIL,2013-10-04,2013-10-07,70.76,GREEN,155.84,154.5556,145.9864,-0.1013259973052786,-0.1025853950542097,-0.0781843580786138,False,2013-10-03,70.649,0.1571147503857117,True,0.0,7.88157150932729,-0.496042962125498,0.423968343697001,-0.3702656868287191,2.319106840022589,3.933013001695884,6.756642170717897,6.455624646693048,False,,False,,False,,MACD_FAIL,legacy,-0.012832028743747781,0.831027798410422,6.749669832258354,0.15656388921287956,9.541038310220912,155.84,154.5556,145.9864,51.92307692307692,40.38461538461539,52,1,1,52,1.9230769230769231,0.0,0.0,0.0,"(-2,0]","(0,2]",>5,"(0,1]",<=10,"(50,75]","(25,50]",1,<=2
BULL_2013_2014,MKC,legacy,MACD_PASS,2013-10-07,2013-10-08,60.089,GREEN,154.46,154.53959999999998,146.10735,-0.1878594327596242,-0.2530180815280024,-0.3018092074601907,True,2013-09-30,58.421,2.8551377073312567,False,,7.628684118557483,-0.9086521659538382,7.628684118557483,-0.9086521659538382,1.3080597114280446,5.370367288522027,7.615370533708354,6.289004643112728,True,2.0,True,6.0,True,8.0,MACD_PASS,legacy,-0.3483870967741831,-0.05150783359085809,5.716789743979356,0.10766103486739009,9.607454301896453,154.46,154.53959999999998,146.10735,40.38461538461539,28.846153846153847,52,1,1,52,1.9230769230769231,0.0,0.0,0.0,"(-2,0]","(-2,0]",>5,"(0,1]",<=10,"(25,50]","(25,50]",1,<=2
BULL_2013_2014,CL,legacy,MACD_FAIL,2013-10-09,2013-10-10,55.245,GREEN,152.77,154.4572,146.33045,-0.0758580082084901,-0.1193847738766532,-0.1001150007619115,False,2013-10-08,53.684,2.907756501005876,False,,9.49045162458142,-0.8905783328807981,9.49045162458142,-0.8905783328807981,4.552448185356139,4.501764865598701,7.303828400760248,7.41605575165174,True,4.0,True,5.0,True,8.0,MACD_FAIL,legacy,-2.126978025498105,-1.092341438275446,4.400690355288317,0.00025897208797420745,9.996072650374122,152.77,154.4572,146.33045,36.53846153846154,11.538461538461538,52,3,3,52,5.769230769230769,0.0,0.0,0.0,"(-4,-2]","(-2,0]","(0,5]","(0,1]",<=10,"(25,50]",<=25,2-4,"(5,10]"
BULL_2013_2014,PG,legacy,MACD_PASS,2013-10-09,2013-10-10,67.691,GREEN,152.77,154.4572,146.33045,-0.0859328743466942,-0.1757464015824204,-0.2406075627755645,True,2013-09-30,65.758,2.9395662885124407,False,,8.191635520231632,-0.3368246886587656,8.191635520231632,-0.3368246886587656,3.4007475144406163,4.946004638725965,5.132144598247934,7.175252249191177,True,4.0,True,5.0,True,9.0,MACD_PASS,legacy,-2.126978025498105,-1.092341438275446,4.400690355288317,0.00025897208797420745,9.996072650374122,152.77,154.4572,146.33045,36.53846153846154,11.538461538461538,52,3,3,52,5.769230769230769,0.0,0.0,0.0,"(-4,-2]","(-2,0]","(0,5]","(0,1]",<=10,"(25,50]",<=25,2-4,"(5,10]"
BULL_2013_2014,WMT,legacy,MACD_PASS,2013-10-09,2013-10-10,66.032,GREEN,152.77,154.4572,146.33045,-0.2008355012152587,-0.2409878325937432,-0.2732241283972818,True,2013-10-01,64.263,2.752750416258176,False,,6.533196026169152,-2.4351829416040527,6.533196026169152,-2.4351829416040527,3.130300460382851,4.001090380421624,4.450872304337294,5.483704870365891,True,3.0,True,5.0,True,12.0,MACD_PASS,legacy,-2.126978025498105,-1.092341438275446,4.400690355288317,0.00025897208797420745,9.996072650374122,152.77,154.4572,146.33045,36.53846153846154,11.538461538461538,52,3,3,52,5.769230769230769,0.0,0.0,0.0,"(-4,-2]","(-2,0]","(0,5]","(0,1]",<=10,"(25,50]",<=25,2-4,"(5,10]"
BULL_2013_2014,ADM,legacy,MACD_FAIL,2013-10-10,2013-10-11,33.33,GREEN,156.08,154.481,146.46370000000002,-0.0393860636270077,-0.0794023237053114,-0.0704721407239775,False,2013-10-08,32.463,2.6707328343036574,False,,13.984398439843982,-1.7341734173417225,13.984398439843982,-1.7341734173417225,2.844284428442845,8.004800480048013,10.633063306330648,12.091209120912104,True,3.0,True,5.0,True,6.0,MACD_FAIL,legacy,0.9246686065308873,1.035078747548246,6.565654151847866,-0.014756918600056235,12.71848043450477,156.08,154.481,146.46370000000002,63.46153846153846,78.84615384615384,52,18,18,52,34.61538461538461,0.0,0.0,0.0,"(0,2]","(0,2]",>5,"(-1,0]","(10,20]","(50,75]",>75,10+,>10
BULL_2013_2014,APD,legacy,MACD_FAIL,2013-10-10,2013-10-11,97.65,GREEN,156.08,154.481,146.46370000000002,-0.3164516482871161,-0.5555292698913551,-0.5512020609961259,False,2013-10-03,92.195,5.916806768262939,False,,3.3794162826420893,-1.7634408602150595,3.3794162826420893,-1.7634408602150595,1.7716333845366083,3.184843830005124,-0.2826420890937098,1.0742447516640885,True,5.0,True,7.0,False,,MACD_FAIL,legacy,0.9246686065308873,1.035078747548246,6.565654151847866,-0.014756918600056235,12.71848043450477,156.08,154.481,146.46370000000002,63.46153846153846,78.84615384615384,52,18,18,52,34.61538461538461,0.0,0.0,0.0,"(0,2]","(0,2]",>5,"(-1,0]","(10,20]","(50,75]",>75,10+,>10
BULL_2013_2014,BDX,legacy,MACD_PASS,2013-10-10,2013-10-11,94.611,GREEN,156.08,154.481,146.46370000000002,-0.1424033792008758,-0.2793874889378804,-0.2817505658247519,True,2013-10-07,91.803,3.0587235711251326,False,,6.488674678420048,-0.2600120493388869,6.488674678420048,-0.2600120493388869,3.466827324518285,4.187673737726039,3.8008265423682186,6.308991554893195,True,4.0,True,5.0,True,8.0,MACD_PASS,legacy,0.9246686065308873,1.035078747548246,6.565654151847866,-0.014756918600056235,12.71848043450477,156.08,154.481,146.46370000000002,63.46153846153846,78.84615384615384,52,18,18,52,34.61538461538461,0.0,0.0,0.0,"(0,2]","(0,2]",>5,"(-1,0]","(10,20]","(50,75]",>75,10+,>10
BULL_2013_2014,BEN,legacy,MACD_FAIL,2013-10-10,2013-10-11,47.646,GREEN,156.08,154.481,146.46370000000002,-0.1371672666581889,-0.1828648336002614,-0.1441618400833683,False,2013-10-08,46.173,3.190176076928064,False,,8.046845485455222,-1.1186668345716355,8.046845485455222,-1.1186668345716355,5.442219703647733,6.71619863157451,5.70037358854889,2.350669521051074,True,3.0,True,4.0,True,5.0,MACD_FAIL,legacy,0.9246686065308873,1.035078747548246,6.565654151847866,-0.014756918600056235,12.71848043450477,156.08,154.481,146.46370000000002,63.46153846153846,78.84615384615384,52,18,18,52,34.61538461538461,0.0,0.0,0.0,"(0,2]","(0,2]",>5,"(-1,0]","(10,20]","(50,75]",>75,10+,>10
BULL_2013_2014,BF-B,legacy,MACD_FAIL,2013-10-10,2013-10-11,33.204,GREEN,156.08,154.481,146.46370000000002,-0.0131228901982704,-0.0830128434374598,-0.0682069716429702,False,2013-09-27,31.944,3.944402704733285,False,,7.234068184556075,-0.4878930249367474,7.234068184556075,-0.4878930249367474,3.8760390314420015,4.14709071196242,4.55969160342129,6.164919889169962,True,4.0,True,4.0,True,7.0,MACD_FAIL,legacy,0.9246686065308873,1.035078747548246,6.565654151847866,-0.014756918600056235,12.71848043450477,156.08,154.481,146.46370000000002,63.46153846153846,78.84615384615384,52,18,18,52,34.61538461538461,0.0,0.0,0.0,"(0,2]","(0,2]",>5,"(-1,0]","(10,20]","(50,75]",>75,10+,>10
BULL_2013_2014,BMS,legacy,MACD_PASS,2013-10-10,2013-10-11,34.78,GREEN,156.08,154.481,146.46370000000002,-0.0279139666674038,-0.0650285833046449,-0.0686303705891346,True,2013-10-03,34.202,1.6899596514823756,False,,4.358826912018388,-0.756181713628512,4.358826912018388,-0.756181713628512,1.446233467510072,3.838412880966069,3.398504887866593,1.420356526739508,True,6.0,True,7.0,False,,MACD_PASS,legacy,0.9246686065308873,1.035078747548246,6.565654151847866,-0.014756918600056235,12.71848043450477,156.08,154.481,146.46370000000002,63.46153846153846,78.84615384615384,52,18,18,52,34.61538461538461,0.0,0.0,0.0,"(0,2]","(0,2]",>5,"(-1,0]","(10,20]","(50,75]",>75,10+,>10
BULL_2013_2014,CB,legacy,MACD_FAIL,2013-10-10,2013-10-11,84.368,GREEN,156.08,154.481,146.46370000000002,-0.3122040100193554,-0.4074270910452652,-0.3368817443563415,False,2013-10-08,82.107,2.7537237994324397,False,,5.784183576711555,-0.4077375308173647,5.784183576711555,-0.4077375308173647,4.258723686705856,3.363834629243323,3.0663284657690197,5.664469941209949,True,3.0,True,3.0,True,6.0,MACD_FAIL,legacy,0.9246686065308873,1.035078747548246,6.565654151847866,-0.014756918600056235,12.71848043450477,156.08,154.481,146.46370000000002,63.46153846153846,78.84615384615384,52,18,18,52,34.61538461538461,0.0,0.0,0.0,"(0,2]","(0,2]",>5,"(-1,0]","(10,20]","(50,75]",>75,10+,>10
BULL_2013_2014,DOV,legacy,MACD_FAIL,2013-10-10,2013-10-11,67.443,GREEN,156.08,154.481,146.46370000000002,-0.3118088463820009,-0.403840031235709,-0.3475440620285014,False,2013-10-07,65.522,2.931839687433224,False,,4.344409353083356,-4.147205788591846,4.344409353083356,-4.147205788591846,0.1660661595717982,2.443544919413432,2.790504574233066,3.896623815666556,True,1.0,True,9.0,False,,MACD_FAIL,legacy,0.9246686065308873,1.035078747548246,6.565654151847866,-0.014756918600056235,12.71848043450477,156.08,154.481,146.46370000000002,63.46153846153846,78.84615384615384,52,18,18,52,34.61538461538461,0.0,0.0,0.0,"(0,2]","(0,2]",>5,"(-1,0]","(10,20]","(50,75]",>75,10+,>10
BULL_2013_2014,EMR,legacy,MACD_FAIL,2013-10-10,2013-10-11,56.927,GREEN,156.08,154.481,146.46370000000002,-0.2158050398193791,-0.3214589884965534,-0.310751171283389,False,2013-10-07,55.069,3.373949045742619,False,,4.194846030881649,-0.4936146292620402,4.194846030881649,-0.4936146292620402,1.2226184411614938,3.660828780719183,3.3622007131940856,3.272612292936561,True,6.0,True,7.0,False,,MACD_FAIL,legacy,0.9246686065308873,1.035078747548246,6.565654151847866,-0.014756918600056235,12.71848043450477,156.08,154.481,146.46370000000002,63.46153846153846,78.84615384615384,52,18,18,52,34.61538461538461,0.0,0.0,0.0,"(0,2]","(0,2]",>5,"(-1,0]","(10,20]","(50,75]",>75,10+,>10
BULL_2013_2014,GPC,legacy,MACD_FAIL,2013-10-10,2013-10-11,72.048,GREEN,156.08,154.481,146.46370000000002,-0.1833117210108123,-0.2920648589247386,-0.2348702302954076,False,2013-10-08,69.609,3.5038572598371065,False,,1.156173662003113,-5.131301354652463,1.156173662003113,-5.131301354652463,-2.1527315123251234,-1.6044858982900423,-1.7335665112147347,0.3858538751942975,False,,False,,False,,MACD_FAIL,legacy,0.9246686065308873,1.035078747548246,6.565654151847866,-0.014756918600056235,12.71848043450477,156.08,154.481,146.46370000000002,63.46153846153846,78.84615384615384,52,18,18,52,34.61538461538461,0.0,0.0,0.0,"(0,2]","(0,2]",>5,"(-1,0]","(10,20]","(50,75]",>75,10+,>10
BULL_2013_2014,HRL,legacy,MACD_PASS,2013-10-10,2013-10-11,19.836,GREEN,156.08,154.481,146.46370000000002,-0.0337521414124941,-0.0749915769506859,-0.0843162277546807,True,2013-09-30,19.228,3.162055335968361,False,,3.927203065134099,-0.4285138132687938,3.927203065134099,-0.4285138132687938,1.220004033071187,2.525710828796135,1.8955434563420197,1.5376083887880698,True,5.0,True,8.0,False,,MACD_PASS,legacy,0.9246686065308873,1.035078747548246,6.565654151847866,-0.014756918600056235,12.71848043450477,156.08,154.481,146.46370000000002,63.46153846153846,78.84615384615384,52,18,18,52,34.61538461538461,0.0,0.0,0.0,"(0,2]","(0,2]",>5,"(-1,0]","(10,20]","(50,75]",>75,10+,>10
BULL_2013_2014,ITW,legacy,MACD_FAIL,2013-10-10,2013-10-11,70.107,GREEN,156.08,154.481,146.46370000000002,-0.2155245120835158,-0.3435502206510814,-0.3148248134789918,False,2013-10-07,67.597,3.713182537686599,False,,4.384726204230671,-1.1553767812058746,4.384726204230671,-1.1553767812058746,1.427817478996407,2.902705863893762,3.4704095168813565,3.6002111058810016,True,7.0,True,8.0,False,,MACD_FAIL,legacy,0.9246686065308873,1.035078747548246,6.565654151847866,-0.014756918600056235,12.71848043450477,156.08,154.481,146.46370000000002,63.46153846153846,78.84615384615384,52,18,18,52,34.61538461538461,0.0,0.0,0.0,"(0,2]","(0,2]",>5,"(-1,0]","(10,20]","(50,75]",>75,10+,>10
BULL_2013_2014,JNJ,legacy,MACD_FAIL,2013-10-10,2013-10-11,79.315,GREEN,156.08,154.481,146.46370000000002,-0.0499819853569636,-0.1661161236123676,-0.1656966421688521,False,2013-10-04,76.524,3.647221786629018,False,,6.182941436046141,-0.6770472167937913,6.182941436046141,-0.6770472167937913,3.395322448464988,3.914770220008834,5.3596419340604,6.127466431318163,True,2.0,True,2.0,True,12.0,MACD_FAIL,legacy,0.9246686065308873,1.035078747548246,6.565654151847866,-0.014756918600056235,12.71848043450477,156.08,154.481,146.46370000000002,63.46153846153846,78.84615384615384,52,18,18,52,34.61538461538461,0.0,0.0,0.0,"(0,2]","(0,2]",>5,"(-1,0]","(10,20]","(50,75]",>75,10+,>10
BULL_2013_2014,KMB,legacy,MACD_PASS,2013-10-10,2013-10-11,84.841,GREEN,156.08,154.481,146.46370000000002,-0.0131649606910753,-0.142727322151346,-0.1870867765931035,True,2013-10-08,82.426,2.929900759469084,False,,14.4623472142007,-0.5751935974351974,14.4623472142007,-0.5751935974351974,3.475913768107408,10.070602656734383,12.68844073030728,12.712014238398892,True,3.0,True,4.0,True,7.0,MACD_PASS,legacy,0.9246686065308873,1.035078747548246,6.565654151847866,-0.014756918600056235,12.71848043450477,156.08,154.481,146.46370000000002,63.46153846153846,78.84615384615384,52,18,18,52,34.61538461538461,0.0,0.0,0.0,"(0,2]","(0,2]",>5,"(-1,0]","(10,20]","(50,75]",>75,10+,>10
BULL_2013_2014,LOW,legacy,MACD_FAIL,2013-10-10,2013-10-11,44.634,GREEN,156.08,154.481,146.46370000000002,-0.1612661564527509,-0.2148450879608454,-0.1732958497618151,False,2013-10-09,42.901,4.039532878021479,False,,6.194829054084328,-0.7931173544831305,6.194829054084328,-0.7931173544831305,-0.6273244611730955,5.88564771250617,2.9282609669758486,1.971591163686881,True,1.0,True,8.0,True,9.0,MACD_FAIL,legacy,0.9246686065308873,1.035078747548246,6.565654151847866,-0.014756918600056235,12.71848043450477,156.08,154.481,146.46370000000002,63.46153846153846,78.84615384615384,52,18,18,52,34.61538461538461,0.0,0.0,0.0,"(0,2]","(0,2]",>5,"(-1,0]","(10,20]","(50,75]",>75,10+,>10
BULL_2013_2014,MMM,legacy,MACD_FAIL,2013-10-10,2013-10-11,107.88,GREEN,156.08,154.481,146.46370000000002,-0.3311922746668078,-0.4309247162394887,-0.4030463070112559,False,2013-10-08,105.6,2.1590909090908994,False,,7.406377456433089,-0.6581386725991734,7.406377456433089,-0.6581386725991734,3.086763070077869,4.412309974045248,5.672969966629582,7.378568780126082,True,1.0,True,4.0,True,11.0,MACD_FAIL,legacy,0.9246686065308873,1.035078747548246,6.565654151847866,-0.014756918600056235,12.71848043450477,156.08,154.481,146.46370000000002,63.46153846153846,78.84615384615384,52,18,18,52,34.61538461538461,0.0,0.0,0.0,"(0,2]","(0,2]",>5,"(-1,0]","(10,20]","(50,75]",>75,10+,>10
BULL_2013_2014,SWK,legacy,MACD_FAIL,2013-10-10,2013-10-11,82.915,GREEN,156.08,154.481,146.46370000000002,-0.317808595565026,-0.3725901012674554,-0.2694688883472105,False,2013-10-09,80.889,2.5046668891938406,True,3.0,1.6052583971537082,-17.772417536030883,1.6052583971537082,-16.34203702586988,-14.40873183380571,-12.968702888500273,-12.316227461858531,-10.287643972743176,False,,False,,False,,MACD_FAIL,legacy,0.9246686065308873,1.035078747548246,6.565654151847866,-0.014756918600056235,12.71848043450477,156.08,154.481,146.46370000000002,63.46153846153846,78.84615384615384,52,18,18,52,34.61538461538461,0.0,0.0,0.0,"(0,2]","(0,2]",>5,"(-1,0]","(10,20]","(50,75]",>75,10+,>10
BULL_2013_2014,VFC,legacy,MACD_PASS,2013-10-10,2013-10-11,43.973,GREEN,156.08,154.481,146.46370000000002,-0.219954923155167,-0.265710163139582,-0.2660240600103346,True,2013-10-04,42.752,2.856006736526928,False,,15.839265003524904,-0.6845109499010849,15.839265003524904,-0.6845109499010849,4.909831032679146,8.987333136242693,10.661087485502474,12.328019466490804,True,2.0,True,3.0,True,6.0,MACD_PASS,legacy,0.9246686065308873,1.035078747548246,6.565654151847866,-0.014756918600056235,12.71848043450477,156.08,154.481,146.46370000000002,63.46153846153846,78.84615384615384,52,18,18,52,34.61538461538461,0.0,0.0,0.0,"(0,2]","(0,2]",>5,"(-1,0]","(10,20]","(50,75]",>75,10+,>10
BULL_2013_2014,ADP,legacy,MACD_PASS,2013-10-11,2013-10-14,57.741,GREEN,157.08,154.4892,146.60469999999998,-0.1044452598413064,-0.2109083234702591,-0.3040780327775585,True,2013-10-02,55.788,3.500752850075295,False,,5.950710933305614,-0.301345664259367,5.950710933305614,-0.301345664259367,3.236868083337652,4.57733672780174,4.355657158691395,4.703763357059976,True,3.0,True,5.0,True,10.0,MACD_PASS,legacy,0.7956878850102767,1.6770104317971768,7.145268876100186,-0.02006210191288771,12.88567987207157,157.08,154.4892,146.60469999999998,73.07692307692308,80.76923076923077,52,5,5,52,9.615384615384615,0.0,0.0,0.0,"(0,2]","(0,2]",>5,"(-1,0]","(10,20]","(50,75]",>75,5-9,"(5,10]"
BULL_2013_2014,CTAS,legacy,MACD_PASS,2013-10-11,2013-10-14,47.866,GREEN,157.08,154.4892,146.60469999999998,-0.0752406253642776,-0.1625807527037236,-0.2132507273791827,True,2013-10-07,46.241,3.5141973573235896,False,,6.129611833033888,-0.5034889065307357,6.129611833033888,-0.5034889065307357,3.551581498349554,4.6400367693143485,5.103831529687031,5.166506497304968,True,3.0,True,4.0,True,10.0,MACD_PASS,legacy,0.7956878850102767,1.6770104317971768,7.145268876100186,-0.02006210191288771,12.88567987207157,157.08,154.4892,146.60469999999998,73.07692307692308,80.76923076923077,52,5,5,52,9.615384615384615,0.0,0.0,0.0,"(0,2]","(0,2]",>5,"(-1,0]","(10,20]","(50,75]",>75,5-9,"(5,10]"
BULL_2013_2014,NUE,legacy,MACD_PASS,2013-10-11,2013-10-14,43.072,GREEN,157.08,154.4892,146.60469999999998,-0.1629716215607261,-0.2197256058580983,-0.2480723551569773,True,2013-10-07,41.989,2.5792469456286327,False,,12.634658246656771,-0.0208952451708821,12.634658246656771,-0.0208952451708821,4.401931649331359,5.22381129271916,9.690750371471024,12.096025260029707,True,1.0,True,1.0,True,4.0,MACD_PASS,legacy,0.7956878850102767,1.6770104317971768,7.145268876100186,-0.02006210191288771,12.88567987207157,157.08,154.4892,146.60469999999998,73.07692307692308,80.76923076923077,52,5,5,52,9.615384615384615,0.0,0.0,0.0,"(0,2]","(0,2]",>5,"(-1,0]","(10,20]","(50,75]",>75,5-9,"(5,10]"
BULL_2013_2014,PPG,legacy,MACD_FAIL,2013-10-11,2013-10-14,77.84,GREEN,157.08,154.4892,146.60469999999998,-0.1830075483257121,-0.2453122228771447,-0.2385466795378316,False,2013-10-10,77.052,1.022685978300375,False,,13.186022610483027,-0.4689105858170728,13.186022610483027,-0.4689105858170728,6.738180883864331,9.316546762589928,10.881294964028765,10.453494347379234,True,3.0,True,3.0,True,3.0,MACD_FAIL,legacy,0.7956878850102767,1.6770104317971768,7.145268876100186,-0.02006210191288771,12.88567987207157,157.08,154.4892,146.60469999999998,73.07692307692308,80.76923076923077,52,5,5,52,9.615384615384615,0.0,0.0,0.0,"(0,2]","(0,2]",>5,"(-1,0]","(10,20]","(50,75]",>75,5-9,"(5,10]"
BULL_2013_2014,SHW,legacy,MACD_PASS,2013-10-11,2013-10-14,171.74,GREEN,157.08,154.4892,146.60469999999998,-0.6270827857473003,-0.71441767704047,-0.7314081889547772,True,2013-10-09,167.19,2.721454632454101,False,,8.961220449516706,-0.7569581926167523,8.961220449516706,-0.7569581926167523,2.2184697798998565,7.569581926167457,3.7673226971002727,2.864795621287985,True,3.0,True,3.0,True,9.0,MACD_PASS,legacy,0.7956878850102767,1.6770104317971768,7.145268876100186,-0.02006210191288771,12.88567987207157,157.08,154.4892,146.60469999999998,73.07692307692308,80.76923076923077,52,5,5,52,9.615384615384615,0.0,0.0,0.0,"(0,2]","(0,2]",>5,"(-1,0]","(10,20]","(50,75]",>75,5-9,"(5,10]"
BULL_2013_2014,CVX,legacy,MACD_PASS,2013-10-14,2013-10-15,100.93,GREEN,157.73,154.505,146.7498,-0.401528551445854,-0.5762544705341188,-0.7168279652027008,True,2013-10-01,97.428,3.5944492343063628,False,,2.9228177945110456,-1.3078371148320669,2.9228177945110456,-1.3078371148320669,1.7635985336371671,2.486872089567016,-0.0891707123749196,1.1988506885960426,True,7.0,False,,False,,MACD_PASS,legacy,2.1170529586947984,2.087311090255972,7.482258919603302,-0.005824714912572304,12.806238433416842,157.73,154.505,146.7498,76.92307692307692,94.23076923076923,52,1,1,52,1.9230769230769231,0.0,0.0,0.0,>2,>2,>5,"(-1,0]","(10,20]",>75,>75,1,<=2
BULL_2013_2014,AFL,legacy,MACD_FAIL,2013-11-08,2013-11-11,59.487,GREEN,163.57,157.6612,149.43265000000002,-0.2209846286283108,-0.2982533151451336,-0.2690932834077008,False,2013-11-07,58.262,2.1025711441419848,False,,3.47975187856171,-0.8859078454116043,3.47975187856171,-0.8859078454116043,2.590481954040369,1.5465563904718538,0.5026308269033608,1.6205221308857265,True,3.0,True,5.0,False,,MACD_FAIL,legacy,0.6089309878213767,3.7477832212364115,9.460683458400808,1.4416364368687207,10.418228341963536,163.57,157.6612,149.43265000000002,92.3076923076923,69.23076923076923,52,3,3,52,5.769230769230769,0.0,0.0,0.0,"(0,2]",>2,>5,>1,"(10,20]",>75,"(50,75]",2-4,"(5,10]"
BULL_2013_2014,BEN,legacy,MACD_FAIL,2013-11-08,2013-11-11,48.923,GREEN,163.57,157.6612,149.43265000000002,-0.3486475880381081,-0.3249119799823747,-0.2426066226542576,False,2013-11-07,47.348,3.326434062684802,False,,6.712589170737693,-1.6740592359422046,6.712589170737693,-1.6740592359422046,2.6102242299123057,5.688530956809679,4.654252601026099,4.870919608364166,True,2.0,True,3.0,True,9.0,MACD_FAIL,legacy,0.6089309878213767,3.7477832212364115,9.460683458400808,1.4416364368687207,10.418228341963536,163.57,157.6612,149.43265000000002,92.3076923076923,69.23076923076923,52,3,3,52,5.769230769230769,0.0,0.0,0.0,"(0,2]",>2,>5,>1,"(10,20]",>75,"(50,75]",2-4,"(5,10]"
BULL_2013_2014,SHW,legacy,MACD_FAIL,2013-11-08,2013-11-11,176.97,GREEN,163.57,157.6612,149.43265000000002,-0.7896500531030515,-0.891524900765621,-0.5722952247395137,False,2013-11-07,172.9,2.353961827646045,True,15.0,2.045544442560887,-3.480815957506922,2.045544442560887,-2.9383511329603818,0.8871560151437974,0.339040515341571,-2.3732836073910746,0.2542803865061893,True,9.0,False,,False,,MACD_FAIL,legacy,0.6089309878213767,3.7477832212364115,9.460683458400808,1.4416364368687207,10.418228341963536,163.57,157.6612,149.43265000000002,92.3076923076923,69.23076923076923,52,3,3,52,5.769230769230769,0.0,0.0,0.0,"(0,2]",>2,>5,>1,"(10,20]",>75,"(50,75]",2-4,"(5,10]"
BULL_2013_2014,ABBV,legacy,MACD_FAIL,2013-11-11,2013-11-12,42.211,GREEN,163.6,157.9284,149.5685,-0.1721945644725973,-0.2061867456246074,-0.2053700950133482,False,2013-11-07,40.799,3.460869138949474,False,,11.7196939186468,-2.4164317358034597,11.7196939186468,-2.4164317358034597,0.0213214564923847,0.3079765937788803,2.513562815379866,8.706261401056615,True,4.0,True,4.0,True,17.0,MACD_FAIL,legacy,0.2881137742904327,3.59124767932808,9.381320264627902,1.4781401804302652,10.406627385793028,163.6,157.9284,149.5685,92.3076923076923,61.53846153846154,52,1,1,52,1.9230769230769231,0.0,0.0,0.0,"(0,2]",>2,>5,>1,"(10,20]",>75,"(50,75]",1,<=2
BULL_2013_2014,GWW,legacy,MACD_PASS,2013-11-26,2013-11-27,236.88,GREEN,166.69,160.4174,151.12605000000002,-0.9943023181069272,-1.2785960358848147,-1.4977340114858788,True,2013-11-18,231.88,2.156287735035356,True,10.0,0.7852077001013313,-4.314420803782504,0.7852077001013313,-4.314420803782504,-1.0849375211077317,-2.3176291793313157,-1.773049645390068,-0.9878419452887588,False,,False,,False,,MACD_PASS,legacy,0.9324856191341047,3.9101743327095484,10.298654666088325,1.4176703018808023,9.150257229539479,166.69,160.4174,151.12605000000002,88.46153846153847,65.38461538461539,52,1,1,52,1.9230769230769231,0.0,0.0,0.0,"(0,2]",>2,>5,>1,<=10,>75,"(50,75]",1,<=2
BULL_2013_2014,PEP,legacy,MACD_FAIL,2013-12-03,2013-12-04,74.629,GREEN,165.84,161.112,151.68615,-0.2921862458806604,-0.3062384565580243,-0.2504053703564161,False,2013-11-29,74.587,0.0563100808451899,True,0.0,0.3751892695868841,-3.6875745353682983,0.0,-1.097428613541651,-0.4220879282852641,-1.922845006632812,-0.6874003403502749,-0.9393131356443264,False,,False,,False,,MACD_FAIL,legacy,-0.4860486048604895,2.934604498733795,9.331010115293981,1.2074894245736711,9.052975538821435,165.84,161.112,151.68615,75.0,19.23076923076923,52,1,1,52,1.9230769230769231,0.0,0.0,0.0,"(-2,0]",>2,>5,>1,<=10,"(50,75]",<=25,1,<=2
BULL_2013_2014,NUE,legacy,MACD_PASS,2013-12-05,2013-12-06,46.37,GREEN,165.08,161.4828,151.96875,-0.2213451513696125,-0.3044303648976157,-0.378465949566824,True,2013-11-25,44.614,3.93598422019994,False,,4.27215872331248,-3.6747897347422898,4.27215872331248,-3.6747897347422898,-1.3823592840198409,-0.6189346560276032,2.9631227086478478,1.621738192797073,True,12.0,True,14.0,False,,MACD_PASS,legacy,-1.202944520916871,2.2276056645042175,8.627596134073624,1.1956775129907893,9.019736159067445,165.08,161.4828,151.96875,69.23076923076923,9.615384615384615,52,1,1,52,1.9230769230769231,0.0,0.0,0.0,"(-2,0]",>2,>5,>1,<=10,"(50,75]",<=25,1,<=2
BULL_2013_2014,APD,legacy,MACD_FAIL,2013-12-06,2013-12-09,98.63,GREEN,166.94,161.6908,152.113,-0.1977412699800895,-0.3560744253778571,-0.303449668313603,False,2013-12-03,95.736,3.022896298153244,False,,4.248200344722708,-3.3042684781506626,4.248200344722708,-3.3042684781506626,-1.8827942816587284,2.8794484436784007,2.849031734766294,1.287640677278734,True,9.0,True,11.0,False,,MACD_FAIL,legacy,-0.029941912689390726,3.246443211363914,9.747358871365375,1.18829478321818,8.365243407455917,166.94,161.6908,152.113,82.6923076923077,46.15384615384615,52,6,6,52,11.538461538461538,0.0,0.0,0.0,"(-2,0]",>2,>5,>1,<=10,>75,"(25,50]",5-9,>10
BULL_2013_2014,DOV,legacy,MACD_PASS,2013-12-06,2013-12-09,69.952,GREEN,166.94,161.6908,152.113,-0.1776241800775719,-0.3138432584574031,-0.3563166529958131,True,2013-12-03,67.244,4.027125096662898,False,,5.769670631290036,-2.6461001829826136,5.769670631290036,-2.6461001829826136,0.0,3.4452195791399687,5.270757090576383,2.7161482159195005,True,9.0,True,9.0,True,12.0,MACD_PASS,legacy,-0.029941912689390726,3.246443211363914,9.747358871365375,1.18829478321818,8.365243407455917,166.94,161.6908,152.113,82.6923076923077,46.15384615384615,52,6,6,52,11.538461538461538,0.0,0.0,0.0,"(-2,0]",>2,>5,>1,<=10,>75,"(25,50]",5-9,>10
BULL_2013_2014,ECL,legacy,MACD_FAIL,2013-12-06,2013-12-09,101.58,GREEN,166.94,161.6908,152.113,-0.526499248431379,-0.6716380754148629,-0.6022683482229475,False,2013-12-04,97.962,3.693268818521456,True,5.0,0.0098444575703959,-4.556999409332551,0.0098444575703959,-3.847214018507583,-3.736956093719224,-1.683402244536325,-1.703091159677106,-1.8212246505217464,False,,False,,False,,MACD_FAIL,legacy,-0.029941912689390726,3.246443211363914,9.747358871365375,1.18829478321818,8.365243407455917,166.94,161.6908,152.113,82.6923076923077,46.15384615384615,52,6,6,52,11.538461538461538,0.0,0.0,0.0,"(-2,0]",>2,>5,>1,<=10,>75,"(25,50]",5-9,>10
BULL_2013_2014,LOW,legacy,MACD_PASS,2013-12-06,2013-12-09,44.738,GREEN,166.94,161.6908,152.113,-0.1982825337076831,-0.316269760884264,-0.3434344593111714,True,2013-11-22,42.738,4.6796761664092745,False,,4.112834726630621,-3.024274665832183,4.112834726630621,-3.024274665832183,-1.5870177477759428,1.0684429344181678,3.466851446197872,1.3769055389154516,True,8.0,True,13.0,False,,MACD_PASS,legacy,-0.029941912689390726,3.246443211363914,9.747358871365375,1.18829478321818,8.365243407455917,166.94,161.6908,152.113,82.6923076923077,46.15384615384615,52,6,6,52,11.538461538461538,0.0,0.0,0.0,"(-2,0]",>2,>5,>1,<=10,>75,"(25,50]",5-9,>10
BULL_2013_2014,MMM,legacy,MACD_FAIL,2013-12-06,2013-12-09,117.17,GREEN,166.94,161.6908,152.113,-0.6284602939709447,-0.7016930879805889,-0.6177694616182152,False,2013-12-04,114.15,2.6456416995181757,False,,9.01254587351712,-2.193394213535893,9.01254587351712,-2.193394213535893,-0.8875992148160816,6.221729111547325,8.884526755995559,6.093709994025764,True,6.0,True,7.0,True,7.0,MACD_FAIL,legacy,-0.029941912689390726,3.246443211363914,9.747358871365375,1.18829478321818,8.365243407455917,166.94,161.6908,152.113,82.6923076923077,46.15384615384615,52,6,6,52,11.538461538461538,0.0,0.0,0.0,"(-2,0]",>2,>5,>1,<=10,>75,"(25,50]",5-9,>10
BULL_2013_2014,SWK,legacy,MACD_FAIL,2013-12-06,2013-12-09,74.578,GREEN,166.94,161.6908,152.113,0.0322419996299735,-0.0260553191156215,-0.0224554998866781,False,2013-12-04,72.995,2.168641687786832,False,,1.1772908900748114,-1.996567352302292,1.1772908900748114,-1.996567352302292,-0.6838477835286572,0.4599211563731886,0.1367695567057403,-0.6181447611896207,False,,False,,False,,MACD_FAIL,legacy,-0.029941912689390726,3.246443211363914,9.747358871365375,1.18829478321818,8.365243407455917,166.94,161.6908,152.113,82.6923076923077,46.15384615384615,52,6,6,52,11.538461538461538,0.0,0.0,0.0,"(-2,0]",>2,>5,>1,<=10,>75,"(25,50]",5-9,>10
BULL_2013_2014,GPC,legacy,MACD_PASS,2013-12-09,2013-12-10,74.238,GREEN,167.35,161.9206,152.27235,-0.0289117155476323,-0.074852379159053,-0.084589285949024,True,2013-12-06,72.958,1.7544340579511486,True,5.0,1.646057275249868,-2.5593361890137167,0.9173199709043844,-2.171394703521101,-2.1013497130849434,0.5522778092082126,-0.4472103235539704,0.6586923139093148,False,,False,,False,,MACD_PASS,legacy,0.48033623536474224,3.353124926661577,9.901764831238236,1.1882324121105459,7.156152716505505,167.35,161.9206,152.27235,82.6923076923077,73.07692307692308,52,2,2,52,3.8461538461538463,0.0,0.0,0.0,"(0,2]",>2,>5,>1,<=10,>75,"(50,75]",2-4,"(2,5]"
BULL_2013_2014,KMB,legacy,MACD_PASS,2013-12-09,2013-12-10,94.032,GREEN,167.35,161.9206,152.27235,-0.5420085163373689,-0.6213117785063448,-0.6863638034220545,True,2013-12-04,92.248,1.9339172664989857,True,5.0,0.7103964607793056,-2.7533180193976547,0.7103964607793056,-2.7533180193976547,-2.545941807044405,-0.5976688786795914,-1.5058703420112285,-1.602645907776068,False,,False,,False,,MACD_PASS,legacy,0.48033623536474224,3.353124926661577,9.901764831238236,1.1882324121105459,7.156152716505505,167.35,161.9206,152.27235,82.6923076923077,73.07692307692308,52,2,2,52,3.8461538461538463,0.0,0.0,0.0,"(0,2]",>2,>5,>1,<=10,>75,"(50,75]",2-4,"(2,5]"
BULL_2013_2014,ABT,legacy,MACD_FAIL,2013-12-10,2013-12-11,33.778,GREEN,166.76,162.1558,152.4242,-0.1912973950256946,-0.1908010576531011,-0.1873454850723134,False,2013-12-05,33.675,0.3058648849294743,True,0.0,7.268044289182307,-1.977618568298889,0.269406122328153,-1.2996625022203778,3.02859849606254,3.650304932204396,4.428918230801116,6.94238853691751,False,,False,,False,,MACD_FAIL,legacy,0.5547515677761572,2.839368064540393,9.40519943683482,1.2051817196838455,7.341297710391209,166.76,162.1558,152.4242,78.84615384615384,59.61538461538461,52,2,2,52,3.8461538461538463,0.0,0.0,0.0,"(0,2]",>2,>5,>1,<=10,>75,"(50,75]",2-4,"(2,5]"
BULL_2013_2014,CTAS,legacy,MACD_PASS,2013-12-10,2013-12-11,51.931,GREEN,166.76,162.1558,152.4242,-0.107256238329388,-0.14060915744117,-0.1526141501517447,True,2013-12-05,50.735,2.3573469991130303,False,,10.583273959677264,-1.1804124703934105,10.583273959677264,-1.1804124703934105,2.1605592035585763,7.821917544433976,7.714082147464896,7.56965974080992,True,5.0,True,7.0,True,7.0,MACD_PASS,legacy,0.5547515677761572,2.839368064540393,9.40519943683482,1.2051817196838455,7.341297710391209,166.76,162.1558,152.4242,78.84615384615384,59.61538461538461,52,2,2,52,3.8461538461538463,0.0,0.0,0.0,"(0,2]",>2,>5,>1,<=10,>75,"(50,75]",2-4,"(2,5]"
BULL_2013_2014,WAG,legacy,MACD_PASS,2013-12-11,2013-12-12,53.43,GREEN,164.89,162.329,152.5581,-0.3350934358330841,-0.4362237686876037,-0.4595911296485948,True,2013-12-04,51.906,2.9360767541324773,False,,8.128392288976238,-4.6902489238255685,8.128392288976238,-4.6902489238255685,-1.0780460415496962,-0.2302077484559239,-0.7280553995882566,4.583567284297208,True,6.0,True,7.0,True,18.0,MACD_PASS,legacy,-0.5668455647349857,1.5776601839474047,8.083412155762293,1.1916413057436515,8.480445215839495,164.89,162.329,152.5581,65.38461538461539,38.46153846153846,52,1,1,52,1.9230769230769231,0.0,0.0,0.0,"(-2,0]","(0,2]",>5,>1,<=10,"(50,75]","(25,50]",1,<=2
BULL_2013_2014,BEN,legacy,MACD_FAIL,2013-12-16,2013-12-17,50.895,GREEN,165.34,162.8774,152.95215,-0.1576036350605737,-0.1965448069685931,-0.1885294303646759,False,2013-12-13,50.026,1.737096709710939,False,,7.480106100795747,-1.34590824245997,7.480106100795747,-1.34590824245997,3.9925336477060647,4.190981432360741,4.743098536201984,7.06159740642498,True,1.0,True,3.0,True,6.0,MACD_FAIL,legacy,-1.201075590080669,1.5119347435555985,8.099166961693594,1.2097140009420082,8.032544584118336,165.34,162.8774,152.95215,61.53846153846154,21.153846153846153,52,4,4,52,7.6923076923076925,0.0,0.0,0.0,"(-2,0]","(0,2]",>5,>1,<=10,"(50,75]",<=25,2-4,"(5,10]"
BULL_2013_2014,EMR,legacy,MACD_FAIL,2013-12-16,2013-12-17,59.104,GREEN,165.34,162.8774,152.95215,-0.1114670067132862,-0.1379475810859317,-0.1097362777028701,False,2013-12-13,58.361,1.273110467606786,False,,5.632444504602052,-1.3501624255549571,5.632444504602052,-1.3501624255549571,4.287357877639408,3.600433134813219,2.0607742284786124,4.571602598808866,True,2.0,True,3.0,True,6.0,MACD_FAIL,legacy,-1.201075590080669,1.5119347435555985,8.099166961693594,1.2097140009420082,8.032544584118336,165.34,162.8774,152.95215,61.53846153846154,21.153846153846153,52,4,4,52,7.6923076923076925,0.0,0.0,0.0,"(-2,0]","(0,2]",>5,>1,<=10,"(50,75]",<=25,2-4,"(5,10]"
BULL_2013_2014,MHFI,legacy,MACD_FAIL,2013-12-16,2013-12-17,69.975,GREEN,165.34,162.8774,152.95215,-0.3188994548557632,-0.4027887464331475,-0.374332423651412,False,2013-12-12,67.701,3.3588868702087105,False,,7.151125401929259,-2.0507324044301334,7.151125401929259,-2.0507324044301334,4.335834226509472,5.71061093247589,6.255091103965715,3.928545909253312,True,3.0,True,3.0,True,6.0,MACD_FAIL,legacy,-1.201075590080669,1.5119347435555985,8.099166961693594,1.2097140009420082,8.032544584118336,165.34,162.8774,152.95215,61.53846153846154,21.153846153846153,52,4,4,52,7.6923076923076925,0.0,0.0,0.0,"(-2,0]","(0,2]",>5,>1,<=10,"(50,75]",<=25,2-4,"(5,10]"
BULL_2013_2014,TROW,legacy,MACD_PASS,2013-12-16,2013-12-17,70.546,GREEN,165.34,162.8774,152.95215,-0.1935709589727284,-0.3114045449860082,-0.3208470406014333,True,2013-12-12,68.513,2.967320070643531,False,,5.477277237547118,-0.7087574065148927,5.477277237547118,-0.7087574065148927,4.170328579933647,3.165310577495517,4.078190117086722,4.725994386641319,True,1.0,True,1.0,True,13.0,MACD_PASS,legacy,-1.201075590080669,1.5119347435555985,8.099166961693594,1.2097140009420082,8.032544584118336,165.34,162.8774,152.95215,61.53846153846154,21.153846153846153,52,4,4,52,7.6923076923076925,0.0,0.0,0.0,"(-2,0]","(0,2]",>5,>1,<=10,"(50,75]",<=25,2-4,"(5,10]"
BULL_2013_2014,ADM,legacy,MACD_FAIL,2013-12-17,2013-12-18,37.74,GREEN,164.82,163.08460000000002,153.07485,-0.1437389204050542,-0.1847764613272826,-0.164753660904672,False,2013-12-16,36.544,3.272767075306504,False,,5.569687334393203,-1.7514573396926414,5.569687334393203,-1.7514573396926414,4.750927397986215,3.6486486486486447,0.7472178060413226,-1.579226285108648,True,0.0,True,0.0,True,1.0,MACD_FAIL,legacy,-1.163348524826091,1.0641102838649275,7.672814966011732,1.224365658672255,8.014721568658022,164.82,163.08460000000002,153.07485,48.07692307692308,21.153846153846153,52,2,2,52,3.8461538461538463,0.0,0.0,0.0,"(-2,0]","(0,2]",>5,>1,<=10,"(25,50]",<=25,2-4,"(2,5]"
BULL_2013_2014,MDT,legacy,MACD_PASS,2013-12-17,2013-12-18,52.556,GREEN,164.82,163.08460000000002,153.07485,-0.1721001766670623,-0.213031265797072,-0.2375462853788424,True,2013-12-12,51.283,2.482304077374553,False,,7.53291726919858,-1.316690767942763,7.53291726919858,-1.316690767942763,0.9342415708958108,2.960651495547606,5.803333587030979,5.027018798995364,True,10.0,True,10.0,True,11.0,MACD_PASS,legacy,-1.163348524826091,1.0641102838649275,7.672814966011732,1.224365658672255,8.014721568658022,164.82,163.08460000000002,153.07485,48.07692307692308,21.153846153846153,52,2,2,52,3.8461538461538463,0.0,0.0,0.0,"(-2,0]","(0,2]",>5,>1,<=10,"(25,50]",<=25,2-4,"(2,5]"
BULL_2013_2014,ADP,legacy,MACD_PASS,2013-12-18,2013-12-19,63.711,GREEN,167.64,163.384,153.2107,-0.2065943485165875,-0.3198452326197146,-0.3314873644248118,True,2013-12-10,61.52,3.5614434330299094,False,,4.602031046444099,-0.6435309444209003,4.602031046444099,-0.6435309444209003,1.7281160239205118,0.5776082623094814,-0.3767010406366289,1.2242783820690215,True,5.0,True,13.0,False,,MACD_PASS,legacy,1.6677785190126748,2.6049062331684913,9.417945352380741,1.291751291379306,10.017226433203481,167.64,163.384,153.2107,71.15384615384616,71.15384615384616,52,7,7,52,13.461538461538462,0.0,0.0,0.0,"(0,2]",>2,>5,>1,"(10,20]","(50,75]","(50,75]",5-9,>10
BULL_2013_2014,BDX,legacy,MACD_PASS,2013-12-18,2013-12-19,101.74,GREEN,167.64,163.384,153.2107,-0.2112800115435489,-0.4206154022950892,-0.4553807730115898,True,2013-12-12,98.505,3.284097253946494,False,,4.0003931590328445,-1.0910163160998576,4.0003931590328445,-1.0910163160998576,1.8183605268331071,0.9730686062512371,2.467072931000591,2.8209160605464856,True,5.0,True,13.0,False,,MACD_PASS,legacy,1.6677785190126748,2.6049062331684913,9.417945352380741,1.291751291379306,10.017226433203481,167.64,163.384,153.2107,71.15384615384616,71.15384615384616,52,7,7,52,13.461538461538462,0.0,0.0,0.0,"(0,2]",>2,>5,>1,"(10,20]","(50,75]","(50,75]",5-9,>10
BULL_2013_2014,BF-B,legacy,MACD_FAIL,2013-12-18,2013-12-19,35.615,GREEN,167.64,163.384,153.2107,-0.1098229125660274,-0.1583777604167897,-0.1435705275067965,False,2013-12-13,34.438,3.4177362216156526,False,,7.710234451775921,-2.052505966587115,7.710234451775921,-2.052505966587115,0.5784079741681714,-0.9321914923487328,4.329636389161862,6.738733679629361,True,15.0,True,15.0,True,17.0,MACD_FAIL,legacy,1.6677785190126748,2.6049062331684913,9.417945352380741,1.291751291379306,10.017226433203481,167.64,163.384,153.2107,71.15384615384616,71.15384615384616,52,7,7,52,13.461538461538462,0.0,0.0,0.0,"(0,2]",>2,>5,>1,"(10,20]","(50,75]","(50,75]",5-9,>10
BULL_2013_2014,CINF,legacy,MACD_FAIL,2013-12-18,2013-12-19,45.309,GREEN,167.64,163.384,153.2107,-0.1369237859586198,-0.1872863922508425,-0.1806999955149559,False,2013-12-13,44.444,1.946269462694605,False,,4.65470436337152,-2.2181023637687813,4.65470436337152,-2.2181023637687813,1.231543401973112,-0.6819837118453242,-1.6332296011829728,-1.6972345450131263,True,2.0,True,4.0,False,,MACD_FAIL,legacy,1.6677785190126748,2.6049062331684913,9.417945352380741,1.291751291379306,10.017226433203481,167.64,163.384,153.2107,71.15384615384616,71.15384615384616,52,7,7,52,13.461538461538462,0.0,0.0,0.0,"(0,2]",>2,>5,>1,"(10,20]","(50,75]","(50,75]",5-9,>10
BULL_2013_2014,CL,legacy,MACD_FAIL,2013-12-18,2013-12-19,59.005,GREEN,167.64,163.384,153.2107,-0.2144559630984558,-0.2803538542539703,-0.2658855995123825,False,2013-12-12,57.511,2.5977639060353663,False,,1.8286585882552275,-1.5846114736039365,1.8286585882552275,-1.5846114736039365,1.4558088297601746,-0.4541987967121463,0.3982713329378828,0.4813151427845108,False,,False,,False,,MACD_FAIL,legacy,1.6677785190126748,2.6049062331684913,9.417945352380741,1.291751291379306,10.017226433203481,167.64,163.384,153.2107,71.15384615384616,71.15384615384616,52,7,7,52,13.461538461538462,0.0,0.0,0.0,"(0,2]",>2,>5,>1,"(10,20]","(50,75]","(50,75]",5-9,>10
BULL_2013_2014,CVX,legacy,MACD_FAIL,2013-12-18,2013-12-19,104.36,GREEN,167.64,163.384,153.2107,-0.3094724501317983,-0.4222779108649951,-0.3220354970820488,False,2013-12-16,101.52,2.7974783293932326,False,,3.3633576082790384,-2.7692602529704846,3.3633576082790384,-2.7692602529704846,3.018397853583754,2.0218474511306983,-1.9068608662322628,-1.006132617861244,True,4.0,True,5.0,False,,MACD_FAIL,legacy,1.6677785190126748,2.6049062331684913,9.417945352380741,1.291751291379306,10.017226433203481,167.64,163.384,153.2107,71.15384615384616,71.15384615384616,52,7,7,52,13.461538461538462,0.0,0.0,0.0,"(0,2]",>2,>5,>1,"(10,20]","(50,75]","(50,75]",5-9,>10
BULL_2013_2014,SHW,legacy,MACD_FAIL,2013-12-18,2013-12-19,172.88,GREEN,167.64,163.384,153.2107,-0.5068483582502713,-0.6872375758495071,-0.6471310090282132,False,2013-12-13,163.93,5.459647410480084,False,,10.116844053678854,-1.469227209625168,10.116844053678854,-1.469227209625168,1.422952336881078,1.5270708005552969,6.235539102267462,10.047431744562708,True,5.0,True,11.0,True,12.0,MACD_FAIL,legacy,1.6677785190126748,2.6049062331684913,9.417945352380741,1.291751291379306,10.017226433203481,167.64,163.384,153.2107,71.15384615384616,71.15384615384616,52,7,7,52,13.461538461538462,0.0,0.0,0.0,"(0,2]",>2,>5,>1,"(10,20]","(50,75]","(50,75]",5-9,>10
BULL_2013_2014,CB,legacy,MACD_PASS,2013-12-19,2013-12-20,91.091,GREEN,167.44,163.6774,153.34429999999998,-0.3249843661027695,-0.4045606131960342,-0.4783702897888028,True,2013-12-13,89.095,2.240305292103928,True,14.0,3.3164637560241905,-3.820355468707104,3.3164637560241905,-3.077142637582197,2.487622267842049,-0.1503990514979514,-2.083630655059221,-3.7775411401784864,True,3.0,True,6.0,False,,MACD_PASS,legacy,1.8863332116344056,2.298790181173449,9.192190384644249,1.3590301877351774,9.952378697031614,167.44,163.6774,153.34429999999998,65.38461538461539,88.46153846153847,52,3,3,52,5.769230769230769,0.0,0.0,0.0,"(0,2]",>2,>5,>1,<=10,"(50,75]",>75,2-4,"(5,10]"
BULL_2013_2014,JNJ,legacy,MACD_PASS,2013-12-19,2013-12-20,82.869,GREEN,167.44,163.6774,153.34429999999998,-0.3187985789941278,-0.3736659171108235,-0.4921301446636856,True,2013-12-12,80.906,2.426272464341328,False,,3.7323969156138,-1.0220951139750634,3.7323969156138,-1.0220951139750634,0.3825314653248091,2.542567184351197,3.011982767983201,2.5787689003125447,True,10.0,True,12.0,False,,MACD_PASS,legacy,1.8863332116344056,2.298790181173449,9.192190384644249,1.3590301877351774,9.952378697031614,167.44,163.6774,153.34429999999998,65.38461538461539,88.46153846153847,52,3,3,52,5.769230769230769,0.0,0.0,0.0,"(0,2]",>2,>5,>1,<=10,"(50,75]",>75,2-4,"(5,10]"
BULL_2013_2014,PG,legacy,MACD_PASS,2013-12-19,2013-12-20,72.248,GREEN,167.44,163.6774,153.34429999999998,-0.3398265362651029,-0.3695820806361902,-0.4331569177600737,True,2013-12-16,70.925,1.8653507225943056,True,8.0,0.6837559517218539,-2.9758609234857736,0.6837559517218539,-2.184143505702585,0.0221459417561575,-0.682371830362094,-1.3536706898460982,-2.622909976746779,False,,False,,False,,MACD_PASS,legacy,1.8863332116344056,2.298790181173449,9.192190384644249,1.3590301877351774,9.952378697031614,167.44,163.6774,153.34429999999998,65.38461538461539,88.46153846153847,52,3,3,52,5.769230769230769,0.0,0.0,0.0,"(0,2]",>2,>5,>1,<=10,"(50,75]",>75,2-4,"(5,10]"
BULL_2013_2014,BCR,legacy,MACD_PASS,2013-12-24,2013-12-26,130.97,GREEN,169.69,164.408,153.7576,-0.5909696240104158,-0.7478558588043005,-0.8402009565946967,True,2013-12-12,128.32,2.0651496259351587,True,6.0,2.825074444529263,-3.9780102313506815,0.9696877147438387,-3.9780102313506815,-1.725586012063829,0.7024509429640391,1.4736199129571803,-2.5196609910666523,False,,False,,False,,MACD_PASS,legacy,2.9547385026089,3.2127390394627975,10.362024381233837,1.3889111582811031,9.789634551118427,169.69,164.408,153.7576,75.0,98.07692307692308,52,2,2,52,3.8461538461538463,0.0,0.0,0.0,>2,>2,>5,>1,<=10,"(50,75]",>75,2-4,"(2,5]"
BULL_2013_2014,WMT,legacy,MACD_PASS,2013-12-24,2013-12-26,70.558,GREEN,169.69,164.408,153.7576,-0.2396474442923447,-0.2983960108864172,-0.3563275588705064,True,2013-12-13,69.427,1.6290492171633586,True,14.0,1.805606734884746,-5.419654752118841,1.805606734884746,-2.192522463788671,0.7539896255562839,-0.0240936534482427,-2.39660988123247,-5.01147991723122,False,,False,,False,,MACD_PASS,legacy,2.9547385026089,3.2127390394627975,10.362024381233837,1.3889111582811031,9.789634551118427,169.69,164.408,153.7576,75.0,98.07692307692308,52,2,2,52,3.8461538461538463,0.0,0.0,0.0,>2,>2,>5,>1,<=10,"(50,75]",>75,2-4,"(2,5]"
BULL_2013_2014,ABBV,legacy,MACD_PASS,2014-01-10,2014-01-13,44.484,GREEN,170.81,166.47220000000002,155.31545,-0.3296289574665663,-0.3528611783318298,-0.3963914105023037,True,2014-01-06,43.448,2.3844595838703686,True,6.0,0.5147918352666148,-8.367053322542938,0.5147918352666148,-4.026166711626667,-1.301591583490691,-5.862782123909726,-5.347990288643123,-1.9714953691214896,False,,False,,False,,MACD_PASS,legacy,0.6837606837606813,2.605720354509633,9.976180734112416,1.0835046676195947,8.53418511657329,170.81,166.47220000000002,155.31545,76.92307692307692,61.53846153846154,52,1,1,52,1.9230769230769231,0.0,0.0,0.0,"(0,2]",>2,>5,>1,<=10,>75,"(50,75]",1,<=2
BULL_2013_2014,MMM,legacy,MACD_FAIL,2014-01-14,2014-01-15,125.34,GREEN,170.37,166.7536,155.58195,-0.4678400181560813,-0.5378780878389295,-0.3817211353586587,False,2014-01-13,122.4,2.401960784313717,True,6.0,0.8377213977979858,-10.27604914632201,0.8377213977979858,-5.473113132280194,-2.233923727461306,-7.052816339556411,-6.45444391255785,-4.930588798468172,False,,False,,False,,MACD_FAIL,legacy,0.10576414595453443,2.1687088014891387,9.504990778171884,0.9788224579319715,10.512895332190284,170.37,166.7536,155.58195,65.38461538461539,46.15384615384615,52,1,1,52,1.9230769230769231,0.0,0.0,0.0,"(0,2]",>2,>5,"(0,1]","(10,20]","(50,75]","(25,50]",1,<=2
BULL_2013_2014,APD,legacy,MACD_PASS,2014-01-15,2014-01-16,100.76,GREEN,171.3,166.928,155.72235,-0.1700460291631806,-0.2703693206287356,-0.3170439633764117,True,2014-01-14,98.151,2.658149178306912,True,5.0,5.855498213576804,-7.475188566891633,1.9551409289400468,-3.939063120285835,-3.880508138150074,-5.289797538705832,-1.6256450972608194,5.716554188169898,False,,False,,False,,MACD_PASS,legacy,0.6285613581624938,2.6190932617655704,10.003477342847699,0.956781536898399,10.475012160893524,171.3,166.928,155.72235,65.38461538461539,61.53846153846154,52,1,1,52,1.9230769230769231,0.0,0.0,0.0,"(0,2]",>2,>5,"(0,1]","(10,20]","(50,75]","(50,75]",1,<=2
BULL_2013_2014,AFL,legacy,MACD_PASS,2014-01-16,2014-01-17,59.121,GREEN,171.07,167.0868,155.86885,-0.123304061445939,-0.1558781159239375,-0.2022045450353256,True,2014-01-08,58.383,1.2640665947279084,True,3.0,1.0165592598230688,-6.728573603288179,1.0165592598230688,-2.393396593427033,-4.659934710170665,-6.310786353410802,-3.673821484751616,-2.166742781752673,False,,False,,False,,MACD_PASS,legacy,0.42855465539508586,2.3839106380635577,9.752525921632182,0.9454947928309032,10.38167610694099,171.07,167.0868,155.86885,67.3076923076923,50.0,52,3,3,52,5.769230769230769,0.0,0.0,0.0,"(0,2]",>2,>5,"(0,1]","(10,20]","(50,75]","(25,50]",2-4,"(5,10]"
BULL_2013_2014,CLX,legacy,MACD_PASS,2014-01-16,2014-01-17,80.734,GREEN,171.07,167.0868,155.86885,-0.1976096930845903,-0.2862934569637232,-0.356495256247415,True,2014-01-06,79.478,1.5803115327511996,True,5.0,1.569351202715108,-6.247677558401666,1.569351202715108,-2.1515098966977897,-2.0499417841306045,-3.2687591349369494,-3.537543042584279,-2.162657616369801,False,,False,,False,,MACD_PASS,legacy,0.42855465539508586,2.3839106380635577,9.752525921632182,0.9454947928309032,10.38167610694099,171.07,167.0868,155.86885,67.3076923076923,50.0,52,3,3,52,5.769230769230769,0.0,0.0,0.0,"(0,2]",>2,>5,"(0,1]","(10,20]","(50,75]","(25,50]",2-4,"(5,10]"
BULL_2013_2014,NUE,legacy,MACD_FAIL,2014-01-16,2014-01-17,46.342,GREEN,171.07,167.0868,155.86885,-0.1675064973263942,-0.1731865524838837,-0.1452782773415107,False,2014-01-15,45.781,1.2253991830672106,True,1.0,0.3495748996590553,-10.651245090846317,0.3495748996590553,-2.893703336066633,-6.743342971818223,-10.206723922144056,-7.142548875749865,-1.1371973587674278,False,,False,,False,,MACD_FAIL,legacy,0.42855465539508586,2.3839106380635577,9.752525921632182,0.9454947928309032,10.38167610694099,171.07,167.0868,155.86885,67.3076923076923,50.0,52,3,3,52,5.769230769230769,0.0,0.0,0.0,"(0,2]",>2,>5,"(0,1]","(10,20]","(50,75]","(25,50]",2-4,"(5,10]"
BULL_2013_2014,XOM,legacy,MACD_FAIL,2014-01-17,2014-01-21,85.527,GREEN,170.34,167.24079999999998,156.00889999999998,-0.3487971466963813,-0.3644766791777272,-0.355520156312032,False,2014-01-15,85.303,0.2625933437276684,True,1.0,0.446642580705503,-9.267248938931573,0.446642580705503,-0.6804868637974026,-2.903176774585803,-8.617161831936116,-7.131081412887164,-3.9531376056683887,False,,False,,False,,MACD_FAIL,legacy,-0.2751595339851254,1.8531363160185998,9.186078486547888,0.943397365247467,8.917730400567194,170.34,167.24079999999998,156.00889999999998,57.69230769230769,36.53846153846154,52,1,1,52,1.9230769230769231,0.0,0.0,0.0,"(-2,0]","(0,2]",>5,"(0,1]",<=10,"(50,75]","(25,50]",1,<=2
BULL_2013_2014,ADM,legacy,MACD_PASS,2014-01-22,2014-01-23,37.958,GREEN,170.96,167.58,156.2962,-0.1686347040573617,-0.2391048103150084,-0.2523492657012998,True,2014-01-17,37.079,2.370614094231227,True,0.0,0.2397386585173189,-9.5236840718689,0.2397386585173189,-2.600242373149275,-5.724748406133095,-6.681068549449398,-2.958533115548756,-4.017598398229616,False,,False,,False,,MACD_PASS,legacy,0.3463051006632689,2.0169471297290853,9.38205791311626,0.9445100354191327,8.737674944617416,170.96,167.58,156.2962,63.46153846153846,38.46153846153846,52,4,4,52,7.6923076923076925,0.0,0.0,0.0,"(0,2]",>2,>5,"(0,1]",<=10,"(50,75]","(25,50]",2-4,"(5,10]"
BULL_2013_2014,BMS,legacy,MACD_FAIL,2014-01-22,2014-01-23,34.955,GREEN,170.96,167.58,156.2962,-0.1660767575203834,-0.098819579427026,-0.0969267878102816,False,2014-01-21,34.412,1.577937928629547,True,1.0,4.663138320698046,-3.761979688170503,1.1300243169789723,-1.5763124016592631,0.5263910742383304,-1.6020597911600487,1.6020597911600598,1.8023172650550867,False,,False,,False,,MACD_FAIL,legacy,0.3463051006632689,2.0169471297290853,9.38205791311626,0.9445100354191327,8.737674944617416,170.96,167.58,156.2962,63.46153846153846,38.46153846153846,52,4,4,52,7.6923076923076925,0.0,0.0,0.0,"(0,2]",>2,>5,"(0,1]",<=10,"(50,75]","(25,50]",2-4,"(5,10]"
BULL_2013_2014,CVX,legacy,MACD_PASS,2014-01-22,2014-01-23,102.68,GREEN,170.96,167.58,156.2962,-0.3421362693215899,-0.4425515997787548,-0.5558607061534093,True,2014-01-14,101.47,1.1924706809894658,True,1.0,0.2045188936501629,-8.64725360342813,0.2045188936501629,-2.7950915465523973,-2.6392676275808435,-6.978963770938851,-5.0954421503701,-4.951305025321384,False,,False,,False,,MACD_PASS,legacy,0.3463051006632689,2.0169471297290853,9.38205791311626,0.9445100354191327,8.737674944617416,170.96,167.58,156.2962,63.46153846153846,38.46153846153846,52,4,4,52,7.6923076923076925,0.0,0.0,0.0,"(0,2]",>2,>5,"(0,1]",<=10,"(50,75]","(25,50]",2-4,"(5,10]"
BULL_2013_2014,KO,legacy,MACD_PASS,2014-01-22,2014-01-23,35.162,GREEN,170.96,167.58,156.2962,-0.0593332916707663,-0.0822896544642773,-0.1139023784224288,True,2014-01-13,34.867,0.8460722172828117,True,0.0,0.0710994823957644,-6.879585916614516,0.0710994823957644,-1.2428189522780242,-3.643137477959157,-3.998634889938002,-2.4287583186394346,-6.1401512996985375,False,,False,,False,,MACD_PASS,legacy,0.3463051006632689,2.0169471297290853,9.38205791311626,0.9445100354191327,8.737674944617416,170.96,167.58,156.2962,63.46153846153846,38.46153846153846,52,4,4,52,7.6923076923076925,0.0,0.0,0.0,"(0,2]",>2,>5,"(0,1]",<=10,"(50,75]","(25,50]",2-4,"(5,10]"
BULL_2013_2014,LOW,legacy,MACD_FAIL,2014-01-23,2014-01-24,44.803,GREEN,169.56,167.69979999999998,156.42825,-0.0916203946566179,-0.1170950894960569,-0.1107279129783105,False,2014-01-17,44.241,1.2703148663004926,True,2.0,1.127156663616291,-6.972747360667797,1.127156663616291,-2.508760574068692,-3.115862777046185,-3.5801174028524896,-1.0512688882440837,-1.171796531482261,False,,False,,False,,MACD_FAIL,legacy,-1.0157618213660347,1.109244018180111,8.394743276869754,0.9205019913317791,9.107546160278924,169.56,167.69979999999998,156.42825,42.30769230769231,19.23076923076923,52,1,1,52,1.9230769230769231,0.0,0.0,0.0,"(-2,0]","(0,2]",>5,"(0,1]",<=10,"(25,50]",<=25,1,<=2
BULL_2013_2014,CINF,legacy,MACD_FAIL,2014-01-28,2014-01-29,43.087,GREEN,166.1,167.8138,156.7375,-0.2003103975059956,-0.2167492069649056,-0.1775864818797464,False,2014-01-08,41.929,2.7618116339526377,True,4.0,0.8796156613363637,-8.051152319725208,0.8796156613363637,-3.608977185694073,-3.546313273145041,-4.748532039826414,-4.182235941235191,-4.465383990530802,False,,False,,False,,MACD_FAIL,legacy,-2.7802165642376364,-1.021250934070972,5.973363107105811,0.7348597991711392,12.022165759994163,166.1,167.8138,156.7375,23.076923076923077,5.769230769230769,52,5,5,52,9.615384615384615,0.0,0.0,0.0,"(-4,-2]","(-2,0]",>5,"(0,1]","(10,20]",<=25,<=25,5-9,"(5,10]"
BULL_2013_2014,MHFI,legacy,MACD_FAIL,2014-01-28,2014-01-29,70.814,GREEN,166.1,167.8138,156.7375,-0.4943695766011681,-0.5772092655593266,-0.5385024732212993,False,2014-01-24,69.291,2.1979766492040698,False,,10.290338068743488,-0.4843674979523649,10.290338068743488,-0.4843674979523649,3.3157285282571447,9.55178354562658,8.340158725675728,7.466037789137747,True,0.0,True,1.0,True,4.0,MACD_FAIL,legacy,-2.7802165642376364,-1.021250934070972,5.973363107105811,0.7348597991711392,12.022165759994163,166.1,167.8138,156.7375,23.076923076923077,5.769230769230769,52,5,5,52,9.615384615384615,0.0,0.0,0.0,"(-4,-2]","(-2,0]",>5,"(0,1]","(10,20]",<=25,<=25,5-9,"(5,10]"
BULL_2013_2014,PEP,legacy,MACD_FAIL,2014-01-28,2014-01-29,73.595,GREEN,166.1,167.8138,156.7375,-0.0540442242280597,-0.068989611845791,-0.0626774034734582,False,2014-01-27,73.194,0.5478591141350408,True,0.0,0.0,-5.936544602214822,0.0,-2.160472858210482,-2.9934098783884866,-0.4674230586316885,-4.714994225151159,-3.422786874108308,False,,False,,False,,MACD_FAIL,legacy,-2.7802165642376364,-1.021250934070972,5.973363107105811,0.7348597991711392,12.022165759994163,166.1,167.8138,156.7375,23.076923076923077,5.769230769230769,52,5,5,52,9.615384615384615,0.0,0.0,0.0,"(-4,-2]","(-2,0]",>5,"(0,1]","(10,20]",<=25,<=25,5-9,"(5,10]"
BULL_2013_2014,PG,legacy,MACD_FAIL,2014-01-28,2014-01-29,69.97,GREEN,166.1,167.8138,156.7375,-0.0341863492745306,-0.0690202180968904,-0.0530097935944173,False,2014-01-22,69.367,0.869289431574094,True,0.0,1.2048020580248675,-4.490495926825777,0.0,-1.8022009432613892,-2.982706874374741,-1.663570101472056,-1.1147634700585995,-0.7731885093611557,False,,False,,False,,MACD_FAIL,legacy,-2.7802165642376364,-1.021250934070972,5.973363107105811,0.7348597991711392,12.022165759994163,166.1,167.8138,156.7375,23.076923076923077,5.769230769230769,52,5,5,52,9.615384615384615,0.0,0.0,0.0,"(-4,-2]","(-2,0]",>5,"(0,1]","(10,20]",<=25,<=25,5-9,"(5,10]"
BULL_2013_2014,PNR,legacy,MACD_FAIL,2014-01-28,2014-01-29,69.099,GREEN,166.1,167.8138,156.7375,-0.578273265848288,-0.6688587519804453,-0.5083163550321139,False,2014-01-27,65.867,4.906857758817007,False,,8.41112027670443,-4.612223042301622,8.41112027670443,-4.612223042301622,0.0274967799823278,3.8495491975281793,5.61802631007684,8.225878811560229,True,7.0,True,9.0,True,13.0,MACD_FAIL,legacy,-2.7802165642376364,-1.021250934070972,5.973363107105811,0.7348597991711392,12.022165759994163,166.1,167.8138,156.7375,23.076923076923077,5.769230769230769,52,5,5,52,9.615384615384615,0.0,0.0,0.0,"(-4,-2]","(-2,0]",>5,"(0,1]","(10,20]",<=25,<=25,5-9,"(5,10]"
BULL_2013_2014,CAH,legacy,MACD_PASS,2014-01-29,2014-01-30,63.677,GREEN,164.52,167.7966,156.85174999999998,-0.299589064974866,-0.311330286920109,-0.4009941929360018,True,2014-01-27,60.316,5.57231911930498,False,,5.557736702420013,-5.771314603388977,5.557736702420013,-5.771314603388977,-3.607267930335911,1.7007710790395425,4.364213138181761,4.045416712470762,True,9.0,True,9.0,True,16.0,MACD_PASS,legacy,-3.766963032288251,-1.9527213304679658,4.888852052973602,0.6254737528905041,12.360650294443678,164.52,167.7966,156.85174999999998,11.538461538461538,3.8461538461538463,52,6,6,52,11.538461538461538,0.0,0.0,0.0,"(-4,-2]","(-2,0]","(0,5]","(0,1]","(10,20]",<=25,<=25,5-9,>10
BULL_2013_2014,CB,legacy,MACD_PASS,2014-01-29,2014-01-30,86.4,GREEN,164.52,167.7966,156.85174999999998,-0.4003309524622849,-0.4843377941812702,-0.6142217833261137,True,2014-01-10,83.987,2.8730636884279903,False,,3.6550925925926014,-2.516203703703712,3.6550925925926014,-2.516203703703712,-1.217592592592598,1.5821759259259105,2.69328703703704,3.41203703703703,True,8.0,True,12.0,False,,MACD_PASS,legacy,-3.766963032288251,-1.9527213304679658,4.888852052973602,0.6254737528905041,12.360650294443678,164.52,167.7966,156.85174999999998,11.538461538461538,3.8461538461538463,52,6,6,52,11.538461538461538,0.0,0.0,0.0,"(-4,-2]","(-2,0]","(0,5]","(0,1]","(10,20]",<=25,<=25,5-9,>10
BULL_2013_2014,ECL,legacy,MACD_FAIL,2014-01-29,2014-01-30,96.461,GREEN,164.52,167.7966,156.85174999999998,-0.4578974602613435,-0.5097437827833557,-0.5059434286044231,False,2014-01-27,93.803,2.8335980725563203,False,,7.44238604202736,-3.041643773131109,7.44238604202736,-3.041643773131109,-0.8179471496252422,1.575766371901599,1.4638040244243866,6.97587626087226,True,10.0,True,13.0,True,18.0,MACD_FAIL,legacy,-3.766963032288251,-1.9527213304679658,4.888852052973602,0.6254737528905041,12.360650294443678,164.52,167.7966,156.85174999999998,11.538461538461538,3.8461538461538463,52,6,6,52,11.538461538461538,0.0,0.0,0.0,"(-4,-2]","(-2,0]","(0,5]","(0,1]","(10,20]",<=25,<=25,5-9,>10
BULL_2013_2014,EMR,legacy,MACD_FAIL,2014-01-29,2014-01-30,58.421,GREEN,164.52,167.7966,156.85174999999998,-0.4199811950572405,-0.4134308590172424,-0.4295472521358725,False,2014-01-24,57.123,2.2722896206431864,True,2.0,0.9226134437958944,-5.8506359014737885,0.9226134437958944,-2.93216480375208,-3.29162458704918,-1.737388952602659,-3.440543640129401,-0.6418924701733997,False,,False,,False,,MACD_FAIL,legacy,-3.766963032288251,-1.9527213304679658,4.888852052973602,0.6254737528905041,12.360650294443678,164.52,167.7966,156.85174999999998,11.538461538461538,3.8461538461538463,52,6,6,52,11.538461538461538,0.0,0.0,0.0,"(-4,-2]","(-2,0]","(0,5]","(0,1]","(10,20]",<=25,<=25,5-9,>10
BULL_2013_2014,PPG,legacy,MACD_FAIL,2014-01-29,2014-01-30,86.711,GREEN,164.52,167.7966,156.85174999999998,-0.4701929408274292,-0.4942197919297099,-0.4577278363512406,False,2014-01-28,85.741,1.1313140737803318,True,2.0,8.212337535030144,-5.379940261327853,1.0575359527626338,-3.832270415518213,-2.60405254235333,1.9109455547738907,3.686960131932504,8.034736077314285,False,,False,,False,,MACD_FAIL,legacy,-3.766963032288251,-1.9527213304679658,4.888852052973602,0.6254737528905041,12.360650294443678,164.52,167.7966,156.85174999999998,11.538461538461538,3.8461538461538463,52,6,6,52,11.538461538461538,0.0,0.0,0.0,"(-4,-2]","(-2,0]","(0,5]","(0,1]","(10,20]",<=25,<=25,5-9,>10
BULL_2013_2014,TROW,legacy,MACD_PASS,2014-01-29,2014-01-30,70.161,GREEN,164.52,167.7966,156.85174999999998,-0.5425702129884091,-0.5905061991128313,-0.7749296608604997,True,2014-01-22,67.435,4.042411210795582,True,2.0,2.63821781331508,-5.051239292484421,0.548737902823504,-5.051239292484421,-2.726585995068476,1.2913156882028431,0.5102549849631544,1.9811576231809624,False,,False,,False,,MACD_PASS,legacy,-3.766963032288251,-1.9527213304679658,4.888852052973602,0.6254737528905041,12.360650294443678,164.52,167.7966,156.85174999999998,11.538461538461538,3.8461538461538463,52,6,6,52,11.538461538461538,0.0,0.0,0.0,"(-4,-2]","(-2,0]","(0,5]","(0,1]","(10,20]",<=25,<=25,5-9,>10
BULL_2013_2014,BDX,legacy,MACD_FAIL,2014-01-30,2014-01-31,100.33,GREEN,166.26,167.7996,156.96425000000002,-0.5250546190312215,-0.5577327501170127,-0.5469610318611918,False,2014-01-27,100.11,0.2197582659074992,True,1.0,8.880693710754507,-1.5568623542310367,1.5349347154390625,-1.5568623542310367,3.0300009967108688,7.026811521977461,7.604903817402575,7.545101166151702,False,,False,,False,,MACD_FAIL,legacy,-1.9462137296532234,-0.9175230453469574,5.922208400957518,0.5221412824690796,12.915404921274554,166.26,167.7996,156.96425000000002,17.307692307692307,11.538461538461538,52,2,2,52,3.8461538461538463,0.0,0.0,0.0,"(-2,0]","(-2,0]",>5,"(0,1]","(10,20]",<=25,<=25,2-4,"(2,5]"
BULL_2013_2014,VFC,legacy,MACD_PASS,2014-01-30,2014-01-31,53.956,GREEN,166.26,167.7996,156.96425000000002,-0.2733520887970637,-0.4093162363863006,-0.4209543583508235,True,2014-01-15,52.871,2.052164702767123,True,1.0,3.686337015345842,-5.995626065683157,0.2427904218252008,-3.916153903180364,0.1519756838905595,-3.08399436577953,0.3132181777744769,-0.1668025798799099,False,,False,,False,,MACD_PASS,legacy,-1.9462137296532234,-0.9175230453469574,5.922208400957518,0.5221412824690796,12.915404921274554,166.26,167.7996,156.96425000000002,17.307692307692307,11.538461538461538,52,2,2,52,3.8461538461538463,0.0,0.0,0.0,"(-2,0]","(-2,0]",>5,"(0,1]","(10,20]",<=25,<=25,2-4,"(2,5]"
BULL_2013_2014,BCR,legacy,MACD_FAIL,2014-01-31,2014-02-03,128.0,GREEN,165.27,167.79440000000002,157.0823,-0.5131798969791217,-0.4463698315296472,-0.4435812490875848,False,2014-01-29,123.36,3.761348897535677,True,0.0,11.82812499999999,-4.039062500000002,0.0,-4.039062500000002,2.226562499999996,7.804687500000007,9.0078125,10.304687499999998,False,,False,,False,,MACD_FAIL,legacy,-0.39775809076115776,-1.5044602203649338,5.212363200691605,0.4234924602063206,12.668968864023261,165.27,167.79440000000002,157.0823,15.384615384615385,42.30769230769231,52,2,2,52,3.8461538461538463,0.0,0.0,0.0,"(-2,0]","(-2,0]",>5,"(0,1]","(10,20]",<=25,"(25,50]",2-4,"(2,5]"
BULL_2013_2014,CTAS,legacy,MACD_PASS,2014-01-31,2014-02-03,53.845,GREEN,165.27,167.79440000000002,157.0823,-0.3489208281804186,-0.3638485009132092,-0.4183517001282014,True,2014-01-27,53.241,1.134464040870764,True,0.0,10.766087844739536,-3.1163524932677045,0.36957934812889,-2.904633670721513,0.9638777973813628,4.1823753366143634,4.953106137988672,6.63385643978085,False,,False,,False,,MACD_PASS,legacy,-0.39775809076115776,-1.5044602203649338,5.212363200691605,0.4234924602063206,12.668968864023261,165.27,167.79440000000002,157.0823,15.384615384615385,42.30769230769231,52,2,2,52,3.8461538461538463,0.0,0.0,0.0,"(-2,0]","(-2,0]",>5,"(0,1]","(10,20]",<=25,"(25,50]",2-4,"(2,5]"
BULL_2013_2014,WAG,legacy,MACD_FAIL,2014-02-05,2014-02-06,53.82,GREEN,162.49,167.6138,157.38925,-0.183508555811739,-0.3115832377581292,-0.3080797690474323,False,2014-01-27,51.301,4.910235667920704,False,,21.03307320698624,-0.1449275362318869,21.03307320698624,-0.1449275362318869,15.05759940542548,14.934968413229278,17.761055369751013,16.47528799702713,True,0.0,True,1.0,True,1.0,MACD_FAIL,legacy,-1.2338925358619024,-3.056908202069275,3.240850312203669,0.020169471297282193,14.838040707360037,162.49,167.6138,157.38925,7.6923076923076925,13.461538461538462,52,1,1,52,1.9230769230769231,0.0,0.0,0.0,"(-2,0]","(-5,-2]","(0,5]","(0,1]","(10,20]",<=25,<=25,1,<=2
BULL_2013_2014,ADP,legacy,MACD_FAIL,2014-02-06,2014-02-07,59.738,GREEN,164.65,167.5704,157.49205,-0.4389148307914059,-0.4770833539949337,-0.4358242355308556,False,2014-01-24,57.737,3.465715225938304,False,,6.081556128427468,-0.7700291271887205,6.081556128427468,-0.7700291271887205,2.5076165924537097,3.2257524523753744,3.048310957849276,5.117345743078117,True,3.0,True,7.0,True,14.0,MACD_FAIL,legacy,-0.9683628052447935,-1.7427898960675647,4.54495957097516,-0.0771616901153016,15.815765924279718,164.65,167.5704,157.49205,13.461538461538462,21.153846153846153,52,6,6,52,11.538461538461538,0.0,0.0,0.0,"(-2,0]","(-2,0]","(0,5]","(-1,0]","(10,20]",<=25,<=25,5-9,>10
BULL_2013_2014,BF-B,legacy,MACD_FAIL,2014-02-06,2014-02-07,36.756,GREEN,164.65,167.5704,157.49205,-0.1756601011507739,-0.2035334082827267,-0.1732299027322461,False,2014-02-05,35.997,2.1085090424201924,False,,15.058765915768843,-0.4080966372837058,15.058765915768843,-0.4080966372837058,4.616933289803038,7.405593644575048,7.48449232778321,14.294264881924024,True,2.0,True,3.0,True,6.0,MACD_FAIL,legacy,-0.9683628052447935,-1.7427898960675647,4.54495957097516,-0.0771616901153016,15.815765924279718,164.65,167.5704,157.49205,13.461538461538462,21.153846153846153,52,6,6,52,11.538461538461538,0.0,0.0,0.0,"(-2,0]","(-2,0]","(0,5]","(-1,0]","(10,20]",<=25,<=25,5-9,>10
BULL_2013_2014,GPC,legacy,MACD_FAIL,2014-02-06,2014-02-07,73.213,GREEN,164.65,167.5704,157.49205,-0.4733140888267799,-0.6296041025951065,-0.5915070824622071,False,2014-02-04,69.016,6.081198562652124,False,,10.905167115129832,-0.4316173357190478,10.905167115129832,-0.4316173357190478,5.911518446177588,7.3538852389603,7.180418778085862,7.3538852389603,True,2.0,True,3.0,True,5.0,MACD_FAIL,legacy,-0.9683628052447935,-1.7427898960675647,4.54495957097516,-0.0771616901153016,15.815765924279718,164.65,167.5704,157.49205,13.461538461538462,21.153846153846153,52,6,6,52,11.538461538461538,0.0,0.0,0.0,"(-2,0]","(-2,0]","(0,5]","(-1,0]","(10,20]",<=25,<=25,5-9,>10
BULL_2013_2014,ITW,legacy,MACD_PASS,2014-02-06,2014-02-07,72.702,GREEN,164.65,167.5704,157.49205,-0.3632944260540561,-0.4574075847417225,-0.5123667534151479,True,2014-01-27,70.385,3.291894579811028,False,,5.665593793843371,-1.0316084839481765,5.665593793843371,-1.0316084839481765,-0.215950042639812,3.783939919121893,3.910483893152872,4.4565486506561,True,7.0,True,9.0,True,10.0,MACD_PASS,legacy,-0.9683628052447935,-1.7427898960675647,4.54495957097516,-0.0771616901153016,15.815765924279718,164.65,167.5704,157.49205,13.461538461538462,21.153846153846153,52,6,6,52,11.538461538461538,0.0,0.0,0.0,"(-2,0]","(-2,0]","(0,5]","(-1,0]","(10,20]",<=25,<=25,5-9,>10
BULL_2013_2014,KMB,legacy,MACD_FAIL,2014-02-06,2014-02-07,95.023,GREEN,164.65,167.5704,157.49205,-0.1129214686735493,-0.1002239674502457,-0.0094927970919809,False,2014-02-05,93.618,1.5007797645751886,False,,4.462077602264736,-0.0494617092703819,4.462077602264736,-0.0494617092703819,3.470738663270989,3.3981246645548917,2.3404859876030137,3.243425275985823,True,2.0,True,5.0,False,,MACD_FAIL,legacy,-0.9683628052447935,-1.7427898960675647,4.54495957097516,-0.0771616901153016,15.815765924279718,164.65,167.5704,157.49205,13.461538461538462,21.153846153846153,52,6,6,52,11.538461538461538,0.0,0.0,0.0,"(-2,0]","(-2,0]","(0,5]","(-1,0]","(10,20]",<=25,<=25,5-9,>10
BULL_2013_2014,SYY,legacy,MACD_PASS,2014-02-06,2014-02-07,31.965,GREEN,164.65,167.5704,157.49205,-0.1446502297578343,-0.1995428989358239,-0.2218312576611412,True,2014-01-27,30.861,3.577330611451335,False,,3.1471922415141407,-0.5412169560456648,3.1471922415141407,-0.5412169560456648,1.1856718285624843,1.9271077741279676,2.008446738620373,2.549663694666049,True,6.0,True,10.0,False,,MACD_PASS,legacy,-0.9683628052447935,-1.7427898960675647,4.54495957097516,-0.0771616901153016,15.815765924279718,164.65,167.5704,157.49205,13.461538461538462,21.153846153846153,52,6,6,52,11.538461538461538,0.0,0.0,0.0,"(-2,0]","(-2,0]","(0,5]","(-1,0]","(10,20]",<=25,<=25,5-9,>10
BULL_2013_2014,ABT,legacy,MACD_PASS,2014-02-07,2014-02-10,34.123,GREEN,166.67,167.57080000000002,157.60445,-0.0657276189129443,-0.1455057533685528,-0.2063773360455977,True,2014-01-24,32.728,4.262405279882664,False,,8.926530492629613,-0.5656009143392926,8.926530492629613,-0.5656009143392926,4.729947542713142,5.591536500307703,7.92720452480733,6.828239017671378,True,1.0,True,2.0,True,5.0,MACD_PASS,legacy,0.8470986869970165,-0.5375638237688385,5.752090121820808,-0.10468182923745184,16.553676471922728,166.67,167.57080000000002,157.60444999999999,23.076923076923077,51.92307692307692,52,3,3,52,5.769230769230769,0.0,0.0,-2.220446049250313e-14,"(0,2]","(-2,0]",>5,"(-1,0]","(10,20]",<=25,"(50,75]",2-4,"(5,10]"
BULL_2013_2014,JNJ,legacy,MACD_PASS,2014-02-07,2014-02-10,81.275,GREEN,166.67,167.57080000000002,157.60445,-0.2309227211304628,-0.439793731757639,-0.604820349983667,True,2014-01-27,77.588,4.752023508790026,False,,4.706244232543821,-0.4220239926176594,4.706244232543821,-0.4220239926176594,2.2085512150107567,1.756997846816355,4.24853891110426,4.415872039372504,True,1.0,True,1.0,False,,MACD_PASS,legacy,0.8470986869970165,-0.5375638237688385,5.752090121820808,-0.10468182923745184,16.553676471922728,166.67,167.57080000000002,157.60444999999999,23.076923076923077,51.92307692307692,52,3,3,52,5.769230769230769,0.0,0.0,-2.220446049250313e-14,"(0,2]","(-2,0]",>5,"(-1,0]","(10,20]",<=25,"(50,75]",2-4,"(5,10]"
BULL_2013_2014,MDT,legacy,MACD_PASS,2014-02-07,2014-02-10,51.663,GREEN,166.67,167.57080000000002,157.60445,-0.3400176979963124,-0.448827049116224,-0.5000847804409682,True,2014-01-27,49.466,4.441434520680865,False,,9.070321119563316,-0.7142442366877666,9.070321119563316,-0.7142442366877666,0.8845789055997644,3.1453845111588663,7.097923078412016,8.189613456438849,True,2.0,True,8.0,True,13.0,MACD_PASS,legacy,0.8470986869970165,-0.5375638237688385,5.752090121820808,-0.10468182923745184,16.553676471922728,166.67,167.57080000000002,157.60444999999999,23.076923076923077,51.92307692307692,52,3,3,52,5.769230769230769,0.0,0.0,-2.220446049250313e-14,"(0,2]","(-2,0]",>5,"(-1,0]","(10,20]",<=25,"(50,75]",2-4,"(5,10]"
BULL_2013_2014,BEN,legacy,MACD_PASS,2014-02-10,2014-02-11,49.111,GREEN,166.98,167.57659999999998,157.7155,-0.2208064335586138,-0.3916981550564541,-0.5515159645885708,True,2014-01-27,46.669,5.232595513081484,False,,4.094805644356669,-1.956791757447407,4.094805644356669,-1.956791757447407,0.6312231475636976,-0.7024902771273211,1.6961576836146852,0.5721732402109714,True,1.0,True,5.0,False,,MACD_PASS,legacy,3.3547907897994556,-0.35601629344430563,5.87418484549711,-0.12337320214849123,16.5290870601058,166.98,167.57659999999998,157.7155,21.153846153846153,96.15384615384616,52,5,5,52,9.615384615384615,0.0,0.0,0.0,>2,"(-2,0]",>5,"(-1,0]","(10,20]",<=25,>75,5-9,"(5,10]"
BULL_2013_2014,CL,legacy,MACD_PASS,2014-02-10,2014-02-11,56.766,GREEN,166.98,167.57659999999998,157.7155,-0.1007170861877342,-0.1977341895478306,-0.263506194925821,True,2014-01-27,55.007,3.197774828658173,False,,3.5003347073952806,-0.5038227107775795,3.5003347073952806,-0.5038227107775795,-0.2113941443821931,0.4668287355106937,1.5537469612091792,2.527921643237163,True,3.0,True,19.0,False,,MACD_PASS,legacy,3.3547907897994556,-0.35601629344430563,5.87418484549711,-0.12337320214849123,16.5290870601058,166.98,167.57659999999998,157.7155,21.153846153846153,96.15384615384616,52,5,5,52,9.615384615384615,0.0,0.0,0.0,>2,"(-2,0]",>5,"(-1,0]","(10,20]",<=25,>75,5-9,"(5,10]"
BULL_2013_2014,HRL,legacy,MACD_PASS,2014-02-10,2014-02-11,20.363,GREEN,166.98,167.57659999999998,157.7155,-0.1074888341064837,-0.1258132834950934,-0.1484711422368958,True,2014-02-04,20.045,1.5864305313045612,False,,10.36193095319944,-0.2160781810145895,10.36193095319944,-0.2160781810145895,4.18897019103277,8.029268771791976,10.052546284928551,8.574375092078789,True,0.0,True,2.0,True,6.0,MACD_PASS,legacy,3.3547907897994556,-0.35601629344430563,5.87418484549711,-0.12337320214849123,16.5290870601058,166.98,167.57659999999998,157.7155,21.153846153846153,96.15384615384616,52,5,5,52,9.615384615384615,0.0,0.0,0.0,>2,"(-2,0]",>5,"(-1,0]","(10,20]",<=25,>75,5-9,"(5,10]"
BULL_2013_2014,SHW,legacy,MACD_PASS,2014-02-10,2014-02-11,175.34,GREEN,166.98,167.57659999999998,157.7155,-1.1642299995365293,-1.5196071655850416,-1.974543244867201,True,2014-01-31,167.45,4.711854284861161,False,,14.628721341393858,-0.3992243640926318,14.628721341393858,-0.3992243640926318,5.800159689745632,8.794342420440282,11.6801642523098,12.221968746435508,True,1.0,True,1.0,True,3.0,MACD_PASS,legacy,3.3547907897994556,-0.35601629344430563,5.87418484549711,-0.12337320214849123,16.5290870601058,166.98,167.57659999999998,157.7155,21.153846153846153,96.15384615384616,52,5,5,52,9.615384615384615,0.0,0.0,0.0,>2,"(-2,0]",>5,"(-1,0]","(10,20]",<=25,>75,5-9,"(5,10]"
BULL_2013_2014,WMT,legacy,MACD_PASS,2014-02-10,2014-02-11,66.796,GREEN,166.98,167.57659999999998,157.7155,-0.0343401074652491,-0.1069648562978999,-0.1980753576644133,True,2014-01-17,65.322,2.256513885061695,False,,3.1663572669021978,-1.476136295586572,3.1663572669021978,-1.476136295586572,1.2845080543745002,1.1901910294029427,1.2186358464578717,2.8669381400083798,True,2.0,True,20.0,False,,MACD_PASS,legacy,3.3547907897994556,-0.35601629344430563,5.87418484549711,-0.12337320214849123,16.5290870601058,166.98,167.57659999999998,157.7155,21.153846153846153,96.15384615384616,52,5,5,52,9.615384615384615,0.0,0.0,0.0,>2,"(-2,0]",>5,"(-1,0]","(10,20]",<=25,>75,5-9,"(5,10]"
BULL_2013_2014,DOV,legacy,MACD_PASS,2014-02-11,2014-02-12,64.866,GREEN,168.81,167.611,157.8369,-0.4171927910668933,-0.5645961010006717,-0.7067831574089001,True,2014-01-27,62.301,4.117108874656905,False,,18.112724693984504,-0.6336139117565476,18.112724693984504,-0.6336139117565476,4.1608855178367765,7.897820121481214,15.593685443838057,14.824407239539973,True,3.0,True,5.0,True,7.0,MACD_PASS,legacy,3.749001290639775,0.715346844777498,6.952176582282088,-0.12084822583124932,16.383207347546673,168.81,167.611,157.8369,36.53846153846154,94.23076923076923,52,1,1,52,1.9230769230769231,0.0,0.0,0.0,>2,"(0,2]",>5,"(-1,0]","(10,20]","(25,50]",>75,1,<=2
BULL_2013_2014,NUE,legacy,MACD_FAIL,2014-03-17,2014-03-18,44.013,GREEN,172.84,169.76280000000003,160.42075,-0.1104402447638024,-0.1554195820682163,-0.1247464066918014,False,2014-03-13,42.735,2.9905229905229813,False,,7.720446231795153,-0.5521096039806328,7.720446231795153,-0.5521096039806328,4.076068434326241,3.430804535023757,5.3552359530138816,5.575625383409455,True,3.0,True,3.0,True,6.0,MACD_FAIL,legacy,-0.9626403850561571,1.8126468225076353,7.741673069101096,0.4741905853164363,9.14146646325163,172.84,169.76280000000003,160.42075,78.84615384615384,38.46153846153846,52,1,1,52,1.9230769230769231,0.0,0.0,0.0,"(-2,0]","(0,2]",>5,"(0,1]",<=10,>75,"(25,50]",1,<=2
BULL_2013_2014,BEN,legacy,MACD_FAIL,2014-03-18,2014-03-19,48.811,GREEN,174.07,169.85119999999998,160.5447,-0.0668052061075491,-0.0972769154434204,-0.0957641028701684,False,2014-03-14,47.682,2.367769808313413,False,,5.91260166765688,-2.544508409989543,5.91260166765688,-2.544508409989543,2.8149392554956965,5.580709266353878,2.433877609555224,1.128843908135457,True,5.0,True,5.0,True,5.0,MACD_FAIL,legacy,0.23032187482006083,2.4838211328504167,8.42463189379654,0.45076853018233276,9.424914258523785,174.07,169.85119999999998,160.5447,86.53846153846153,57.69230769230769,52,5,5,52,9.615384615384615,0.0,0.0,0.0,"(0,2]",>2,>5,"(0,1]",<=10,>75,"(50,75]",5-9,"(5,10]"
BULL_2013_2014,EMR,legacy,MACD_PASS,2014-03-18,2014-03-19,56.944,GREEN,174.07,169.85119999999998,160.5447,-0.0664540194629069,-0.0989070406592277,-0.1188677468728551,True,2014-03-14,55.52,2.5648414985590677,False,,7.091177296993534,-1.3925962348974363,7.091177296993534,-1.3925962348974363,2.686850238831129,5.967266085979195,4.811744872155099,5.60726327620118,True,2.0,True,2.0,True,8.0,MACD_PASS,legacy,0.23032187482006083,2.4838211328504167,8.42463189379654,0.45076853018233276,9.424914258523785,174.07,169.85119999999998,160.5447,86.53846153846153,57.69230769230769,52,5,5,52,9.615384615384615,0.0,0.0,0.0,"(0,2]",>2,>5,"(0,1]",<=10,>75,"(50,75]",5-9,"(5,10]"
BULL_2013_2014,MMM,legacy,MACD_PASS,2014-03-18,2014-03-19,121.57,GREEN,174.07,169.85119999999998,160.5447,-0.1646857236659432,-0.2379598958266595,-0.2952042898760286,True,2014-03-14,118.76,2.366116537554719,False,,3.7591511063584937,-1.645142716130621,3.7591511063584937,-1.645142716130621,0.2549971210002555,2.434811219873323,2.327876943324836,3.018836884099696,True,8.0,True,11.0,False,,MACD_PASS,legacy,0.23032187482006083,2.4838211328504167,8.42463189379654,0.45076853018233276,9.424914258523785,174.07,169.85119999999998,160.5447,86.53846153846153,57.69230769230769,52,5,5,52,9.615384615384615,0.0,0.0,0.0,"(0,2]",>2,>5,"(0,1]",<=10,>75,"(50,75]",5-9,"(5,10]"
BULL_2013_2014,PNR,legacy,MACD_FAIL,2014-03-18,2014-03-19,73.449,GREEN,174.07,169.85119999999998,160.5447,-0.4593374890876265,-0.4915132951769883,-0.4820937337500293,False,2014-03-14,71.484,2.74886687930167,True,5.0,1.9373987392612648,-4.310473934294546,0.6235619273237125,-2.8795490748682706,-2.840065896063937,1.3233672344075575,0.7569878419039,0.6235619273237125,False,,False,,False,,MACD_FAIL,legacy,0.23032187482006083,2.4838211328504167,8.42463189379654,0.45076853018233276,9.424914258523785,174.07,169.85119999999998,160.5447,86.53846153846153,57.69230769230769,52,5,5,52,9.615384615384615,0.0,0.0,0.0,"(0,2]",>2,>5,"(0,1]",<=10,>75,"(50,75]",5-9,"(5,10]"
BULL_2013_2014,XOM,legacy,MACD_PASS,2014-03-18,2014-03-19,82.76,GREEN,174.07,169.85119999999998,160.5447,-0.0690353530618693,-0.113584786627765,-0.1414424015004796,True,2014-03-13,81.57,1.458869682481323,False,,5.756404059932319,-1.736346060898997,5.756404059932319,-1.736346060898997,0.0507491541807736,3.483566940550986,2.831077815369732,5.586031899468336,True,7.0,True,7.0,True,20.0,MACD_PASS,legacy,0.23032187482006083,2.4838211328504167,8.42463189379654,0.45076853018233276,9.424914258523785,174.07,169.85119999999998,160.5447,86.53846153846153,57.69230769230769,52,5,5,52,9.615384615384615,0.0,0.0,0.0,"(0,2]",>2,>5,"(0,1]",<=10,>75,"(50,75]",5-9,"(5,10]"
BULL_2013_2014,CTAS,legacy,MACD_FAIL,2014-03-19,2014-03-20,58.143,GREEN,173.14,169.93079999999998,160.66,-0.1794849137661776,-0.1631936501199616,-0.1920536789312874,False,2014-03-14,55.871,4.066510354208797,True,2.0,0.5004901707858167,-9.791376433964526,0.5004901707858167,-4.5560084618956775,-4.83119206095316,-4.217188655556125,-7.992363655126155,-6.583767607450596,False,,False,,False,,MACD_FAIL,legacy,-0.3338705963619737,1.888533450086749,7.767957176646334,0.41814597525633435,9.292917069271201,173.14,169.93079999999998,160.66,71.15384615384616,28.846153846153847,52,1,1,52,1.9230769230769231,0.0,0.0,0.0,"(-2,0]","(0,2]",>5,"(0,1]",<=10,"(50,75]","(25,50]",1,<=2
BULL_2013_2014,ITW,legacy,MACD_FAIL,2014-03-25,2014-03-26,75.259,GREEN,173.59,170.17919999999998,161.15115,-0.1763914085813916,-0.2303660000891936,-0.1990909537022991,False,2014-03-21,73.828,1.938288996044868,False,,6.601203842729775,-2.01703450750077,6.601203842729775,-2.01703450750077,2.521957506743377,2.7677752826904323,2.7677752826904323,5.551495502199066,True,5.0,True,6.0,True,18.0,MACD_FAIL,legacy,-0.2757511346010211,2.0042402361745815,7.718747275461579,0.33500185719086417,9.51999596391208,173.59,170.17919999999998,161.15115,80.76923076923077,36.53846153846154,52,2,2,52,3.8461538461538463,0.0,0.0,0.0,"(-2,0]",>2,>5,"(0,1]",<=10,>75,"(25,50]",2-4,"(2,5]"
BULL_2013_2014,WAG,legacy,MACD_FAIL,2014-03-25,2014-03-26,61.663,GREEN,173.59,170.17919999999998,161.15115,-0.4698344296357875,-0.5626034389252403,-0.4791632166001534,False,2014-03-20,58.828,4.819133745835313,False,,3.3245219986053343,-5.007865332533279,3.3245219986053343,-5.007865332533279,0.3648865608225415,-0.8968100805993862,0.0713555941164179,1.9801177367303024,True,7.0,True,18.0,False,,MACD_FAIL,legacy,-0.2757511346010211,2.0042402361745815,7.718747275461579,0.33500185719086417,9.51999596391208,173.59,170.17919999999998,161.15115,80.76923076923077,36.53846153846154,52,2,2,52,3.8461538461538463,0.0,0.0,0.0,"(-2,0]",>2,>5,"(0,1]",<=10,>75,"(25,50]",2-4,"(2,5]"
BULL_2013_2014,BDX,legacy,MACD_FAIL,2014-03-26,2014-03-27,108.28,GREEN,172.33,170.2552,161.26035,-0.346484726926321,-0.3613347470031494,-0.3458922492248029,False,2014-03-25,106.7,1.480787253983129,True,10.0,3.454008127077945,-3.186183967491696,3.454008127077945,-2.2257111193202728,2.271887698559283,-1.8840044329516137,-1.4407092722571124,-1.9486516438862236,True,2.0,True,6.0,False,,MACD_FAIL,legacy,-0.46782950213698493,1.218641192750658,6.864458622345815,0.3420661170662864,9.924942562125166,172.33,170.2552,161.26035,80.76923076923077,48.07692307692308,52,2,2,52,3.8461538461538463,0.0,0.0,0.0,"(-2,0]","(0,2]",>5,"(0,1]",<=10,>75,"(25,50]",2-4,"(2,5]"
BULL_2013_2014,MDT,legacy,MACD_PASS,2014-03-26,2014-03-27,54.929,GREEN,172.33,170.2552,161.26035,-0.1383840822703098,-0.1622452988556346,-0.1664626516764612,True,2014-03-25,54.095,1.5417321379055382,True,13.0,6.699557610733864,-5.261337362777407,6.699557610733864,-5.261337362777407,5.7000855650021,1.9497897285586816,-0.6790584208705819,-1.2543465200531625,True,1.0,True,2.0,True,3.0,MACD_PASS,legacy,-0.46782950213698493,1.218641192750658,6.864458622345815,0.3420661170662864,9.924942562125166,172.33,170.2552,161.26035,80.76923076923077,48.07692307692308,52,2,2,52,3.8461538461538463,0.0,0.0,0.0,"(-2,0]","(0,2]",>5,"(0,1]",<=10,>75,"(25,50]",2-4,"(2,5]"
BULL_2013_2014,ABBV,legacy,MACD_FAIL,2014-03-27,2014-03-28,45.512,GREEN,171.97,170.2872,161.3754,-0.1209049153221027,-0.0953193728455867,-0.0396184902567225,False,2014-03-26,45.16,0.7794508414526113,True,0.0,5.0360344524521095,-11.425558094568466,0.582264018280898,-1.8127087361574976,0.7140973809105278,-9.557918790648625,-3.777025839339077,-0.9733696607488128,False,,False,,False,,MACD_FAIL,legacy,-1.2517944300890038,0.9882128545187108,6.565188994109383,0.3459041297535492,9.78068326576997,171.97,170.2872,161.3754,69.23076923076923,40.38461538461539,52,1,1,52,1.9230769230769231,0.0,0.0,0.0,"(-2,0]","(0,2]",>5,"(0,1]",<=10,"(50,75]","(25,50]",1,<=2
BULL_2013_2014,ADP,legacy,MACD_FAIL,2014-03-28,2014-03-31,62.321,GREEN,172.82,170.31760000000003,161.50085,-0.1432010720122876,-0.1616154588598332,-0.1571709928190079,False,2014-03-26,61.037,2.103642053180854,True,5.0,1.275653471542504,-4.876365911971892,1.1135893198119362,-2.748672197172708,-2.4229392981498954,-3.761171996598256,-1.0478009017827028,-0.1957606585260229,False,,False,,False,,MACD_FAIL,legacy,-0.38044731381139396,1.4692550857926312,7.0087247218822535,0.36417292674819635,9.902418438729127,172.82,170.31760000000003,161.50085,86.53846153846153,53.84615384615385,52,4,4,52,7.6923076923076925,0.0,0.0,0.0,"(-2,0]","(0,2]",>5,"(0,1]",<=10,>75,"(50,75]",2-4,"(5,10]"
BULL_2013_2014,GPC,legacy,MACD_PASS,2014-03-28,2014-03-31,77.861,GREEN,172.82,170.31760000000003,161.50085,-0.2557422042075553,-0.3504668341077306,-0.358131930486243,True,2014-03-14,75.838,2.667528152113729,False,,3.8594418258177887,-2.354195296746764,3.8594418258177887,-2.354195296746764,-1.2355351202784526,-1.0017852326582033,0.526579417166495,0.4662154351986247,True,2.0,True,15.0,False,,MACD_PASS,legacy,-0.38044731381139396,1.4692550857926312,7.0087247218822535,0.36417292674819635,9.902418438729127,172.82,170.31760000000003,161.50085,86.53846153846153,53.84615384615385,52,4,4,52,7.6923076923076925,0.0,0.0,0.0,"(-2,0]","(0,2]",>5,"(0,1]",<=10,>75,"(50,75]",2-4,"(5,10]"
BULL_2013_2014,LOW,legacy,MACD_FAIL,2014-03-28,2014-03-31,46.051,GREEN,172.82,170.31760000000003,161.50085,-0.1797180430567977,-0.2080143276091526,-0.2040548882066072,False,2014-03-26,45.159,1.975243030182261,True,5.0,1.748061931336986,-6.764239647347514,1.748061931336986,-5.150811057306026,-4.768626088467142,-5.035721265553416,-2.822957156196404,-5.092180408677338,False,,False,,False,,MACD_FAIL,legacy,-0.38044731381139396,1.4692550857926312,7.0087247218822535,0.36417292674819635,9.902418438729127,172.82,170.31760000000003,161.50085,86.53846153846153,53.84615384615385,52,4,4,52,7.6923076923076925,0.0,0.0,0.0,"(-2,0]","(0,2]",>5,"(0,1]",<=10,>75,"(50,75]",2-4,"(5,10]"
BULL_2013_2014,SYY,legacy,MACD_FAIL,2014-03-28,2014-03-31,32.663,GREEN,172.82,170.31760000000003,161.50085,-0.0556704211238781,-0.0736421398653242,-0.0499510113888482,False,2014-03-27,32.029,1.9794561178931411,False,,2.737041912867788,-1.285858616783497,2.737041912867788,-1.285858616783497,0.2541101552215208,-0.0581697945687742,1.7052934513057671,1.3072895937299212,True,15.0,False,,False,,MACD_FAIL,legacy,-0.38044731381139396,1.4692550857926312,7.0087247218822535,0.36417292674819635,9.902418438729127,172.82,170.31760000000003,161.50085,86.53846153846153,53.84615384615385,52,4,4,52,7.6923076923076925,0.0,0.0,0.0,"(-2,0]","(0,2]",>5,"(0,1]",<=10,>75,"(50,75]",2-4,"(5,10]"
BULL_2013_2014,PPG,legacy,MACD_PASS,2014-03-31,2014-04-01,92.382,GREEN,174.23,170.3808,161.62215,-0.4441446006069554,-0.5644297322691897,-0.5898902958009627,True,2014-03-21,89.045,3.747543376944251,True,8.0,3.330735424649811,-5.07241670455284,3.330735424649811,-3.822173150613761,-1.3281808144443796,-3.356714511484915,0.6202506981879408,-0.7512285943149122,True,2.0,True,3.0,False,,MACD_PASS,legacy,0.8450541181918014,2.2591747426940145,7.80081814281024,0.36403735093906153,9.935801004242387,174.23,170.3808,161.62215,94.23076923076923,84.61538461538461,52,2,2,52,3.8461538461538463,0.0,0.0,0.0,"(0,2]",>2,>5,"(0,1]",<=10,>75,>75,2-4,"(2,5]"
BULL_2013_2014,SHW,legacy,MACD_FAIL,2014-03-31,2014-04-01,190.49,GREEN,174.23,170.3808,161.62215,-1.3580066652090417,-1.558576300474869,-1.5349894651070817,False,2014-03-24,185.48,2.701099849040345,True,4.0,3.328258701244158,-4.792902514567688,2.645808178907028,-3.88996797732164,-2.950286104257449,-3.123523544543028,2.141844716258068,1.065672738726442,True,2.0,False,,False,,MACD_FAIL,legacy,0.8450541181918014,2.2591747426940145,7.80081814281024,0.36403735093906153,9.935801004242387,174.23,170.3808,161.62215,94.23076923076923,84.61538461538461,52,2,2,52,3.8461538461538463,0.0,0.0,0.0,"(0,2]",>2,>5,"(0,1]",<=10,>75,>75,2-4,"(2,5]"
BULL_2013_2014,AFL,legacy,MACD_PASS,2014-04-01,2014-04-02,57.847,GREEN,175.4,170.482,161.754,-0.1077804577849991,-0.1647189049626355,-0.2144465359626836,True,2014-03-21,56.988,1.507334877518085,True,3.0,2.269780628208884,-3.870555084965521,2.269780628208884,-2.0917247221117763,-0.0743340190502483,-0.6776496620395256,-1.3933306826628966,0.2109011703286256,True,2.0,False,,False,,MACD_PASS,legacy,1.0426867907137538,2.884762027662746,8.436267418425514,0.37138389366693225,8.931603839489915,175.4,170.482,161.754,96.15384615384616,82.6923076923077,52,5,5,52,9.615384615384615,0.0,0.0,0.0,"(0,2]",>2,>5,"(0,1]",<=10,>75,>75,5-9,"(5,10]"
BULL_2013_2014,APD,legacy,MACD_PASS,2014-04-01,2014-04-02,109.62,GREEN,175.4,170.482,161.754,-0.438079229473268,-0.5584417907716628,-0.6334022509759281,True,2014-03-27,107.08,2.3720582741875385,True,3.0,2.417442072614473,-4.780149607735817,2.417442072614473,-2.8553183725597564,-1.3045064769202752,-1.1220580186097506,-1.3045064769202752,-2.1620142309797474,True,1.0,False,,False,,MACD_PASS,legacy,1.0426867907137538,2.884762027662746,8.436267418425514,0.37138389366693225,8.931603839489915,175.4,170.482,161.754,96.15384615384616,82.6923076923077,52,5,5,52,9.615384615384615,0.0,0.0,0.0,"(0,2]",>2,>5,"(0,1]",<=10,>75,>75,5-9,"(5,10]"
BULL_2013_2014,CAH,legacy,MACD_PASS,2014-04-01,2014-04-02,64.962,GREEN,175.4,170.482,161.754,-0.3414913777159275,-0.3792405279178107,-0.4349928169769061,True,2014-03-21,63.862,1.722464063136142,True,3.0,3.3204026969613,-7.873833933684315,3.3204026969613,-3.2511314306825523,-0.5449339613928128,-2.5922847202980326,-1.7456359102244412,-6.745481974077161,True,1.0,True,2.0,False,,MACD_PASS,legacy,1.0426867907137538,2.884762027662746,8.436267418425514,0.37138389366693225,8.931603839489915,175.4,170.482,161.754,96.15384615384616,82.6923076923077,52,5,5,52,9.615384615384615,0.0,0.0,0.0,"(0,2]",>2,>5,"(0,1]",<=10,>75,>75,5-9,"(5,10]"
BULL_2013_2014,ECL,legacy,MACD_PASS,2014-04-01,2014-04-02,104.39,GREEN,175.4,170.482,161.754,-0.475635657405143,-0.5909720534862106,-0.6773228765147492,True,2014-03-26,101.53,2.8169014084507005,True,4.0,1.0345818564996725,-6.34926717118498,1.0345818564996725,-6.34926717118498,-1.4177603218699095,-1.5806111696522684,-2.404444870198297,-3.7838873455311774,False,,False,,False,,MACD_PASS,legacy,1.0426867907137538,2.884762027662746,8.436267418425514,0.37138389366693225,8.931603839489915,175.4,170.482,161.754,96.15384615384616,82.6923076923077,52,5,5,52,9.615384615384615,0.0,0.0,0.0,"(0,2]",>2,>5,"(0,1]",<=10,>75,>75,5-9,"(5,10]"
BULL_2013_2014,MHFI,legacy,MACD_PASS,2014-04-01,2014-04-02,74.238,GREEN,175.4,170.482,161.754,-0.2723562586124024,-0.4868433996949095,-0.6340486050386879,True,2014-03-20,70.849,4.78341260991686,True,6.0,0.1697243999030151,-7.473261671920039,0.1697243999030151,-5.762547482421409,-1.46555672297205,-2.971524017349614,-2.252215846332062,-4.719954740160038,False,,False,,False,,MACD_PASS,legacy,1.0426867907137538,2.884762027662746,8.436267418425514,0.37138389366693225,8.931603839489915,175.4,170.482,161.754,96.15384615384616,82.6923076923077,52,5,5,52,9.615384615384615,0.0,0.0,0.0,"(0,2]",>2,>5,"(0,1]",<=10,>75,>75,5-9,"(5,10]"
BULL_2013_2014,ABT,legacy,MACD_PASS,2014-04-02,2014-04-03,35.563,GREEN,175.98,170.5846,161.8831,-0.098191932574495,-0.122708989436203,-0.1417724990445394,True,2014-03-21,34.948,1.759757353782776,True,3.0,1.9627140567443744,-4.833675449202824,1.9627140567443744,-2.9665663751652027,-3.8213873970137535,1.0853977448471497,-1.2484885976998594,0.1293479177797207,False,,False,,False,,MACD_PASS,legacy,2.1180293622700574,3.1628880918910696,8.708073912594937,0.3847448490797545,8.990460673369915,175.98,170.5846,161.8831,96.15384615384616,92.3076923076923,52,1,1,52,1.9230769230769231,0.0,0.0,0.0,>2,>2,>5,"(0,1]",<=10,>75,>75,1,<=2
BULL_2013_2014,BEN,legacy,MACD_FAIL,2014-04-16,2014-04-17,49.41,GREEN,173.42,171.8876,163.13645,-0.1297556057788567,-0.1784679843591481,-0.1669075987103851,False,2014-04-14,47.946,3.053435114503822,False,,6.520947176684877,-3.282736288200772,6.520947176684877,-3.282736288200772,0.076907508601498,0.4148957700870426,3.924306820481682,3.0358227079538613,True,0.0,True,3.0,True,16.0,MACD_FAIL,legacy,-0.5105845906718032,0.8915128258233818,6.303649490962937,0.763843863983027,13.831242907263,173.42,171.8876,163.13645,71.15384615384616,50.0,52,5,5,52,9.615384615384615,0.0,0.0,0.0,"(-2,0]","(0,2]",>5,"(0,1]","(10,20]","(50,75]","(25,50]",5-9,"(5,10]"
BULL_2013_2014,BF-B,legacy,MACD_FAIL,2014-04-16,2014-04-17,42.103,GREEN,173.42,171.8876,163.13645,-0.210573528840809,-0.2592166382412066,-0.2402672795946178,False,2014-04-14,40.734,3.3608287916728097,False,,4.458114623661014,-0.8431703204047292,4.458114623661014,-0.8431703204047292,0.413272213381477,2.522385578224817,2.4107545780585715,4.313231836211195,True,7.0,True,11.0,False,,MACD_FAIL,legacy,-0.5105845906718032,0.8915128258233818,6.303649490962937,0.763843863983027,13.831242907263,173.42,171.8876,163.13645,71.15384615384616,50.0,52,5,5,52,9.615384615384615,0.0,0.0,0.0,"(-2,0]","(0,2]",>5,"(0,1]","(10,20]","(50,75]","(25,50]",5-9,"(5,10]"
BULL_2013_2014,HRL,legacy,MACD_PASS,2014-04-16,2014-04-17,22.388,GREEN,173.42,171.8876,163.13645,-0.0690240117584813,-0.090222230948627,-0.0917172864980255,True,2014-04-11,21.936,2.060539752005841,False,,4.011077362872961,-0.9916026442737258,4.011077362872961,-0.9916026442737258,0.0848668929783746,0.7504020010719925,2.3316062176165664,2.831874218331243,True,15.0,True,16.0,False,,MACD_PASS,legacy,-0.5105845906718032,0.8915128258233818,6.303649490962937,0.763843863983027,13.831242907263,173.42,171.8876,163.13645,71.15384615384616,50.0,52,5,5,52,9.615384615384615,0.0,0.0,0.0,"(-2,0]","(0,2]",>5,"(0,1]","(10,20]","(50,75]","(25,50]",5-9,"(5,10]"
BULL_2013_2014,TROW,legacy,MACD_PASS,2014-04-16,2014-04-17,71.352,GREEN,173.42,171.8876,163.13645,-0.2693084342037659,-0.4216223239827326,-0.527696527137342,True,2014-04-08,68.026,4.889307029665146,False,,4.888440408117512,-2.413387151025914,4.888440408117512,-2.413387151025914,1.0399147886534177,1.5234331203049625,0.8044623836752862,-0.9614306536607332,True,3.0,True,3.0,False,,MACD_PASS,legacy,-0.5105845906718032,0.8915128258233818,6.303649490962937,0.763843863983027,13.831242907263,173.42,171.8876,163.13645,71.15384615384616,50.0,52,5,5,52,9.615384615384615,0.0,0.0,0.0,"(-2,0]","(0,2]",>5,"(0,1]","(10,20]","(50,75]","(25,50]",5-9,"(5,10]"
BULL_2013_2014,VFC,legacy,MACD_PASS,2014-04-16,2014-04-17,55.534,GREEN,173.42,171.8876,163.13645,-0.2337219072587677,-0.3648521495329564,-0.4519865416254344,True,2014-04-07,53.189,4.408806332136339,False,,6.451903338495324,-0.8967479382000154,6.451903338495324,-0.8967479382000154,2.213058666762713,1.7430763136096816,2.744264774732597,4.426117333525403,True,5.0,True,5.0,True,17.0,MACD_PASS,legacy,-0.5105845906718032,0.8915128258233818,6.303649490962937,0.763843863983027,13.831242907263,173.42,171.8876,163.13645,71.15384615384616,50.0,52,5,5,52,9.615384615384615,0.0,0.0,0.0,"(-2,0]","(0,2]",>5,"(0,1]","(10,20]","(50,75]","(25,50]",5-9,"(5,10]"
BULL_2013_2014,CTAS,legacy,MACD_PASS,2014-04-17,2014-04-21,54.279,GREEN,173.66,172.111,163.2647,-0.1446181962760395,-0.2417176056145505,-0.3049270614648484,True,2014-04-04,52.45,3.487130600571975,False,,6.3007793069142615,-0.989332891173389,6.3007793069142615,-0.989332891173389,0.5379612741575723,2.5516313859872186,4.825070469242254,6.216031982903147,True,7.0,True,9.0,True,15.0,MACD_PASS,legacy,1.7698077824660263,0.9000005810203993,6.367144888025389,0.8382929009925988,13.676055695081676,173.66,172.111,163.2647,76.92307692307692,94.23076923076923,52,1,1,52,1.9230769230769231,0.0,0.0,0.0,"(0,2]","(0,2]",>5,"(0,1]","(10,20]",>75,>75,1,<=2
BULL_2013_2014,BCR,legacy,MACD_PASS,2014-04-21,2014-04-22,138.84,GREEN,174.26,172.3032,163.39565000000002,-0.6727424823686454,-0.9216440641170224,-1.0735641714146544,True,2014-04-09,134.43,3.2805177415755398,True,1.0,6.230193027945852,-5.97810429271104,2.0959377700950688,-5.97810429271104,-3.1042927110342844,-0.7346585998271427,4.609622587150675,4.436761740132522,True,1.0,False,,False,,MACD_PASS,legacy,3.0453550943172925,1.135672465746418,6.649106019652273,0.9024245412626364,13.658725130620256,174.26,172.3032,163.39565000000002,78.84615384615384,98.07692307692308,52,1,1,52,1.9230769230769231,0.0,0.0,0.0,>2,"(0,2]",>5,"(0,1]","(10,20]",>75,>75,1,<=2
BULL_2013_2014,KMB,legacy,MACD_FAIL,2014-04-28,2014-04-29,99.86,GREEN,174.11,172.9284,163.97154999999998,-0.1273746081556168,-0.251993022345374,-0.2512615620654158,False,2014-04-24,97.587,2.329203684917047,False,,1.231724414179847,-1.708391748447835,1.231724414179847,-1.708391748447835,-1.1245744041658343,0.1502102944121786,-1.4029641498097267,-0.5087121970759001,False,,False,,False,,MACD_FAIL,legacy,-0.0860782738436705,0.6832885749246564,6.1830543164347995,0.9100839826152729,13.582861185602491,174.11,172.9284,163.97154999999998,69.23076923076923,50.0,52,1,1,52,1.9230769230769231,0.0,0.0,0.0,"(-2,0]","(0,2]",>5,"(0,1]","(10,20]","(50,75]","(25,50]",1,<=2
BULL_2013_2014,T,legacy,MACD_PASS,2014-04-29,2014-04-30,29.591,GREEN,174.92,173.013,164.07715,-0.1303669081787419,-0.1561311571756133,-0.1619183468028208,True,2014-04-25,28.663,3.2376234169486877,False,,4.03163123922814,-1.2267243418606966,4.03163123922814,-1.2267243418606966,0.9259572167212848,2.696765908553278,-0.4562197965597647,-0.1216586124159424,True,6.0,True,6.0,False,,MACD_PASS,legacy,-0.07426449585834494,1.102229312248193,6.608385140770667,0.8985713136006934,13.373755838183088,174.92,173.013,164.07715,73.07692307692308,46.15384615384615,52,1,1,52,1.9230769230769231,0.0,0.0,0.0,"(-2,0]","(0,2]",>5,"(0,1]","(10,20]","(50,75]","(25,50]",1,<=2
BULL_2013_2014,PNR,legacy,MACD_PASS,2014-04-30,2014-05-01,68.865,GREEN,175.46,173.104,164.18255000000002,-0.4210841688590135,-0.5008425807911472,-0.5124436673839847,True,2014-04-24,66.706,3.2365904116571143,False,,3.540259928846301,-2.0692659551295955,3.540259928846301,-2.0692659551295955,1.7265664706309636,-0.2570246133739795,-0.2570246133739795,0.4748420823349919,True,5.0,True,8.0,False,,MACD_PASS,legacy,0.46953733394412556,1.3610315186246336,6.868848120582838,0.8333265374833809,13.201486021034631,175.46,173.104,164.18255000000002,75.0,61.53846153846154,52,1,1,52,1.9230769230769231,0.0,0.0,0.0,"(0,2]","(0,2]",>5,"(0,1]","(10,20]","(50,75]","(50,75]",1,<=2
BULL_2013_2014,CLX,legacy,MACD_FAIL,2014-05-08,2014-05-09,80.369,GREEN,174.86,173.59620000000004,164.78709999999998,-0.3224239916816226,-0.3280954562878081,-0.3037225081933085,False,2014-05-07,79.619,0.9419862093218878,False,,5.52202963829338,-0.4777961651880713,5.52202963829338,-0.4777961651880713,0.5337879032960569,0.1692194751707676,0.7701974641963982,5.080317037663784,True,20.0,True,20.0,True,20.0,MACD_FAIL,legacy,-0.35331661727830976,0.7280113274368727,6.112675081969421,0.4911205815645747,11.650137598305681,174.86,173.59620000000004,164.78709999999998,84.61538461538461,63.46153846153846,52,1,1,52,1.9230769230769231,0.0,0.0,0.0,"(-2,0]","(0,2]",>5,"(0,1]","(10,20]",>75,"(50,75]",1,<=2
BULL_2013_2014,ECL,legacy,MACD_PASS,2014-05-09,2014-05-12,101.04,GREEN,175.12,173.6514,164.88909999999998,-0.0383621479281947,-0.065814763301973,-0.0720478644712949,True,2014-05-08,99.85,1.191787681522305,False,,5.186064924782263,-0.31670625494854,5.186064924782263,-0.31670625494854,1.8507521773554856,3.295724465558192,3.701504354710994,4.592240696753769,True,5.0,True,10.0,True,18.0,MACD_PASS,legacy,-0.057071110603812425,0.8457173394513351,6.2047157756334625,0.46863772221239497,8.460146098726364,175.12,173.6514,164.88909999999998,80.76923076923077,67.3076923076923,52,3,3,52,5.769230769230769,0.0,0.0,0.0,"(-2,0]","(0,2]",>5,"(0,1]",<=10,>75,"(50,75]",2-4,"(5,10]"
BULL_2013_2014,EMR,legacy,MACD_PASS,2014-05-09,2014-05-12,60.137,GREEN,175.12,173.6514,164.88909999999998,-0.2082527430607266,-0.2126277652535979,-0.2162495108370597,True,2014-05-08,59.183,1.611949377354982,True,6.0,2.151753496183706,-2.983188386517444,1.5398174168980816,-2.983188386517444,-0.6767880007316651,-0.4988609342002403,-0.3625056121855152,0.4689292781482113,False,,False,,False,,MACD_PASS,legacy,-0.057071110603812425,0.8457173394513351,6.2047157756334625,0.46863772221239497,8.460146098726364,175.12,173.6514,164.88909999999998,80.76923076923077,67.3076923076923,52,3,3,52,5.769230769230769,0.0,0.0,0.0,"(-2,0]","(0,2]",>5,"(0,1]",<=10,>75,"(50,75]",2-4,"(5,10]"
BULL_2013_2014,GPC,legacy,MACD_PASS,2014-05-09,2014-05-12,77.516,GREEN,175.12,173.6514,164.88909999999998,-0.1710327617601153,-0.2052727053087457,-0.2296793836988111,True,2014-05-06,76.136,1.8125459703688171,True,6.0,2.9310077919397104,-2.260178543784519,1.253934671551682,-2.260178543784519,-0.5366633985241953,0.5289230610454609,0.2954228804375791,1.6332112080086558,False,,False,,False,,MACD_PASS,legacy,-0.057071110603812425,0.8457173394513351,6.2047157756334625,0.46863772221239497,8.460146098726364,175.12,173.6514,164.88909999999998,80.76923076923077,67.3076923076923,52,3,3,52,5.769230769230769,0.0,0.0,0.0,"(-2,0]","(0,2]",>5,"(0,1]",<=10,>75,"(50,75]",2-4,"(5,10]"
BULL_2013_2014,CAH,legacy,MACD_PASS,2014-05-12,2014-05-13,60.748,GREEN,176.83,173.732,164.99779999999998,-0.2055689537531133,-0.3125716027565857,-0.3851830619095473,True,2014-05-05,58.664,3.5524342015545995,False,,9.557516296832835,-0.9926252716138672,9.557516296832835,-0.9926252716138672,1.3794692829393496,6.354118654112084,8.80522815565945,7.093237637453087,True,4.0,True,6.0,True,8.0,MACD_PASS,legacy,0.7176624708093771,1.7832063177768198,7.171125918042565,0.4647009976383121,8.036055610171765,176.83,173.732,164.99779999999998,90.38461538461539,84.61538461538461,52,2,2,52,3.8461538461538463,0.0,0.0,0.0,"(0,2]","(0,2]",>5,"(0,1]",<=10,>75,>75,2-4,"(2,5]"
BULL_2013_2014,LOW,legacy,MACD_FAIL,2014-05-12,2014-05-13,43.582,GREEN,176.83,173.732,164.99779999999998,0.0062274770724828,-0.0566284630013773,-0.0902407425809214,False,2014-05-07,42.058,3.623567454467636,True,2.0,4.212748382359677,-4.68542058648066,0.7158918819696103,-4.68542058648066,-1.679592492313342,0.8833922261484162,1.876921664907516,1.3193520260657898,False,,False,,False,,MACD_FAIL,legacy,0.7176624708093771,1.7832063177768198,7.171125918042565,0.4647009976383121,8.036055610171765,176.83,173.732,164.99779999999998,90.38461538461539,84.61538461538461,52,2,2,52,3.8461538461538463,0.0,0.0,0.0,"(0,2]","(0,2]",>5,"(0,1]",<=10,>75,>75,2-4,"(2,5]"
BULL_2013_2014,MKC,legacy,MACD_PASS,2014-05-19,2014-05-20,65.959,GREEN,175.85,173.9294,165.50980000000004,-0.1607418414102388,-0.1673709304721123,-0.1709760403585971,True,2014-05-16,65.781,0.2705948526170232,True,0.0,3.8372322200154407,-0.8763019451477505,0.2152852529601734,-0.8095938385967116,0.9339134917145442,3.500659500598857,2.236237662790508,2.8184175017814006,False,,False,,False,,MACD_PASS,legacy,-0.5542046032913084,1.1042411461202217,6.247485043181711,0.3011408984171293,7.968466700885755,175.85,173.9294,165.50980000000004,76.92307692307692,26.923076923076923,52,1,1,52,1.9230769230769231,0.0,0.0,0.0,"(-2,0]","(0,2]",>5,"(0,1]",<=10,>75,"(25,50]",1,<=2
BULL_2013_2014,CVX,legacy,MACD_FAIL,2014-05-21,2014-05-22,108.4,GREEN,176.2,173.98440000000002,165.69625,-0.3577141788739848,-0.4246697945859552,-0.366641068169887,False,2014-05-20,106.78,1.5171380408316226,True,6.0,6.669741697416964,-1.9833948339483487,0.2583025830258378,-1.9833948339483487,-1.0608856088560992,0.0645756457564594,2.527675276752772,6.632841328413286,False,,False,,False,,MACD_FAIL,legacy,0.03406381287611726,1.2734475044888782,6.33915975768915,0.2627811931649404,8.635776909280983,176.2,173.98440000000002,165.69625,75.0,28.846153846153847,52,2,2,52,3.8461538461538463,0.0,0.0,0.0,"(0,2]","(0,2]",>5,"(0,1]",<=10,"(50,75]","(25,50]",2-4,"(2,5]"
BULL_2013_2014,PG,legacy,MACD_PASS,2014-05-21,2014-05-22,71.933,GREEN,176.2,173.98440000000002,165.69625,-0.2582623253336102,-0.2871958726558122,-0.2901753199376781,True,2014-05-16,71.194,1.038008820968073,False,,0.5991686708464838,-1.568125894930006,0.5991686708464838,-1.568125894930006,0.525488996705259,-0.4212253068828109,-0.9050088276590816,-0.5421711870768675,False,,False,,False,,MACD_PASS,legacy,0.03406381287611726,1.2734475044888782,6.33915975768915,0.2627811931649404,8.635776909280983,176.2,173.98440000000002,165.69625,75.0,28.846153846153847,52,2,2,52,3.8461538461538463,0.0,0.0,0.0,"(0,2]","(0,2]",>5,"(0,1]",<=10,"(50,75]","(25,50]",2-4,"(2,5]"
BULL_2013_2014,HRL,legacy,MACD_FAIL,2014-05-27,2014-05-28,22.469,GREEN,178.44,174.29719999999998,166.02294999999998,-0.0940768970711818,-0.1192316909276596,-0.0958319939190698,False,2014-05-23,21.737,3.3675300179417667,False,,4.361564822644537,-0.3827495660688185,4.361564822644537,-0.3827495660688185,3.760737015443505,1.6511638257154182,2.567982553740711,1.757977658106724,True,1.0,True,2.0,False,,MACD_FAIL,legacy,1.4728461757179456,2.376859754488314,7.479116592013346,0.3253286671424771,8.261983917915309,178.44,174.29719999999998,166.02294999999998,82.6923076923077,67.3076923076923,52,2,2,52,3.8461538461538463,0.0,0.0,0.0,"(0,2]",>2,>5,"(0,1]",<=10,>75,"(50,75]",2-4,"(2,5]"
BULL_2013_2014,NUE,legacy,MACD_PASS,2014-05-27,2014-05-28,46.692,GREEN,178.44,174.29719999999998,166.02294999999998,-0.1201297667285687,-0.1577321810798208,-0.1671558210166296,True,2014-05-22,45.729,2.10588466837236,True,2.0,0.5611239612781649,-4.506125246294868,0.3298209543390662,-2.867728947142978,-3.336760044547249,-2.1952368714126536,0.0599674462434585,-3.118307204660331,False,,False,,False,,MACD_PASS,legacy,1.4728461757179456,2.376859754488314,7.479116592013346,0.3253286671424771,8.261983917915309,178.44,174.29719999999998,166.02294999999998,82.6923076923077,67.3076923076923,52,2,2,52,3.8461538461538463,0.0,0.0,0.0,"(0,2]",>2,>5,"(0,1]",<=10,>75,"(50,75]",2-4,"(2,5]"
BULL_2013_2014,CL,legacy,MACD_FAIL,2014-05-29,2014-05-30,61.958,GREEN,179.23,174.50959999999998,166.25709999999998,-0.1240697591318845,-0.1613823834869232,-0.1365663817712772,False,2014-05-28,61.179,1.2733127380310183,False,,3.776751993285776,-0.133961716001163,3.776751993285776,-0.133961716001163,1.6139965783272592,1.3751250847348295,2.1514574389102314,2.228929274669933,True,0.0,True,14.0,False,,MACD_FAIL,legacy,1.7196367763904652,2.7049514754489135,7.802914883033574,0.3605881209505446,8.295724469241234,179.23,174.50959999999998,166.25709999999998,88.46153846153847,84.61538461538461,52,2,2,52,3.8461538461538463,0.0,0.0,0.0,"(0,2]",>2,>5,"(0,1]",<=10,>75,>75,2-4,"(2,5]"
BULL_2013_2014,ED,legacy,MACD_PASS,2014-05-29,2014-05-30,48.242,GREEN,179.23,174.50959999999998,166.25709999999998,-0.1065273678163849,-0.1543815719632546,-0.2034309989436644,True,2014-05-13,47.323,1.9419732476808167,False,,5.580199825877874,-0.9721819161726208,5.580199825877874,-0.9721819161726208,1.0613158658430375,1.0426599228887667,3.8244683056258166,5.306579329215211,True,4.0,True,13.0,True,20.0,MACD_PASS,legacy,1.7196367763904652,2.7049514754489135,7.802914883033574,0.3605881209505446,8.295724469241234,179.23,174.50959999999998,166.25709999999998,88.46153846153847,84.61538461538461,52,2,2,52,3.8461538461538463,0.0,0.0,0.0,"(0,2]",>2,>5,"(0,1]",<=10,>75,>75,2-4,"(2,5]"
BULL_2013_2014,T,legacy,MACD_PASS,2014-05-30,2014-06-02,29.649,GREEN,179.52,174.6372,166.37600000000003,-0.1174602836221577,-0.1353494022148118,-0.1481274371040662,True,2014-05-22,29.228,1.4403996168057986,True,6.0,0.6981685722958542,-2.4823771459408395,0.2799419879253806,-1.973085095618743,-1.386218759485991,-1.4671658403318857,-0.3170427333130998,-0.3979898141590055,False,,False,,False,,MACD_PASS,legacy,1.6361886429258954,2.795967869388649,7.900177910275508,0.42888837515826506,8.29007272273398,179.52,174.6372,166.37600000000003,90.38461538461539,90.38461538461539,52,2,2,52,3.8461538461538463,0.0,0.0,0.0,"(0,2]",>2,>5,"(0,1]",<=10,>75,>75,2-4,"(2,5]"
BULL_2013_2014,WMT,legacy,MACD_PASS,2014-05-30,2014-06-02,70.096,GREEN,179.52,174.6372,166.37600000000003,-0.1611791540517996,-0.2660629449842451,-0.334620299069688,True,2014-05-19,68.871,1.7786876914811955,True,11.0,1.5421707372746063,-2.4908696644601824,1.5421707372746063,-2.1656014608536838,0.56351289659895,-1.6177813284638187,-1.0300159780872065,-1.968728600776093,False,,False,,False,,MACD_PASS,legacy,1.6361886429258954,2.795967869388649,7.900177910275508,0.42888837515826506,8.29007272273398,179.52,174.6372,166.37600000000003,90.38461538461539,90.38461538461539,52,2,2,52,3.8461538461538463,0.0,0.0,0.0,"(0,2]",>2,>5,"(0,1]",<=10,>75,>75,2-4,"(2,5]"
BULL_2013_2014,XOM,legacy,MACD_FAIL,2014-06-05,2014-06-06,88.564,GREEN,181.16,175.1672,166.92239999999998,-0.2482277986949569,-0.2840817247684501,-0.2787441436055896,False,2014-06-02,87.67,1.0197330899965662,False,,3.99710943498488,-0.0903301567228176,3.99710943498488,-0.0903301567228176,2.032428526263508,3.197687547987904,0.5995664152477431,2.032428526263508,True,4.0,True,10.0,False,,MACD_FAIL,legacy,1.0768286559169837,3.4211884416717186,8.529472377583836,0.679831065313885,7.410397933065618,181.16,175.1672,166.92239999999998,90.38461538461539,82.6923076923077,52,1,1,52,1.9230769230769231,0.0,0.0,0.0,"(0,2]",>2,>5,"(0,1]",<=10,>75,>75,1,<=2
BULL_2013_2014,HCP,legacy,MACD_FAIL,2014-06-13,2014-06-16,34.129,GREEN,180.88,176.0982,167.81435,-0.1236047631978993,-0.1270103596021761,-0.1212187262020848,False,2014-06-12,33.777,1.042129259555313,True,1.0,1.1368630783205047,-3.4545401271645626,0.3662574350259406,-2.9681502534501414,-0.5039702305956739,-0.0439508922031151,-0.5303407659175363,0.3662574350259406,False,,False,,False,,MACD_FAIL,legacy,-0.6317639949458886,2.715416739069454,7.785776365370434,0.8365915165840843,6.3741129036575765,180.88,176.0982,167.81435,71.15384615384616,9.615384615384615,52,1,1,52,1.9230769230769231,0.0,0.0,0.0,"(-2,0]",>2,>5,"(0,1]",<=10,"(50,75]",<=25,1,<=2
BULL_2013_2014,MCD,legacy,MACD_PASS,2014-06-16,2014-06-17,91.207,GREEN,181.01,176.20359999999997,167.96705000000003,-0.2144507079212052,-0.2676535296647101,-0.2789732643848024,True,2014-06-11,89.847,1.5136843745478412,True,20.0,1.3628339930049416,-2.134704573113888,1.3628339930049416,-2.134704573113888,0.5514927582312756,0.0888089729955021,0.158979025732675,-1.6281645049173843,False,,False,,False,,MACD_PASS,legacy,-0.6640324882010828,2.727753575976899,7.765183707161594,0.8326246962779393,6.348616501518108,181.01,176.20359999999997,167.96705000000003,76.92307692307692,15.384615384615385,52,1,1,52,1.9230769230769231,0.0,0.0,0.0,"(-2,0]",>2,>5,"(0,1]",<=10,>75,<=25,1,<=2
BULL_2013_2014,EMR,legacy,MACD_FAIL,2014-06-17,2014-06-18,60.223,GREEN,181.51,176.36059999999998,168.12095000000002,-0.0338276299836327,-0.0668583022964691,-0.0319987347177453,False,2014-06-16,59.166,1.7864990028056749,False,,2.2615944074523053,-1.9643657738737663,2.2615944074523053,-1.9643657738737663,-0.3885558673596523,-0.9514637264832372,-0.1195556514952733,-0.4466731979476224,True,2.0,False,,False,,MACD_FAIL,legacy,-0.40057067603161967,2.9198131555460805,7.96393905697057,0.8514818872818575,6.318948708264145,181.51,176.36059999999998,168.12095000000002,82.6923076923077,21.153846153846153,52,1,1,52,1.9230769230769231,0.0,0.0,0.0,"(-2,0]",>2,>5,"(0,1]",<=10,>75,<=25,1,<=2
BULL_2013_2014,CAH,legacy,MACD_FAIL,2014-06-18,2014-06-19,64.162,GREEN,182.85,176.5828,168.28400000000002,-0.2817885962577089,-0.3208947974917138,-0.3149224178549605,False,2014-06-16,62.747,2.255087892648256,False,,4.239269349459174,-0.9117546211153128,4.239269349459174,-0.9117546211153128,0.3802873975250254,2.598111031451622,2.6947414357407773,3.542595305632612,True,9.0,True,14.0,False,,MACD_FAIL,legacy,0.6938708078638722,3.5491565429928595,8.655605999381976,0.8953477343188299,5.898567022383346,182.85,176.5828,168.28400000000002,86.53846153846153,65.38461538461539,52,2,2,52,3.8461538461538463,0.0,0.0,0.0,"(0,2]",>2,>5,"(0,1]",<=10,>75,"(50,75]",2-4,"(2,5]"
BULL_2013_2014,VFC,legacy,MACD_FAIL,2014-06-18,2014-06-19,57.951,GREEN,182.85,176.5828,168.28400000000002,-0.1951829000465753,-0.2324392126383263,-0.2280702204426536,False,2014-06-16,56.848,1.9402617506332651,True,20.0,1.877448188987252,-3.754896377974504,1.877448188987252,-3.754896377974504,-0.0603958516677938,1.442598056979172,-0.42967334472227,-2.4330900243309084,False,,False,,False,,MACD_FAIL,legacy,0.6938708078638722,3.5491565429928595,8.655605999381976,0.8953477343188299,5.898567022383346,182.85,176.5828,168.28400000000002,86.53846153846153,65.38461538461539,52,2,2,52,3.8461538461538463,0.0,0.0,0.0,"(0,2]",>2,>5,"(0,1]",<=10,>75,"(50,75]",2-4,"(2,5]"
BULL_2013_2014,BCR,legacy,MACD_PASS,2014-06-20,2014-06-23,138.15,GREEN,183.43,176.9776,168.601,-0.6927819768816477,-0.9435968118195496,-1.1290017594822723,True,2014-06-12,133.69,3.3360759967088205,False,,5.001809627216791,-0.1882012305465252,5.001809627216791,-0.1882012305465252,1.9037278320665816,3.966702859210991,4.140427072023156,2.6492942453854478,True,2.0,True,2.0,True,15.0,MACD_PASS,legacy,1.4097744360902276,3.645885128965487,8.79532149868625,0.9217546412775279,5.450862689606282,183.43,176.9776,168.601,82.6923076923077,92.3076923076923,52,1,1,52,1.9230769230769231,0.0,0.0,0.0,"(0,2]",>2,>5,"(0,1]",<=10,>75,>75,1,<=2
BULL_2013_2014,MKC,legacy,MACD_FAIL,2014-06-26,2014-06-27,65.631,GREEN,182.97,177.9756,169.1909,-0.2232765275941748,-0.1601973064088687,-0.1358294354926907,False,2014-06-25,63.895,2.716957508412232,False,,2.5780500068565138,-1.8664960156023704,2.5780500068565138,-1.8664960156023704,1.7781231430269218,0.722219682771863,0.5210952141518455,-1.6547058554646443,True,1.0,False,,False,,MACD_FAIL,legacy,-0.05462391434969405,2.806227370493475,8.144114133797986,1.122385088198774,5.757749166675357,182.97,177.97560000000001,169.1909,75.0,25.0,52,1,1,52,1.9230769230769231,0.0,2.220446049250313e-14,0.0,"(-2,0]",>2,>5,>1,<=10,"(50,75]",<=25,1,<=2
BULL_2013_2014,BMS,legacy,MACD_FAIL,2014-06-27,2014-06-30,37.553,GREEN,183.32,178.1736,169.32985,-0.0638820850735276,-0.0742673052970423,-0.0688752891051444,False,2014-06-25,37.074,1.2920105734476994,True,6.0,0.6311080339786557,-2.870609538518887,0.6311080339786557,-1.869357974063324,-1.059835432588596,-0.0239661278726099,-2.2608047293158906,-2.750778899155848,False,,False,,False,,MACD_FAIL,legacy,-0.059968380308572655,2.8884189352406775,8.262069564226282,1.178546969815697,5.7626552106854545,183.32,178.1736,169.32985,76.92307692307692,34.61538461538461,52,3,3,52,5.769230769230769,0.0,0.0,0.0,"(-2,0]",>2,>5,>1,<=10,>75,"(25,50]",2-4,"(5,10]"
BULL_2013_2014,ECL,legacy,MACD_FAIL,2014-06-27,2014-06-30,104.92,GREEN,183.32,178.1736,169.32985,-0.1809801594574211,-0.2689413852345855,-0.2563656609627984,False,2014-06-26,102.34,2.521008403361336,False,,3.0022874571101754,-0.2859321387723934,3.0022874571101754,-0.2859321387723934,1.2771635531833914,1.124666412504749,0.9054517727792532,0.7624857033930565,True,0.0,True,1.0,False,,MACD_FAIL,legacy,-0.059968380308572655,2.8884189352406775,8.262069564226282,1.178546969815697,5.7626552106854545,183.32,178.1736,169.32985,76.92307692307692,34.61538461538461,52,3,3,52,5.769230769230769,0.0,0.0,0.0,"(-2,0]",>2,>5,>1,<=10,>75,"(25,50]",2-4,"(5,10]"
BULL_2013_2014,PG,legacy,MACD_FAIL,2014-06-27,2014-06-30,70.717,GREEN,183.32,178.1736,169.32985,-0.0712412408467166,-0.0772024460977638,-0.0401561735117794,False,2014-06-26,70.278,0.6246620564045458,False,,3.6695561180480007,-0.7339112236096068,3.6695561180480007,-0.7339112236096068,1.9627529448364769,2.8465574048673004,2.186178712332265,0.3407949997878967,True,5.0,True,6.0,False,,MACD_FAIL,legacy,-0.059968380308572655,2.8884189352406775,8.262069564226282,1.178546969815697,5.7626552106854545,183.32,178.1736,169.32985,76.92307692307692,34.61538461538461,52,3,3,52,5.769230769230769,0.0,0.0,0.0,"(-2,0]",>2,>5,>1,<=10,>75,"(25,50]",2-4,"(5,10]"
BULL_2013_2014,CINF,legacy,MACD_PASS,2014-07-01,2014-07-02,43.401,GREEN,184.45,178.5686,169.61535,-0.05657396580869,-0.0826437431496319,-0.0862970124226305,True,2014-06-26,42.844,1.300065353375035,True,6.0,0.8225616921269108,-5.17499596783485,0.599064537683458,-1.721158498652109,-1.1451349047256976,-0.9953687703048386,-0.5437662726665349,-4.698048432063784,False,,False,,False,,MACD_PASS,legacy,1.1960278707412009,3.293636171196934,8.74605393910397,1.2519803175992994,6.103066621063701,184.45,178.5686,169.61535,80.76923076923077,75.0,52,2,2,52,3.8461538461538463,0.0,0.0,0.0,"(0,2]",>2,>5,>1,<=10,>75,"(50,75]",2-4,"(2,5]"
BULL_2013_2014,WMT,legacy,MACD_FAIL,2014-07-01,2014-07-02,68.888,GREEN,184.45,178.5686,169.61535,-0.0225292629996431,-0.0347442755904481,-0.026910481103089,False,2014-06-30,68.422,0.6810674929116578,True,20.0,3.0672976425502263,-2.2834165602136918,3.0672976425502263,-2.2834165602136918,2.3951921960283284,1.7971199628382228,1.4487283706886345,-2.232609453025214,True,3.0,True,5.0,False,,MACD_FAIL,legacy,1.1960278707412009,3.293636171196934,8.74605393910397,1.2519803175992994,6.103066621063701,184.45,178.5686,169.61535,80.76923076923077,75.0,52,2,2,52,3.8461538461538463,0.0,0.0,0.0,"(0,2]",>2,>5,>1,<=10,>75,"(50,75]",2-4,"(2,5]"
BULL_2013_2014,CB,legacy,MACD_PASS,2014-07-02,2014-07-03,96.251,GREEN,184.65,178.7606,169.75674999999998,-0.1111362188632397,-0.1343053107559803,-0.2038590057040969,True,2014-06-26,94.674,1.6657160360816992,True,18.0,1.1594684730548144,-4.235800147530933,1.1594684730548144,-2.49555848770402,-0.1589593874349426,-0.6534997038991852,-0.5942795399528356,-3.74645458229006,False,,False,,False,,MACD_PASS,legacy,0.8465319497542367,3.294573860235417,8.773288838293624,1.2333024507483303,6.09907612220058,184.65,178.7606,169.75674999999998,76.92307692307692,65.38461538461539,52,2,2,52,3.8461538461538463,0.0,0.0,0.0,"(0,2]",>2,>5,>1,<=10,>75,"(50,75]",2-4,"(2,5]"
BULL_2013_2014,NUE,legacy,MACD_FAIL,2014-07-02,2014-07-03,45.055,GREEN,184.65,178.7606,169.75674999999998,-0.0721986473301174,-0.1069585957041215,-0.1025615793693348,False,2014-06-27,44.131,2.0937662867372087,False,,6.427699478415283,-1.4315836200199827,6.427699478415283,-1.4315836200199827,-0.6458772611252828,1.0653645544334678,3.196093663300404,0.1353900787925965,True,0.0,True,14.0,True,14.0,MACD_FAIL,legacy,0.8465319497542367,3.294573860235417,8.773288838293624,1.2333024507483303,6.09907612220058,184.65,178.7606,169.75674999999998,76.92307692307692,65.38461538461539,52,2,2,52,3.8461538461538463,0.0,0.0,0.0,"(0,2]",>2,>5,>1,<=10,>75,"(50,75]",2-4,"(2,5]"
BULL_2013_2014,XOM,legacy,MACD_PASS,2014-07-03,2014-07-07,90.078,GREEN,185.53,178.9784,169.8991,-0.134248837819827,-0.2092198087000005,-0.224884567975759,True,2014-06-30,88.484,1.8014556303964648,True,18.0,2.38126956637581,-4.050933635293852,2.38126956637581,-3.31823530717823,0.3496969293279139,0.7426896689535667,2.00270876351607,-2.145917982193213,True,12.0,False,,False,,MACD_PASS,legacy,1.3991364704596387,3.6605534522601735,9.200107593271545,1.234875154981574,5.9259375551586215,185.53,178.9784,169.8991,80.76923076923077,80.76923076923077,52,1,1,52,1.9230769230769231,0.0,0.0,0.0,"(0,2]",>2,>5,>1,<=10,>75,>75,1,<=2
BULL_2013_2014,GWW,legacy,MACD_FAIL,2014-07-07,2014-07-08,231.95,GREEN,184.9,179.1764,170.02925,-1.0026357208232328,-0.944752160144152,-1.2474795562323364,False,2014-06-25,230.22,0.7514551298757555,True,2.0,0.250053890924784,-7.704246604871734,0.250053890924784,-1.6469066609183014,-1.862470359991375,-3.461953007113605,-4.707911187755975,-6.251347273119212,False,,False,,False,,MACD_FAIL,legacy,0.8618808640628473,3.1943939045544045,8.745995174359722,1.2424171194546751,5.979287776685789,184.9,179.1764,170.02925,80.76923076923077,73.07692307692308,52,1,1,52,1.9230769230769231,0.0,0.0,0.0,"(0,2]",>2,>5,>1,<=10,>75,"(50,75]",1,<=2
BULL_2013_2014,SYY,legacy,MACD_PASS,2014-07-11,2014-07-14,33.841,GREEN,184.07,179.93739999999997,170.5634,-0.0722908349960845,-0.0768741844237651,-0.0770130348007515,True,2014-07-10,33.52,0.957637231503572,True,3.0,1.566147572471266,-4.207913477734104,0.3486894595313483,-1.6725274075825247,-0.972193493100082,-1.1908631541621029,-2.857480570905113,1.0283384060754577,False,,False,,False,,MACD_PASS,legacy,-0.7869347275373251,2.2966876258076585,7.9188149391956175,1.1022859313298827,6.083050799696562,184.07,179.93739999999997,170.5634,71.15384615384616,26.923076923076923,52,1,1,52,1.9230769230769231,0.0,0.0,0.0,"(-2,0]",>2,>5,>1,<=10,"(50,75]","(25,50]",1,<=2
BULL_2013_2014,BF-B,legacy,MACD_FAIL,2014-07-14,2014-07-15,44.83,GREEN,184.99,180.12760000000003,170.70855,-0.1177770568734297,-0.1219431183145147,-0.1183876897688857,False,2014-07-10,44.477,0.7936686377228774,True,1.0,0.2587552977916463,-7.760428284630827,0.2587552977916463,-1.2357796118670383,-1.0238679455721544,-3.9549408877983416,-5.726076288199867,-2.045505242025436,False,,False,,False,,MACD_FAIL,legacy,0.04867495943754463,2.699419744669873,8.365984011931449,1.0966832347777844,6.203784150569926,184.99,180.12760000000003,170.70855,76.92307692307692,40.38461538461539,52,3,3,52,5.769230769230769,0.0,0.0,0.0,"(0,2]",>2,>5,>1,<=10,>75,"(25,50]",2-4,"(5,10]"
BULL_2013_2014,MHFI,legacy,MACD_FAIL,2014-07-14,2014-07-15,79.129,GREEN,184.99,180.12760000000003,170.70855,-0.2725110838379393,-0.328521814806228,-0.3145546185406077,False,2014-07-10,77.779,1.7356870106326916,True,10.0,1.3585411164048544,-5.871425141225084,1.3585411164048544,-3.6206700451162144,-0.0214839060268756,-1.9006938037887555,-4.952672218782006,-5.267348254116699,False,,False,,False,,MACD_FAIL,legacy,0.04867495943754463,2.699419744669873,8.365984011931449,1.0966832347777844,6.203784150569926,184.99,180.12760000000003,170.70855,76.92307692307692,40.38461538461539,52,3,3,52,5.769230769230769,0.0,0.0,0.0,"(0,2]",>2,>5,>1,<=10,>75,"(25,50]",2-4,"(5,10]"
BULL_2013_2014,PNR,legacy,MACD_PASS,2014-07-14,2014-07-15,66.743,GREEN,184.99,180.12760000000003,170.70855,-0.1212604706870607,-0.2646062690805185,-0.3259086610111754,True,2014-06-25,64.575,3.357336430507152,True,12.0,2.26690439446835,-12.26046177127188,2.26690439446835,-11.312047705377337,0.584330941072464,-2.427220832147181,-9.747838724660252,-4.533808788936666,True,1.0,False,,False,,MACD_PASS,legacy,0.04867495943754463,2.699419744669873,8.365984011931449,1.0966832347777844,6.203784150569926,184.99,180.12760000000003,170.70855,76.92307692307692,40.38461538461539,52,3,3,52,5.769230769230769,0.0,0.0,0.0,"(0,2]",>2,>5,>1,<=10,>75,"(25,50]",2-4,"(5,10]"
BULL_2013_2014,ITW,legacy,MACD_PASS,2014-07-15,2014-07-16,80.655,GREEN,184.65,180.31620000000004,170.8491,-0.253425371297763,-0.2897226205857812,-0.3129151533648703,True,2014-07-09,79.686,1.2160228898426162,True,1.0,0.1958961006757187,-5.537164465935163,0.1958961006757187,-2.077986485648753,-1.073709007501089,-2.795858905213555,-4.30971421486579,-0.5889281507655997,False,,False,,False,,MACD_PASS,legacy,0.5171475231355638,2.4034446156252054,8.07783008514531,1.0940499470747822,6.291759261774693,184.65,180.31620000000004,170.8491,69.23076923076923,51.92307692307692,52,3,3,52,5.769230769230769,0.0,0.0,0.0,"(0,2]",>2,>5,>1,<=10,"(50,75]","(50,75]",2-4,"(5,10]"
BULL_2013_2014,TROW,legacy,MACD_FAIL,2014-07-15,2014-07-16,73.608,GREEN,184.65,180.31620000000004,170.8491,-0.3330026597216672,-0.3222269425942217,-0.3073950877353086,False,2014-07-14,72.68,1.2768299394606553,True,1.0,0.2323117052494216,-8.485490707531806,0.2323117052494216,-2.9806542767090605,-0.4469622867079748,-3.499619606564519,-5.954515813498551,-4.915226605803724,False,,False,,False,,MACD_FAIL,legacy,0.5171475231355638,2.4034446156252054,8.07783008514531,1.0940499470747822,6.291759261774693,184.65,180.31620000000004,170.8491,69.23076923076923,51.92307692307692,52,3,3,52,5.769230769230769,0.0,0.0,0.0,"(0,2]",>2,>5,>1,<=10,"(50,75]","(50,75]",2-4,"(5,10]"
BULL_2013_2014,WAG,legacy,MACD_PASS,2014-07-15,2014-07-16,67.395,GREEN,184.65,180.31620000000004,170.8491,-0.3821427311068447,-0.4174396179214063,-0.4334376683465785,True,2014-07-09,66.233,1.754412453006804,True,1.0,2.544699161658892,-19.701758290674388,0.6825432153720667,-2.7954596038281765,1.3636026411454782,-1.4333407522813202,-17.674901698939095,-13.171600267082118,False,,False,,False,,MACD_PASS,legacy,0.5171475231355638,2.4034446156252054,8.07783008514531,1.0940499470747822,6.291759261774693,184.65,180.31620000000004,170.8491,69.23076923076923,51.92307692307692,52,3,3,52,5.769230769230769,0.0,0.0,0.0,"(0,2]",>2,>5,>1,<=10,"(50,75]","(50,75]",2-4,"(5,10]"
BULL_2013_2014,CVX,legacy,MACD_FAIL,2014-07-16,2014-07-17,114.11,GREEN,185.33,180.5114,170.99645,-0.3246869979695981,-0.4230482376346378,-0.4169850602504155,False,2014-07-14,112.13,1.7658075448140576,True,11.0,3.4177547980019263,-4.635877661905186,3.4177547980019263,-3.26877574270441,3.2249583734992537,-1.060380334764699,-3.812111120848294,-2.8043116291297854,True,4.0,True,5.0,False,,MACD_FAIL,legacy,0.4280914706838779,2.6694158928466827,8.382367002355906,1.0879852336860951,6.334138425720924,185.33,180.51139999999998,170.99645,67.3076923076923,46.15384615384615,52,1,1,52,1.9230769230769231,0.0,-1.1102230246251565e-14,0.0,"(0,2]",>2,>5,>1,<=10,"(50,75]","(25,50]",1,<=2
BULL_2013_2014,SHW,legacy,MACD_FAIL,2014-07-17,2014-07-18,203.65,GREEN,183.21,180.6952,171.1375,-0.0141377148317746,-0.5864313257314591,-0.5521134091555487,False,2014-07-14,194.65,4.623683534549183,False,,2.27350847041492,-3.3930763564939848,2.27350847041492,-3.3930763564939848,0.928062852933942,-2.86275472624602,-0.8986005401424024,1.2128652099189674,True,3.0,False,,False,,MACD_FAIL,legacy,-0.3210010881392833,1.3917359177222144,7.054269227959975,1.0822295293258177,7.304271918104216,183.21,180.6952,171.1375,50.0,25.0,52,1,1,52,1.9230769230769231,0.0,0.0,0.0,"(-2,0]","(0,2]",>5,>1,<=10,"(25,50]",<=25,1,<=2
BULL_2013_2014,DOV,legacy,MACD_FAIL,2014-07-18,2014-07-21,82.242,GREEN,185.1,180.8964,171.28184999999996,-0.313786519909043,-0.3802162443082813,-0.3104365232724867,False,2014-07-17,80.212,2.530793397496645,True,8.0,2.096252523041753,-5.277109019722282,2.096252523041753,-3.31703995525402,-0.6529510469103439,-2.8185112229760945,-2.964422071447681,0.2833102307823187,True,1.0,False,,False,,MACD_FAIL,legacy,0.5595697289074719,2.3237610035357292,8.067492264942278,1.071637694827987,8.145568810161825,185.1,180.8964,171.28184999999996,69.23076923076923,61.53846153846154,52,3,3,52,5.769230769230769,0.0,0.0,0.0,"(0,2]",>2,>5,>1,<=10,"(50,75]","(50,75]",2-4,"(5,10]"
BULL_2013_2014,GPC,legacy,MACD_FAIL,2014-07-18,2014-07-21,80.255,GREEN,185.1,180.8964,171.28184999999996,-0.1848540529536996,-0.2280200688445298,-0.175587068112315,False,2014-07-17,78.553,2.1666900054740035,True,1.0,2.4123107594542503,-6.415799638651798,2.4123107594542503,-2.325088779515294,-3.3630303407887308,-5.333001059124043,-4.206591489626799,-1.8715344838327816,True,0.0,False,,False,,MACD_FAIL,legacy,0.5595697289074719,2.3237610035357292,8.067492264942278,1.071637694827987,8.145568810161825,185.1,180.8964,171.28184999999996,69.23076923076923,61.53846153846154,52,3,3,52,5.769230769230769,0.0,0.0,0.0,"(0,2]",>2,>5,>1,<=10,"(50,75]","(50,75]",2-4,"(5,10]"
BULL_2013_2014,HRL,legacy,MACD_FAIL,2014-07-18,2014-07-21,22.822,GREEN,185.1,180.8964,171.28184999999996,-0.0321907803240792,-0.0485588941530983,-0.0420776890386321,False,2014-07-17,22.527,1.3095396635148804,True,5.0,0.2103233721847397,-7.085268600473227,0.2103233721847397,-2.1426693541319763,-2.011217246516517,-6.108141267198308,-3.2249583734992537,-1.8622381912190007,False,,False,,False,,MACD_FAIL,legacy,0.5595697289074719,2.3237610035357292,8.067492264942278,1.071637694827987,8.145568810161825,185.1,180.8964,171.28184999999996,69.23076923076923,61.53846153846154,52,3,3,52,5.769230769230769,0.0,0.0,0.0,"(0,2]",>2,>5,>1,<=10,"(50,75]","(50,75]",2-4,"(5,10]"
BULL_2013_2014,JNJ,legacy,MACD_FAIL,2014-07-22,2014-07-23,93.896,GREEN,185.53,181.3022,171.5795,-0.5264411811697896,-0.6214312350348938,-0.6146307037022367,False,2014-07-17,91.648,2.4528631284916225,True,6.0,0.5740393626991525,-3.819119025304596,0.2012865297776223,-2.601814773792277,-0.4206781971542894,-1.963874925449427,-0.9531822441850468,0.483513674703917,False,,False,,False,,MACD_FAIL,legacy,0.47657730842134427,2.3319077209212002,8.130633321579793,1.0721433389638824,8.284862596865459,185.53,181.3022,171.5795,59.61538461538461,42.30769230769231,52,2,2,52,3.8461538461538463,0.0,0.0,0.0,"(0,2]",>2,>5,>1,<=10,"(50,75]","(25,50]",2-4,"(2,5]"
BULL_2013_2014,SWK,legacy,MACD_PASS,2014-07-22,2014-07-23,80.819,GREEN,185.53,181.3022,171.5795,-0.1762640547367094,-0.2578942669914936,-0.3154393382575796,True,2014-07-10,79.441,1.7346206618748417,False,,6.405671933579971,-1.601108650193639,6.405671933579971,-1.601108650193639,3.56970514359245,0.4169811554213698,3.5585691483438264,6.070354743315298,True,2.0,True,2.0,True,2.0,MACD_PASS,legacy,0.47657730842134427,2.3319077209212002,8.130633321579793,1.0721433389638824,8.284862596865459,185.53,181.3022,171.5795,59.61538461538461,42.30769230769231,52,2,2,52,3.8461538461538463,0.0,0.0,0.0,"(0,2]",>2,>5,>1,<=10,"(50,75]","(25,50]",2-4,"(2,5]"
BULL_2013_2014,VFC,legacy,MACD_FAIL,2014-07-23,2014-07-24,56.959,GREEN,185.95,181.4846,171.73005,-0.2221833454982287,-0.2536668864375427,-0.23152626645016,False,2014-07-21,56.068,1.589141756438628,False,,3.809757896030464,-2.57202549202058,3.809757896030464,-2.57202549202058,-0.2124335048017012,0.5530293720044099,0.8813356976070441,3.45511683842763,True,0.0,True,19.0,False,,MACD_FAIL,legacy,0.334538390978234,2.460484250454309,8.280408699584019,1.056309010198908,7.923086688568668,185.95,181.4846,171.73005,65.38461538461539,51.92307692307692,52,1,1,52,1.9230769230769231,0.0,0.0,0.0,"(0,2]",>2,>5,>1,<=10,"(50,75]","(50,75]",1,<=2
BULL_2013_2014,LEG,legacy,MACD_PASS,2014-07-24,2014-07-25,29.859,GREEN,185.96,181.664,171.88755,-0.0920136136396702,-0.1077311359795873,-0.1278615563859111,True,2014-07-16,29.631,0.7694644122709482,False,,7.411500720050901,-0.6396731303794589,7.411500720050901,-0.6396731303794589,-0.4286814695736662,2.8333165879634192,4.3303526574902,6.889045179007991,True,0.0,True,0.0,True,14.0,MACD_PASS,legacy,1.5010097702090386,2.364805354940991,8.187009472181096,1.0562667301569073,7.816295958348619,185.96,181.66400000000002,171.88755,61.53846153846154,75.0,52,1,1,52,1.9230769230769231,0.0,2.220446049250313e-14,0.0,"(0,2]",>2,>5,>1,<=10,"(50,75]","(50,75]",1,<=2
BULL_2013_2014,BMS,legacy,MACD_FAIL,2014-07-28,2014-07-29,36.935,GREEN,185.18,182.0552,172.2118,-0.0405877530919742,-0.061311185158234,-0.0554319154988498,False,2014-07-24,36.475,1.261137765592868,True,1.0,2.282387978881806,-3.118992825233524,0.4738053336943215,-2.2228238797888267,-1.597400839312313,-0.598348449979702,0.9773927169351548,1.1831596047109816,False,,False,,False,,MACD_FAIL,legacy,0.23817256685070287,1.716402497704017,7.5303782899894145,1.0701302854198458,8.016430662148425,185.18,182.05519999999996,172.2118,50.0,46.15384615384615,52,1,1,52,1.9230769230769231,0.0,-3.3306690738754696e-14,0.0,"(0,2]","(0,2]",>5,>1,<=10,"(25,50]","(25,50]",1,<=2
BULL_2013_2014,PG,legacy,MACD_FAIL,2014-08-01,2014-08-04,71.687,GREEN,180.2,182.6102,172.72334999999998,-0.1961510824062657,-0.2989902746542868,-0.2242182607485895,False,2014-07-29,69.729,2.8080138823158185,False,,5.500299914907858,-1.004366203077267,5.500299914907858,-1.004366203077267,2.541604475009418,3.752423730941445,5.134822213232515,4.42897596495877,True,2.0,True,5.0,True,13.0,MACD_FAIL,legacy,-2.652476905623702,-1.31986055543446,4.3286851488232525,0.9473930935054442,10.306861942347831,180.2,182.61019999999996,172.72334999999998,23.076923076923077,5.769230769230769,52,1,1,52,1.9230769230769231,0.0,-1.1102230246251565e-14,0.0,"(-4,-2]","(-2,0]","(0,5]","(0,1]","(10,20]",<=25,<=25,1,<=2
BULL_2013_2014,CTAS,legacy,MACD_FAIL,2014-08-04,2014-08-05,59.953,GREEN,181.5,182.7076,172.83715,-0.0998083392249987,-0.1757583103832488,-0.1512366515981061,False,2014-08-01,58.661,2.2024854673462717,False,,5.502643737594437,-1.511183760612489,5.502643737594437,-1.511183760612489,2.607042183043373,3.584474505028923,3.787967241005452,4.320050706386658,True,4.0,True,6.0,True,19.0,MACD_FAIL,legacy,-1.9872556431580146,-0.6609467805389513,5.012145826287928,0.891028968381069,10.719170352646794,181.5,182.70759999999999,172.83715,30.76923076923077,7.6923076923076925,52,2,2,52,3.8461538461538463,0.0,-1.1102230246251565e-14,0.0,"(-2,0]","(-2,0]",>5,"(0,1]","(10,20]","(25,50]",<=25,2-4,"(2,5]"
BULL_2013_2014,ECL,legacy,MACD_FAIL,2014-08-04,2014-08-05,105.11,GREEN,181.5,182.7076,172.83715,-0.2299503189211513,-0.2673269033319973,-0.2047222134590575,False,2014-07-31,103.29,1.762029238067564,False,,5.75587479783084,-1.503187137284745,5.75587479783084,-1.503187137284745,0.7515935686423836,4.233659975264015,5.204071924650355,5.175530396727246,True,7.0,True,8.0,True,14.0,MACD_FAIL,legacy,-1.9872556431580146,-0.6609467805389513,5.012145826287928,0.891028968381069,10.719170352646794,181.5,182.70759999999999,172.83715,30.76923076923077,7.6923076923076925,52,2,2,52,3.8461538461538463,0.0,-1.1102230246251565e-14,0.0,"(-2,0]","(-2,0]",>5,"(0,1]","(10,20]","(25,50]",<=25,2-4,"(2,5]"
BULL_2013_2014,ADM,legacy,MACD_PASS,2014-08-05,2014-08-06,44.161,GREEN,179.75,182.7554,172.9368,-0.135601105329532,-0.2423082604919868,-0.2504565070216775,True,2014-08-01,42.245,4.53544798200971,False,,5.378048504336408,0.0,5.378048504336408,0.0,3.79520391295487,3.797468354430378,3.3355222934263296,4.630782817418089,True,3.0,True,3.0,True,18.0,MACD_PASS,legacy,-2.5058306665943553,-1.6444931312562971,3.9397051408375683,0.8015346752549002,10.994485275837363,179.75,182.75539999999998,172.9368,17.307692307692307,9.615384615384615,52,4,4,52,7.6923076923076925,0.0,-1.1102230246251565e-14,0.0,"(-4,-2]","(-2,0]","(0,5]","(0,1]","(10,20]",<=25,<=25,2-4,"(5,10]"
BULL_2013_2014,EMR,legacy,MACD_FAIL,2014-08-05,2014-08-06,55.55,GREEN,179.75,182.7554,172.9368,-0.4237715131549133,-0.3842638094685155,-0.3896831251024187,False,2014-07-30,54.467,1.9883599243578631,False,,6.241224122412259,-0.8370837083708338,6.241224122412259,-0.8370837083708338,2.2952295229523134,4.619261926192619,4.486048604860504,4.876687668766877,True,5.0,True,8.0,True,12.0,MACD_FAIL,legacy,-2.5058306665943553,-1.6444931312562971,3.9397051408375683,0.8015346752549002,10.994485275837363,179.75,182.75539999999998,172.9368,17.307692307692307,9.615384615384615,52,4,4,52,7.6923076923076925,0.0,-1.1102230246251565e-14,0.0,"(-4,-2]","(-2,0]","(0,5]","(0,1]","(10,20]",<=25,<=25,2-4,"(5,10]"
BULL_2013_2014,MKC,legacy,MACD_PASS,2014-08-05,2014-08-06,62.274,GREEN,179.75,182.7554,172.9368,-0.2961974995097468,-0.3232124210024298,-0.3575225353931838,True,2014-07-24,60.949,2.173948711217588,False,,5.909368275684868,0.0,5.909368275684868,0.0,2.9835886565822145,4.586183640042374,4.902527539583135,4.253781674535118,True,1.0,True,3.0,True,11.0,MACD_PASS,legacy,-2.5058306665943553,-1.6444931312562971,3.9397051408375683,0.8015346752549002,10.994485275837363,179.75,182.75539999999998,172.9368,17.307692307692307,9.615384615384615,52,4,4,52,7.6923076923076925,0.0,-1.1102230246251565e-14,0.0,"(-4,-2]","(-2,0]","(0,5]","(0,1]","(10,20]",<=25,<=25,2-4,"(5,10]"
BULL_2013_2014,PEP,legacy,MACD_PASS,2014-08-05,2014-08-06,80.888,GREEN,179.75,182.7554,172.9368,-0.2525809680512812,-0.2769000918394534,-0.343256879565682,True,2014-07-31,79.768,1.404071808243912,False,,5.778360201760457,-0.2917614479280073,5.778360201760457,-0.2917614479280073,3.443032341014729,3.993175749184053,3.993175749184053,4.303481356937988,True,0.0,True,3.0,True,11.0,MACD_PASS,legacy,-2.5058306665943553,-1.6444931312562971,3.9397051408375683,0.8015346752549002,10.994485275837363,179.75,182.75539999999998,172.9368,17.307692307692307,9.615384615384615,52,4,4,52,7.6923076923076925,0.0,-1.1102230246251565e-14,0.0,"(-4,-2]","(-2,0]","(0,5]","(0,1]","(10,20]",<=25,<=25,2-4,"(5,10]"
BULL_2013_2014,CL,legacy,MACD_PASS,2014-08-07,2014-08-08,59.889,GREEN,178.84,182.7936,173.12115000000003,-0.3531180138248879,-0.4296079022393109,-0.5402224734693803,True,2014-07-24,58.511,2.3551127138486727,False,,2.0671575748467896,-1.1521314431698682,2.0671575748467896,-1.1521314431698682,-0.3740252801015309,0.3105745629414347,0.5576984087227954,-1.137103641737225,True,1.0,False,,False,,MACD_PASS,legacy,-1.0731275583582223,-2.1628765996183685,3.303380320659821,0.6218072925840978,10.864746187428448,178.84,182.7936,173.12115000000003,15.384615384615385,40.38461538461539,52,3,3,52,5.769230769230769,0.0,0.0,0.0,"(-2,0]","(-5,-2]","(0,5]","(0,1]","(10,20]",<=25,"(25,50]",2-4,"(5,10]"
BULL_2013_2014,CLX,legacy,MACD_PASS,2014-08-07,2014-08-08,80.081,GREEN,178.84,182.7936,173.12115000000003,-0.2990462631198293,-0.3415310617834859,-0.4555323978847966,True,2014-07-23,79.043,1.3132092658426409,False,,3.0381738489779098,-0.0237259774478415,3.0381738489779098,-0.0237259774478415,1.4697618661105638,2.351369238645873,1.6533260074174772,2.4425269414717565,True,1.0,True,19.0,False,,MACD_PASS,legacy,-1.0731275583582223,-2.1628765996183685,3.303380320659821,0.6218072925840978,10.864746187428448,178.84,182.7936,173.12115000000003,15.384615384615385,40.38461538461539,52,3,3,52,5.769230769230769,0.0,0.0,0.0,"(-2,0]","(-5,-2]","(0,5]","(0,1]","(10,20]",<=25,"(25,50]",2-4,"(5,10]"
BULL_2013_2014,KMB,legacy,MACD_PASS,2014-08-07,2014-08-08,96.276,GREEN,178.84,182.7936,173.12115000000003,-0.2940456628286578,-0.4213571415822037,-0.6208932459596257,True,2014-07-24,93.74,2.7053552378920376,False,,3.154472558062249,-0.5172628692508896,3.154472558062249,-0.5172628692508896,1.33054966969961,2.2975611782791283,1.5943745066267834,1.42091486974949,True,1.0,True,11.0,False,,MACD_PASS,legacy,-1.0731275583582223,-2.1628765996183685,3.303380320659821,0.6218072925840978,10.864746187428448,178.84,182.7936,173.12115000000003,15.384615384615385,40.38461538461539,52,3,3,52,5.769230769230769,0.0,0.0,0.0,"(-2,0]","(-5,-2]","(0,5]","(0,1]","(10,20]",<=25,"(25,50]",2-4,"(5,10]"
BULL_2013_2014,ADP,legacy,MACD_FAIL,2014-08-08,2014-08-11,66.008,GREEN,180.91,182.8272,173.21645,-0.1878981129268647,-0.2271970948514542,-0.1898623972396373,False,2014-08-07,64.871,1.7527092229193242,False,,4.023754696400439,-0.3469276451339209,4.023754696400439,-0.3469276451339209,2.513331717367606,2.9693370500545546,3.0526602836019823,2.955702339110422,True,3.0,True,3.0,False,,MACD_FAIL,legacy,0.39400665926747624,-1.0486404648761272,4.441581616526591,0.5410149612248727,11.759960294156281,180.91,182.8272,173.21645,30.76923076923077,73.07692307692308,52,4,4,52,7.6923076923076925,0.0,0.0,0.0,"(0,2]","(-2,0]","(0,5]","(0,1]","(10,20]","(25,50]","(50,75]",2-4,"(5,10]"
BULL_2013_2014,BDX,legacy,MACD_FAIL,2014-08-08,2014-08-11,110.43,GREEN,180.91,182.8272,173.21645,-0.2990153938764007,-0.3858766551679317,-0.3346607191972747,False,2014-08-07,108.35,1.9197046608214308,False,,1.9378791994928868,-1.276826949198595,1.9378791994928868,-1.276826949198595,1.15004980530653,0.769718373630357,0.2626097980621189,-0.398442452232195,False,,False,,False,,MACD_FAIL,legacy,0.39400665926747624,-1.0486404648761272,4.441581616526591,0.5410149612248727,11.759960294156281,180.91,182.8272,173.21645,30.76923076923077,73.07692307692308,52,4,4,52,7.6923076923076925,0.0,0.0,0.0,"(0,2]","(-2,0]","(0,5]","(0,1]","(10,20]","(25,50]","(50,75]",2-4,"(5,10]"
BULL_2013_2014,BEN,legacy,MACD_PASS,2014-08-08,2014-08-11,51.119,GREEN,180.91,182.8272,173.21645,-0.3280074005217187,-0.4142204085461181,-0.4384612408091338,True,2014-08-01,49.438,3.4002184554391413,False,,5.160507834660288,-0.958547702419843,5.160507834660288,-0.958547702419843,1.504333026858884,3.544670279152551,3.965257536336786,2.527435982707016,True,5.0,True,8.0,True,17.0,MACD_PASS,legacy,0.39400665926747624,-1.0486404648761272,4.441581616526591,0.5410149612248727,11.759960294156281,180.91,182.8272,173.21645,30.76923076923077,73.07692307692308,52,4,4,52,7.6923076923076925,0.0,0.0,0.0,"(0,2]","(-2,0]","(0,5]","(0,1]","(10,20]","(25,50]","(50,75]",2-4,"(5,10]"
BULL_2013_2014,ED,legacy,MACD_PASS,2014-08-08,2014-08-11,50.235,GREEN,180.91,182.8272,173.21645,-0.125541168672075,-0.2350277821678655,-0.2500621845961509,True,2014-08-04,48.181,4.263091260040275,False,,3.2726186921469003,-0.6569125111973717,3.2726186921469003,-0.6569125111973717,1.015228426395942,2.046382004578473,1.5686274509804088,1.1585547924753747,True,6.0,True,15.0,False,,MACD_PASS,legacy,0.39400665926747624,-1.0486404648761272,4.441581616526591,0.5410149612248727,11.759960294156281,180.91,182.8272,173.21645,30.76923076923077,73.07692307692308,52,4,4,52,7.6923076923076925,0.0,0.0,0.0,"(0,2]","(-2,0]","(0,5]","(0,1]","(10,20]","(25,50]","(50,75]",2-4,"(5,10]"
BULL_2013_2014,ABT,legacy,MACD_PASS,2014-08-11,2014-08-12,38.909,GREEN,181.43,182.8654,173.31834999999998,-0.1658211253218258,-0.1941912489239841,-0.1946282869764976,True,2014-08-07,38.204,1.8453565071720133,False,,2.791128016654243,-1.1693952555963838,2.791128016654243,-1.1693952555963838,1.503508185766789,2.122902156313456,2.032948675113744,2.359351306895574,True,10.0,False,,False,,MACD_PASS,legacy,-0.03856749311293983,-0.784948929649909,4.680202644440135,0.44502985907575177,11.643754066654262,181.43,182.86540000000002,173.31834999999998,34.61538461538461,67.3076923076923,52,5,5,52,9.615384615384615,0.0,2.220446049250313e-14,0.0,"(-2,0]","(-2,0]","(0,5]","(0,1]","(10,20]","(25,50]","(50,75]",5-9,"(5,10]"
BULL_2013_2014,HCP,legacy,MACD_PASS,2014-08-11,2014-08-12,34.113,GREEN,181.43,182.8654,173.31834999999998,-0.0817852032789026,-0.0984620227634946,-0.1126823141636294,True,2014-08-06,33.758,1.0516025830914044,False,,7.416527423562869,-0.126051651862924,7.416527423562869,-0.126051651862924,4.013132823263854,4.1362530413625365,6.065136458241738,3.846041098701369,True,1.0,True,2.0,True,7.0,MACD_PASS,legacy,-0.03856749311293983,-0.784948929649909,4.680202644440135,0.44502985907575177,11.643754066654262,181.43,182.86540000000002,173.31834999999998,34.61538461538461,67.3076923076923,52,5,5,52,9.615384615384615,0.0,2.220446049250313e-14,0.0,"(-2,0]","(-2,0]","(0,5]","(0,1]","(10,20]","(25,50]","(50,75]",5-9,"(5,10]"
BULL_2013_2014,MMM,legacy,MACD_PASS,2014-08-11,2014-08-12,129.55,GREEN,181.43,182.8654,173.31834999999998,-0.371298834179367,-0.4706331617460784,-0.6083255781745961,True,2014-07-31,127.54,1.5759761643405978,False,,4.05248938633731,-0.1389424932458527,4.05248938633731,-0.1389424932458527,2.5781551524507678,3.450405248938626,2.8869162485526623,3.473562331146285,True,4.0,True,5.0,False,,MACD_PASS,legacy,-0.03856749311293983,-0.784948929649909,4.680202644440135,0.44502985907575177,11.643754066654262,181.43,182.86540000000002,173.31834999999998,34.61538461538461,67.3076923076923,52,5,5,52,9.615384615384615,0.0,2.220446049250313e-14,0.0,"(-2,0]","(-2,0]","(0,5]","(0,1]","(10,20]","(25,50]","(50,75]",5-9,"(5,10]"
BULL_2013_2014,PPG,legacy,MACD_PASS,2014-08-11,2014-08-12,95.044,GREEN,181.43,182.8654,173.31834999999998,-0.3645928642721207,-0.449403633119975,-0.5909104202671269,True,2014-07-31,93.369,1.7939573091711347,False,,3.7508943226295166,-0.4440048819494113,3.7508943226295166,-0.4440048819494113,2.647194983376133,3.554143344135352,2.0927149530743705,1.5561213753629843,True,3.0,True,7.0,False,,MACD_PASS,legacy,-0.03856749311293983,-0.784948929649909,4.680202644440135,0.44502985907575177,11.643754066654262,181.43,182.86540000000002,173.31834999999998,34.61538461538461,67.3076923076923,52,5,5,52,9.615384615384615,0.0,2.220446049250313e-14,0.0,"(-2,0]","(-2,0]","(0,5]","(0,1]","(10,20]","(25,50]","(50,75]",5-9,"(5,10]"
BULL_2013_2014,XOM,legacy,MACD_PASS,2014-08-11,2014-08-12,87.055,GREEN,181.43,182.8654,173.31834999999998,-0.3362146098619002,-0.4132822944075011,-0.5246403671955069,True,2014-08-04,85.944,1.2927022247044562,True,20.0,2.1388777209809806,-2.4226063982539903,2.1388777209809806,-2.4226063982539903,1.3026247774395427,1.4576991557061492,0.9201079777152232,-1.4232381827580354,True,10.0,False,,False,,MACD_PASS,legacy,-0.03856749311293983,-0.784948929649909,4.680202644440135,0.44502985907575177,11.643754066654262,181.43,182.86540000000002,173.31834999999998,34.61538461538461,67.3076923076923,52,5,5,52,9.615384615384615,0.0,2.220446049250313e-14,0.0,"(-2,0]","(-2,0]","(0,5]","(0,1]","(10,20]","(25,50]","(50,75]",5-9,"(5,10]"
BULL_2013_2014,CB,legacy,MACD_PASS,2014-08-12,2014-08-13,94.132,GREEN,181.17,182.8944,173.41625,-0.1032036873487458,-0.2176803387252931,-0.2869412682557346,True,2014-07-30,91.944,2.3797093883233256,False,,5.342497769090215,-0.4706157311010206,5.342497769090215,-0.4706157311010206,2.521990396464524,4.019886967237496,3.967832405558158,3.550333574129949,True,2.0,True,6.0,True,13.0,MACD_PASS,legacy,0.7899860917941481,-0.9428391465239105,4.471178450693047,0.3599680418616469,11.640633670122112,181.17,182.89440000000002,173.41625,32.69230769230769,86.53846153846153,52,2,2,52,3.8461538461538463,0.0,2.220446049250313e-14,0.0,"(0,2]","(-2,0]","(0,5]","(0,1]","(10,20]","(25,50]",>75,2-4,"(2,5]"
BULL_2013_2014,KO,legacy,MACD_PASS,2014-08-12,2014-08-13,35.786,GREEN,181.17,182.8944,173.41625,-0.0540949810096031,-0.0931652290794878,-0.1311326021005844,True,2014-07-24,35.211,1.63301241089433,False,,6.714916447772867,0.0,6.714916447772867,0.0,3.9065556362823273,4.7867881294360926,5.468619013021847,6.441066338791712,True,2.0,True,2.0,True,6.0,MACD_PASS,legacy,0.7899860917941481,-0.9428391465239105,4.471178450693047,0.3599680418616469,11.640633670122112,181.17,182.89440000000002,173.41625,32.69230769230769,86.53846153846153,52,2,2,52,3.8461538461538463,0.0,2.220446049250313e-14,0.0,"(0,2]","(-2,0]","(0,5]","(0,1]","(10,20]","(25,50]",>75,2-4,"(2,5]"
BULL_2013_2014,MCD,legacy,MACD_FAIL,2014-08-13,2014-08-14,84.641,GREEN,182.41,182.95,173.5167,0.0321101729878543,-0.0399310823263396,-0.0935595958471011,False,2014-07-17,83.981,0.7858920470106501,True,17.0,2.059285688968693,-2.494063160879489,2.059285688968693,-2.0332935574957856,0.9428054961543308,1.392941954844562,0.2374735648208226,0.5292943136305128,True,10.0,False,,False,,MACD_FAIL,legacy,1.4459707468994942,-0.295162612735711,5.125327994365958,0.29636630568381506,11.857962947809389,182.41,182.95,173.5167,36.53846153846154,94.23076923076923,52,1,1,52,1.9230769230769231,0.0,0.0,0.0,"(0,2]","(-2,0]",>5,"(0,1]","(10,20]","(25,50]",>75,1,<=2
BULL_2013_2014,MHFI,legacy,MACD_PASS,2014-08-14,2014-08-15,76.475,GREEN,183.26,183.0156,173.62,-0.0839925826881824,-0.1782110244503699,-0.2687805491582706,True,2014-08-04,74.483,2.6744357772914507,False,,8.330827067669189,-1.1912389669826773,8.330827067669189,-1.1912389669826773,-0.9676364825106144,2.0778032036613325,7.199738476626338,7.589408303367118,True,9.0,True,11.0,True,13.0,MACD_PASS,legacy,2.4714828897338226,0.13354052878553624,5.55235571938717,0.2659285970211922,11.295760814024458,183.26,183.01559999999998,173.62,42.30769230769231,98.07692307692308,52,1,1,52,1.9230769230769231,0.0,-1.1102230246251565e-14,0.0,>2,"(0,2]",>5,"(0,1]","(10,20]","(25,50]",>75,1,<=2
BULL_2013_2014,T,legacy,MACD_PASS,2014-08-21,2014-08-22,29.235,GREEN,186.76,183.3644,174.18345000000002,-0.0314181617273005,-0.0466853059042955,-0.0554654702996437,True,2014-08-04,28.906,1.1381720058119438,False,,2.866427227638102,-0.6054386865058992,2.866427227638102,-0.6054386865058992,1.1629895672994772,1.3066529844364627,0.3831024456986576,2.726184368051987,True,9.0,False,,False,,MACD_PASS,legacy,1.909854851031323,1.8518316532543988,7.220289872545282,0.31226476200478803,11.173048409102444,186.76,183.3644,174.18345000000002,71.15384615384616,88.46153846153847,52,1,1,52,1.9230769230769231,0.0,0.0,0.0,"(0,2]","(0,2]",>5,"(0,1]","(10,20]","(50,75]",>75,1,<=2
BULL_2013_2014,WAG,legacy,MACD_FAIL,2014-09-04,2014-09-05,58.689,GREEN,187.41,184.3302,175.24850000000004,0.3537704832539967,0.194252746408293,0.1690251982833466,False,2014-08-29,56.361,4.130515782189814,True,16.0,4.658453884032787,-6.260116887321299,4.658453884032787,-4.86121760466186,0.8536523028165321,0.9490705242890528,-3.3839390686499997,-2.438276337984968,True,0.0,True,0.0,False,,MACD_FAIL,legacy,-0.021339023739663787,1.6708059775337958,6.939574375814894,0.5834301897293948,6.361892392777461,187.41,184.3302,175.24850000000004,71.15384615384616,61.53846153846154,52,1,1,52,1.9230769230769231,0.0,0.0,0.0,"(-2,0]","(0,2]",>5,"(0,1]",<=10,"(50,75]","(50,75]",1,<=2
BULL_2013_2014,APD,legacy,MACD_FAIL,2014-09-10,2014-09-11,119.88,GREEN,187.29,184.6764,175.69150000000002,-0.3192609575466695,-0.351426421130953,-0.2360271563937894,False,2014-09-09,118.68,1.0111223458038276,True,0.0,5.355355355355362,-5.814147480814147,0.0250250250250161,-1.851851851851849,1.9769769769769847,1.960293626960308,-1.7517517517517511,-4.938271604938271,False,,False,,False,,MACD_FAIL,legacy,-0.21311737439394518,1.415232265736166,6.601628422547456,0.5050384112188278,5.705853022024854,187.29,184.6764,175.69150000000002,65.38461538461539,46.15384615384615,52,1,1,52,1.9230769230769231,0.0,0.0,0.0,"(-2,0]","(0,2]",>5,"(0,1]",<=10,"(50,75]","(25,50]",1,<=2
BULL_2013_2014,BDX,legacy,MACD_FAIL,2014-09-11,2014-09-12,109.67,GREEN,187.5,184.7374,175.7949,-0.1218922438843383,-0.1230160119185661,-0.094253609390642,False,2014-09-10,108.39,1.1809207491465967,True,0.0,13.002644296525956,-2.653414789824016,0.1367739582383453,-1.7780614570985676,-1.2947934713230635,-0.957417707668462,0.5470958329534037,10.987507978480892,False,,False,,False,,MACD_FAIL,legacy,0.04802305106450522,1.495419985341373,6.658384287598773,0.4732763646805749,5.371095280602268,187.5,184.73739999999998,175.7949,65.38461538461539,38.46153846153846,52,3,3,52,5.769230769230769,0.0,-1.1102230246251565e-14,0.0,"(0,2]","(0,2]",>5,"(0,1]",<=10,"(50,75]","(25,50]",2-4,"(5,10]"
BULL_2013_2014,CL,legacy,MACD_FAIL,2014-09-11,2014-09-12,59.712,GREEN,187.5,184.7374,175.7949,0.0473591056839712,0.0145842457897189,0.0075813570543009,False,2014-09-10,58.95,1.2926208651399484,False,,3.394627545551976,-0.1540728831725735,3.394627545551976,-0.1540728831725735,1.7148981779206762,2.3697079314040748,1.9945739549839248,1.729970525187552,True,5.0,True,8.0,False,,MACD_FAIL,legacy,0.04802305106450522,1.495419985341373,6.658384287598773,0.4732763646805749,5.371095280602268,187.5,184.73739999999998,175.7949,65.38461538461539,38.46153846153846,52,3,3,52,5.769230769230769,0.0,-1.1102230246251565e-14,0.0,"(0,2]","(0,2]",>5,"(0,1]",<=10,"(50,75]","(25,50]",2-4,"(5,10]"
BULL_2013_2014,XOM,legacy,MACD_FAIL,2014-09-11,2014-09-12,85.559,GREEN,187.5,184.7374,175.7949,-0.1501389096074091,-0.1338922007759961,-0.070637724695489,False,2014-09-10,84.937,0.732307474952032,True,0.0,1.5848712584298763,-5.822882455381661,0.0724646150609409,-0.9210018817424226,0.6217931485875239,-1.1325518063558415,-2.6928785983940884,-5.098236304772142,False,,False,,False,,MACD_FAIL,legacy,0.04802305106450522,1.495419985341373,6.658384287598773,0.4732763646805749,5.371095280602268,187.5,184.73739999999998,175.7949,65.38461538461539,38.46153846153846,52,3,3,52,5.769230769230769,0.0,-1.1102230246251565e-14,0.0,"(0,2]","(0,2]",>5,"(0,1]",<=10,"(50,75]","(25,50]",2-4,"(5,10]"
BULL_2013_2014,CVX,legacy,MACD_PASS,2014-09-16,2014-09-17,110.21,GREEN,187.67,184.843,176.09455000000003,-0.2858824701505663,-0.3864206978158199,-0.4441958783724801,True,2014-09-10,107.52,2.5018601190476275,True,6.0,0.4809000998094559,-14.753652118682504,0.4809000998094559,-3.5477724344433303,-2.1504400689592478,-5.952272933490599,-5.716359676980309,-12.656746211777516,False,,False,,False,,MACD_PASS,legacy,0.578809153759563,1.5294060364742013,6.573428876702869,0.38122960122948246,5.66000499277887,187.67,184.843,176.09455000000003,61.53846153846154,71.15384615384616,52,1,1,52,1.9230769230769231,0.0,0.0,0.0,"(0,2]","(0,2]",>5,"(0,1]",<=10,"(50,75]","(50,75]",1,<=2
BULL_2013_2014,BEN,legacy,MACD_PASS,2014-09-17,2014-09-18,52.695,GREEN,187.93,184.9276,176.19925,-0.0700776207257884,-0.0869592268748031,-0.0925722978944646,True,2014-09-12,51.559,2.203301072557662,True,3.0,1.5314545972103577,-12.283897903026851,1.5314545972103577,-2.580890027516836,-2.973716671410953,-2.561912894961571,-8.156371572255438,-9.06537622165291,False,,False,,False,,MACD_PASS,legacy,0.3417160553152998,1.6235542990878482,6.657661709683782,0.3800737566724832,5.4239465001444715,187.93,184.9276,176.19925,61.53846153846154,65.38461538461539,52,2,2,52,3.8461538461538463,0.0,0.0,0.0,"(0,2]","(0,2]",>5,"(0,1]",<=10,"(50,75]","(50,75]",2-4,"(2,5]"
BULL_2013_2014,PPG,legacy,MACD_PASS,2014-09-17,2014-09-18,96.399,GREEN,187.93,184.9276,176.19925,-0.1800992125700203,-0.2471505498758703,-0.267669659939502,True,2014-09-15,94.627,1.872615638242792,True,3.0,1.468894905548801,-15.153684166848205,1.468894905548801,-2.0342534673596147,-2.3682818286496765,-5.455450782684467,-8.00112034357202,-10.070643886347364,False,,False,,False,,MACD_PASS,legacy,0.3417160553152998,1.6235542990878482,6.657661709683782,0.3800737566724832,5.4239465001444715,187.93,184.9276,176.19925,61.53846153846154,65.38461538461539,52,2,2,52,3.8461538461538463,0.0,0.0,0.0,"(0,2]","(0,2]",>5,"(0,1]",<=10,"(50,75]","(50,75]",2-4,"(2,5]"
BULL_2013_2014,SYY,legacy,MACD_FAIL,2014-09-24,2014-09-25,34.489,GREEN,187.68,185.2654,176.74275,-0.1150746152249774,-0.1579194567964343,-0.0993410868013375,False,2014-09-23,33.548,2.8049362108024223,True,12.0,1.6179071588042548,-4.436197048334234,1.2438748586505843,-2.861782017454828,-0.8031546290121261,-0.881440459276861,-3.3662907013830345,1.1945837803357673,False,,False,,False,,MACD_FAIL,legacy,-0.13302825520140615,1.3033194541452353,6.188231200431149,0.3189362582333155,6.996456810723517,187.68,185.2654,176.74275,69.23076923076923,46.15384615384615,52,1,1,52,1.9230769230769231,0.0,0.0,0.0,"(-2,0]","(0,2]",>5,"(0,1]",<=10,"(50,75]","(25,50]",1,<=2
BULL_2013_2014,ED,legacy,MACD_PASS,2014-09-29,2014-09-30,50.567,GREEN,185.78,185.324,177.03060000000002,-0.0970431642395219,-0.1143594646368049,-0.1164535075871161,True,2014-09-25,49.807,1.5258899351496824,False,,11.206913599778524,-0.6189807582019924,11.206913599778524,-0.6189807582019924,0.8681551209286598,8.683528783594042,7.799553068206544,10.995313148891572,True,6.0,True,6.0,True,9.0,MACD_PASS,legacy,-0.8115323011211983,0.24605555675465407,4.942309408655898,0.29027921786961564,9.524021883752123,185.78,185.324,177.03060000000002,57.69230769230769,21.153846153846153,52,1,1,52,1.9230769230769231,0.0,0.0,0.0,"(-2,0]","(0,2]","(0,5]","(0,1]",<=10,"(50,75]",<=25,1,<=2
BULL_2013_2014,CTAS,legacy,MACD_FAIL,2014-09-30,2014-10-01,66.183,GREEN,185.31,185.3354,177.13545000000002,0.1032695507754127,-0.1642037868921145,-0.1375253893323968,False,2014-09-29,62.007,6.734723498959805,False,,2.7741262862064358,-4.943867760603182,2.7741262862064358,-4.943867760603182,1.0803378511097916,-3.0763186921112684,0.1828264055724116,2.263421120227238,True,15.0,False,,False,,MACD_FAIL,legacy,-0.49935567010309656,-0.013704883146992142,4.6148582906470725,0.2663882321754407,9.549565725173288,185.31,185.33540000000002,177.13545000000002,53.84615384615385,38.46153846153846,52,1,1,52,1.9230769230769231,0.0,2.220446049250313e-14,0.0,"(-2,0]","(-2,0]","(0,5]","(0,1]",<=10,"(50,75]","(25,50]",1,<=2
BULL_2013_2014,BCR,legacy,MACD_FAIL,2014-10-02,2014-10-03,143.38,GREEN,182.82,185.218,177.3152,-0.3264607998409914,-0.5192292747992706,-0.5126828043302374,False,2014-09-24,139.49,2.788730374937254,False,,13.5653508160134,-0.5579578741804925,13.5653508160134,-0.5579578741804925,3.075742781419999,0.0418468405635419,8.097363649044498,12.916724787278566,True,1.0,True,1.0,True,7.0,MACD_FAIL,legacy,-0.9964258637495949,-1.2946905808290943,3.104527981808669,0.10928796351448167,10.621867344739579,182.82,185.21800000000002,177.3152,46.15384615384615,32.69230769230769,52,2,2,52,3.8461538461538463,0.0,2.220446049250313e-14,0.0,"(-2,0]","(-2,0]","(0,5]","(0,1]","(10,20]","(25,50]","(25,50]",2-4,"(2,5]"
BULL_2013_2014,HCP,legacy,MACD_PASS,2014-10-02,2014-10-03,33.402,GREEN,182.82,185.218,177.3152,-0.0335471266325315,-0.0616240716048024,-0.1031591278543827,True,2014-09-12,32.866,1.630864723422376,False,,10.104185378121077,-0.7993533321358104,10.104185378121077,-0.7993533321358104,4.829052152565705,6.305011675947547,7.230105981677748,9.978444404526666,True,3.0,True,4.0,True,5.0,MACD_PASS,legacy,-0.9964258637495949,-1.2946905808290943,3.104527981808669,0.10928796351448167,10.621867344739579,182.82,185.21800000000002,177.3152,46.15384615384615,32.69230769230769,52,2,2,52,3.8461538461538463,0.0,2.220446049250313e-14,0.0,"(-2,0]","(-2,0]","(0,5]","(0,1]","(10,20]","(25,50]","(25,50]",2-4,"(2,5]"
BULL_2013_2014,BMS,legacy,MACD_PASS,2014-10-03,2014-10-06,35.795,GREEN,184.84,185.1956,177.4153,-0.0470525537038686,-0.1035702095976726,-0.1311165442863154,True,2014-09-15,34.839,2.744051206980691,True,5.0,3.366391954183534,-11.009917586255067,0.3128928621315641,-3.754714345578991,-3.679284816315132,0.1592401173348134,-0.3324486660148062,-1.37449364436375,False,,False,,False,,MACD_PASS,legacy,-0.6930639875355915,-0.19201320117756548,4.184926553685053,0.04343241397788411,11.309047443333341,184.84,185.1956,177.4153,61.53846153846154,50.0,52,6,6,52,11.538461538461538,0.0,0.0,0.0,"(-2,0]","(-2,0]","(0,5]","(0,1]","(10,20]","(50,75]","(25,50]",5-9,>10
BULL_2013_2014,CAH,legacy,MACD_FAIL,2014-10-03,2014-10-06,71.94,GREEN,184.84,185.1956,177.4153,-0.1343409002620207,-0.1995571968972599,-0.1915224888949148,False,2014-10-02,69.798,3.0688558411415823,True,5.0,3.3041423408395776,-6.370586599944394,0.4587155963302836,-3.5918821239922183,-3.509869335557392,-3.2485404503753146,2.364470391993345,2.5868779538504416,False,,False,,False,,MACD_FAIL,legacy,-0.6930639875355915,-0.19201320117756548,4.184926553685053,0.04343241397788411,11.309047443333341,184.84,185.1956,177.4153,61.53846153846154,50.0,52,6,6,52,11.538461538461538,0.0,0.0,0.0,"(-2,0]","(-2,0]","(0,5]","(0,1]","(10,20]","(50,75]","(25,50]",5-9,>10
BULL_2013_2014,CB,legacy,MACD_PASS,2014-10-03,2014-10-06,99.52,GREEN,184.84,185.1956,177.4153,-0.1061488133007948,-0.2283942708341983,-0.2394429356568076,True,2014-10-01,96.3,3.3437175493250315,True,5.0,2.934083601286175,-5.453175241157549,0.1406752411575507,-3.631430868167196,-3.5339630225080354,-1.7594453376205688,1.095257234726699,1.7182475884244486,False,,False,,False,,MACD_PASS,legacy,-0.6930639875355915,-0.19201320117756548,4.184926553685053,0.04343241397788411,11.309047443333341,184.84,185.1956,177.4153,61.53846153846154,50.0,52,6,6,52,11.538461538461538,0.0,0.0,0.0,"(-2,0]","(-2,0]","(0,5]","(0,1]","(10,20]","(50,75]","(25,50]",5-9,>10
BULL_2013_2014,ECL,legacy,MACD_FAIL,2014-10-03,2014-10-06,110.98,GREEN,184.84,185.1956,177.4153,-0.4979056351185521,-0.5563031773353427,-0.4809074780643595,False,2014-10-02,107.63,3.112515098020996,True,3.0,0.3333934042169639,-10.109929717066136,0.3333934042169639,-3.955667687871689,-6.487655433411432,-4.415209947738341,-3.802486934582805,-4.289061092088664,False,,False,,False,,MACD_FAIL,legacy,-0.6930639875355915,-0.19201320117756548,4.184926553685053,0.04343241397788411,11.309047443333341,184.84,185.1956,177.4153,61.53846153846154,50.0,52,6,6,52,11.538461538461538,0.0,0.0,0.0,"(-2,0]","(-2,0]","(0,5]","(0,1]","(10,20]","(50,75]","(25,50]",5-9,>10
BULL_2013_2014,LOW,legacy,MACD_PASS,2014-10-03,2014-10-06,50.859,GREEN,184.84,185.1956,177.4153,-0.1687305394040921,-0.2194849278348452,-0.2363656819297842,True,2014-10-01,49.61,2.517637573069953,True,6.0,7.404785780294532,-7.292711221219461,1.822686250221195,-4.779881633535865,-2.420417231955019,-0.0825812540553361,3.617845415757293,7.312373424565965,False,,False,,False,,MACD_PASS,legacy,-0.6930639875355915,-0.19201320117756548,4.184926553685053,0.04343241397788411,11.309047443333341,184.84,185.1956,177.4153,61.53846153846154,50.0,52,6,6,52,11.538461538461538,0.0,0.0,0.0,"(-2,0]","(-2,0]","(0,5]","(0,1]","(10,20]","(50,75]","(25,50]",5-9,>10
BULL_2013_2014,MDT,legacy,MACD_PASS,2014-10-03,2014-10-06,61.403,GREEN,184.84,185.1956,177.4153,-0.1531064232416552,-0.3448051142658099,-0.4095436604543284,True,2014-09-25,57.958,5.943959418889544,False,,4.822239955702501,-8.322068954285623,4.822239955702501,-8.322068954285623,-3.3744279595459448,-2.1790466263863384,1.5324984121297014,4.428122404442791,True,14.0,True,17.0,False,,MACD_PASS,legacy,-0.6930639875355915,-0.19201320117756548,4.184926553685053,0.04343241397788411,11.309047443333341,184.84,185.1956,177.4153,61.53846153846154,50.0,52,6,6,52,11.538461538461538,0.0,0.0,0.0,"(-2,0]","(-2,0]","(0,5]","(0,1]","(10,20]","(50,75]","(25,50]",5-9,>10
BULL_2013_2014,ABT,legacy,MACD_PASS,2014-10-06,2014-10-07,39.078,GREEN,184.63,185.186,177.50025000000002,-0.1061502831656217,-0.1756738652150145,-0.2170935340295227,True,2014-09-25,37.983,2.88286865176528,True,6.0,5.230564512001634,-6.187624750499021,1.064537591483683,-5.990582936690725,-1.9294743845642224,1.2462254977224865,1.5046829418086771,4.155790982138274,False,,False,,False,,MACD_PASS,legacy,-0.6190117343094048,-0.3002386789498046,4.016754905978992,0.0033480973626431876,11.2908773740731,184.63,185.18599999999998,177.50025000000002,59.61538461538461,46.15384615384615,52,3,3,52,5.769230769230769,0.0,-1.1102230246251565e-14,0.0,"(-2,0]","(-2,0]","(0,5]","(0,1]","(10,20]","(50,75]","(25,50]",2-4,"(5,10]"
BULL_2013_2014,JNJ,legacy,MACD_FAIL,2014-10-06,2014-10-07,96.12,GREEN,184.63,185.186,177.50025000000002,-0.3967605413490247,-0.3932276275337649,-0.3927294830114443,False,2014-10-03,95.84,0.2921535893155358,True,0.0,4.088639200998734,-8.951310861423224,0.0,-2.021431543903452,-7.123387432376205,-3.916978776529334,0.3193924261339909,3.995006242197241,False,,False,,False,,MACD_FAIL,legacy,-0.6190117343094048,-0.3002386789498046,4.016754905978992,0.0033480973626431876,11.2908773740731,184.63,185.18599999999998,177.50025000000002,59.61538461538461,46.15384615384615,52,3,3,52,5.769230769230769,0.0,-1.1102230246251565e-14,0.0,"(-2,0]","(-2,0]","(0,5]","(0,1]","(10,20]","(50,75]","(25,50]",2-4,"(5,10]"
BULL_2013_2014,PG,legacy,MACD_PASS,2014-10-06,2014-10-07,75.223,GREEN,184.63,185.186,177.50025000000002,-0.1891857804672056,-0.1955661688298365,-0.2161324309025441,True,2014-10-02,74.773,0.6018215131130322,True,7.0,7.403320792842627,-2.168219826382889,2.281217180915407,-2.168219826382889,0.2047246188001006,1.4769418927721656,4.503941613602236,7.124150858115197,True,3.0,False,,False,,MACD_PASS,legacy,-0.6190117343094048,-0.3002386789498046,4.016754905978992,0.0033480973626431876,11.2908773740731,184.63,185.18599999999998,177.50025000000002,59.61538461538461,46.15384615384615,52,3,3,52,5.769230769230769,0.0,-1.1102230246251565e-14,0.0,"(-2,0]","(-2,0]","(0,5]","(0,1]","(10,20]","(50,75]","(25,50]",2-4,"(5,10]"
BULL_2013_2014,MMM,legacy,MACD_FAIL,2014-10-08,2014-10-09,130.81,GREEN,184.95,185.129,177.6545,-0.4209899040348899,-0.6352093816351656,-0.5629855473090031,False,2014-09-29,127.58,2.531744787584267,True,1.0,11.008332696277057,-7.468847947404633,0.2522742909563336,-5.183089977830447,-4.311596972708509,2.775017200519825,7.766990291262132,10.580230869199614,False,,False,,False,,MACD_FAIL,legacy,1.1816838995568624,-0.09668933554441983,4.106566397136002,-0.07362410898094085,13.941883868799918,184.95,185.12900000000002,177.6545,59.61538461538461,84.61538461538461,52,1,1,52,1.9230769230769231,0.0,2.220446049250313e-14,0.0,"(0,2]","(-2,0]","(0,5]","(-1,0]","(10,20]","(50,75]",>75,1,<=2
BULL_2013_2014,GPC,legacy,MACD_FAIL,2014-10-14,2014-10-15,78.985,YELLOW,176.52,184.8568,177.82045,-0.1989570846090348,-0.2321173340415296,-0.1817052854687976,False,2014-10-13,79.014,-0.0367023565444046,False,,17.321010318414885,-0.9761347091219896,17.321010318414885,-0.9761347091219896,8.040767234284996,9.590428562385256,15.10413369627146,17.203266442995503,True,0.0,True,2.0,True,4.0,MACD_FAIL,legacy,-2.8775790921595545,-4.5098692609630735,-0.7313275835259536,-0.25823453047827405,16.310448576868463,176.52,184.8568,177.82045,26.923076923076923,23.076923076923077,52,1,1,52,1.9230769230769231,0.0,0.0,0.0,"(-4,-2]","(-5,-2]","(-5,0]","(-1,0]","(10,20]","(25,50]",<=25,1,<=2
BULL_2013_2014,APD,legacy,MACD_PASS,2014-10-15,2014-10-16,115.74,YELLOW,175.35,184.7688,177.84470000000002,-0.6070807162033214,-1.0034074299215905,-1.0394083342105436,True,2014-10-09,109.25,5.940503432494282,False,,8.769656125799209,-0.5529635389666554,8.769656125799209,-0.5529635389666554,3.412821842059799,6.678762744081568,7.810609987903927,8.233972697425273,True,0.0,True,0.0,True,3.0,MACD_PASS,legacy,-5.190592051905918,-5.097613882863339,-1.4027407057955799,-0.2762296754220128,16.269200211624668,175.35,184.7688,177.84470000000002,15.384615384615385,3.8461538461538463,52,3,3,52,5.769230769230769,0.0,0.0,0.0,<=-4,<=-5,"(-5,0]","(-1,0]","(10,20]",<=25,<=25,2-4,"(5,10]"
BULL_2013_2014,LEG,legacy,MACD_PASS,2014-10-15,2014-10-16,30.554,YELLOW,175.35,184.7688,177.84470000000002,-0.1681763506506573,-0.1964648956056547,-0.2119388457138949,True,2014-10-08,29.993,1.870436435168199,False,,24.900176736270208,-0.2683772992079558,24.900176736270208,-0.2683772992079558,11.366760489624928,17.588531779799688,20.540682071087257,22.851345159389936,True,0.0,True,1.0,True,2.0,MACD_PASS,legacy,-5.190592051905918,-5.097613882863339,-1.4027407057955799,-0.2762296754220128,16.269200211624668,175.35,184.7688,177.84470000000002,15.384615384615385,3.8461538461538463,52,3,3,52,5.769230769230769,0.0,0.0,0.0,<=-4,<=-5,"(-5,0]","(-1,0]","(10,20]",<=25,<=25,2-4,"(5,10]"
BULL_2013_2014,TGT,legacy,MACD_FAIL,2014-10-15,2014-10-16,53.224,YELLOW,175.35,184.7688,177.84470000000002,-0.3336779050067501,-0.2861103450354049,-0.347245347367149,False,2014-10-13,53.676,-0.8420895744839507,True,1.0,15.295731249060584,-0.1164888020441901,2.346685705696672,-0.1164888020441901,5.514429580640323,5.087930257026918,5.275815421614305,14.816624079362706,True,0.0,False,,False,,MACD_FAIL,legacy,-5.190592051905918,-5.097613882863339,-1.4027407057955799,-0.2762296754220128,16.269200211624668,175.35,184.7688,177.84470000000002,15.384615384615385,3.8461538461538463,52,3,3,52,5.769230769230769,0.0,0.0,0.0,<=-4,<=-5,"(-5,0]","(-1,0]","(10,20]",<=25,<=25,2-4,"(5,10]"
BULL_2013_2014,ABBV,legacy,MACD_FAIL,2014-10-16,2014-10-17,48.187,YELLOW,175.2,184.6766,177.86405,-0.5064036372285607,-0.4530092333553588,-0.4890597884650869,False,2014-10-13,46.819,2.9218906854054927,False,,20.92265548799468,-2.484072467678,20.92265548799468,-2.484072467678,12.524124763940492,18.43858302031669,14.777844646896463,19.443003299645124,True,2.0,True,2.0,True,2.0,MACD_FAIL,legacy,-3.3539276257722905,-5.1314568277735395,-1.4978012701273857,-0.2923042036951151,15.964862752766956,175.2,184.6766,177.86405,15.384615384615385,11.538461538461538,52,9,9,52,17.307692307692307,0.0,0.0,0.0,"(-4,-2]",<=-5,"(-5,0]","(-1,0]","(10,20]",<=25,<=25,5-9,>10
BULL_2013_2014,BEN,legacy,MACD_PASS,2014-10-16,2014-10-17,48.521,YELLOW,175.2,184.6766,177.86405,-0.337793946982864,-0.4023107614530899,-0.4230188087450575,True,2014-10-08,46.222,4.973821989528804,False,,11.055007110323366,-0.7357638960450053,11.055007110323366,-0.7357638960450053,3.586076131984095,7.856392077657093,10.512973763937271,9.344407576101066,True,2.0,True,4.0,True,7.0,MACD_PASS,legacy,-3.3539276257722905,-5.1314568277735395,-1.4978012701273857,-0.2923042036951151,15.964862752766956,175.2,184.6766,177.86405,15.384615384615385,11.538461538461538,52,9,9,52,17.307692307692307,0.0,0.0,0.0,"(-4,-2]",<=-5,"(-5,0]","(-1,0]","(10,20]",<=25,<=25,5-9,>10
BULL_2013_2014,CINF,legacy,MACD_FAIL,2014-10-16,2014-10-17,42.079,YELLOW,175.2,184.6766,177.86405,-0.1066166999187234,-0.0987297815341289,-0.0780079606650434,False,2014-10-13,40.899,2.885156116286458,False,,11.380973882459177,-0.7961215808360511,11.380973882459177,-0.7961215808360511,5.066660329380457,8.795361106490173,10.166591411392844,10.026378953872484,True,2.0,True,2.0,True,4.0,MACD_FAIL,legacy,-3.3539276257722905,-5.1314568277735395,-1.4978012701273857,-0.2923042036951151,15.964862752766956,175.2,184.6766,177.86405,15.384615384615385,11.538461538461538,52,9,9,52,17.307692307692307,0.0,0.0,0.0,"(-4,-2]",<=-5,"(-5,0]","(-1,0]","(10,20]",<=25,<=25,5-9,>10
BULL_2013_2014,ITW,legacy,MACD_PASS,2014-10-16,2014-10-17,78.654,YELLOW,175.2,184.6766,177.86405,-0.1333656457172747,-0.3496696530309271,-0.4445865068841401,True,2014-09-24,74.133,6.098498644328432,False,,11.799781320721149,-1.1938362956747215,11.799781320721149,-1.1938362956747215,4.885956213288578,8.54629135199736,10.6415439774201,11.799781320721149,True,2.0,True,2.0,True,5.0,MACD_PASS,legacy,-3.3539276257722905,-5.1314568277735395,-1.4978012701273857,-0.2923042036951151,15.964862752766956,175.2,184.6766,177.86405,15.384615384615385,11.538461538461538,52,9,9,52,17.307692307692307,0.0,0.0,0.0,"(-4,-2]",<=-5,"(-5,0]","(-1,0]","(10,20]",<=25,<=25,5-9,>10
BULL_2013_2014,NUE,legacy,MACD_PASS,2014-10-16,2014-10-17,45.569,YELLOW,175.2,184.6766,177.86405,-0.399519357328042,-0.5184566645685202,-0.6082871559679139,True,2014-09-29,43.103,5.721179500266804,False,,9.317737935877446,-0.6056749105751824,9.317737935877446,-0.6056749105751824,5.644187934780209,8.181000241392166,8.424586890210438,7.884746209045623,True,2.0,True,2.0,True,3.0,MACD_PASS,legacy,-3.3539276257722905,-5.1314568277735395,-1.4978012701273857,-0.2923042036951151,15.964862752766956,175.2,184.6766,177.86405,15.384615384615385,11.538461538461538,52,9,9,52,17.307692307692307,0.0,0.0,0.0,"(-4,-2]",<=-5,"(-5,0]","(-1,0]","(10,20]",<=25,<=25,5-9,>10
BULL_2013_2014,PPG,legacy,MACD_PASS,2014-10-16,2014-10-17,87.898,YELLOW,175.2,184.6766,177.86405,-0.5253687003567853,-0.6981291011062756,-0.8212569841465371,True,2014-10-07,81.791,7.466591678791068,False,,12.908143530000691,-0.3890873512480408,12.908143530000691,-0.3890873512480408,6.229948349222969,10.47919179048442,12.582766388313726,10.95588067987896,True,0.0,True,1.0,True,2.0,MACD_PASS,legacy,-3.3539276257722905,-5.1314568277735395,-1.4978012701273857,-0.2923042036951151,15.964862752766956,175.2,184.6766,177.86405,15.384615384615385,11.538461538461538,52,9,9,52,17.307692307692307,0.0,0.0,0.0,"(-4,-2]",<=-5,"(-5,0]","(-1,0]","(10,20]",<=25,<=25,5-9,>10
BULL_2013_2014,SHW,legacy,MACD_PASS,2014-10-16,2014-10-17,207.2,YELLOW,175.2,184.6766,177.86405,-0.8306505050172409,-1.1324075645753031,-1.401850526062984,True,2014-10-13,195.64,5.908812103864247,False,,12.673745173745177,-0.202702702702695,12.673745173745177,-0.202702702702695,7.002895752895766,7.316602316602339,10.328185328185334,12.28281853281854,True,0.0,True,2.0,True,2.0,MACD_PASS,legacy,-3.3539276257722905,-5.1314568277735395,-1.4978012701273857,-0.2923042036951151,15.964862752766956,175.2,184.6766,177.86405,15.384615384615385,11.538461538461538,52,9,9,52,17.307692307692307,0.0,0.0,0.0,"(-4,-2]",<=-5,"(-5,0]","(-1,0]","(10,20]",<=25,<=25,5-9,>10
BULL_2013_2014,SWK,legacy,MACD_PASS,2014-10-16,2014-10-17,78.784,YELLOW,175.2,184.6766,177.86405,-0.6113784695966293,-0.7630626246814698,-0.770893312400716,True,2014-09-25,74.432,5.846947549441106,False,,15.4206437855402,-0.3465170593013988,15.4206437855402,-0.3465170593013988,7.735073111291624,11.942780259951258,13.58016856214459,14.368399675060918,True,2.0,True,2.0,True,3.0,MACD_PASS,legacy,-3.3539276257722905,-5.1314568277735395,-1.4978012701273857,-0.2923042036951151,15.964862752766956,175.2,184.6766,177.86405,15.384615384615385,11.538461538461538,52,9,9,52,17.307692307692307,0.0,0.0,0.0,"(-4,-2]",<=-5,"(-5,0]","(-1,0]","(10,20]",<=25,<=25,5-9,>10
BULL_2013_2014,VFC,legacy,MACD_FAIL,2014-10-16,2014-10-17,59.944,YELLOW,175.2,184.6766,177.86405,-0.4051633204556175,-0.4549448137280522,-0.3874280412777847,False,2014-10-13,57.515,4.223246109710521,False,,11.350593887628444,-2.8876951821700247,11.350593887628444,-2.8876951821700247,3.3314426798345176,5.159815828106229,8.439543574002407,10.324636327238746,True,2.0,True,2.0,True,3.0,MACD_FAIL,legacy,-3.3539276257722905,-5.1314568277735395,-1.4978012701273857,-0.2923042036951151,15.964862752766956,175.2,184.6766,177.86405,15.384615384615385,11.538461538461538,52,9,9,52,17.307692307692307,0.0,0.0,0.0,"(-4,-2]",<=-5,"(-5,0]","(-1,0]","(10,20]",<=25,<=25,5-9,>10
BULL_2013_2014,BF-B,legacy,MACD_PASS,2014-10-17,2014-10-20,41.729,YELLOW,177.27,184.6452,177.90200000000002,-0.1977554501672735,-0.2766153217929468,-0.2789095694917179,True,2014-10-02,39.28,6.23472505091649,False,,8.912267248196692,-0.7333029787437884,8.912267248196692,-0.7333029787437884,2.8876800306741,6.599726808694184,8.150207289894329,8.095089745740381,True,2.0,True,5.0,True,7.0,MACD_PASS,legacy,-1.082528876736788,-3.994254927829155,-0.355251767827236,-0.2971992855121841,16.873374462137154,177.27,184.64520000000002,177.90200000000002,19.23076923076923,38.46153846153846,52,6,6,52,11.538461538461538,0.0,2.220446049250313e-14,0.0,"(-2,0]","(-5,-2]","(-5,0]","(-1,0]","(10,20]",<=25,"(25,50]",5-9,>10
BULL_2013_2014,CVX,legacy,MACD_PASS,2014-10-17,2014-10-20,98.253,YELLOW,177.27,184.6452,177.90200000000002,-0.4249231900421204,-0.5996735279620906,-0.7223603322963044,True,2014-09-25,93.95,4.580095795635963,False,,7.75243504015144,-0.4976947268785725,7.75243504015144,-0.4976947268785725,3.1215331847373573,4.709270963736478,5.727051591300003,4.739804382563384,True,1.0,True,1.0,True,3.0,MACD_PASS,legacy,-1.082528876736788,-3.994254927829155,-0.355251767827236,-0.2971992855121841,16.873374462137154,177.27,184.64520000000002,177.90200000000002,19.23076923076923,38.46153846153846,52,6,6,52,11.538461538461538,0.0,2.220446049250313e-14,0.0,"(-2,0]","(-5,-2]","(-5,0]","(-1,0]","(10,20]",<=25,"(25,50]",5-9,>10
BULL_2013_2014,DOV,legacy,MACD_PASS,2014-10-17,2014-10-20,69.452,YELLOW,177.27,184.6452,177.90200000000002,-0.3096872092530733,-0.5127165974383598,-0.6552217358132406,True,2014-09-09,65.204,6.514937733881365,False,,9.642630881760072,-0.8048724298796217,9.642630881760072,-0.8048724298796217,4.050279329608952,6.997638656914118,9.158843517825275,8.46195933882392,True,1.0,True,2.0,True,3.0,MACD_PASS,legacy,-1.082528876736788,-3.994254927829155,-0.355251767827236,-0.2971992855121841,16.873374462137154,177.27,184.64520000000002,177.90200000000002,19.23076923076923,38.46153846153846,52,6,6,52,11.538461538461538,0.0,2.220446049250313e-14,0.0,"(-2,0]","(-5,-2]","(-5,0]","(-1,0]","(10,20]",<=25,"(25,50]",5-9,>10
BULL_2013_2014,MHFI,legacy,MACD_PASS,2014-10-17,2014-10-20,76.236,YELLOW,177.27,184.6452,177.90200000000002,-0.6109423302835177,-0.8601492320197999,-0.8687371910278944,True,2014-10-01,71.165,7.125693810159484,False,,16.092134949367743,-0.3659688336219213,16.092134949367743,-0.3659688336219213,6.80256047011909,13.895010231386728,14.347552337478351,15.194921034681762,True,1.0,True,1.0,True,3.0,MACD_PASS,legacy,-1.082528876736788,-3.994254927829155,-0.355251767827236,-0.2971992855121841,16.873374462137154,177.27,184.64520000000002,177.90200000000002,19.23076923076923,38.46153846153846,52,6,6,52,11.538461538461538,0.0,2.220446049250313e-14,0.0,"(-2,0]","(-5,-2]","(-5,0]","(-1,0]","(10,20]",<=25,"(25,50]",5-9,>10
BULL_2013_2014,PEP,legacy,MACD_FAIL,2014-10-17,2014-10-20,84.196,YELLOW,177.27,184.6452,177.90200000000002,-0.300730305235135,-0.2740948392109534,-0.1467640744344423,False,2014-10-16,82.504,2.0508096577135597,False,,7.961185804551296,-0.0795762268991362,7.961185804551296,-0.0795762268991362,3.2269941564919917,4.546534277162806,5.791248990450848,7.373271889400912,True,0.0,True,2.0,True,9.0,MACD_FAIL,legacy,-1.082528876736788,-3.994254927829155,-0.355251767827236,-0.2971992855121841,16.873374462137154,177.27,184.64520000000002,177.90200000000002,19.23076923076923,38.46153846153846,52,6,6,52,11.538461538461538,0.0,2.220446049250313e-14,0.0,"(-2,0]","(-5,-2]","(-5,0]","(-1,0]","(10,20]",<=25,"(25,50]",5-9,>10
BULL_2013_2014,T,legacy,MACD_FAIL,2014-10-17,2014-10-20,29.194,YELLOW,177.27,184.6452,177.90200000000002,-0.0962162153976624,-0.1191904787944388,-0.1069458130212295,False,2014-10-13,28.37,2.904476559746194,False,,6.131396862368987,-2.181955196273211,6.131396862368987,-2.181955196273211,0.1404398164006393,2.288141398917576,3.110228129067627,5.251078988833324,True,2.0,True,15.0,True,18.0,MACD_FAIL,legacy,-1.082528876736788,-3.994254927829155,-0.355251767827236,-0.2971992855121841,16.873374462137154,177.27,184.64520000000002,177.90200000000002,19.23076923076923,38.46153846153846,52,6,6,52,11.538461538461538,0.0,2.220446049250313e-14,0.0,"(-2,0]","(-5,-2]","(-5,0]","(-1,0]","(10,20]",<=25,"(25,50]",5-9,>10
BULL_2013_2014,ADM,legacy,MACD_PASS,2014-10-20,2014-10-21,41.98,GREEN,179.0,184.607,177.94875,-0.4848463067326762,-0.6735284502151179,-0.8203903184178667,True,2014-10-03,38.317,9.559725448234444,False,,15.088137208194397,-2.6083849452120056,15.088137208194397,-2.6083849452120056,0.1786565030967191,8.618389709385422,12.08194378275369,14.561696045736072,True,2.0,True,8.0,True,10.0,MACD_PASS,legacy,1.5545217292636027,-3.0372629423586317,0.5907599800504482,-0.3126586243020424,17.36923565444424,179.0,184.607,177.94875,38.46153846153846,82.6923076923077,52,2,2,52,3.8461538461538463,0.0,0.0,0.0,"(0,2]","(-5,-2]","(0,5]","(-1,0]","(10,20]","(25,50]",>75,2-4,"(2,5]"
BULL_2013_2014,WMT,legacy,MACD_FAIL,2014-10-20,2014-10-21,69.278,GREEN,179.0,184.607,177.94875,-0.3450626888400123,-0.3653087936336394,-0.272576110499838,False,2014-10-17,67.288,2.9574366900487536,False,,11.61118969947168,-0.2396143075724,11.61118969947168,-0.2396143075724,1.5430584023788052,2.75412107739832,5.080978088281984,11.437974537371163,True,4.0,True,11.0,True,13.0,MACD_FAIL,legacy,1.5545217292636027,-3.0372629423586317,0.5907599800504482,-0.3126586243020424,17.36923565444424,179.0,184.607,177.94875,38.46153846153846,82.6923076923077,52,2,2,52,3.8461538461538463,0.0,0.0,0.0,"(0,2]","(-5,-2]","(0,5]","(-1,0]","(10,20]","(25,50]",>75,2-4,"(2,5]"
BULL_2013_2014,KO,legacy,MACD_PASS,2014-10-31,2014-11-03,37.944,GREEN,189.66,184.8374,178.62109999999996,-0.1335428753655871,-0.2197088132195594,-0.2921656431344485,True,2014-10-22,36.41,4.213128261466648,False,,8.430845456462155,-0.4743833017077814,8.430845456462155,-0.4743833017077814,1.441598144634182,2.706620282521599,5.940333122496311,7.318680160236113,True,6.0,True,8.0,True,12.0,MACD_PASS,legacy,2.6576454668470806,2.6091040016793077,6.180064953132658,0.10409152255244081,18.353571654619962,189.66,184.8374,178.62109999999996,86.53846153846153,94.23076923076923,52,1,1,52,1.9230769230769231,0.0,0.0,0.0,>2,>2,>5,"(0,1]","(10,20]",>75,>75,1,<=2
BULL_2013_2014,CLX,legacy,MACD_PASS,2014-11-28,2014-12-01,93.473,GREEN,194.87,186.75480000000005,181.07165,-0.2318191893428774,-0.3526310225460348,-0.367607598694512,True,2014-11-24,91.761,1.8657163718791336,True,4.0,5.311694286050517,-3.0992907042675437,1.2089052453649662,-3.0992907042675437,-1.5041776769762485,-1.3458431846629426,3.2779519219453768,4.555326136959326,False,,False,,False,,MACD_PASS,legacy,0.7965654580251336,4.345376932748168,7.620381213735006,0.6855607408110531,5.4395327697289275,194.87,186.75480000000005,181.07165,90.38461538461539,80.76923076923077,52,4,4,52,7.6923076923076925,0.0,0.0,0.0,"(0,2]",>2,>5,"(0,1]",<=10,>75,>75,2-4,"(5,10]"
BULL_2013_2014,ED,legacy,MACD_PASS,2014-11-28,2014-12-01,56.739,GREEN,194.87,186.75480000000005,181.07165,-0.1661887356841582,-0.2432922015523494,-0.2793113646558031,True,2014-11-25,55.402,2.413270279051294,False,,9.51373834575866,-0.4952501806517517,9.51373834575866,-0.4952501806517517,1.552723875993589,1.776555808174285,4.781543559103962,6.320167785826336,True,0.0,True,9.0,True,15.0,MACD_PASS,legacy,0.7965654580251336,4.345376932748168,7.620381213735006,0.6855607408110531,5.4395327697289275,194.87,186.75480000000005,181.07165,90.38461538461539,80.76923076923077,52,4,4,52,7.6923076923076925,0.0,0.0,0.0,"(0,2]",>2,>5,"(0,1]",<=10,>75,>75,2-4,"(5,10]"
BULL_2013_2014,HRL,legacy,MACD_FAIL,2014-11-28,2014-12-01,25.163,GREEN,194.87,186.75480000000005,181.07165,-0.183687723964008,-0.1925377060650504,-0.1774536041064216,False,2014-11-25,24.32,3.4662828947368496,True,9.0,0.9776258792671744,-5.686921273298095,0.9776258792671744,-3.99395938481103,-0.2980566705082843,-4.383420100941871,-0.2424194253467404,-0.0953781345626514,False,,False,,False,,MACD_FAIL,legacy,0.7965654580251336,4.345376932748168,7.620381213735006,0.6855607408110531,5.4395327697289275,194.87,186.75480000000005,181.07165,90.38461538461539,80.76923076923077,52,4,4,52,7.6923076923076925,0.0,0.0,0.0,"(0,2]",>2,>5,"(0,1]",<=10,>75,>75,2-4,"(5,10]"
BULL_2013_2014,JNJ,legacy,MACD_FAIL,2014-11-28,2014-12-01,99.82,GREEN,194.87,186.75480000000005,181.07165,-0.1982603230693014,-0.2573476476276946,-0.2489583638996757,False,2014-11-26,98.733,1.1009490241358,True,7.0,1.1420557002604692,-4.888799839711478,1.1420557002604692,-1.493688639551194,0.7012622720897754,-3.5363654578240755,-0.9607293127629646,-2.240032057703856,False,,False,,False,,MACD_FAIL,legacy,0.7965654580251336,4.345376932748168,7.620381213735006,0.6855607408110531,5.4395327697289275,194.87,186.75480000000005,181.07165,90.38461538461539,80.76923076923077,52,4,4,52,7.6923076923076925,0.0,0.0,0.0,"(0,2]",>2,>5,"(0,1]",<=10,>75,>75,2-4,"(5,10]"
BULL_2013_2014,ECL,legacy,MACD_FAIL,2014-12-03,2014-12-04,105.38,GREEN,195.51,187.1846,181.4338,-0.6746040158184459,-0.8013344327554431,-0.6391407993199407,False,2014-12-02,100.17,5.201158031346709,True,6.0,1.0912886695767732,-6.985196431960516,1.0912886695767732,-6.1301954830138445,-4.17536534446763,-3.2833554754222782,-1.6037198709432543,-6.32662744353768,False,,False,,False,,MACD_FAIL,legacy,0.3696288310488294,4.447694949263981,7.758311847075894,0.7542116249352748,5.223733474853841,195.51,187.1846,181.43380000000002,90.38461538461539,75.0,52,2,2,52,3.8461538461538463,0.0,0.0,2.220446049250313e-14,"(0,2]",>2,>5,"(0,1]",<=10,>75,"(50,75]",2-4,"(2,5]"
BULL_2013_2014,NUE,legacy,MACD_FAIL,2014-12-03,2014-12-04,50.154,GREEN,195.51,187.1846,181.4338,-0.0357538598050324,-0.1178342992606217,-0.0742027664988319,False,2014-12-02,48.33,3.7740533829919487,True,5.0,0.5283726123539445,-13.94305538940065,0.5283726123539445,-3.888024883359253,-3.688638991904936,-10.218526937033934,-10.77880129202059,-13.632013398731912,False,,False,,False,,MACD_FAIL,legacy,0.3696288310488294,4.447694949263981,7.758311847075894,0.7542116249352748,5.223733474853841,195.51,187.1846,181.43380000000002,90.38461538461539,75.0,52,2,2,52,3.8461538461538463,0.0,0.0,2.220446049250313e-14,"(0,2]",>2,>5,"(0,1]",<=10,>75,"(50,75]",2-4,"(2,5]"
BULL_2013_2014,WMT,legacy,MACD_PASS,2014-12-15,2014-12-16,77.477,GREEN,187.63,188.3678,182.26685,-0.4009949671970365,-0.4198782244185364,-0.4246241684911316,True,2014-12-10,76.809,0.8696897498991163,False,,8.788414626276175,-0.8131445461233788,8.788414626276175,-0.8131445461233788,3.6346270506085743,2.701446881009839,8.1921086257857,4.495527704996305,True,2.0,True,3.0,True,14.0,MACD_PASS,legacy,-3.4527117423073017,-0.3916805313859295,2.9424714367972227,0.8125251539205847,10.4028983492095,187.63,188.3678,182.26684999999998,69.23076923076923,9.615384615384615,52,1,1,52,1.9230769230769231,0.0,0.0,-1.1102230246251565e-14,"(-4,-2]","(-2,0]","(0,5]","(0,1]","(10,20]","(50,75]",<=25,1,<=2
BULL_2013_2014,MMM,legacy,MACD_FAIL,2014-12-16,2014-12-17,148.43,GREEN,186.14,188.398,182.3275,-0.7967916931003014,-0.8908009185035235,-0.7946186081025131,False,2014-12-12,144.96,2.3937637969094983,False,,5.55817557097622,-0.9836286465000345,5.55817557097622,-0.9836286465000345,4.810348312335777,2.991309034561751,1.4754429697500404,1.697769992589082,True,1.0,True,1.0,True,3.0,MACD_FAIL,legacy,-4.150360453141088,-1.1985265236361342,2.091017537124129,0.7480245904795346,10.649822704389871,186.14,188.398,182.3275,67.3076923076923,7.6923076923076925,52,1,1,52,1.9230769230769231,0.0,0.0,0.0,<=-4,"(-2,0]","(0,5]","(0,1]","(10,20]","(50,75]",<=25,1,<=2
BULL_2013_2014,ADP,legacy,MACD_FAIL,2014-12-17,2014-12-18,80.486,GREEN,189.79,188.5588,182.4057,-0.4290903262178838,-0.5513999883845857,-0.5470394024620513,False,2014-12-16,77.261,4.174162902369893,False,,0.6970156300474484,-4.741197226846905,0.6970156300474484,-4.741197226846905,-0.7827448251869984,-3.076311408195209,-2.007802599209796,-1.0486295753298849,False,,False,,False,,MACD_FAIL,legacy,-0.6699115507405651,0.6529528189614942,4.048283578857448,0.7341415907077931,12.806011810194518,189.79,188.55880000000002,182.4057,71.15384615384616,59.61538461538461,52,8,8,52,15.384615384615385,0.0,2.220446049250313e-14,0.0,"(-2,0]","(0,2]","(0,5]","(0,1]","(10,20]","(50,75]","(50,75]",5-9,>10
BULL_2013_2014,APD,legacy,MACD_FAIL,2014-12-17,2014-12-18,132.15,GREEN,189.79,188.5588,182.4057,-1.0875227072360143,-1.2839699359608203,-1.1311425580576646,False,2014-12-12,125.15,5.5932880543347885,False,,4.631101021566408,-3.6473704124101447,4.631101021566408,-3.6473704124101447,4.275444570563747,-1.0518350359440154,0.0908059023836616,-0.5978055240257185,True,1.0,True,1.0,False,,MACD_FAIL,legacy,-0.6699115507405651,0.6529528189614942,4.048283578857448,0.7341415907077931,12.806011810194518,189.79,188.55880000000002,182.4057,71.15384615384616,59.61538461538461,52,8,8,52,15.384615384615385,0.0,2.220446049250313e-14,0.0,"(-2,0]","(0,2]","(0,5]","(0,1]","(10,20]","(50,75]","(50,75]",5-9,>10
BULL_2013_2014,BCR,legacy,MACD_FAIL,2014-12-17,2014-12-18,168.5,GREEN,189.79,188.5588,182.4057,-0.8704531268240974,-1.0200952410405049,-0.9085295508532698,False,2014-12-16,163.29,3.190642415334688,True,10.0,3.845697329376852,-4.439169139465871,1.2225519287833777,-4.439169139465871,-1.3175074183976232,-3.317507418397625,2.005934718100888,2.9970326409495707,False,,False,,False,,MACD_FAIL,legacy,-0.6699115507405651,0.6529528189614942,4.048283578857448,0.7341415907077931,12.806011810194518,189.79,188.55880000000002,182.4057,71.15384615384616,59.61538461538461,52,8,8,52,15.384615384615385,0.0,2.220446049250313e-14,0.0,"(-2,0]","(0,2]","(0,5]","(0,1]","(10,20]","(50,75]","(50,75]",5-9,>10
BULL_2013_2014,CINF,legacy,MACD_FAIL,2014-12-17,2014-12-18,46.572,GREEN,189.79,188.5588,182.4057,-0.1523947228475021,-0.1771689155415623,-0.140537515453672,False,2014-12-16,45.5,2.3560439560439628,False,,8.741303787683584,-1.530962810272274,8.741303787683584,-1.530962810272274,2.765610237911176,-0.0601219616937376,0.9619513870995356,0.9039766383234448,True,1.0,True,3.0,True,3.0,MACD_FAIL,legacy,-0.6699115507405651,0.6529528189614942,4.048283578857448,0.7341415907077931,12.806011810194518,189.79,188.55880000000002,182.4057,71.15384615384616,59.61538461538461,52,8,8,52,15.384615384615385,0.0,2.220446049250313e-14,0.0,"(-2,0]","(0,2]","(0,5]","(0,1]","(10,20]","(50,75]","(50,75]",5-9,>10
BULL_2013_2014,CL,legacy,MACD_FAIL,2014-12-17,2014-12-18,64.931,GREEN,189.79,188.5588,182.4057,-0.2220467767175371,-0.2606867402938357,-0.1985919738358685,False,2014-12-16,62.92,3.1961220597584106,False,,2.752152284733045,-2.5503996550183983,2.752152284733045,-2.5503996550183983,2.1330335278988644,-1.2567186705887856,-1.6402026766875522,-0.632979624524499,True,3.0,False,,False,,MACD_FAIL,legacy,-0.6699115507405651,0.6529528189614942,4.048283578857448,0.7341415907077931,12.806011810194518,189.79,188.55880000000002,182.4057,71.15384615384616,59.61538461538461,52,8,8,52,15.384615384615385,0.0,2.220446049250313e-14,0.0,"(-2,0]","(0,2]","(0,5]","(0,1]","(10,20]","(50,75]","(50,75]",5-9,>10
BULL_2013_2014,KMB,legacy,MACD_FAIL,2014-12-17,2014-12-18,105.22,GREEN,189.79,188.5588,182.4057,-0.2587543071122767,-0.3423635812441665,-0.318818851947747,False,2014-12-16,102.84,2.3142746013224302,False,,3.8205664322372046,-0.7793195210036075,3.8205664322372046,-0.7793195210036075,3.364379395552186,0.37065196730659,1.1499714883102197,2.680098840524625,True,3.0,True,3.0,False,,MACD_FAIL,legacy,-0.6699115507405651,0.6529528189614942,4.048283578857448,0.7341415907077931,12.806011810194518,189.79,188.55880000000002,182.4057,71.15384615384616,59.61538461538461,52,8,8,52,15.384615384615385,0.0,2.220446049250313e-14,0.0,"(-2,0]","(0,2]","(0,5]","(0,1]","(10,20]","(50,75]","(50,75]",5-9,>10
BULL_2013_2014,MKC,legacy,MACD_FAIL,2014-12-17,2014-12-18,69.388,GREEN,189.79,188.5588,182.4057,-0.2338005263302259,-0.2960408246349939,-0.2728935383166334,False,2014-12-16,67.508,2.784855128281105,False,,4.868276935493165,-1.4584654407102104,4.868276935493165,-1.4584654407102104,4.160661785899578,-0.5692626967199077,0.7422032628120245,3.4905170922926,True,1.0,True,1.0,False,,MACD_FAIL,legacy,-0.6699115507405651,0.6529528189614942,4.048283578857448,0.7341415907077931,12.806011810194518,189.79,188.55880000000002,182.4057,71.15384615384616,59.61538461538461,52,8,8,52,15.384615384615385,0.0,2.220446049250313e-14,0.0,"(-2,0]","(0,2]","(0,5]","(0,1]","(10,20]","(50,75]","(50,75]",5-9,>10
BULL_2013_2014,VFC,legacy,MACD_FAIL,2014-12-17,2014-12-18,69.176,GREEN,189.79,188.5588,182.4057,-0.3740179433423829,-0.4441568590841058,-0.3617974585066612,False,2014-12-16,66.67,3.758812059397032,False,,3.9768127674338016,-3.6226436914536864,3.9768127674338016,-3.6226436914536864,1.475945414594659,-1.0928645773100487,1.8402336070313383,-2.811668786862509,True,6.0,True,16.0,False,,MACD_FAIL,legacy,-0.6699115507405651,0.6529528189614942,4.048283578857448,0.7341415907077931,12.806011810194518,189.79,188.55880000000002,182.4057,71.15384615384616,59.61538461538461,52,8,8,52,15.384615384615385,0.0,2.220446049250313e-14,0.0,"(-2,0]","(0,2]","(0,5]","(0,1]","(10,20]","(50,75]","(50,75]",5-9,>10
BULL_2013_2014,ABBV,legacy,MACD_PASS,2014-12-18,2014-12-19,60.877,GREEN,194.51,188.75,182.50555,-0.476301685658788,-0.6146432533869619,-0.6789623159572469,True,2014-12-15,58.277,4.461451344441203,True,2.0,1.3699755244180878,-7.9274602887790095,1.3699755244180878,-5.422409120028915,-0.8114723130246193,-4.965750611889552,-5.650738374098596,-6.675756032656011,False,,False,,False,,MACD_PASS,legacy,1.2756430282203413,3.0516556291390717,6.577580791378668,0.7543632644520626,15.67041956051249,194.51,188.75,182.50555,76.92307692307692,90.38461538461539,52,9,9,52,17.307692307692307,0.0,0.0,0.0,"(0,2]",>2,>5,"(0,1]","(10,20]",>75,>75,5-9,>10
BULL_2013_2014,ABT,legacy,MACD_PASS,2014-12-18,2014-12-19,42.85,GREEN,194.51,188.75,182.50555,-0.0820578356136175,-0.2041115878277725,-0.2429294554890922,True,2014-12-15,40.226,6.523144235071854,False,,1.2882147024503965,-4.4854142357059645,1.2882147024503965,-4.4854142357059645,-0.6744457409568305,-3.290548424737461,-2.3173862310385096,-3.5239206534422363,False,,False,,False,,MACD_PASS,legacy,1.2756430282203413,3.0516556291390717,6.577580791378668,0.7543632644520626,15.67041956051249,194.51,188.75,182.50555,76.92307692307692,90.38461538461539,52,9,9,52,17.307692307692307,0.0,0.0,0.0,"(0,2]",>2,>5,"(0,1]","(10,20]",>75,>75,5-9,>10
BULL_2013_2014,BEN,legacy,MACD_PASS,2014-12-18,2014-12-19,53.073,GREEN,194.51,188.75,182.50555,-0.3640004773629168,-0.5139298243877567,-0.5736097739301982,True,2014-12-12,49.188,7.898267870212239,True,16.0,2.357130744446323,-9.445480752925215,2.357130744446323,-9.142124997644762,1.243570176926112,-5.658244305013849,-6.289450379665739,-6.613532304561643,True,2.0,False,,False,,MACD_PASS,legacy,1.2756430282203413,3.0516556291390717,6.577580791378668,0.7543632644520626,15.67041956051249,194.51,188.75,182.50555,76.92307692307692,90.38461538461539,52,9,9,52,17.307692307692307,0.0,0.0,0.0,"(0,2]",>2,>5,"(0,1]","(10,20]",>75,>75,5-9,>10
BULL_2013_2014,CAH,legacy,MACD_PASS,2014-12-18,2014-12-19,77.772,GREEN,194.51,188.75,182.50555,-0.1860269749307291,-0.3578667454759666,-0.4424203017563621,True,2014-12-15,74.22,4.785772029102686,False,,2.5934783726791144,-4.909221827907229,2.5934783726791144,-4.909221827907229,-2.0045774828987395,-3.966723242298009,0.0475749627115051,-0.6313326132798447,True,12.0,False,,False,,MACD_PASS,legacy,1.2756430282203413,3.0516556291390717,6.577580791378668,0.7543632644520626,15.67041956051249,194.51,188.75,182.50555,76.92307692307692,90.38461538461539,52,9,9,52,17.307692307692307,0.0,0.0,0.0,"(0,2]",>2,>5,"(0,1]","(10,20]",>75,>75,5-9,>10
BULL_2013_2014,CB,legacy,MACD_PASS,2014-12-18,2014-12-19,107.48,GREEN,194.51,188.75,182.50555,-0.4085148548887256,-0.563511798301737,-0.6046432172243059,True,2014-12-16,103.6,3.7451737451737577,True,16.0,2.279493859322668,-6.438407145515446,2.279493859322668,-6.438407145515446,1.3676963155935915,-2.8563453665798377,-2.353926311871979,-3.758838853740232,True,5.0,False,,False,,MACD_PASS,legacy,1.2756430282203413,3.0516556291390717,6.577580791378668,0.7543632644520626,15.67041956051249,194.51,188.75,182.50555,76.92307692307692,90.38461538461539,52,9,9,52,17.307692307692307,0.0,0.0,0.0,"(0,2]",>2,>5,"(0,1]","(10,20]",>75,>75,5-9,>10
BULL_2013_2014,ITW,legacy,MACD_PASS,2014-12-18,2014-12-19,89.531,GREEN,194.51,188.75,182.50555,-0.4342169503002018,-0.612040628884137,-0.6458492528416504,True,2014-12-12,85.986,4.122764170911553,True,10.0,2.219343020853115,-4.812858116183238,2.219343020853115,-4.812858116183238,1.3727088941260623,-4.140465313690234,-2.0763757804559413,-1.3425517418547916,True,2.0,False,,False,,MACD_PASS,legacy,1.2756430282203413,3.0516556291390717,6.577580791378668,0.7543632644520626,15.67041956051249,194.51,188.75,182.50555,76.92307692307692,90.38461538461539,52,9,9,52,17.307692307692307,0.0,0.0,0.0,"(0,2]",>2,>5,"(0,1]","(10,20]",>75,>75,5-9,>10
BULL_2013_2014,KO,legacy,MACD_PASS,2014-12-18,2014-12-19,38.802,GREEN,194.51,188.75,182.50555,-0.2150408989849314,-0.3346556033311914,-0.4179258184839584,True,2014-12-10,36.389,6.631124790458642,False,,2.6673882789546965,-1.505077057883608,2.6673882789546965,-1.505077057883608,0.9896397092933328,0.0489665481160805,0.4484304932735439,2.164836864079178,True,4.0,False,,False,,MACD_PASS,legacy,1.2756430282203413,3.0516556291390717,6.577580791378668,0.7543632644520626,15.67041956051249,194.51,188.75,182.50555,76.92307692307692,90.38461538461539,52,9,9,52,17.307692307692307,0.0,0.0,0.0,"(0,2]",>2,>5,"(0,1]","(10,20]",>75,>75,5-9,>10
BULL_2013_2014,MDT,legacy,MACD_PASS,2014-12-18,2014-12-19,70.247,GREEN,194.51,188.75,182.50555,-0.3368589617592699,-0.489156199600081,-0.5225433752485964,True,2014-12-15,66.597,5.480727360091309,False,,1.3979244665252688,-4.683474027360612,1.3979244665252688,-4.683474027360612,-1.2996996313009768,-4.210855979614781,-2.101157344797644,-1.7353054222956077,False,,False,,False,,MACD_PASS,legacy,1.2756430282203413,3.0516556291390717,6.577580791378668,0.7543632644520626,15.67041956051249,194.51,188.75,182.50555,76.92307692307692,90.38461538461539,52,9,9,52,17.307692307692307,0.0,0.0,0.0,"(0,2]",>2,>5,"(0,1]","(10,20]",>75,>75,5-9,>10
BULL_2013_2014,MHFI,legacy,MACD_PASS,2014-12-18,2014-12-19,87.592,GREEN,194.51,188.75,182.50555,-0.6168607519771937,-0.8448126210822939,-0.9231791038789392,True,2014-12-15,83.546,4.842841069590387,True,10.0,1.7832678783450406,-6.251712485158456,0.3516302858708631,-6.251712485158456,-0.7626267239017159,-5.40346150333364,0.1723901726184973,-0.0342497031692423,False,,False,,False,,MACD_PASS,legacy,1.2756430282203413,3.0516556291390717,6.577580791378668,0.7543632644520626,15.67041956051249,194.51,188.75,182.50555,76.92307692307692,90.38461538461539,52,9,9,52,17.307692307692307,0.0,0.0,0.0,"(0,2]",>2,>5,"(0,1]","(10,20]",>75,>75,5-9,>10
BULL_2013_2014,ADM,legacy,MACD_PASS,2014-12-19,2014-12-22,48.453,GREEN,195.29,189.0302,182.6089,-0.2557836391429032,-0.4140475549093963,-0.5359709271540928,True,2014-12-12,45.483,6.5299122749159055,True,12.0,2.4621798443852816,-11.124182197180776,2.4621798443852816,-7.363837120508543,0.9369904856252332,-4.633356035745995,-9.446267516975226,-8.243039646667905,True,1.0,False,,False,,MACD_PASS,legacy,3.349915325994912,3.3115343474217296,6.94440413364299,0.7860052464330858,15.717666974169466,195.29,189.0302,182.6089,82.6923076923077,94.23076923076923,52,3,3,52,5.769230769230769,0.0,0.0,0.0,>2,>2,>5,"(0,1]","(10,20]",>75,>75,2-4,"(5,10]"
BULL_2013_2014,BF-B,legacy,MACD_PASS,2014-12-19,2014-12-22,42.514,GREEN,195.29,189.0302,182.6089,-0.2220134269254182,-0.292607194468361,-0.4073911415167132,True,2014-12-05,41.114,3.4051661234616004,False,,5.805146539963291,-1.575951451286639,5.805146539963291,-1.575951451286639,0.4610246036599763,0.4939549324928016,0.9055840429035068,5.701651220774329,True,1.0,True,3.0,True,20.0,MACD_PASS,legacy,3.349915325994912,3.3115343474217296,6.94440413364299,0.7860052464330858,15.717666974169466,195.29,189.0302,182.6089,82.6923076923077,94.23076923076923,52,3,3,52,5.769230769230769,0.0,0.0,0.0,>2,>2,>5,"(0,1]","(10,20]",>75,>75,2-4,"(5,10]"
BULL_2013_2014,PEP,legacy,MACD_PASS,2014-12-19,2014-12-22,88.565,GREEN,195.29,189.0302,182.6089,-0.3920340560306605,-0.5167513322025021,-0.6649141292983411,True,2014-12-10,85.459,3.634491393533734,False,,3.353469203409931,-2.9740868288827382,3.353469203409931,-2.9740868288827382,0.1761418167447681,-0.0508101394456117,0.9202280810703956,3.248461581889006,True,2.0,True,20.0,False,,MACD_PASS,legacy,3.349915325994912,3.3115343474217296,6.94440413364299,0.7860052464330858,15.717666974169466,195.29,189.0302,182.6089,82.6923076923077,94.23076923076923,52,3,3,52,5.769230769230769,0.0,0.0,0.0,>2,>2,>5,"(0,1]","(10,20]",>75,>75,2-4,"(5,10]"
BULL_2013_2014,HCP,legacy,MACD_PASS,2014-12-30,2014-12-31,37.979,GREEN,196.35,191.4354,183.32015,-0.1208662741056111,-0.140455438905206,-0.1546085389853637,True,2014-12-26,37.225,2.025520483546006,False,,10.490007635798726,-2.095895099923639,10.490007635798726,-2.095895099923639,3.5809263013770742,7.25664182837884,7.240843624108062,5.318728771163017,True,3.0,True,3.0,True,4.0,MACD_PASS,legacy,0.06625216593618699,2.567236780658133,7.107702017481454,1.628516126429247,15.545791858130961,196.35,191.43539999999996,183.32014999999998,80.76923076923077,46.15384615384615,52,1,1,52,1.9230769230769231,0.0,-1.1102230246251565e-14,-1.1102230246251565e-14,"(0,2]",>2,>5,>1,"(10,20]",>75,"(25,50]",1,<=2
BULL_2017,DOV,yfinance,MACD_FAIL,2017-01-03,2017-01-04,53.23141142026602,GREEN,193.9681854248047,188.38291198730468,182.14964157104487,-0.1904302739117517,-0.2454346406981949,-0.2199235990241022,False,2016-12-30,51.7861454171787,2.790835254187285,False,,7.45331284224775,-1.3053212394127711,7.45331284224775,-1.3053212394127711,3.328522729426276,2.140687739340552,4.855744264002437,1.5532987001778853,True,2.0,True,2.0,True,7.0,MACD_FAIL,yfinance,-0.20823616993032035,2.964816516566482,6.488338062483168,1.1690721788809366,8.331547317784716,193.96812438964844,188.3829165649414,182.14963996887207,70.58823529411765,41.1764705882353,51,1,1,51,1.9607843137254901,-3.1466581040806574e-05,2.4299638967661963e-06,-8.795915218406947e-07,"(-2,0]",>2,>5,>1,<=10,"(50,75]","(25,50]",1,<=2
BULL_2017,CINF,yfinance,MACD_PASS,2017-01-04,2017-01-05,59.1020944255619,GREEN,195.1221160888672,188.6215203857422,182.2580588531494,-0.1910342827362122,-0.2154657954017915,-0.220843801022979,True,2016-12-30,58.34030723047129,1.3057647983943488,True,2.0,0.7497036748334684,-8.91749517213043,0.7497036748334684,-2.025517354957085,-8.04943237306558,-7.575929684500138,-7.115600466680228,-6.050227485432725,False,,False,,False,,MACD_PASS,yfinance,0.13698482101995868,3.4463519241782814,7.058139713734701,1.1872408505907206,8.327358911358317,195.12208557128906,188.62152404785155,182.25805725097655,84.31372549019608,50.98039215686274,51,3,3,51,5.882352941176471,-1.564024557643151e-05,1.941511951208952e-06,-8.790683181381098e-07,"(0,2]",>2,>5,>1,<=10,>75,"(50,75]",2-4,"(5,10]"
BULL_2017,GWW,yfinance,MACD_PASS,2017-01-04,2017-01-05,204.8678971654248,GREEN,195.1221160888672,188.6215203857422,182.2580588531494,-0.8782006712901009,-1.043096572975946,-1.0947992041558612,True,2016-12-30,200.79048337433207,2.03068079849742,True,2.0,11.247091392978149,-3.0065768596206133,0.5377955982576177,-3.0065768596206133,0.0169630092548889,4.370101054033926,8.570820948533942,6.542424652964729,False,,False,,False,,MACD_PASS,yfinance,0.13698482101995868,3.4463519241782814,7.058139713734701,1.1872408505907206,8.327358911358317,195.12208557128906,188.62152404785155,182.25805725097655,84.31372549019608,50.98039215686274,51,3,3,51,5.882352941176471,-1.564024557643151e-05,1.941511951208952e-06,-8.790683181381098e-07,"(0,2]",>2,>5,>1,<=10,>75,"(50,75]",2-4,"(5,10]"
BULL_2017,TROW,yfinance,MACD_PASS,2017-01-04,2017-01-05,53.78098536920747,GREEN,195.1221160888672,188.6215203857422,182.2580588531494,-0.2448976631422434,-0.3073750722518344,-0.3149979618821334,True,2016-12-30,52.42368293106839,2.5891016469098416,True,2.0,0.0,-15.012378600489606,0.0,-5.567851514313071,-4.345019664778227,-4.123873416655089,-9.730737283207969,-11.91624639597818,False,,False,,False,,MACD_PASS,yfinance,0.13698482101995868,3.4463519241782814,7.058139713734701,1.1872408505907206,8.327358911358317,195.12208557128906,188.62152404785155,182.25805725097655,84.31372549019608,50.98039215686274,51,3,3,51,5.882352941176471,-1.564024557643151e-05,1.941511951208952e-06,-8.790683181381098e-07,"(0,2]",>2,>5,>1,<=10,>75,"(50,75]",2-4,"(5,10]"
BULL_2017,ITW,yfinance,MACD_FAIL,2017-01-05,2017-01-06,97.33574148539245,GREEN,194.9670867919922,188.8414459228516,182.3661671447754,-0.4005516933715051,-0.3797323416859078,-0.4325274803121768,False,2016-12-29,96.36964649456984,1.002488881057606,False,,6.7672901987622325,-1.51754559685785,6.7672901987622325,-1.51754559685785,1.2139897294783708,1.7553994525821182,5.643480474951201,4.41309860280088,True,9.0,True,11.0,True,12.0,MACD_FAIL,yfinance,0.8912636829434106,3.243806160582241,6.909689982139944,1.1976334784093101,8.343598605621743,194.96710205078125,188.84145141601562,182.36616539001466,76.47058823529412,58.8235294117647,51,4,4,51,7.8431372549019605,7.826340997496573e-06,2.9088762731888096e-06,-9.622183605451085e-07,"(0,2]",>2,>5,>1,<=10,>75,"(50,75]",2-4,"(5,10]"
BULL_2017,TGT,yfinance,MACD_PASS,2017-01-05,2017-01-06,53.76707810752933,GREEN,194.9670867919922,188.8414459228516,182.3661671447754,-0.39603838430416,-0.42900362634326,-0.5414108900776324,True,2016-12-23,52.923006393186185,1.594905074122588,True,5.0,0.3473186834408892,-12.559026834092869,0.3473186834408892,-2.7090855336919573,-2.486796473633013,-11.294805933809894,-10.919700848072766,-11.89220707678771,False,,False,,False,,MACD_PASS,yfinance,0.8912636829434106,3.243806160582241,6.909689982139944,1.1976334784093101,8.343598605621743,194.96710205078125,188.84145141601562,182.36616539001466,76.47058823529412,58.8235294117647,51,4,4,51,7.8431372549019605,7.826340997496573e-06,2.9088762731888096e-06,-9.622183605451085e-07,"(0,2]",>2,>5,>1,<=10,>75,"(50,75]",2-4,"(5,10]"
BULL_2017,WBA,legacy_fallback,MACD_PASS,2017-01-05,2017-01-06,81.464,GREEN,194.9670867919922,188.8414459228516,182.3661671447754,-0.4084486823547274,-0.4484345851119073,-0.4732409995257551,True,2016-12-27,78.748,3.4489764819424007,False,,2.622017087302364,-3.515663360502808,2.622017087302364,-3.515663360502808,0.8911912010213019,-1.841304134341548,-1.9260041245212636,-2.7447706962584806,True,3.0,False,,False,,MACD_PASS,yfinance,0.8912636829434106,3.243806160582241,6.909689982139944,1.1976334784093101,8.343598605621743,194.96710205078125,188.84145141601562,182.36616539001466,76.47058823529412,58.8235294117647,51,4,4,51,7.8431372549019605,7.826340997496573e-06,2.9088762731888096e-06,-9.622183605451085e-07,"(0,2]",>2,>5,>1,<=10,>75,"(50,75]",2-4,"(5,10]"
BULL_2017,WMT,yfinance,MACD_PASS,2017-01-05,2017-01-06,19.480428594197164,GREEN,194.9670867919922,188.8414459228516,182.3661671447754,-0.0624399816800958,-0.0739233439489356,-0.081507820452446,True,2016-12-27,19.377913747278367,0.5290293282123715,True,4.0,1.2863482427026396,-4.575359144038005,1.257128388879725,-0.7163022991215628,-1.8710496970872457,-2.572738812694586,-2.908916299709041,-2.9381819035735,False,,False,,False,,MACD_PASS,yfinance,0.8912636829434106,3.243806160582241,6.909689982139944,1.1976334784093101,8.343598605621743,194.96710205078125,188.84145141601562,182.36616539001466,76.47058823529412,58.8235294117647,51,4,4,51,7.8431372549019605,7.826340997496573e-06,2.9088762731888096e-06,-9.622183605451085e-07,"(0,2]",>2,>5,>1,<=10,>75,"(50,75]",2-4,"(5,10]"
BULL_2017,APD,yfinance,MACD_FAIL,2017-01-06,2017-01-09,114.35349636413758,GREEN,195.6646728515625,189.08765228271488,182.4834832763672,-0.5026783117400988,-0.5758927216432824,-0.5664579310280047,False,2016-12-28,113.19646176796276,1.0221473163592345,True,13.0,3.575887812188028,-5.024272292206556,3.575887812188028,-5.024272292206556,0.7207140517091926,1.9611883186994692,-3.146246592525048,-3.811541479044822,True,0.0,True,11.0,False,,MACD_FAIL,yfinance,1.2747925470798949,3.4782729614704078,7.223207792773123,1.202625962616577,7.188433970800754,195.66464233398438,189.08765747070314,182.4834812927246,78.43137254901961,54.90196078431372,51,1,1,51,1.9607843137254901,-1.5596876878909427e-05,2.7436948935033456e-06,-1.087025824908494e-06,"(0,2]",>2,>5,>1,<=10,>75,"(50,75]",1,<=2
BULL_2017,T,yfinance,MACD_FAIL,2017-01-12,2017-01-13,15.875738006517524,GREEN,195.0790252685547,190.11316375732423,182.9231420898437,-0.1095311142645938,-0.1137672908041301,-0.0996604321702594,False,2017-01-11,15.62743538645884,1.5888891165970698,False,,3.763468245267698,-1.0507974976647794,3.763468245267698,-1.0507974976647794,2.639312261167781,2.1994470522819887,0.3421603000078432,-0.6597909407178637,True,4.0,True,9.0,False,,MACD_FAIL,yfinance,0.05742968580999541,2.6120768630382596,6.645376311070983,1.2425493470512583,6.736751409293189,195.07907104492188,190.1131689453125,182.92314002990722,62.745098039215684,37.254901960784316,51,1,1,51,1.9607843137254901,2.3465550502699273e-05,2.7288948212245145e-06,-1.1261213184177166e-06,"(0,2]",>2,>5,>1,<=10,"(50,75]","(25,50]",1,<=2
BULL_2017,CVX,yfinance,MACD_PASS,2017-01-13,2017-01-17,77.78242989660083,GREEN,195.52687072753903,190.41072052001957,183.02998168945317,-0.3834864384861105,-0.4262236598391772,-0.4581442866117899,True,2017-01-10,76.7533356707505,1.3407811098462783,True,8.0,1.2199118482906002,-5.223354745322895,1.2199118482906002,-3.0498226098555348,-0.0257834818194857,-4.338502907435915,-4.304143259532789,-2.4080850985524926,False,,False,,False,,MACD_PASS,yfinance,-0.07041991010270365,2.6868917468248155,6.827775487402965,1.2905253201213496,6.01346273242185,195.52685546875,190.41072540283204,183.02997940063477,66.66666666666667,39.21568627450981,51,1,1,51,1.9607843137254901,-7.8039345541292e-06,2.5643579704137665e-06,-1.2505155577713367e-06,"(-2,0]",>2,>5,>1,<=10,"(50,75]","(25,50]",1,<=2
BULL_2017,ADM,yfinance,MACD_FAIL,2017-01-17,2017-01-18,33.77240371238408,GREEN,194.837890625,190.71624298095705,183.12744468688965,-0.1780680839415644,-0.2398060666622248,-0.2320319197676201,False,2017-01-12,32.70803943510563,3.254136584340994,False,,1.6092567722503448,-6.705466125153626,1.6092567722503448,-6.705466125153626,1.0280990146010804,-2.1681683832977416,-2.861045211553115,-0.603542217702624,False,,False,,False,,MACD_FAIL,yfinance,-0.09274103632416208,2.161146600992603,6.394707147499901,1.3554929722599418,6.025522760019595,194.83790588378906,190.7162481689453,183.1274422454834,64.70588235294117,60.78431372549019,51,1,1,51,1.9607843137254901,7.83153062400288e-06,2.720265546152234e-06,-1.3331733272892166e-06,"(-2,0]",>2,>5,>1,<=10,"(50,75]","(50,75]",1,<=2
BULL_2017,CTAS,yfinance,MACD_PASS,2017-01-24,2017-01-25,26.293584023093768,GREEN,196.00050354003903,192.06649169921877,183.6623028564453,-0.0421209982126161,-0.079502784886302,-0.0926913751686739,True,2017-01-19,25.659815716126616,2.469886432461177,False,,3.248408287092719,-1.6932634003180125,3.248408287092719,-1.6932634003180125,-0.7775073486237405,-1.2094640150802085,2.298084760369368,2.315378405604762,True,15.0,True,16.0,False,,MACD_PASS,yfinance,0.5967234288130063,2.0482770551298435,6.7178994432866235,1.4462645401670748,6.46482132050141,196.00054931640625,192.06649536132812,183.6623006439209,68.62745098039215,60.78431372549019,51,1,1,51,1.9607843137254901,2.335522939489465e-05,1.9066883183427308e-06,-1.2046698638634723e-06,"(0,2]",>2,>5,>1,<=10,"(50,75]","(50,75]",1,<=2
BULL_2017,XOM,yfinance,MACD_PASS,2017-01-27,2017-01-30,55.94661334998736,GREEN,197.1802978515625,192.78553436279296,184.00590972900392,-0.1139302619704144,-0.1564860270095411,-0.2103016455849453,True,2017-01-04,55.40300629850854,0.9811869207058788,True,1.0,0.0351191523529914,-4.590857417594041,0.0351191523529914,-2.680858441159717,-2.470157543726259,-1.9445497619318464,-3.2559100171482447,-3.929280638359256,False,,False,,False,,MACD_PASS,yfinance,0.9835229795158051,2.279595718003047,7.15974860134303,1.4056719839747878,6.310780971383488,197.18026733398438,192.78553649902344,184.00590698242186,62.745098039215684,52.94117647058823,51,1,1,51,1.9607843137254901,-1.5476991599427947e-05,1.1080864892321074e-06,-1.492659695845333e-06,"(0,2]",>2,>5,>1,<=10,"(50,75]","(50,75]",1,<=2
BULL_2017,CINF,yfinance,MACD_FAIL,2017-02-02,2017-02-03,55.5651532572179,GREEN,196.1468963623047,193.5080346679688,184.3885962677002,0.0574808231654558,0.0081497596737758,-0.0099269667626882,False,2017-01-30,54.01045519080999,2.8785131710433287,False,,5.414093375319906,-4.532747752158084,5.414093375319906,-4.532747752158084,-0.5875814577168015,1.6648172017384557,2.210420728444551,2.37828342183084,True,9.0,True,15.0,True,17.0,MACD_FAIL,yfinance,-0.6802354743870032,1.3636947503636199,6.376914525441135,1.1188855443851065,5.779041181262878,196.1468963623047,193.50803741455078,184.38859336853028,49.01960784313726,21.568627450980394,51,1,1,51,1.9607843137254901,0.0,1.4193632935644018e-06,-1.5723151891577913e-06,"(-2,0]","(0,2]",>5,>1,<=10,"(25,50]",<=25,1,<=2
BULL_2017,ADP,yfinance,MACD_FAIL,2017-02-03,2017-02-06,78.62042542221356,GREEN,197.49896240234372,193.68853546142577,184.48589073181157,-0.8020889836563792,-0.8035091169687807,-0.6983684977656854,False,2017-01-30,76.53047693821081,2.730870847296729,False,,8.605684625707122,-0.7964684713753001,8.605684625707122,-0.7964684713753001,1.9652193005397225,2.627183599453553,6.143964158787507,7.850612246241506,True,6.0,True,6.0,True,12.0,MACD_FAIL,yfinance,0.1615952942509269,1.9672637519754455,7.053663613949768,1.0782145965182677,6.216904829030078,197.4989013671875,193.6885369873047,184.48588745117186,60.78431372549019,47.05882352941177,51,4,4,51,7.8431372549019605,-3.090403892791471e-05,7.878003360772823e-07,-1.7782604944116542e-06,"(0,2]","(0,2]",>5,>1,<=10,"(50,75]","(25,50]",2-4,"(5,10]"
BULL_2017,BEN,yfinance,MACD_FAIL,2017-02-03,2017-02-06,24.635934605375358,GREEN,197.49896240234372,193.68853546142577,184.48589073181157,-0.0744309795932176,-0.0902572283478566,-0.084393152245005,False,2017-02-02,24.21170799371182,1.752154832586417,False,,10.057381695823398,-1.3726037160291191,10.057381695823398,-1.3726037160291191,3.593701163788987,7.38707895864672,7.412031876983383,5.764914744693117,True,4.0,True,5.0,True,6.0,MACD_FAIL,yfinance,0.1615952942509269,1.9672637519754455,7.053663613949768,1.0782145965182677,6.216904829030078,197.4989013671875,193.6885369873047,184.48588745117186,60.78431372549019,47.05882352941177,51,4,4,51,7.8431372549019605,-3.090403892791471e-05,7.878003360772823e-07,-1.7782604944116542e-06,"(0,2]","(0,2]",>5,>1,<=10,"(50,75]","(25,50]",2-4,"(5,10]"
BULL_2017,DOV,yfinance,MACD_FAIL,2017-02-03,2017-02-06,54.53768381466215,GREEN,197.49896240234372,193.68853546142577,184.48589073181157,-0.204487125780615,-0.2294912245268231,-0.1873221351096188,False,2017-02-02,53.7247329819248,1.5131779864049788,False,,5.7650082276032855,-2.255073195835411,5.7650082276032855,-2.255073195835411,1.414228724835942,3.0449796425303437,2.613573196940333,1.703994355807903,True,5.0,True,10.0,True,16.0,MACD_FAIL,yfinance,0.1615952942509269,1.9672637519754455,7.053663613949768,1.0782145965182677,6.216904829030078,197.4989013671875,193.6885369873047,184.48588745117186,60.78431372549019,47.05882352941177,51,4,4,51,7.8431372549019605,-3.090403892791471e-05,7.878003360772823e-07,-1.7782604944116542e-06,"(0,2]","(0,2]",>5,>1,<=10,"(50,75]","(25,50]",2-4,"(5,10]"
BULL_2017,GPC,yfinance,MACD_PASS,2017-02-03,2017-02-06,73.21368813483414,GREEN,197.49896240234372,193.68853546142577,184.48589073181157,-0.1153585363045192,-0.1509262257476408,-0.1565438307722946,True,2017-02-02,72.53419525422156,0.9367897144664904,True,11.0,4.052810364107651,-3.640289932326868,4.052810364107651,-1.1343621122056446,3.0112703526589124,0.7218795247434961,-1.2993548771343844,-3.5577961622319743,True,2.0,True,3.0,False,,MACD_PASS,yfinance,0.1615952942509269,1.9672637519754455,7.053663613949768,1.0782145965182677,6.216904829030078,197.4989013671875,193.6885369873047,184.48588745117186,60.78431372549019,47.05882352941177,51,4,4,51,7.8431372549019605,-3.090403892791471e-05,7.878003360772823e-07,-1.7782604944116542e-06,"(0,2]","(0,2]",>5,>1,<=10,"(50,75]","(25,50]",2-4,"(5,10]"
BULL_2017,NUE,yfinance,MACD_FAIL,2017-02-06,2017-02-07,47.71161682241077,GREEN,197.1457977294922,193.85460968017577,184.58620697021485,-0.2940874172154588,-0.3349009219205954,-0.3264711985696601,False,2017-02-02,46.23467019583875,3.1944569309481974,False,,11.852279518376353,-2.171997267900838,11.852279518376353,-2.171997267900838,7.901495983562268,8.158049867105955,9.474983294559514,4.275721520006637,True,2.0,True,2.0,True,3.0,MACD_FAIL,yfinance,0.6064426776919207,1.697783699325739,6.804213289176619,1.0441412705099795,6.1732988137161,197.14584350585938,193.85461151123047,184.58620445251464,52.94117647058823,45.09803921568628,51,1,1,51,1.9607843137254901,2.3219550060460392e-05,9.445505044780589e-07,-1.3639698481782148e-06,"(0,2]","(0,2]",>5,>1,<=10,"(50,75]","(25,50]",1,<=2
BULL_2017,MMM,yfinance,MACD_PASS,2017-02-07,2017-02-08,107.37848829885826,GREEN,197.15444946289065,194.0188021850586,184.6865664672852,-0.1696190561973491,-0.2309339721547601,-0.2670066676146038,True,2017-02-01,106.11280103029117,1.192775288445902,False,,9.202175253511236,-0.0740184912177976,9.202175253511236,-0.0740184912177976,4.135809489694098,7.282208131895396,8.829651311692576,8.835363846205135,True,2.0,True,3.0,True,6.0,MACD_PASS,yfinance,0.6196958556165422,1.616154796050262,6.750834861272392,1.0164760240017223,6.0208310738501885,197.15444946289062,194.0188052368164,184.68656448364257,54.90196078431372,54.90196078431372,51,3,3,51,5.882352941176471,-1.1102230246251565e-14,1.5729185953716751e-06,-1.0740589639901543e-06,"(0,2]","(0,2]",>5,>1,<=10,"(50,75]","(50,75]",2-4,"(5,10]"
BULL_2017,SYY,yfinance,MACD_FAIL,2017-02-07,2017-02-08,40.72318257905822,GREEN,197.15444946289065,194.0188021850586,184.6865664672852,-0.1424007151806501,-0.1877752828903632,-0.1568994001180367,False,2017-01-23,39.04106523208719,4.308584658157644,False,,2.5744225497368323,-0.730069305831349,2.5744225497368323,-0.730069305831349,1.344847594942289,1.61384142042984,1.402494481766725,0.7108629832624835,True,11.0,False,,False,,MACD_FAIL,yfinance,0.6196958556165422,1.616154796050262,6.750834861272392,1.0164760240017223,6.0208310738501885,197.15444946289062,194.0188052368164,184.68656448364257,54.90196078431372,54.90196078431372,51,3,3,51,5.882352941176471,-1.1102230246251565e-14,1.5729185953716751e-06,-1.0740589639901543e-06,"(0,2]","(0,2]",>5,>1,<=10,"(50,75]","(50,75]",2-4,"(5,10]"
BULL_2017,TROW,yfinance,MACD_PASS,2017-02-07,2017-02-08,47.22538258472416,GREEN,197.15444946289065,194.0188021850586,184.6865664672852,-0.3094010306227952,-0.3941425639730602,-0.4661212394804234,True,2017-01-30,45.70718023050812,3.3215839318013307,False,,7.644461186811968,-0.2666671187789404,7.644461186811968,-0.2666671187789404,6.000018305331234,6.607416583945613,6.237040550020123,4.770383120031241,True,2.0,True,3.0,True,5.0,MACD_PASS,yfinance,0.6196958556165422,1.616154796050262,6.750834861272392,1.0164760240017223,6.0208310738501885,197.15444946289062,194.0188052368164,184.68656448364257,54.90196078431372,54.90196078431372,51,3,3,51,5.882352941176471,-1.1102230246251565e-14,1.5729185953716751e-06,-1.0740589639901543e-06,"(0,2]","(0,2]",>5,>1,<=10,"(50,75]","(50,75]",2-4,"(5,10]"
BULL_2017,TGT,yfinance,MACD_FAIL,2017-02-08,2017-02-09,48.38140147732524,GREEN,197.4127349853516,194.1741201782227,184.78974296569825,0.1674039420669764,0.0664839113063198,0.0178029627154023,False,2017-01-09,47.01445634009705,2.907499615309539,True,12.0,4.520582071937618,-15.221160970564684,4.520582071937618,-10.718115280940031,1.5912447852645784,3.6324192820137657,-10.640198501128816,-13.740934000646266,True,0.0,True,1.0,False,,MACD_FAIL,yfinance,0.7117349905582993,1.6679211345592693,6.831036619433717,0.9712962291561045,6.023064579808998,197.4127960205078,194.17412475585937,184.78974113464355,60.78431372549019,64.70588235294117,51,2,2,51,3.9215686274509802,3.0917537419128394e-05,2.3574906249379524e-06,-9.908854625706454e-07,"(0,2]","(0,2]",>5,"(0,1]",<=10,"(50,75]","(50,75]",2-4,"(2,5]"
BULL_2017,WBA,legacy_fallback,MACD_FAIL,2017-02-08,2017-02-09,80.14,GREEN,197.4127349853516,194.1741201782227,184.78974296569825,0.0036573969264503,-0.0564935829529964,-0.1276301238152627,False,2017-02-02,78.65,1.894469167196444,False,,8.15947092587972,-0.405540304467189,8.15947092587972,-0.405540304467189,5.270776141751932,7.679061642126284,5.565260793611171,5.245819815323172,True,1.0,True,3.0,True,5.0,MACD_FAIL,yfinance,0.7117349905582993,1.6679211345592693,6.831036619433717,0.9712962291561045,6.023064579808998,197.4127960205078,194.17412475585937,184.78974113464355,60.78431372549019,64.70588235294117,51,2,2,51,3.9215686274509802,3.0917537419128394e-05,2.3574906249379524e-06,-9.908854625706454e-07,"(0,2]","(0,2]",>5,"(0,1]",<=10,"(50,75]","(50,75]",2-4,"(2,5]"
BULL_2017,APD,yfinance,MACD_PASS,2017-02-13,2017-02-14,111.26285218207934,GREEN,200.4526824951172,194.81116729736328,185.13056838989257,-0.2033575708047068,-0.3478107070094511,-0.5054693751653851,True,2017-02-02,108.932984840152,2.138807951830368,True,19.0,2.606812648323542,-3.2193457816351634,2.606812648323542,-3.2193457816351634,-0.0427303795296651,2.343283422213349,-0.5982849994272343,-1.7165256134024198,True,10.0,False,,False,,MACD_PASS,yfinance,1.6773644268835985,2.8958949153933267,8.276391844558194,0.9555740308406113,6.416668556158399,200.45269775390625,194.81117095947266,185.13056663513183,72.54901960784314,92.15686274509804,51,1,1,51,1.9607843137254901,7.612165053849651e-06,1.8798251844032166e-06,-9.478503537607708e-07,"(0,2]",>2,>5,"(0,1]",<=10,"(50,75]",>75,1,<=2
BULL_2017,T,yfinance,MACD_PASS,2017-02-16,2017-02-17,15.97273651925553,GREEN,202.13194274902344,195.6199487304688,185.53010803222656,-0.0320690037723949,-0.0429506788240541,-0.0520824590925169,True,2017-02-14,15.677873033230174,1.88076204852774,False,,3.716266963191917,-0.9229997113383236,3.716266963191917,-0.9229997113383236,1.578814867260503,1.918818833121949,2.9147332347238653,3.036164075479864,True,4.0,True,14.0,False,,MACD_PASS,yfinance,1.7866134271740108,3.328876422082927,8.948299836381391,1.09138265014197,6.1031355365522355,202.13189697265625,195.61995056152344,185.53010673522948,74.50980392156863,82.3529411764706,51,1,1,51,1.9607843137254901,-2.264677545493754e-05,9.360265451618943e-07,-6.990763412595413e-07,"(0,2]",>2,>5,>1,<=10,"(50,75]",>75,1,<=2
BULL_2017,ADM,yfinance,MACD_FAIL,2017-03-13,2017-03-14,33.98675153901205,GREEN,204.7929534912109,198.99801818847652,187.9022886657715,-0.065194022047182,-0.064212138254901,-0.0861248973576764,False,2017-03-09,33.53055932382248,1.3605267087371642,False,,3.78074919367406,-1.5436178263832256,3.78074919367406,-1.5436178263832256,0.5593516503000995,2.281909890923539,1.5883745179638753,-0.3579580345336342,True,6.0,True,11.0,False,,MACD_FAIL,yfinance,0.042010574201656325,2.912018452013232,8.989028100324203,1.0674624224772389,6.87533155909597,204.79287719726562,198.99801818847655,187.90228775024414,78.43137254901961,62.745098039215684,51,3,3,51,5.882352941176471,-3.725418477040776e-05,2.220446049250313e-14,-4.872358738694516e-07,"(0,2]",>2,>5,>1,<=10,>75,"(50,75]",2-4,"(5,10]"
BULL_2017,DOV,yfinance,MACD_FAIL,2017-03-13,2017-03-14,53.524725478125816,GREEN,204.7929534912109,198.99801818847652,187.9022886657715,-0.3414297601913104,-0.369235780156293,-0.3285684318112055,False,2017-03-09,52.756189972812926,1.456768401412134,False,,7.30976559474461,-0.835401870285768,7.30976559474461,-0.835401870285768,2.1929249049237987,3.5504438270229643,6.017491224060678,5.87390392842484,True,1.0,True,1.0,True,5.0,MACD_FAIL,yfinance,0.042010574201656325,2.912018452013232,8.989028100324203,1.0674624224772389,6.87533155909597,204.79287719726562,198.99801818847655,187.90228775024414,78.43137254901961,62.745098039215684,51,3,3,51,5.882352941176471,-3.725418477040776e-05,2.220446049250313e-14,-4.872358738694516e-07,"(0,2]",>2,>5,>1,<=10,>75,"(50,75]",2-4,"(5,10]"
BULL_2017,EMR,yfinance,MACD_PASS,2017-03-13,2017-03-14,47.44727838485117,GREEN,204.7929534912109,198.99801818847652,187.9022886657715,-0.2349512973445945,-0.288250513270598,-0.3035128893477194,True,2017-02-28,46.89751173734651,1.1722725303288328,True,8.0,2.267019056601871,-3.5263962225202894,2.065503721439055,-1.9647160447764045,-0.9907553727094842,-0.1846945585255888,0.2686734451432526,0.3022961617834774,True,3.0,False,,False,,MACD_PASS,yfinance,0.042010574201656325,2.912018452013232,8.989028100324203,1.0674624224772389,6.87533155909597,204.79287719726562,198.99801818847655,187.90228775024414,78.43137254901961,62.745098039215684,51,3,3,51,5.882352941176471,-3.725418477040776e-05,2.220446049250313e-14,-4.872358738694516e-07,"(0,2]",>2,>5,>1,<=10,>75,"(50,75]",2-4,"(5,10]"
BULL_2017,GWW,yfinance,MACD_FAIL,2017-03-15,2017-03-16,215.8361091666954,GREEN,205.7746734619141,199.47975311279296,188.1734348297119,-0.8149169851494288,-1.0204514014795436,-1.00954274167165,False,2017-03-10,211.76520762618367,1.922365617159261,True,2.0,0.153469149699692,-10.64215372605487,0.153469149699692,-2.6655829314987,-2.815031870201512,-5.549270372650417,-7.184996236213026,-10.541184408231208,False,,False,,False,,MACD_FAIL,yfinance,1.0102940909907376,3.1556619487107307,9.353724339731917,1.0803584204484462,7.3862319792178415,205.774658203125,199.47975158691406,188.17343391418456,84.31372549019608,84.31372549019608,51,2,2,51,3.9215686274509802,-7.415290148582443e-06,-7.649292088629522e-07,-4.865337910331391e-07,"(0,2]",>2,>5,>1,<=10,>75,>75,2-4,"(2,5]"
BULL_2017,NUE,yfinance,MACD_PASS,2017-03-15,2017-03-16,53.586832391493935,GREEN,205.7746734619141,199.47975311279296,188.1734348297119,-0.0941617189549618,-0.2553777154720507,-0.268267799718732,True,2017-03-09,48.96827141294558,9.431741912228,True,6.0,0.5025153650921599,-12.807225696283686,0.5025153650921599,-9.5020440210262,-6.715371660524605,-7.90359303072985,-7.8882664237139855,-12.715286268428672,False,,False,,False,,MACD_PASS,yfinance,1.0102940909907376,3.1556619487107307,9.353724339731917,1.0803584204484462,7.3862319792178415,205.774658203125,199.47975158691406,188.17343391418456,84.31372549019608,84.31372549019608,51,2,2,51,3.9215686274509802,-7.415290148582443e-06,-7.649292088629522e-07,-4.865337910331391e-07,"(0,2]",>2,>5,>1,<=10,>75,>75,2-4,"(2,5]"
BULL_2017,PPG,yfinance,MACD_PASS,2017-03-16,2017-03-17,87.09267286529091,GREEN,205.36993408203125,199.7077880859375,188.31118576049803,-0.0583912928577956,-0.087363835070343,-0.1723394105010349,True,2017-03-13,84.63982636814251,2.8979814850750074,False,,2.184120422781599,-2.09792481326867,2.184120422781599,-2.09792481326867,-0.574765278680156,0.6609940141877102,1.590176517498154,0.9579347072650624,True,13.0,False,,False,,MACD_PASS,yfinance,0.6839698754325108,2.8352230572231463,9.058816311672025,1.0792000243688982,7.297095682586309,205.3699493408203,199.7077880859375,188.3111849975586,82.3529411764706,84.31372549019608,51,1,1,51,1.9607843137254901,7.429904047562275e-06,0.0,-4.051482260791772e-07,"(0,2]",>2,>5,>1,<=10,>75,>75,1,<=2
BULL_2017,APD,yfinance,MACD_PASS,2017-03-17,2017-03-20,110.54170888937306,GREEN,205.00924682617188,199.9055307006836,188.4453114318848,-0.0181554284755994,-0.1385943405614422,-0.1825537969030963,True,2017-03-07,107.6809162438286,2.656731336745488,True,4.0,0.1505422946509238,-4.201002998119718,0.1505422946509238,-3.4554631692212845,-2.559312869132979,-2.5780858312424826,-1.993349472477268,-2.3470679681067086,False,,False,,False,,MACD_PASS,yfinance,0.15616640365596623,2.553063680462042,8.789784339778883,1.0657213778083152,7.330513749282232,205.00924682617188,199.90553131103516,188.44531044006348,80.3921568627451,66.66666666666667,51,1,1,51,1.9607843137254901,0.0,3.053199915115101e-07,-5.263178448622341e-07,"(0,2]",>2,>5,>1,<=10,>75,"(50,75]",1,<=2
BULL_2017,MHFI,yfinance,MACD_FAIL,2017-03-23,2017-03-24,112.73810361656784,GREEN,202.4145965576172,200.5318408203125,188.9282482147217,-0.6303642439650199,-0.6583978742270817,-0.6137159746010232,False,2017-03-21,110.8225872718405,1.7284530093388817,False,,3.9311129818289543,-1.4519559229369317,3.9311129818289543,-1.4519559229369317,0.9731281328798858,0.4402390530599653,0.9885915529168176,3.4136618563723964,True,18.0,True,20.0,False,,MACD_FAIL,yfinance,-1.4390608601970833,0.9388582108432075,7.138320241344376,0.9877976311508885,8.535311875848693,202.41455078125,200.53184112548828,188.92824745178223,70.58823529411765,29.41176470588235,51,1,1,51,1.9607843137254901,-2.2615151262783684e-05,1.5218319937559954e-07,-4.0382498456281724e-07,"(-2,0]","(0,2]",>5,"(0,1]",<=10,"(50,75]","(25,50]",1,<=2
BULL_2017,BEN,yfinance,MACD_FAIL,2017-03-24,2017-03-27,24.912601532690022,GREEN,202.2674560546875,200.66579193115237,189.03976692199703,-0.1551216585156921,-0.1507265097995062,-0.1458886955949057,False,2017-03-21,24.961778763405796,-0.197010121681973,False,,5.438871310874105,-0.3455068807177497,5.438871310874105,-0.3455068807177497,3.5294741985607336,4.248617307099556,3.2567464671397817,4.248617307099556,True,1.0,True,1.0,True,3.0,MACD_FAIL,yfinance,-1.3373911446150855,0.7981822669857142,6.997313410973938,0.955257024317202,8.516210055238409,202.26747131347656,200.66579254150392,189.03976638793947,72.54901960784314,25.49019607843137,51,1,1,51,1.9607843137254901,7.543867597270548e-06,3.041632279376927e-07,-2.8251069261742145e-07,"(-2,0]","(0,2]",>5,"(0,1]",<=10,"(50,75]","(25,50]",1,<=2
BULL_2017,ABT,yfinance,MACD_PASS,2017-03-28,2017-03-29,37.4804916381836,GREEN,203.5302276611328,200.9654769897461,189.2790547180176,-0.1649239882705391,-0.1743040818878402,-0.1805597068538778,True,2017-03-23,37.13649083679031,0.9263147746110922,True,4.0,0.3805730705419341,-4.703843026938348,0.3805730705419341,-1.4774776189173444,-1.94760742842498,-2.0686115396539084,-0.9424458483956566,-1.685701566346265,False,,False,,False,,MACD_PASS,yfinance,0.6802463324727448,1.276221995699367,7.529194729615818,0.8791078334104752,8.874518646609424,203.53024291992188,200.96547729492187,189.27905433654786,72.54901960784314,60.78431372549019,51,4,4,51,7.8431372549019605,7.497062837202861e-06,1.5185481760937591e-07,-2.0153827495761334e-07,"(0,2]","(0,2]",>5,"(0,1]",<=10,"(50,75]","(50,75]",2-4,"(5,10]"
BULL_2017,CAH,yfinance,MACD_PASS,2017-03-28,2017-03-29,62.99894820929577,GREEN,203.5302276611328,200.9654769897461,189.2790547180176,-0.2188880161045929,-0.2527966501458625,-0.300873303314209,True,2017-03-23,61.91885294871575,1.744372205141809,True,13.0,1.2349494739677611,-12.837697332317866,1.2349494739677611,-12.030764985922138,-1.5404566612505444,-0.0977322342013087,-10.367952776479283,-10.575784586326431,False,,False,,False,,MACD_PASS,yfinance,0.6802463324727448,1.276221995699367,7.529194729615818,0.8791078334104752,8.874518646609424,203.53024291992188,200.96547729492187,189.27905433654786,72.54901960784314,60.78431372549019,51,4,4,51,7.8431372549019605,7.497062837202861e-06,1.5185481760937591e-07,-2.0153827495761334e-07,"(0,2]","(0,2]",>5,"(0,1]",<=10,"(50,75]","(50,75]",2-4,"(5,10]"
BULL_2017,GD,yfinance,MACD_FAIL,2017-03-28,2017-03-29,152.78676941626074,GREEN,203.5302276611328,200.9654769897461,189.2790547180176,-0.6661405058363296,-0.7497993471550111,-0.5932198249276877,False,2017-03-27,149.3084732055422,2.3296040311993726,False,,5.242242559977584,-0.9255368228227924,5.242242559977584,-0.9255368228227924,-0.6992757881256639,-0.4374869963189698,0.518936428125083,4.205681228010683,True,17.0,True,18.0,True,19.0,MACD_FAIL,yfinance,0.6802463324727448,1.276221995699367,7.529194729615818,0.8791078334104752,8.874518646609424,203.53024291992188,200.96547729492187,189.27905433654786,72.54901960784314,60.78431372549019,51,4,4,51,7.8431372549019605,7.497062837202861e-06,1.5185481760937591e-07,-2.0153827495761334e-07,"(0,2]","(0,2]",>5,"(0,1]",<=10,"(50,75]","(50,75]",2-4,"(5,10]"
BULL_2017,WBA,legacy_fallback,MACD_PASS,2017-03-28,2017-03-29,82.345,GREEN,203.5302276611328,200.9654769897461,189.2790547180176,-0.325964181822948,-0.395267097768421,-0.4557606733790914,True,2017-03-22,81.311,1.2716606609191716,True,4.0,3.2886028295585623,-3.94802355941466,0.3218167466148447,-1.4475681583581146,-2.907280344890406,-1.2326188596757603,0.6460622988645248,2.7384783532697687,False,,False,,False,,MACD_PASS,yfinance,0.6802463324727448,1.276221995699367,7.529194729615818,0.8791078334104752,8.874518646609424,203.53024291992188,200.96547729492187,189.27905433654786,72.54901960784314,60.78431372549019,51,4,4,51,7.8431372549019605,7.497062837202861e-06,1.5185481760937591e-07,-2.0153827495761334e-07,"(0,2]","(0,2]",>5,"(0,1]",<=10,"(50,75]","(50,75]",2-4,"(5,10]"
BULL_2017,CVX,yfinance,MACD_PASS,2017-03-29,2017-03-30,72.96126207744419,GREEN,203.72056579589844,201.14313049316405,189.4144482421875,-0.0318522821651392,-0.0988451835932667,-0.1247309299573093,True,2017-03-14,71.38934732725774,2.201889790336087,True,12.0,2.330086807942866,-3.994464036538792,2.330086807942866,-2.6167413215053337,1.0540790024135438,-1.8955260763919517,-3.01435910370329,-1.3407523705433633,True,4.0,False,,False,,MACD_PASS,yfinance,0.5378396711710254,1.2813936505885248,7.552812459035163,0.833858520986408,7.213841870592436,203.72056579589844,201.14313049316405,189.41444778442383,68.62745098039215,49.01960784313726,51,2,2,51,3.9215686274509802,0.0,0.0,-2.4167304824018743e-07,"(0,2]","(0,2]",>5,"(0,1]",<=10,"(50,75]","(25,50]",2-4,"(2,5]"
BULL_2017,TROW,yfinance,MACD_PASS,2017-03-29,2017-03-30,47.92716713089721,GREEN,203.72056579589844,201.14313049316405,189.4144482421875,-0.1953860176708701,-0.2142379186504114,-0.2564994213141175,True,2017-03-21,47.03859349880554,1.8890310402547072,False,,7.548573330303121,-0.5296997919989499,7.548573330303121,-0.5296997919989499,2.0158893850915627,3.384366564598973,5.635672423414162,4.311369709229096,True,4.0,True,6.0,True,11.0,MACD_PASS,yfinance,0.5378396711710254,1.2813936505885248,7.552812459035163,0.833858520986408,7.213841870592436,203.72056579589844,201.14313049316405,189.41444778442383,68.62745098039215,49.01960784313726,51,2,2,51,3.9215686274509802,0.0,0.0,-2.4167304824018743e-07,"(0,2]","(0,2]",>5,"(0,1]",<=10,"(50,75]","(25,50]",2-4,"(2,5]"
BULL_2017,T,yfinance,MACD_FAIL,2017-03-30,2017-03-31,16.213271883471556,GREEN,204.36924743652344,201.32514434814453,189.55482231140135,-0.0378947155559148,-0.0468882286990911,-0.0455827945115521,False,2017-03-24,16.00764704556553,1.2845413027955832,True,4.0,0.2392929560587342,-5.048667341425162,0.2392929560587342,-1.3050394978765367,-1.329355932291254,-2.03430901205287,-2.7150103600554365,-4.951434125235021,False,,False,,False,,MACD_FAIL,yfinance,0.9656596388811778,1.5120029160186288,7.8153458360423755,0.8098613868333882,7.01350045349745,204.3691864013672,201.32514434814453,189.55482154846192,72.54901960784314,47.05882352941177,51,1,1,51,1.9607843137254901,-2.986513725211637e-05,0.0,-4.024901190113894e-07,"(0,2]","(0,2]",>5,"(0,1]",<=10,"(50,75]","(25,50]",1,<=2
BULL_2017,MKC,yfinance,MACD_PASS,2017-04-05,2017-04-06,41.89490680040131,GREEN,203.0631866455078,201.99728332519533,190.0977003479004,-0.1357404940322837,-0.2215874695624062,-0.2491029573484708,True,2017-03-30,40.2805020942875,4.007906113818671,False,,1.5021888210171364,-1.6116051023260858,1.5021888210171364,-1.6116051023260858,-1.323127419217618,-0.119384931818034,-0.6168127280271385,-0.3581466318399062,False,,False,,False,,MACD_PASS,yfinance,-0.322671709772826,0.5276965081900897,6.820449016458197,0.8051339776836697,6.9786423646858555,203.06321716308594,201.99728454589842,190.09770042419433,64.70588235294117,31.372549019607842,51,1,1,51,1.9607843137254901,1.5028611843881379e-05,6.043165967639652e-07,4.013405163760808e-08,"(-2,0]","(0,2]",>5,"(0,1]",<=10,"(50,75]","(25,50]",1,<=2
BULL_2017,SYY,yfinance,MACD_PASS,2017-04-06,2017-04-07,40.67815204907056,GREEN,203.634033203125,202.1160238647461,190.22811096191407,-0.0120080358262135,-0.0255337091991778,-0.0364498520536466,True,2017-04-04,40.21463264573482,1.1526137946330062,False,,8.594675053536216,-0.2129318828425708,8.594675053536216,-0.2129318828425708,0.890450705957857,2.322883962087041,2.303528276640088,6.271800147938689,True,10.0,True,12.0,True,18.0,MACD_PASS,yfinance,-0.35971821935935067,0.751057621267881,7.04728773002723,0.7899913830369476,7.041552976709708,203.634033203125,202.116025390625,190.2281108856201,64.70588235294117,37.254901960784316,51,1,1,51,1.9607843137254901,0.0,7.549519676075533e-07,-4.010656251551836e-08,"(-2,0]","(0,2]",>5,"(0,1]",<=10,"(50,75]","(25,50]",1,<=2
BULL_2017,ABBV,yfinance,MACD_PASS,2017-04-07,2017-04-10,44.29307446039972,GREEN,203.42649841308597,202.23474731445316,190.3589316558838,-0.134836884508107,-0.1606626373216891,-0.1635713899218976,True,2017-04-03,43.7182807317949,1.3147674587916658,True,5.0,4.078668663011431,-2.674855285769473,0.4274790523616456,-2.674855285769473,-1.8576407732175728,0.378095510013976,2.7372130524900173,2.027921528854737,False,,False,,False,,MACD_PASS,yfinance,-0.22906119633885336,0.5892972980431566,6.864706446530788,0.781875771891194,6.918299428349273,203.426513671875,202.23474975585938,190.35893180847168,68.62745098039215,43.13725490196079,51,2,2,51,3.9215686274509802,7.500885645939093e-06,1.2072140176400126e-06,8.015799135563384e-08,"(-2,0]","(0,2]",>5,"(0,1]",<=10,"(50,75]","(25,50]",2-4,"(2,5]"
BULL_2017,ADP,yfinance,MACD_PASS,2017-04-07,2017-04-10,83.53340863693066,GREEN,203.42649841308597,202.23474731445316,190.3589316558838,-0.2274791222826925,-0.2820449478659401,-0.3113551314019552,True,2017-03-30,82.47041152077165,1.2889436302755408,True,16.0,3.4455741651470806,-6.519215011439316,3.4455741651470806,-6.519215011439316,-0.2251455147551762,2.7897351878073184,1.8108689207300577,-4.9726035266904,True,10.0,True,12.0,False,,MACD_PASS,yfinance,-0.22906119633885336,0.5892972980431566,6.864706446530788,0.781875771891194,6.918299428349273,203.426513671875,202.23474975585938,190.35893180847168,68.62745098039215,43.13725490196079,51,2,2,51,3.9215686274509802,7.500885645939093e-06,1.2072140176400126e-06,8.015799135563384e-08,"(-2,0]","(0,2]",>5,"(0,1]",<=10,"(50,75]","(25,50]",2-4,"(2,5]"
BULL_2017,CLX,yfinance,MACD_PASS,2017-04-11,2017-04-12,100.32377306548564,GREEN,203.30538940429688,202.50905090332031,190.6297297668457,-0.4257587448810554,-0.5261258823506534,-0.5857252151375163,True,2017-03-29,99.40903419456215,0.92017680116796,True,13.0,2.6313310567597004,-4.045349364367645,2.6313310567597004,-2.3987568835179163,1.992217771040128,0.7516208422857273,-0.4814549666374845,-0.2859971082949886,True,3.0,False,,False,,MACD_PASS,yfinance,-0.1783537869050611,0.39323464311440404,6.649361127853681,0.7680803567645889,6.803655159412479,203.30538940429688,202.50905364990234,190.62973022460938,66.66666666666667,64.70588235294117,51,4,4,51,7.8431372549019605,0.0,1.3562761802532464e-06,2.4013235844222436e-07,"(-2,0]","(0,2]",>5,"(0,1]",<=10,"(50,75]","(50,75]",2-4,"(5,10]"
BULL_2017,KMB,yfinance,MACD_PASS,2017-04-11,2017-04-12,95.49591611797273,GREEN,203.30538940429688,202.50905090332031,190.6297297668457,-0.2404091928152896,-0.3182517982463687,-0.3723561536176777,True,2017-03-31,94.20153105787946,1.374059471812572,True,6.0,1.0843074776136996,-5.459350001945618,1.0843074776136996,-2.552715446425313,-1.1822449510684565,-2.108461099514769,-3.4713769011247564,-3.5316237331349143,False,,False,,False,,MACD_PASS,yfinance,-0.1783537869050611,0.39323464311440404,6.649361127853681,0.7680803567645889,6.803655159412479,203.30538940429688,202.50905364990234,190.62973022460938,66.66666666666667,64.70588235294117,51,4,4,51,7.8431372549019605,0.0,1.3562761802532464e-06,2.4013235844222436e-07,"(-2,0]","(0,2]",>5,"(0,1]",<=10,"(50,75]","(50,75]",2-4,"(5,10]"
BULL_2017,MMM,yfinance,MACD_PASS,2017-04-11,2017-04-12,117.11807539205762,GREEN,203.30538940429688,202.50905090332031,190.6297297668457,-0.3275575666390201,-0.3557546632408753,-0.3607565779583865,True,2017-04-10,116.30574315439976,0.698445507183143,True,1.0,5.039156782032728,-0.8880028555879438,0.0945798632633776,-0.8880028555879438,0.4466488643977806,3.0476689360135367,4.834235152004607,3.383929342436942,False,,False,,False,,MACD_PASS,yfinance,-0.1783537869050611,0.39323464311440404,6.649361127853681,0.7680803567645889,6.803655159412479,203.30538940429688,202.50905364990234,190.62973022460938,66.66666666666667,64.70588235294117,51,4,4,51,7.8431372549019605,0.0,1.3562761802532464e-06,2.4013235844222436e-07,"(-2,0]","(0,2]",>5,"(0,1]",<=10,"(50,75]","(50,75]",2-4,"(5,10]"
BULL_2017,PG,yfinance,MACD_PASS,2017-04-11,2017-04-12,69.38539428849718,GREEN,203.30538940429688,202.50905090332031,190.6297297668457,-0.1350519762919132,-0.1702638492463959,-0.1883586082418983,True,2017-03-31,68.65054526855188,1.0704197862823506,True,9.0,1.6082603606840884,-3.525512257440944,1.6082603606840884,-1.582129085434758,0.3500979870768805,-1.492238856597139,-2.885226323343637,-3.1997357010233207,False,,False,,False,,MACD_PASS,yfinance,-0.1783537869050611,0.39323464311440404,6.649361127853681,0.7680803567645889,6.803655159412479,203.30538940429688,202.50905364990234,190.62973022460938,66.66666666666667,64.70588235294117,51,4,4,51,7.8431372549019605,0.0,1.3562761802532464e-06,2.4013235844222436e-07,"(-2,0]","(0,2]",>5,"(0,1]",<=10,"(50,75]","(50,75]",2-4,"(5,10]"
BULL_2017,BF-B,yfinance,MACD_PASS,2017-04-12,2017-04-13,30.724880963704265,GREEN,202.4145965576172,202.6385385131836,190.7916931915283,-0.0375604523511162,-0.0540426411254493,-0.0734103036103244,True,2017-03-31,30.423449259972315,0.990787405978133,False,,8.17528590597325,-0.8720288376815932,8.17528590597325,-0.8720288376815932,0.8502096693650874,3.161031240855494,6.845409877357467,7.259621181629461,True,6.0,True,7.0,True,14.0,MACD_PASS,yfinance,-0.31944061110534827,-0.11053650633674472,6.091909576047705,0.7434555917509078,6.105983006316194,202.41455078125,202.6385403442383,190.7916933441162,64.70588235294117,64.70588235294117,51,2,2,51,3.9215686274509802,-2.2615151262783684e-05,9.036063453038423e-07,7.997615902866073e-08,"(-2,0]","(-2,0]",>5,"(0,1]",<=10,"(50,75]","(50,75]",2-4,"(2,5]"
BULL_2017,JNJ,yfinance,MACD_PASS,2017-04-12,2017-04-13,97.10951130731284,GREEN,202.4145965576172,202.6385385131836,190.7916931915283,-0.2880636190938632,-0.3661225628044795,-0.3770803415135322,True,2017-03-30,96.19371740302196,0.9520308903896436,True,2.0,0.5434224277929944,-3.3405486697433484,0.5434224277929944,-3.3405486697433484,-2.693225695916379,-1.3266529208202038,-1.2947005948936496,-1.1907907196281986,False,,False,,False,,MACD_PASS,yfinance,-0.31944061110534827,-0.11053650633674472,6.091909576047705,0.7434555917509078,6.105983006316194,202.41455078125,202.6385403442383,190.7916933441162,64.70588235294117,64.70588235294117,51,2,2,51,3.9215686274509802,-2.2615151262783684e-05,9.036063453038423e-07,7.997615902866073e-08,"(-2,0]","(-2,0]",>5,"(0,1]",<=10,"(50,75]","(50,75]",2-4,"(2,5]"
BULL_2017,ADM,yfinance,MACD_PASS,2017-04-18,2017-04-19,34.465756588533424,GREEN,202.2761383056641,202.9704183959961,191.1851711273193,-0.0676276139334118,-0.1183051003792187,-0.1333154751041708,True,2017-04-11,33.59137615753775,2.602990800064209,True,9.0,1.2795102033388517,-9.331549989634505,1.2795102033388517,-8.405002427356656,-0.132344290701547,-8.868274124127872,-6.706384935535404,-7.704133544861069,False,,False,,False,,MACD_PASS,yfinance,-0.6246396093702922,-0.3420762762946117,5.801149009292472,0.6409867793156332,7.3570611091315605,202.27610778808594,202.9704214477539,191.18517112731934,64.70588235294117,50.98039215686274,51,1,1,51,1.9607843137254901,-1.5087087590348602e-05,1.5035480638303511e-06,2.220446049250313e-14,"(-2,0]","(-2,0]",>5,"(0,1]",<=10,"(50,75]","(50,75]",1,<=2
BULL_2017,CTAS,yfinance,MACD_PASS,2017-04-20,2017-04-21,27.985924715649958,GREEN,203.54754638671875,203.19344848632807,191.43073501586915,-0.0876700094645095,-0.1061630864235292,-0.1189116641844514,True,2017-04-07,27.595209262032377,1.4158814666252797,True,8.0,2.491854127604598,-2.970771564926389,2.491854127604598,-2.6380055266084668,-0.5925466286320735,-0.1704629941661539,-0.7305309218519018,-1.7694887214819377,True,2.0,False,,False,,MACD_PASS,yfinance,0.559740197083558,0.1742648918813483,6.329606127297827,0.5921698377661544,6.42507455308714,203.54754638671875,203.19345153808592,191.43073486328126,60.78431372549019,74.50980392156863,51,3,3,51,5.882352941176471,0.0,1.5018977617131668e-06,-7.970919480015937e-08,"(0,2]","(0,2]",>5,"(0,1]",<=10,"(50,75]","(50,75]",2-4,"(5,10]"
BULL_2017,EMR,yfinance,MACD_FAIL,2017-04-20,2017-04-21,47.16841708696092,GREEN,203.54754638671875,203.19344848632807,191.43073501586915,-0.0414732067080674,-0.0957863409409429,-0.0934234141101647,False,2017-04-18,46.12465720943264,2.262910860863454,False,,4.104708565738746,-4.104750864616236,4.104708565738746,-4.104750864616236,1.8243346195354613,-0.4391984719477548,-2.1751016795453104,1.1629472725577903,True,2.0,True,2.0,False,,MACD_FAIL,yfinance,0.559740197083558,0.1742648918813483,6.329606127297827,0.5921698377661544,6.42507455308714,203.54754638671875,203.19345153808592,191.43073486328126,60.78431372549019,74.50980392156863,51,3,3,51,5.882352941176471,0.0,1.5018977617131668e-06,-7.970919480015937e-08,"(0,2]","(0,2]",>5,"(0,1]",<=10,"(50,75]","(50,75]",2-4,"(5,10]"
BULL_2017,NUE,yfinance,MACD_PASS,2017-04-20,2017-04-21,49.54861796892656,GREEN,203.54754638671875,203.19344848632807,191.43073501586915,-0.0589135112153751,-0.239460507022732,-0.2715071305192031,True,2017-04-17,46.32968265173614,6.9478898471794,True,18.0,3.264843982395038,-8.650981782773693,3.264843982395038,-7.076555620860181,1.6407127288817769,0.2154620447064159,-5.00496781674975,-6.098765569618969,True,1.0,True,3.0,False,,MACD_PASS,yfinance,0.559740197083558,0.1742648918813483,6.329606127297827,0.5921698377661544,6.42507455308714,203.54754638671875,203.19345153808592,191.43073486328126,60.78431372549019,74.50980392156863,51,3,3,51,5.882352941176471,0.0,1.5018977617131668e-06,-7.970919480015937e-08,"(0,2]","(0,2]",>5,"(0,1]",<=10,"(50,75]","(50,75]",2-4,"(5,10]"
BULL_2017,MKC,yfinance,MACD_FAIL,2017-05-04,2017-05-05,41.88656587147091,GREEN,206.50555419921875,204.1427032470703,192.6105387878418,-0.0413089584399734,-0.0662837144842044,-0.0614795672020901,False,2017-05-03,41.28640673854367,1.453648259408702,False,,5.323378345056562,-1.2835490729452117,5.323378345056562,-1.2835490729452117,-1.0945310538059694,0.4875915780956141,3.960188737864323,4.87564542705019,True,12.0,True,13.0,True,19.0,MACD_FAIL,yfinance,0.06704138961044492,1.1574506041926558,7.214047702167847,0.46716648681290884,7.218071466249025,206.50555419921875,204.1427032470703,192.61053810119628,62.745098039215684,49.01960784313726,51,1,1,51,1.9607843137254901,0.0,0.0,-3.564942563372142e-07,"(0,2]","(0,2]",>5,"(0,1]",<=10,"(50,75]","(25,50]",1,<=2
BULL_2017,CAH,yfinance,MACD_PASS,2017-05-05,2017-05-08,55.96658511379636,GREEN,207.31851196289065,204.2168103027344,192.7225308227539,-0.0437969946188885,-0.1051349872956262,-0.1924968357884515,True,2017-04-20,54.76498961741704,2.1940942649191664,False,,5.174794187367571,-1.596489926766309,5.174794187367571,-1.596489926766309,0.4128842938146304,0.5917777250111556,1.2249184254548462,1.7616055350709203,True,9.0,True,17.0,True,18.0,MACD_PASS,yfinance,0.680414766827786,1.5188280901949236,7.5735733361130375,0.44939622274264845,7.269416712036403,207.31851196289062,204.2168096923828,192.72252983093261,68.62745098039215,56.86274509803921,51,2,2,51,3.9215686274509802,-1.1102230246251565e-14,-2.988743030840624e-07,-5.146369108643967e-07,"(0,2]","(0,2]",>5,"(0,1]",<=10,"(50,75]","(50,75]",2-4,"(2,5]"
BULL_2017,DOV,yfinance,MACD_FAIL,2017-05-05,2017-05-08,54.96398333713641,GREEN,207.31851196289065,204.2168103027344,192.7225308227539,-0.1950771486766949,-0.263352849597291,-0.2287702260772767,False,2017-05-02,53.42691144685861,2.8769619067474217,False,,7.579145313904467,-0.4703205277588607,7.579145313904467,-0.4703205277588607,3.3684719300768995,5.69465787130059,6.569531651037597,6.978513072725923,True,2.0,True,2.0,True,9.0,MACD_FAIL,yfinance,0.680414766827786,1.5188280901949236,7.5735733361130375,0.44939622274264845,7.269416712036403,207.31851196289062,204.2168096923828,192.72252983093261,68.62745098039215,56.86274509803921,51,2,2,51,3.9215686274509802,-1.1102230246251565e-14,-2.988743030840624e-07,-5.146369108643967e-07,"(0,2]","(0,2]",>5,"(0,1]",<=10,"(50,75]","(50,75]",2-4,"(2,5]"
BULL_2017,T,yfinance,MACD_PASS,2017-05-08,2017-05-09,15.185830192083833,GREEN,207.2839508056641,204.28505950927732,192.83784233093263,-0.0576598575608422,-0.0686995834470663,-0.077703542250397,True,2017-05-01,14.831114533460475,2.3916992740032006,True,6.0,1.427458366860246,-2.8030083878215595,0.5969206844546049,-2.8030083878215595,-0.8824385673134927,-0.570961761983646,-1.933931020881019e-05,0.596941237411408,False,,False,,False,,MACD_PASS,yfinance,0.41060645000488005,1.4680158597783821,7.491348423383748,0.4182975120470944,7.245860323901511,207.28399658203125,204.28505950927735,192.8378419494629,60.78431372549019,56.86274509803921,51,1,1,51,1.9607843137254901,2.2083893602697913e-05,2.220446049250313e-14,-1.978189168028166e-07,"(0,2]","(0,2]",>5,"(0,1]",<=10,"(50,75]","(50,75]",1,<=2
BULL_2017,ADM,yfinance,MACD_PASS,2017-05-16,2017-05-17,32.10160576281932,GREEN,207.64724731445312,204.57003814697265,193.5154921722412,-0.0953705199257197,-0.1312978677033489,-0.1643124078884052,True,2017-05-15,31.7893949119242,0.9821226599629584,True,1.0,3.77086499972672,-2.6253348075062743,0.4534573264672437,-1.8854442131140736,1.5512523360329489,-0.190967039658163,0.2624957831419694,1.0978608124187827,False,,False,,False,,MACD_PASS,yfinance,0.2672985122706306,1.5042327337476458,7.302647621984892,0.26470755349052855,5.996567176068151,207.64724731445312,204.57003784179688,193.5154927825928,58.8235294117647,43.13725490196079,51,2,2,51,3.9215686274509802,0.0,-1.491791135066478e-07,3.1540192679813117e-07,"(0,2]","(0,2]",>5,"(0,1]",<=10,"(50,75]","(25,50]",2-4,"(2,5]"
BULL_2017,ADP,yfinance,MACD_PASS,2017-05-16,2017-05-17,79.88655785223082,GREEN,207.64724731445312,204.57003814697265,193.5154921722412,-0.2671791990608754,-0.3869890631683558,-0.5444961782780504,True,2017-05-10,78.37386686731193,1.9300961473291744,False,,5.834232437082743,-0.9211445938925644,5.834232437082743,-0.9211445938925644,2.3337086717251987,5.783052219247109,3.726522341949479,5.167612706516755,True,5.0,True,6.0,True,10.0,MACD_PASS,yfinance,0.2672985122706306,1.5042327337476458,7.302647621984892,0.26470755349052855,5.996567176068151,207.64724731445312,204.57003784179688,193.5154927825928,58.8235294117647,43.13725490196079,51,2,2,51,3.9215686274509802,0.0,-1.491791135066478e-07,3.1540192679813117e-07,"(0,2]","(0,2]",>5,"(0,1]",<=10,"(50,75]","(25,50]",2-4,"(2,5]"
BULL_2017,AFL,yfinance,MACD_PASS,2017-05-18,2017-05-19,29.77541149999997,GREEN,204.7843780517578,204.58874267578125,193.71722427368164,-0.0715542650072307,-0.0778638446065257,-0.0791248370840661,True,2017-05-11,29.379966032647527,1.3459697908194237,False,,8.859705354005998,-0.3387992910939164,8.859705354005998,-0.3387992910939164,2.016771858871347,3.270896307603266,5.806299324681818,8.041828361688431,True,5.0,True,8.0,True,14.0,MACD_PASS,yfinance,-1.0903042224415183,0.09563133223966513,5.7130532774427145,0.2184937871599235,8.704062292831088,204.78439331054688,204.58874237060547,193.7172250366211,52.94117647058823,35.294117647058826,51,1,1,51,1.9607843137254901,7.451148964499055e-06,-1.491654799679054e-07,3.938418258186971e-07,"(-2,0]","(0,2]",>5,"(0,1]",<=10,"(50,75]","(25,50]",1,<=2
BULL_2017,ITW,yfinance,MACD_FAIL,2017-05-19,2017-05-22,110.33875435676654,GREEN,206.11636352539065,204.6315719604492,193.8270810699463,-0.3976739285038589,-0.4568426837273216,-0.3920410362476145,False,2017-05-18,107.43424346746158,2.703524309904637,False,,9.285863509523072,-0.23996642001326,9.285863509523072,-0.23996642001326,2.6032321053845564,3.970322471548826,6.471753567710548,8.784127875539372,True,3.0,True,7.0,True,8.0,MACD_FAIL,yfinance,-0.2803554313632661,0.7255920096572055,6.340332618276978,0.20309958293556196,8.864871304954457,206.11636352539062,204.63157318115233,193.82708183288574,64.70588235294117,50.98039215686274,51,2,2,51,3.9215686274509802,-1.1102230246251565e-14,5.965370419858118e-07,3.9361860437736595e-07,"(-2,0]","(0,2]",>5,"(0,1]",<=10,"(50,75]","(50,75]",2-4,"(2,5]"
BULL_2017,PG,yfinance,MACD_FAIL,2017-05-19,2017-05-22,67.22755932737076,GREEN,206.11636352539065,204.6315719604492,193.8270810699463,0.0166172585695899,-0.0075301860109112,-0.0075263367112945,False,2017-04-28,66.65858413387944,0.85356627489801,False,,4.591372764260737,-0.3129596949381974,4.591372764260737,-0.3129596949381974,1.3333749648910764,2.956578216827288,2.0986118385622365,3.918906426477165,True,6.0,True,10.0,False,,MACD_FAIL,yfinance,-0.2803554313632661,0.7255920096572055,6.340332618276978,0.20309958293556196,8.864871304954457,206.11636352539062,204.63157318115233,193.82708183288574,64.70588235294117,50.98039215686274,51,2,2,51,3.9215686274509802,-1.1102230246251565e-14,5.965370419858118e-07,3.9361860437736595e-07,"(-2,0]","(0,2]",>5,"(0,1]",<=10,"(50,75]","(50,75]",2-4,"(2,5]"
BULL_2017,ABT,yfinance,MACD_FAIL,2017-05-22,2017-05-23,36.89932888578518,GREEN,207.1628875732422,204.68103759765623,193.9411908721924,-0.0748401042800733,-0.1068873922969504,-0.099915703293265,False,2017-05-18,36.19866001339508,1.9356210205870197,False,,12.788845310645058,-0.709244739830106,12.788845310645058,-0.709244739830106,4.46121274862612,6.520287321061025,8.991108576384343,11.118745567241373,True,3.0,True,4.0,True,6.0,MACD_FAIL,yfinance,-0.3246128249633884,1.2125443862971208,6.817373691296269,0.19383679609707993,8.192512919805225,207.1628875732422,204.68103912353516,193.94119178771973,68.62745098039215,49.01960784313726,51,2,2,51,3.9215686274509802,0.0,7.454911132853681e-07,4.720644097844229e-07,"(-2,0]","(0,2]",>5,"(0,1]",<=10,"(50,75]","(25,50]",2-4,"(2,5]"
BULL_2017,LOW,yfinance,MACD_FAIL,2017-05-22,2017-05-23,70.72693276485879,GREEN,207.1628875732422,204.68103759765623,193.9411908721924,-0.2609022965759557,-0.2464348130126277,-0.2589680222299375,False,2017-05-19,70.52517875467746,0.2860737310331984,True,0.0,0.0594283956745211,-7.832211214631989,0.0594283956745211,-2.3651032543439143,-6.382255385392321,-7.54700475554394,-4.25484242989701,-5.942507915365647,False,,False,,False,,MACD_FAIL,yfinance,-0.3246128249633884,1.2125443862971208,6.817373691296269,0.19383679609707993,8.192512919805225,207.1628875732422,204.68103912353516,193.94119178771973,68.62745098039215,49.01960784313726,51,2,2,51,3.9215686274509802,0.0,7.454911132853681e-07,4.720644097844229e-07,"(-2,0]","(0,2]",>5,"(0,1]",<=10,"(50,75]","(25,50]",2-4,"(2,5]"
BULL_2017,LEG,yfinance,MACD_PASS,2017-05-23,2017-05-24,35.83420891016213,GREEN,207.62127685546875,204.7376040649414,194.0500541687012,-0.2276360727357982,-0.2658895138110165,-0.3144159922719126,True,2017-05-15,34.91790186915392,2.6241755430834512,False,,5.58041978959738,0.0,5.58041978959738,0.0,1.717776241113067,1.6201685073517158,2.789609011727223,3.497145320671935,True,1.0,True,12.0,True,17.0,MACD_PASS,yfinance,-0.01250700855429665,1.4084709591852596,6.9936706195316,0.19304633747561084,7.980263266730114,207.62127685546875,204.73760711669922,194.05005516052245,62.745098039215684,62.745098039215684,51,3,3,51,5.882352941176471,0.0,1.4905702672152188e-06,5.111161938131659e-07,"(-2,0]","(0,2]",>5,"(0,1]",<=10,"(50,75]","(50,75]",2-4,"(5,10]"
BULL_2017,NUE,yfinance,MACD_PASS,2017-05-23,2017-05-24,48.6864096895395,GREEN,207.62127685546875,204.7376040649414,194.0500541687012,-0.1029329615768899,-0.2554779219045338,-0.3119126581356426,True,2017-05-11,45.26217605481859,7.565331438271339,True,15.0,2.2094526184797125,-8.90537806871735,2.2094526184797125,-7.977732249981273,-0.3710784110176224,-0.2530091726772654,-7.910272135810315,-4.368367360889625,True,12.0,False,,False,,MACD_PASS,yfinance,-0.01250700855429665,1.4084709591852596,6.9936706195316,0.19304633747561084,7.980263266730114,207.62127685546875,204.73760711669922,194.05005516052245,62.745098039215684,62.745098039215684,51,3,3,51,5.882352941176471,0.0,1.4905702672152188e-06,5.111161938131659e-07,"(-2,0]","(0,2]",>5,"(0,1]",<=10,"(50,75]","(50,75]",2-4,"(5,10]"
BULL_2017,PPG,yfinance,MACD_PASS,2017-05-23,2017-05-24,89.42686455846226,GREEN,207.62127685546875,204.7376040649414,194.0500541687012,-0.3140009447401941,-0.3669523456902143,-0.4025706983336976,True,2017-05-15,87.83594865532899,1.8112355220025744,False,,4.625485368145266,-1.039322026319589,4.625485368145266,-1.039322026319589,2.2097354997870022,1.048701086370296,4.232222998025659,3.530009141403045,True,5.0,True,5.0,False,,MACD_PASS,yfinance,-0.01250700855429665,1.4084709591852596,6.9936706195316,0.19304633747561084,7.980263266730114,207.62127685546875,204.73760711669922,194.05005516052245,62.745098039215684,62.745098039215684,51,3,3,51,5.882352941176471,0.0,1.4905702672152188e-06,5.111161938131659e-07,"(-2,0]","(0,2]",>5,"(0,1]",<=10,"(50,75]","(50,75]",2-4,"(5,10]"
BULL_2017,BEN,yfinance,MACD_PASS,2017-05-26,2017-05-30,25.66215677161433,GREEN,209.0570373535156,204.95978454589843,194.3964933013916,-0.1205880119885967,-0.1340853930352325,-0.1453027981206462,True,2017-05-25,25.594199665173857,0.2655176068386611,False,,8.834829269914902,-0.818504444386059,8.834829269914902,-0.818504444386059,2.4313912357761813,6.259020104672253,7.149712730956814,7.0293874313671845,True,2.0,True,2.0,True,8.0,MACD_PASS,yfinance,1.4267278707010167,1.999071666710539,7.5415907841051455,0.24402961224521125,8.086463378597166,209.0570831298828,204.9597900390625,194.3964949798584,66.66666666666667,68.62745098039215,51,1,1,51,1.9607843137254901,2.189659233930996e-05,2.6801179942026465e-06,8.634244208494124e-07,"(0,2]","(0,2]",>5,"(0,1]",<=10,"(50,75]","(50,75]",1,<=2
BULL_2017,WBA,legacy_fallback,MACD_FAIL,2017-06-02,2017-06-05,82.363,GREEN,211.1846923828125,205.4555508422852,194.8702264404297,0.0145575092267868,-0.1523120855141302,-0.3029053211931496,False,2017-05-16,79.276,3.893990615066345,True,9.0,0.2998919417699586,-9.69367312992484,0.2998919417699586,-7.086920097616655,-1.728931680487611,-4.131709626895574,-6.870803637555712,-6.149606012408482,False,,False,,False,,MACD_FAIL,yfinance,0.9968403191015662,2.7885180680364163,8.37197855420162,0.4236866483966484,8.499204265152441,211.18472290039062,205.45555755615234,194.8702291107178,74.50980392156863,84.31372549019608,51,1,1,51,1.9607843137254901,1.4450658225584334e-05,3.2677954564519496e-06,1.3702904366752477e-06,"(0,2]",>2,>5,"(0,1]",<=10,"(50,75]",>75,1,<=2
BULL_2017,PNR,yfinance,MACD_FAIL,2017-06-09,2017-06-12,38.77194498921699,GREEN,210.5273895263672,206.24573211669923,195.48142631530763,-0.1391613496169632,-0.2038574055134629,-0.2037068247505328,False,2017-06-07,37.23787109034475,4.119660587336882,False,,1.6248214692210494,-2.5424731026460923,1.6248214692210494,-2.5424731026460923,1.158443430491518,-1.2486603273513697,0.8424897858521074,0.2106316906138161,False,,False,,False,,MACD_FAIL,yfinance,-0.3112454572556045,2.076008784520922,7.696890171150672,0.6636337665069103,8.532058270610865,210.5274200439453,206.2457403564453,195.4814291381836,84.31372549019608,49.01960784313726,51,1,1,51,1.9607843137254901,1.4495775668699196e-05,3.995111064192258e-06,1.4440635132118018e-06,"(-2,0]",>2,>5,"(0,1]",<=10,>75,"(25,50]",1,<=2
BULL_2017,DOV,yfinance,MACD_FAIL,2017-06-26,2017-06-27,55.27349088344275,GREEN,211.4497528076172,208.00223236083983,196.88332717895508,-0.4533110750558618,-0.4817217442466163,-0.4750238919244834,False,2017-06-22,53.98805265676481,2.3809679427599706,False,,8.412761434148042,-0.8514414657773361,8.412761434148042,-0.8514414657773361,3.723473972934244,7.256328610792084,8.272974051170845,5.934692298897759,True,3.0,True,4.0,True,6.0,MACD_FAIL,yfinance,-0.5599899595331581,1.6574234761572049,7.398488894316246,0.7918884704585905,5.532079347845197,211.44972229003906,208.0022442626953,196.8833309173584,68.62745098039215,31.372549019607842,51,1,1,51,1.9607843137254901,-1.4432543771203399e-05,5.721984486228848e-06,1.89879121315073e-06,"(-2,0]","(0,2]",>5,"(0,1]",<=10,"(50,75]","(25,50]",1,<=2
BULL_2017,BF-B,yfinance,MACD_PASS,2017-06-28,2017-06-29,32.950889451245295,GREEN,211.62355041503903,208.326474609375,197.1603968811035,-0.1045561083106157,-0.1485817075119842,-0.160481528970559,True,2017-06-07,32.493810736441766,1.4066639290506888,True,2.0,3.610782848184413,-3.835194798770769,0.489616645440627,-1.6523958208600975,-1.7339671262565526,-3.32516811992587,-1.5503572157491874,2.060390716657068,False,,False,,False,,MACD_PASS,yfinance,0.22226150156479108,1.5826423893630093,7.3357277422546385,0.7992872921494643,7.02749743214839,211.62355041503906,208.32648712158203,197.1604002380371,72.54901960784314,58.8235294117647,51,2,2,51,3.9215686274509802,2.220446049250313e-14,6.006057118312924e-06,1.702640917145004e-06,"(0,2]","(0,2]",>5,"(0,1]",<=10,"(50,75]","(50,75]",2-4,"(2,5]"
BULL_2017,ECL,yfinance,MACD_FAIL,2017-06-28,2017-06-29,120.6650456812634,GREEN,211.62355041503903,208.326474609375,197.1603968811035,-0.3586242236600245,-0.4257256384845083,-0.4100760246730075,False,2017-06-23,119.23040213818746,1.203253127850057,False,,0.827776715009243,-1.5125250327847617,0.827776715009243,-1.5125250327847617,-0.203169296010619,-0.1279154781396174,0.1204309727373065,-0.7298891160193333,False,,False,,False,,MACD_FAIL,yfinance,0.22226150156479108,1.5826423893630093,7.3357277422546385,0.7992872921494643,7.02749743214839,211.62355041503906,208.32648712158203,197.1604002380371,72.54901960784314,58.8235294117647,51,2,2,51,3.9215686274509802,2.220446049250313e-14,6.006057118312924e-06,1.702640917145004e-06,"(0,2]","(0,2]",>5,"(0,1]",<=10,"(50,75]","(50,75]",2-4,"(2,5]"
BULL_2017,EMR,yfinance,MACD_FAIL,2017-06-30,2017-07-03,47.84548966555264,GREEN,210.1547393798828,208.6158068847656,197.444008102417,-0.1042324786717212,-0.1635449096978435,-0.1441467623679087,False,2017-06-29,46.600353919023966,2.6719448283425207,False,,1.8804687843361425,-1.846867892970061,1.8804687843361425,-1.846867892970061,0.4365266775419485,0.4533416304026039,1.4607239414226705,0.6716011536647581,False,,False,,False,,MACD_FAIL,yfinance,-0.5470500363975561,0.7376814926047137,6.4376365869922125,0.7930550409930737,7.170339748820101,210.1547393798828,208.61581909179688,197.44401145935058,62.745098039215684,41.1764705882353,51,2,2,51,3.9215686274509802,0.0,5.851441198245766e-06,1.7001952068440573e-06,"(-2,0]","(0,2]",>5,"(0,1]",<=10,"(50,75]","(25,50]",2-4,"(2,5]"
BULL_2017,LOW,yfinance,MACD_PASS,2017-06-30,2017-07-03,65.56573986650997,GREEN,210.1547393798828,208.6158068847656,197.444008102417,-0.0837244716309368,-0.1571195228203856,-0.1681151001148811,True,2017-06-26,63.708024243685735,2.9159837318426307,True,12.0,0.5769191644130478,-8.230808755841856,0.5769191644130478,-8.230808755841856,-2.243604960744061,-2.615423929996352,-2.4197196304870827,0.3391774704524897,False,,False,,False,,MACD_PASS,yfinance,-0.5470500363975561,0.7376814926047137,6.4376365869922125,0.7930550409930737,7.170339748820101,210.1547393798828,208.61581909179688,197.44401145935058,62.745098039215684,41.1764705882353,51,2,2,51,3.9215686274509802,0.0,5.851441198245766e-06,1.7001952068440573e-06,"(-2,0]","(0,2]",>5,"(0,1]",<=10,"(50,75]","(25,50]",2-4,"(2,5]"
BULL_2017,ITW,yfinance,MACD_PASS,2017-07-03,2017-07-05,116.38255478784954,GREEN,210.5111389160156,208.7680520629883,197.5796719360352,-0.5499259918105677,-0.6396722330076938,-0.6773826005567807,True,2017-06-29,113.72266965669044,2.338922520187792,True,15.0,2.42400792924804,-3.379714186003069,2.42400792924804,-3.0473002668036764,1.2812734136799842,2.278579504556744,-2.991893500606136,-1.8144962208527016,True,5.0,False,,False,,MACD_PASS,yfinance,-0.4439090290656367,0.8349047734410808,6.54490539706476,0.7789045660466121,7.200055297094655,210.51107788085938,208.7680633544922,197.57967506408693,72.54901960784314,45.09803921568628,51,1,1,51,1.9607843137254901,-2.899378936938035e-05,5.408635939119222e-06,1.5831850053160679e-06,"(-2,0]","(0,2]",>5,"(0,1]",<=10,"(50,75]","(25,50]",1,<=2
BULL_2017,JNJ,yfinance,MACD_FAIL,2017-07-05,2017-07-06,104.37818663092771,GREEN,210.99778747558597,208.8854000854492,197.7213136291504,-0.3852002740521938,-0.401110852445443,-0.3568540666256812,False,2017-07-03,103.4485428360824,0.8986533491519344,True,2.0,2.5970977242054216,-3.0237454876909875,0.2694413656964434,-1.7813240462921542,-1.3098159682197077,2.215393934026455,-2.0807066587027245,-0.1946024840725368,False,,False,,False,,MACD_FAIL,yfinance,0.5966856230628759,1.0112671315462674,6.714746853552067,0.759870901138493,7.1530742957765945,210.997802734375,208.8854132080078,197.7213168334961,62.745098039215684,60.78431372549019,51,1,1,51,1.9607843137254901,7.231729393097908e-06,6.282180864403131e-06,1.6206374908733778e-06,"(0,2]","(0,2]",>5,"(0,1]",<=10,"(50,75]","(50,75]",1,<=2
BULL_2017,PG,yfinance,MACD_FAIL,2017-07-06,2017-07-07,68.35001112873398,GREEN,209.0683135986328,208.94028839111328,197.85313652038573,-0.1921481107485714,-0.1921476751417911,-0.2021124741050639,False,2017-06-30,67.81218890958314,0.7931055283703303,True,2.0,5.450799072434731,-1.5737208036550765,0.2052288295208315,-1.5737208036550765,-0.6728562154896811,1.841919062149322,3.6808205085505854,4.209531324246818,False,,False,,False,,MACD_FAIL,yfinance,-1.2074516613032493,0.06126043723149177,5.668425899490748,0.7124394211116325,7.845145497247022,209.06829833984375,208.94030059814452,197.85313972473145,52.94117647058823,21.568627450980394,51,1,1,51,1.9607843137254901,-7.298470439121019e-06,5.842353978380288e-06,1.6195577101640879e-06,"(-2,0]","(0,2]",>5,"(0,1]",<=10,"(50,75]",<=25,1,<=2
BULL_2017,ABT,yfinance,MACD_FAIL,2017-07-11,2017-07-12,40.889429548546815,GREEN,210.49371337890625,209.20207305908204,198.24392417907717,-0.1843687115153814,-0.1729534010181945,-0.1574221694229838,False,2017-07-10,40.55465346589228,0.8254936340069907,False,,6.144932654028157,-0.7058109924766742,6.144932654028157,-0.7058109924766742,2.6157618168098478,4.629481741932029,2.200570680656156,1.2456142747639063,True,5.0,True,6.0,True,6.0,MACD_FAIL,yfinance,-0.008255983921201526,0.6173997546061072,6.179140669486127,0.5768402655919713,8.209338305125694,210.4936981201172,209.2020849609375,198.24392700195312,54.90196078431372,25.49019607843137,51,2,2,51,3.9215686274509802,-7.2490474067876676e-06,5.689167070777046e-06,1.4239407208904709e-06,"(-2,0]","(0,2]",>5,"(0,1]",<=10,"(50,75]","(25,50]",2-4,"(2,5]"
BULL_2017,MDT,yfinance,MACD_FAIL,2017-07-11,2017-07-12,69.04981900931341,GREEN,210.49371337890625,209.20207305908204,198.24392417907717,-0.2492267188472714,-0.2288631105950683,-0.1837176398457385,False,2017-07-10,68.2078616429157,1.2343992996079356,True,3.0,1.2193806409880548,-5.606840557411474,1.2193806409880548,-2.176595404832593,-2.3931266558785635,-2.290612958556071,-5.185182998291548,-4.330456539596117,False,,False,,False,,MACD_FAIL,yfinance,-0.008255983921201526,0.6173997546061072,6.179140669486127,0.5768402655919713,8.209338305125694,210.4936981201172,209.2020849609375,198.24392700195312,54.90196078431372,25.49019607843137,51,2,2,51,3.9215686274509802,-7.2490474067876676e-06,5.689167070777046e-06,1.4239407208904709e-06,"(-2,0]","(0,2]",>5,"(0,1]",<=10,"(50,75]","(25,50]",2-4,"(2,5]"
BULL_2017,MKC,yfinance,MACD_PASS,2017-07-12,2017-07-13,40.78434420137507,GREEN,212.07553100585935,209.3148565673828,198.3797392272949,-0.0711936932963697,-0.1461575177710322,-0.2044694036906404,True,2017-06-20,39.59490148191213,3.004030001201796,True,4.0,0.5031572870761281,-7.321832472692602,0.5031572870761281,-7.321832472692602,-5.031853444883394,-2.1872978083181005,-2.2591969118958666,-2.2386476299184555,False,,False,,False,,MACD_PASS,yfinance,0.5107625482067002,1.3188898894920698,6.903808975942027,0.5646834809081458,8.46312767187976,212.07550048828125,209.3148678588867,198.3797420501709,56.86274509803921,45.09803921568628,51,2,2,51,3.9215686274509802,-1.4389957181393243e-05,5.39450668579633e-06,1.4229658784614685e-06,"(0,2]","(0,2]",>5,"(0,1]",<=10,"(50,75]","(25,50]",2-4,"(2,5]"
BULL_2017,PEP,yfinance,MACD_FAIL,2017-07-12,2017-07-13,87.04393336077096,GREEN,212.07553100585935,209.3148565673828,198.3797392272949,-0.2406392155930785,-0.2846514979959216,-0.2524752797253854,False,2017-07-03,84.99941744869527,2.4053293227682904,False,,2.7054915513071487,-0.8960407191316744,2.7054915513071487,-0.8960407191316744,0.4871807980147524,2.0791313885165863,1.1744000620424575,1.2439853402404832,True,9.0,False,,False,,MACD_FAIL,yfinance,0.5107625482067002,1.3188898894920698,6.903808975942027,0.5646834809081458,8.46312767187976,212.07550048828125,209.3148678588867,198.3797420501709,56.86274509803921,45.09803921568628,51,2,2,51,3.9215686274509802,-1.4389957181393243e-05,5.39450668579633e-06,1.4229658784614685e-06,"(0,2]","(0,2]",>5,"(0,1]",<=10,"(50,75]","(25,50]",2-4,"(2,5]"
BULL_2017,SYY,yfinance,MACD_FAIL,2017-07-13,2017-07-14,40.057788952538274,GREEN,212.43185424804688,209.4332095336914,198.524827041626,0.0549995944605445,-0.0178079742936724,-0.1042814409724899,False,2017-06-23,38.71832246298507,3.4595158166621065,False,,4.92682225098886,-0.4352686369074043,4.92682225098886,-0.4352686369074043,1.068497713249883,3.383478248467564,3.541788352449804,2.0578120643328424,True,6.0,True,7.0,False,,MACD_FAIL,yfinance,1.6088311498740904,1.4317851392352088,7.005181363478208,0.5312494890731712,8.463072115948323,212.43185424804688,209.43322052001952,198.52482986450195,58.8235294117647,66.66666666666667,51,2,2,51,3.9215686274509802,0.0,5.245743084358878e-06,1.4219259103498416e-06,"(0,2]","(0,2]",>5,"(0,1]",<=10,"(50,75]","(50,75]",2-4,"(2,5]"
BULL_2017,WMT,yfinance,MACD_PASS,2017-07-13,2017-07-14,22.02474677737951,GREEN,212.43185424804688,209.4332095336914,198.524827041626,-0.0427447957972315,-0.0738111878019948,-0.0820595124501418,True,2017-07-11,21.17575215218404,4.009277304975933,False,,8.175832473155387,-0.9440124260655104,8.175832473155387,-0.9440124260655104,-0.1573304754872051,4.64142333783697,5.519835679316287,6.078034927043685,True,7.0,True,7.0,True,11.0,MACD_PASS,yfinance,1.6088311498740904,1.4317851392352088,7.005181363478208,0.5312494890731712,8.463072115948323,212.43185424804688,209.43322052001952,198.52482986450195,58.8235294117647,66.66666666666667,51,2,2,51,3.9215686274509802,0.0,5.245743084358878e-06,1.4219259103498416e-06,"(0,2]","(0,2]",>5,"(0,1]",<=10,"(50,75]","(50,75]",2-4,"(2,5]"
BULL_2017,KO,yfinance,MACD_PASS,2017-07-14,2017-07-17,33.79918105074602,GREEN,213.42263793945312,209.57639495849608,198.66917541503904,-0.0646230399826316,-0.0879917203341228,-0.0990239078388635,True,2017-07-03,33.41321224342874,1.1551382863322024,False,,3.9632699621066743,-0.7837156815290847,3.9632699621066743,-0.7837156815290847,0.4030413643769215,2.64217619277074,2.194378571628097,2.552607639454174,True,7.0,True,8.0,False,,MACD_PASS,yfinance,1.4250030963667726,1.8352626302944541,7.426167181462828,0.5241326530006418,8.557311802261742,213.4226837158203,209.57640625,198.66917839050294,60.78431372549019,64.70588235294117,51,1,1,51,1.9607843137254901,2.1448693376946437e-05,5.387774670850831e-06,1.4976978102154703e-06,"(0,2]","(0,2]",>5,"(0,1]",<=10,"(50,75]","(50,75]",1,<=2
BULL_2017,CL,yfinance,MACD_PASS,2017-07-17,2017-07-18,58.62045945419817,GREEN,213.3966064453125,209.714216003418,198.80881355285644,-0.1604866601976247,-0.2193966119415255,-0.2813686906064602,True,2017-06-28,57.645431077655246,1.6914235149520174,True,18.0,2.741059080124053,-3.884297312948748,2.741059080124053,-3.884297312948748,-0.7575695328117416,-1.2396804958653584,-1.2396804958653584,-1.1019307878784357,True,6.0,False,,False,,MACD_PASS,yfinance,1.3037650891828845,1.7558890979306963,7.337581812484761,0.5265217170755898,8.560230369299907,213.39657592773438,209.71422668457032,198.80881637573242,60.78431372549019,70.58823529411765,51,1,1,51,1.9607843137254901,-1.4300873207861997e-05,5.093194221927888e-06,1.4198947795307504e-06,"(0,2]","(0,2]",>5,"(0,1]",<=10,"(50,75]","(50,75]",1,<=2
BULL_2017,ED,yfinance,MACD_PASS,2017-07-18,2017-07-19,59.04922823334648,GREEN,213.5095672607422,209.838037109375,198.957406539917,-0.0536950358478838,-0.1013104170742422,-0.1578901437382817,True,2017-06-29,58.0127710496386,1.7866017515712818,False,,3.3893953975805413,-0.4664353468991078,3.3893953975805413,-0.4664353468991078,0.78556085531436,1.5097684704900471,2.1971529550938174,3.278002280155823,True,11.0,True,14.0,False,,MACD_PASS,yfinance,1.432767073954433,1.749699092775403,7.314215404614477,0.512523191535319,8.063347999192011,213.50958251953125,209.83804809570313,198.95740905761718,58.8235294117647,76.47058823529412,51,1,1,51,1.9607843137254901,7.146653557832394e-06,5.2356228019689866e-06,1.2654468140027575e-06,"(0,2]","(0,2]",>5,"(0,1]",<=10,"(50,75]",>75,1,<=2
BULL_2017,ADP,yfinance,MACD_FAIL,2017-07-19,2017-07-20,84.63972639598396,GREEN,214.6655120849609,209.98566833496093,199.10484451293945,-0.1573363558604803,-0.2282862529541213,-0.2064859265342643,False,2017-07-18,82.64975503672038,2.407715979774472,False,,18.303726201637605,-0.4566462114709457,18.303726201637605,-0.4566462114709457,12.3384833257542,8.588358781448946,5.800060259895523,1.700202923410532,True,4.0,True,4.0,True,5.0,MACD_FAIL,yfinance,1.221261452608835,2.2286370994045734,7.815304403611134,0.5267313191862355,7.8211387079159405,214.66549682617188,209.98567810058594,199.1048469543457,62.745098039215684,74.50980392156863,51,2,2,51,3.9215686274509802,-7.1081697639030494e-06,4.650615004209158e-06,1.2261912818445353e-06,"(0,2]",>2,>5,"(0,1]",<=10,"(50,75]","(50,75]",2-4,"(2,5]"
BULL_2017,VFC,yfinance,MACD_FAIL,2017-07-19,2017-07-20,41.10733004431884,GREEN,214.6655120849609,209.98566833496093,199.10484451293945,-0.111233851526829,-0.1444017053627549,-0.1442751108521655,False,2017-07-18,40.15958742975165,2.3599411130032166,False,,13.076412143222328,-0.4399860396586352,13.076412143222328,-0.4399860396586352,7.022209252922318,11.281241356582106,7.778999321921809,11.03487998283532,True,1.0,True,1.0,True,3.0,MACD_FAIL,yfinance,1.221261452608835,2.2286370994045734,7.815304403611134,0.5267313191862355,7.8211387079159405,214.66549682617188,209.98567810058594,199.1048469543457,62.745098039215684,74.50980392156863,51,2,2,51,3.9215686274509802,-7.1081697639030494e-06,4.650615004209158e-06,1.2261912818445353e-06,"(0,2]",>2,>5,"(0,1]",<=10,"(50,75]","(50,75]",2-4,"(2,5]"
BULL_2017,CLX,yfinance,MACD_PASS,2017-07-20,2017-07-21,98.87888094371868,GREEN,214.7611083984375,210.13901641845703,199.2549863433838,-0.1887875820539288,-0.2424445168760319,-0.2692748299181964,True,2017-06-29,98.52825128393113,0.3558671296998383,False,,6.01917598018904,-0.1535485207233677,6.01917598018904,-0.1535485207233677,1.934733242298159,3.2552784830847337,3.1170558693897066,5.742783996164014,True,2.0,True,4.0,True,9.0,MACD_PASS,yfinance,1.096485588855689,2.199549450762084,7.782063606703971,0.573717228334214,7.812562401681654,214.76113891601562,210.13902709960936,199.25498893737793,60.78431372549019,68.62745098039215,51,1,1,51,1.9607843137254901,1.421001145640588e-05,5.082898213437659e-06,1.3018465416791969e-06,"(0,2]",>2,>5,"(0,1]",<=10,"(50,75]","(50,75]",1,<=2
BULL_2017,KMB,yfinance,MACD_PASS,2017-07-25,2017-07-26,90.26067314191998,GREEN,215.0391998291016,210.597490234375,199.70998069763183,-0.0954984237608003,-0.1689317636172147,-0.1944879188890914,True,2017-07-03,88.45676203643306,2.0393139698510865,True,4.0,0.0401340823722451,-3.250663044606805,0.0401340823722451,-2.913518861584674,-2.5924782588177764,-2.391838343687158,-1.813949405841142,-1.862112452410392,False,,False,,False,,MACD_PASS,yfinance,0.7164376736100708,2.10911527791513,7.6757616936997675,0.6670184789037581,7.853720063433554,215.03924560546875,210.5975015258789,199.70998321533204,64.70588235294117,74.50980392156863,51,1,1,51,1.9607843137254901,2.128745233420659e-05,5.361651700397374e-06,1.260678206271848e-06,"(0,2]",>2,>5,"(0,1]",<=10,"(50,75]","(50,75]",1,<=2
BULL_2017,PPG,yfinance,MACD_PASS,2017-07-27,2017-07-28,88.88262458848389,GREEN,214.8480224609375,210.88571472167968,200.0136740875244,-0.5983593363070316,-0.6080010025897155,-0.6237732775430322,True,2017-07-24,87.66011006111452,1.394607566106254,True,4.0,0.6594142140357695,-4.963022845979726,0.6594142140357695,-2.1573522465922146,-1.073958103665995,-4.698105340014092,-3.420863266986285,-1.8692354782856249,False,,False,,False,,MACD_PASS,yfinance,0.040448791886316116,1.8788769824491292,7.416658165909018,0.6935400951802562,6.5536727252634694,214.84800720214844,210.88572387695314,200.01367652893066,60.78431372549019,52.94117647058823,51,1,1,51,1.9607843137254901,-7.102131494018948e-06,4.341343595726244e-06,1.220619672004375e-06,"(0,2]","(0,2]",>5,"(0,1]",<=10,"(50,75]","(50,75]",1,<=2
BULL_2017,GD,yfinance,MACD_FAIL,2017-07-31,2017-08-01,161.46729598623128,GREEN,214.47430419921875,211.29217834472652,200.3306182861328,-0.619438589921216,-0.5715545180111932,-0.5869401975188159,False,2017-07-28,159.07351859321858,1.5048245705396424,False,,2.5182984508459683,-1.5536214018454175,2.5182984508459683,-1.5536214018454175,0.9342187770810416,1.284561602517531,2.1679551051152046,2.025797547781272,True,4.0,False,,False,,MACD_FAIL,yfinance,-0.020258007923668053,1.5060415549497996,7.060185490430326,0.7524334065688976,5.581369652259189,214.47433471679688,211.29218658447266,200.3306212615967,54.90196078431372,54.90196078431372,51,1,1,51,1.9607843137254901,1.4229013700628457e-05,3.899692924136389e-06,1.4852766572204246e-06,"(-2,0]","(0,2]",>5,"(0,1]",<=10,"(50,75]","(50,75]",1,<=2
BULL_2017,MMM,yfinance,MACD_PASS,2017-08-01,2017-08-02,125.79135998932664,GREEN,214.9523162841797,211.46889739990235,200.49357330322263,-0.7359774612195085,-0.9295460113735852,-1.0301287745029089,True,2017-07-27,122.37402392178144,2.7925338711829006,False,,2.677295620430997,-0.3454954351222561,2.677295620430997,-0.3454954351222561,1.6191491625952017,2.3278703417296542,0.3177567738737341,0.8226717898064173,True,1.0,False,,False,,MACD_PASS,yfinance,-0.0404035759506316,1.6472660506532621,7.211595242927338,0.7771986416537979,5.593114197198797,214.95236206054688,211.46890655517578,200.49357681274415,60.78431372549019,49.01960784313726,51,1,1,51,1.9607843137254901,2.129605671807866e-05,4.32937115046883e-06,1.7504409033364254e-06,"(-2,0]","(0,2]",>5,"(0,1]",<=10,"(50,75]","(25,50]",1,<=2
BULL_2017,ABBV,yfinance,MACD_PASS,2017-08-03,2017-08-04,49.04299815540917,GREEN,214.6394195556641,211.76713470458984,200.82066635131835,-0.287374387494596,-0.3246174220115938,-0.3427157949371462,True,2017-07-31,48.11962609605738,1.9189094643182305,False,,6.786590406795523,-2.3886150742151613,6.786590406795523,-2.3886150742151613,-0.7587136129663108,-1.700125521130691,1.8406756339359065,5.971637538795149,True,15.0,True,16.0,True,19.0,MACD_PASS,yfinance,-0.09705773585878541,1.3563648883522683,6.88116923857951,0.7747814904278005,4.268164716527725,214.6394805908203,211.7671453857422,200.82067039489746,62.745098039215684,45.09803921568628,51,2,2,51,3.9215686274509802,2.8436135512954763e-05,5.043819650829562e-06,2.013527389266301e-06,"(-2,0]","(0,2]",>5,"(0,1]",<=10,"(50,75]","(25,50]",2-4,"(2,5]"
BULL_2017,SWK,yfinance,MACD_PASS,2017-08-03,2017-08-04,110.91638513983445,GREEN,214.6394195556641,211.76713470458984,200.82066635131835,-0.4552598857454482,-0.5968197226667865,-0.7257427013984645,True,2017-07-28,108.3418139521802,2.376341223888523,True,4.0,2.758804384485525,-4.396948303286585,0.0911568151890973,-3.036468673030357,-2.4193881439472653,-3.576470443596036,-2.6437582583366703,0.4834186969610687,False,,False,,False,,MACD_PASS,yfinance,-0.09705773585878541,1.3563648883522683,6.88116923857951,0.7747814904278005,4.268164716527725,214.6394805908203,211.7671453857422,200.82067039489746,62.745098039215684,45.09803921568628,51,2,2,51,3.9215686274509802,2.8436135512954763e-05,5.043819650829562e-06,2.013527389266301e-06,"(-2,0]","(0,2]",>5,"(0,1]",<=10,"(50,75]","(25,50]",2-4,"(2,5]"
BULL_2017,ITW,yfinance,MACD_PASS,2017-08-04,2017-08-07,114.19824904329182,GREEN,215.03054809570312,211.9056332397461,200.9810162353516,-0.2230066463199095,-0.3798597028357965,-0.4738296044312526,True,2017-07-26,112.4491570736518,1.55545138368125,True,3.0,0.5858285389342521,-4.6654539140714935,0.5858285389342521,-3.0561880867942537,-1.8563022302330867,-4.291372398483217,-3.634967175317138,-3.6914402583222974,False,,False,,False,,MACD_PASS,yfinance,0.20251336715499946,1.4746821436947277,6.990489901342745,0.7725518541818133,3.819871773949638,215.03057861328125,211.90564392089843,200.9810206604004,62.745098039215684,54.90196078431372,51,1,1,51,1.9607843137254901,1.4192205899377086e-05,5.040523065602542e-06,2.201724758066348e-06,"(0,2]","(0,2]",>5,"(0,1]",<=10,"(50,75]","(50,75]",1,<=2
BULL_2017,PNR,yfinance,MACD_PASS,2017-08-07,2017-08-08,36.77012447595733,GREEN,215.43028259277344,212.0322332763672,201.1409246826172,-0.0754031865097668,-0.0991432406026018,-0.1430061695942421,True,2017-07-24,36.39486933953702,1.031066035488304,True,2.0,0.3348813246416782,-5.708753604100592,0.3348813246416782,-2.00921227145745,-1.0843010541232156,-2.088952177203862,-2.63108968108996,-1.546752426632669,False,,False,,False,,MACD_PASS,yfinance,0.44572379069407475,1.6026121549969963,7.104157467462913,0.7611105737151069,3.829736413244369,215.4302978515625,212.03224334716796,201.14092948913574,64.70588235294117,62.745098039215684,51,1,1,51,1.9607843137254901,7.082936015478936e-06,4.749655557745314e-06,2.3896273404488966e-06,"(0,2]","(0,2]",>5,"(0,1]",<=10,"(50,75]","(50,75]",1,<=2
BULL_2017,ABT,yfinance,MACD_PASS,2017-08-15,2017-08-16,41.62794636782212,GREEN,214.2483367919922,212.4900323486328,202.0571061706543,-0.1482980946895288,-0.1694767048239008,-0.214668361640423,True,2017-08-09,40.78757208740114,2.060368483370856,False,,7.259384618932718,-0.938005762699412,7.259384618932718,-0.938005762699412,1.2234907403053883,2.1819039644281224,4.995920360955464,5.403727309236883,True,1.0,True,11.0,True,15.0,MACD_PASS,yfinance,-0.3033577608613003,0.8274589411689348,6.033539228385276,0.482875668866356,6.923876863702764,214.24830627441406,212.49003845214844,202.05711120605469,56.86274509803921,50.98039215686274,51,3,3,51,5.882352941176471,-1.4244021018239295e-05,2.8723773803918107e-06,2.492067951997967e-06,"(-2,0]","(0,2]",>5,"(0,1]",<=10,"(50,75]","(50,75]",2-4,"(5,10]"
BULL_2017,CTAS,yfinance,MACD_PASS,2017-08-15,2017-08-16,30.282494071393906,GREEN,214.2483367919922,212.4900323486328,202.0571061706543,-0.126189899731921,-0.1455585700542419,-0.1649266694375862,True,2017-08-11,29.551041028576247,2.4752192050030875,False,,1.747789356782059,-2.3554247411687435,1.747789356782059,-2.3554247411687435,0.5550994882568494,0.3450564777403686,-0.1275465944406861,0.97515401669499,False,,False,,False,,MACD_PASS,yfinance,-0.3033577608613003,0.8274589411689348,6.033539228385276,0.482875668866356,6.923876863702764,214.24830627441406,212.49003845214844,202.05711120605469,56.86274509803921,50.98039215686274,51,3,3,51,5.882352941176471,-1.4244021018239295e-05,2.8723773803918107e-06,2.492067951997967e-06,"(-2,0]","(0,2]",>5,"(0,1]",<=10,"(50,75]","(50,75]",2-4,"(5,10]"
BULL_2017,MHFI,yfinance,MACD_PASS,2017-08-15,2017-08-16,132.84482536799442,GREEN,214.2483367919922,212.4900323486328,202.0571061706543,-0.4292964009220965,-0.5885033249211148,-0.7192472563460547,True,2017-08-08,128.4347363312492,3.433719850812822,False,,2.17015512278671,-2.0247023696255084,2.17015512278671,-2.0247023696255084,-0.5455987700093146,1.207765837109065,-0.2028283369557404,1.326418024410292,True,13.0,False,,False,,MACD_PASS,yfinance,-0.3033577608613003,0.8274589411689348,6.033539228385276,0.482875668866356,6.923876863702764,214.24830627441406,212.49003845214844,202.05711120605469,56.86274509803921,50.98039215686274,51,3,3,51,5.882352941176471,-1.4244021018239295e-05,2.8723773803918107e-06,2.492067951997967e-06,"(-2,0]","(0,2]",>5,"(0,1]",<=10,"(50,75]","(50,75]",2-4,"(5,10]"
BULL_2017,CL,yfinance,MACD_FAIL,2017-08-16,2017-08-17,58.12792179530442,GREEN,214.6220703125,212.57538482666016,202.2204219055176,0.0602971361771514,0.0350220463426563,0.0084256266001269,False,2017-08-11,57.5142565095222,1.066979429144865,True,1.0,0.8751054705536054,-1.8474446123459831,0.5000703167581833,-1.3612809329512363,-1.6807707595803856,-0.4861759133991117,-0.2361281037996598,0.4028122350385299,False,,False,,False,,MACD_FAIL,yfinance,-0.12534859093074058,0.962808253439551,6.132742818789172,0.4482470668254246,6.674983014865317,214.62208557128906,212.5753921508789,202.22042686462402,58.8235294117647,58.8235294117647,51,2,2,51,3.9215686274509802,7.109608546329582e-06,3.445468887974812e-06,2.4523272079690628e-06,"(-2,0]","(0,2]",>5,"(0,1]",<=10,"(50,75]","(50,75]",2-4,"(2,5]"
BULL_2017,SHW,yfinance,MACD_PASS,2017-08-16,2017-08-17,102.57178164750076,GREEN,214.6220703125,212.57538482666016,202.2204219055176,-0.0916135055647644,-0.1682001194108038,-0.2040983993669305,True,2017-07-31,101.64844904715176,0.9083587688787144,True,0.0,5.918216655623554,-1.8094472748813264,0.3216109648638499,-1.015934014337616,0.8596545317197668,1.974745146483148,3.561761067650737,2.4887254859450314,False,,False,,False,,MACD_PASS,yfinance,-0.12534859093074058,0.962808253439551,6.132742818789172,0.4482470668254246,6.674983014865317,214.62208557128906,212.5753921508789,202.22042686462402,58.8235294117647,58.8235294117647,51,2,2,51,3.9215686274509802,7.109608546329582e-06,3.445468887974812e-06,2.4523272079690628e-06,"(-2,0]","(0,2]",>5,"(0,1]",<=10,"(50,75]","(50,75]",2-4,"(2,5]"
BULL_2017,DOV,yfinance,MACD_FAIL,2017-08-22,2017-08-23,59.1649025328603,GREEN,213.3184051513672,212.65634948730468,202.849084854126,-0.2122643423843036,-0.2500142722662478,-0.2180475231734822,False,2017-08-21,58.47652662247797,1.177183307802232,False,,10.719261364841914,-0.6821704916808558,10.719261364841914,-0.6821704916808558,1.1683301906426635,3.030748864868271,7.495857274549111,9.88355285827458,True,7.0,True,9.0,True,12.0,MACD_FAIL,yfinance,-0.43403674829750605,0.31131677779869804,5.161127619508332,0.2391001543965876,9.524452825240473,213.31838989257812,212.65635498046876,202.84908950805664,58.8235294117647,43.13725490196079,51,3,3,51,5.882352941176471,-7.153057912656635e-06,2.583117830745607e-06,2.2942822974769683e-06,"(-2,0]","(0,2]",>5,"(0,1]",<=10,"(50,75]","(25,50]",2-4,"(5,10]"
BULL_2017,LOW,yfinance,MACD_FAIL,2017-08-22,2017-08-23,60.817843844393614,GREEN,213.3184051513672,212.65634948730468,202.849084854126,-0.2227366952521755,-0.3369267649409382,-0.318314049876989,False,2017-08-17,61.891371607403,-1.7345354208969763,True,0.0,10.396161983622498,-1.6539191973388934,2.029196352735707,-1.6539191973388934,2.724162630521976,7.963899683730102,9.047984509703989,8.464231086900087,True,0.0,False,,False,,MACD_FAIL,yfinance,-0.43403674829750605,0.31131677779869804,5.161127619508332,0.2391001543965876,9.524452825240473,213.31838989257812,212.65635498046876,202.84908950805664,58.8235294117647,43.13725490196079,51,3,3,51,5.882352941176471,-7.153057912656635e-06,2.583117830745607e-06,2.2942822974769683e-06,"(-2,0]","(0,2]",>5,"(0,1]",<=10,"(50,75]","(25,50]",2-4,"(5,10]"
BULL_2017,TROW,yfinance,MACD_FAIL,2017-08-22,2017-08-23,59.23738756299022,GREEN,213.3184051513672,212.65634948730468,202.849084854126,-0.2439219439645692,-0.2890987406612961,-0.2629112324274412,False,2017-08-21,58.270806438974816,1.658774235478755,False,,4.034119175902395,-2.0875659905652766,4.034119175902395,-2.0875659905652766,0.5638793307087608,-1.3197201685290485,1.7874633089503211,3.840864248862808,True,14.0,True,17.0,False,,MACD_FAIL,yfinance,-0.43403674829750605,0.31131677779869804,5.161127619508332,0.2391001543965876,9.524452825240473,213.31838989257812,212.65635498046876,202.84908950805664,58.8235294117647,43.13725490196079,51,3,3,51,5.882352941176471,-7.153057912656635e-06,2.583117830745607e-06,2.2942822974769683e-06,"(-2,0]","(0,2]",>5,"(0,1]",<=10,"(50,75]","(25,50]",2-4,"(5,10]"
BULL_2017,BEN,yfinance,MACD_PASS,2017-08-23,2017-08-24,26.35524144251448,GREEN,212.55357360839844,212.67715423583985,203.01913757324215,-0.0709170793678892,-0.1017954612702832,-0.1469610088560755,True,2017-08-01,25.827767494538573,2.0422746491249866,True,8.0,2.5900519538017086,-3.5790188862896977,2.5900519538017086,-2.1427113620791083,1.7894766538917528,-3.3670913789394907,0.0235072836312522,0.9889403475658254,True,5.0,False,,False,,MACD_PASS,yfinance,-0.9637926858200974,-0.058109155101160326,4.6963213403196535,0.19208227024170021,9.589134663097814,212.55357360839844,212.67715850830078,203.0191423034668,52.94117647058823,19.607843137254903,51,1,1,51,1.9607843137254901,0.0,2.008895094718355e-06,2.329940262946195e-06,"(-2,0]","(-2,0]","(0,5]","(0,1]",<=10,"(50,75]",<=25,1,<=2
BULL_2017,ADP,yfinance,MACD_PASS,2017-08-29,2017-08-30,86.5721373578339,GREEN,212.8055877685547,212.76455841064453,203.58533920288085,-0.5040613192316206,-0.6342209047843166,-0.7575995137343585,True,2017-08-18,84.54106272878654,2.4024711347232275,False,,4.98009868016176,-0.5889011439743963,4.98009868016176,-0.5889011439743963,4.00613795258109,1.9721970512935227,1.9721970512935227,4.101597766887077,True,2.0,True,4.0,False,,MACD_PASS,yfinance,-0.24039998758229597,0.01927517526734146,4.528925510320514,0.12919349887148268,9.63362955027305,212.80557250976562,212.76456176757813,203.58534393310546,50.98039215686274,27.45098039215686,51,2,2,51,3.9215686274509802,-7.170295301950347e-06,1.5777691597662624e-06,2.323460335240668e-06,"(-2,0]","(0,2]","(0,5]","(0,1]",<=10,"(50,75]","(25,50]",2-4,"(2,5]"
BULL_2017,EMR,yfinance,MACD_PASS,2017-08-29,2017-08-30,47.2568773886886,GREEN,212.8055877685547,212.76455841064453,203.58533920288085,-0.0682440220935371,-0.0839725747840447,-0.1035770333838109,True,2017-08-21,46.81961913686095,0.9339209927134996,False,,9.972578302630208,-0.0856738117505861,9.972578302630208,-0.0856738117505861,3.1700011798549976,6.048673472984434,8.70458372266285,7.710751482354117,True,4.0,True,5.0,True,8.0,MACD_PASS,yfinance,-0.24039998758229597,0.01927517526734146,4.528925510320514,0.12919349887148268,9.63362955027305,212.80557250976562,212.76456176757813,203.58534393310546,50.98039215686274,27.45098039215686,51,2,2,51,3.9215686274509802,-7.170295301950347e-06,1.5777691597662624e-06,2.323460335240668e-06,"(-2,0]","(0,2]","(0,5]","(0,1]",<=10,"(50,75]","(25,50]",2-4,"(2,5]"
BULL_2017,LEG,yfinance,MACD_FAIL,2017-08-30,2017-08-31,32.55885927152398,GREEN,213.8137664794922,212.81670623779297,203.7280048370361,0.0364513665574348,-0.0256257246901159,-0.0504336710375529,False,2017-07-28,31.446096796918297,3.5386346413419867,True,4.0,4.588979221325928,-6.619076724579354,0.7571018773431915,-6.619076724579354,-2.011691856614517,-0.0332931269301894,1.9508173044494592,4.065681768485341,False,,False,,False,,MACD_FAIL,yfinance,0.5928824670882626,0.4685046928191161,4.950599013647494,0.11352116148417579,9.80733813540137,213.8137664794922,212.81671020507812,203.72800964355469,49.01960784313726,64.70588235294117,51,3,3,51,5.882352941176471,0.0,1.864179388633147e-06,2.3592822140372505e-06,"(0,2]","(0,2]","(0,5]","(0,1]",<=10,"(25,50]","(50,75]",2-4,"(5,10]"
BULL_2017,MMM,yfinance,MACD_PASS,2017-08-30,2017-08-31,127.21849060058594,GREEN,213.8137664794922,212.81670623779297,203.7280048370361,-0.033378967099641,-0.0952944852910864,-0.1311978257006002,True,2017-08-25,125.35675658278532,1.485148522146984,True,2.0,5.055770104277624,-1.8647263372183365,0.2887570657088556,-1.8647263372183365,0.6704975213469133,4.41953603951164,3.151873289857709,2.730986228185772,False,,False,,False,,MACD_PASS,yfinance,0.5928824670882626,0.4685046928191161,4.950599013647494,0.11352116148417579,9.80733813540137,213.8137664794922,212.81671020507812,203.72800964355469,49.01960784313726,64.70588235294117,51,3,3,51,5.882352941176471,0.0,1.864179388633147e-06,2.3592822140372505e-06,"(0,2]","(0,2]","(0,5]","(0,1]",<=10,"(25,50]","(50,75]",2-4,"(5,10]"
BULL_2017,WMT,yfinance,MACD_PASS,2017-08-30,2017-08-31,22.840356122390432,GREEN,213.8137664794922,212.81670623779297,203.7280048370361,-0.1073008020597784,-0.1135943759374901,-0.1233896983706343,True,2017-08-28,22.52070931530449,1.419346089906326,False,,3.2061270052022195,-1.1068647830101086,3.2061270052022195,-1.1068647830101086,0.3562391465480763,2.2646269406073616,1.1832339131468306,-0.5852365075951438,True,3.0,True,11.0,False,,MACD_PASS,yfinance,0.5928824670882626,0.4685046928191161,4.950599013647494,0.11352116148417579,9.80733813540137,213.8137664794922,212.81671020507812,203.72800964355469,49.01960784313726,64.70588235294117,51,3,3,51,5.882352941176471,0.0,1.864179388633147e-06,2.3592822140372505e-06,"(0,2]","(0,2]","(0,5]","(0,1]",<=10,"(25,50]","(50,75]",2-4,"(5,10]"
BULL_2017,JNJ,yfinance,MACD_FAIL,2017-08-31,2017-09-01,104.24811756703429,GREEN,215.10006713867188,212.895622253418,203.8763743591309,-0.0700514810348117,-0.1115069166289322,-0.0654166153745421,False,2017-08-30,102.91157272411644,1.298731335591241,True,1.0,2.405667089281671,-2.6772617908901952,0.0376981830074285,-2.1719462701034864,0.4600167712946135,2.096527663895986,-1.0784628645981065,-1.0407360166448942,False,,False,,False,,MACD_FAIL,yfinance,1.4344724108980023,1.0354629124532666,5.505151345998871,0.1456295126301299,10.03233803375318,215.10008239746094,212.89562713623047,203.8763791656494,56.86274509803921,88.23529411764706,51,2,2,51,3.9215686274509802,7.093809539782114e-06,2.293524126173452e-06,2.357565231925207e-06,"(0,2]","(0,2]",>5,"(0,1]","(10,20]","(50,75]",>75,2-4,"(2,5]"
BULL_2017,PEP,yfinance,MACD_PASS,2017-08-31,2017-09-01,87.98093916773385,GREEN,215.10006713867188,212.895622253418,203.8763743591309,-0.1775609526931015,-0.2204667384222596,-0.2279786538652209,True,2017-08-25,87.14235049122316,0.962320469649436,True,8.0,1.6553963745603584,-5.564217076362144,1.6553963745603584,-1.4560734886155946,0.2686505162835306,-0.3380437684549098,-2.9814559376580285,-5.425541679621048,False,,False,,False,,MACD_PASS,yfinance,1.4344724108980023,1.0354629124532666,5.505151345998871,0.1456295126301299,10.03233803375318,215.10008239746094,212.89562713623047,203.8763791656494,56.86274509803921,88.23529411764706,51,2,2,51,3.9215686274509802,7.093809539782114e-06,2.293524126173452e-06,2.357565231925207e-06,"(0,2]","(0,2]",>5,"(0,1]","(10,20]","(50,75]",>75,2-4,"(2,5]"
BULL_2017,KO,yfinance,MACD_PASS,2017-09-01,2017-09-05,34.62409774763384,GREEN,215.40423583984372,212.98253479003907,204.01903060913085,-0.0286156185922594,-0.0476679416117119,-0.0573937266822494,True,2017-08-24,34.24569381956104,1.1049679123646738,True,16.0,2.688546658474089,-2.222661684149063,2.688546658474089,-2.222661684149063,2.1202504387210386,1.302490242029419,0.3991023204956034,-0.4380706465475281,True,5.0,False,,False,,MACD_PASS,yfinance,1.3411571689151414,1.137047363337107,5.580467322197036,0.18558677381381727,10.02414967327486,215.4042510986328,212.98253875732422,204.01903549194336,58.8235294117647,82.3529411764706,51,1,1,51,1.9607843137254901,7.083792485929052e-06,1.862727927459673e-06,2.39331228168993e-06,"(0,2]","(0,2]",>5,"(0,1]","(10,20]","(50,75]",>75,1,<=2
BULL_2017,APD,yfinance,MACD_FAIL,2017-09-08,2017-09-11,117.28716309914805,GREEN,214.3091583251953,213.24622894287108,204.557914352417,-0.1363505744637547,-0.1683260296003489,-0.1565388029334694,False,2017-09-06,115.50385989439056,1.5439338619402054,False,,5.688800312759423,-0.4383257405153107,5.688800312759423,-0.4383257405153107,3.383378815637017,3.780567065202156,4.239408610368001,5.261527621871776,True,0.0,True,1.0,True,16.0,MACD_FAIL,yfinance,-0.36772177853993115,0.4984293373181181,4.766959651289282,0.2599112066236531,8.954138752058633,214.30911254882812,213.2462307739258,204.5579190826416,60.78431372549019,60.78431372549019,51,3,3,51,5.882352941176471,-2.135996779450977e-05,8.586574784530399e-07,2.3124133941010427e-06,"(-2,0]","(0,2]","(0,5]","(0,1]",<=10,"(50,75]","(50,75]",2-4,"(5,10]"
BULL_2017,CINF,yfinance,MACD_FAIL,2017-09-08,2017-09-11,60.04576945918917,GREEN,214.3091583251953,213.24622894287108,204.557914352417,-0.3393350424771064,-0.4240255513534493,-0.3570081213075476,False,2017-08-22,57.4220501731846,4.569184273448013,False,,2.7066065656770943,-1.8764331725629968,2.7066065656770943,-1.8764331725629968,-0.1706105482321973,0.8046294525589248,2.363219371547931,0.8574608555814045,True,13.0,False,,False,,MACD_FAIL,yfinance,-0.36772177853993115,0.4984293373181181,4.766959651289282,0.2599112066236531,8.954138752058633,214.30911254882812,213.2462307739258,204.5579190826416,60.78431372549019,60.78431372549019,51,3,3,51,5.882352941176471,-2.135996779450977e-05,8.586574784530399e-07,2.3124133941010427e-06,"(-2,0]","(0,2]","(0,5]","(0,1]",<=10,"(50,75]","(50,75]",2-4,"(5,10]"
BULL_2017,MDT,yfinance,MACD_FAIL,2017-09-08,2017-09-11,64.72194363976385,GREEN,214.3091583251953,213.24622894287108,204.557914352417,0.1474265758931008,0.0110684736176938,-0.0258135310604517,False,2017-08-23,62.180254460049376,4.087614632306624,True,10.0,0.5957319881268353,-6.413533598062104,0.5957319881268353,-5.288769797191783,0.1823290759257911,-4.838927794220593,-4.542295658058315,-5.912085667690992,False,,False,,False,,MACD_FAIL,yfinance,-0.36772177853993115,0.4984293373181181,4.766959651289282,0.2599112066236531,8.954138752058633,214.30911254882812,213.2462307739258,204.5579190826416,60.78431372549019,60.78431372549019,51,3,3,51,5.882352941176471,-2.135996779450977e-05,8.586574784530399e-07,2.3124133941010427e-06,"(-2,0]","(0,2]","(0,5]","(0,1]",<=10,"(50,75]","(50,75]",2-4,"(5,10]"
BULL_2017,GD,yfinance,MACD_PASS,2017-09-11,2017-09-12,163.86934410550762,GREEN,216.5950164794922,213.3828567504883,204.6966790008545,-0.0798593050474633,-0.2219174050304349,-0.223579081358809,True,2017-09-07,160.43440258388168,2.141025532120522,False,,7.541418871991179,-1.7209782107086236,7.541418871991179,-1.7209782107086236,1.6158687882568137,2.7214766304224813,5.322921088489285,6.757869426461216,True,5.0,True,7.0,True,15.0,MACD_PASS,yfinance,0.5527624557325028,1.5053078043493873,5.812620715018069,0.3079724837199205,9.636923288310657,216.5949249267578,213.3828561401367,204.69668312072753,78.43137254901961,76.47058823529412,51,1,1,51,1.9607843137254901,-4.226908627558146e-05,-2.86035906071902e-07,2.012672140061511e-06,"(0,2]","(0,2]",>5,"(0,1]",<=10,>75,>75,1,<=2
BULL_2017,CLX,yfinance,MACD_FAIL,2017-09-12,2017-09-13,102.90996466672796,GREEN,217.3251037597656,213.52626403808597,204.8385803985596,-0.3518614446831437,-0.3735114391393532,-0.3430738353637441,False,2017-09-11,101.64217192582758,1.2473097700288482,True,6.0,1.7777748212347566,-6.314575623022678,1.7777748212347566,-3.5482793712785843,-0.1401988933131481,-4.595778691199904,-3.149944544344907,-3.70319630974284,False,,False,,False,,MACD_FAIL,yfinance,1.6215579076910513,1.7790834601238759,6.095769794162975,0.35955922912256355,9.108482764251535,217.3250732421875,213.52626281738281,204.8385846710205,74.50980392156863,76.47058823529412,51,1,1,51,1.9607843137254901,-1.4042362139754516e-05,-5.716875861594417e-07,2.0857696236831202e-06,"(0,2]","(0,2]",>5,"(0,1]",<=10,"(50,75]",>75,1,<=2
BULL_2017,ECL,yfinance,MACD_PASS,2017-09-15,2017-09-18,119.33121610919724,GREEN,217.6524353027344,213.9635513305664,205.2631492614746,-0.0673350478642472,-0.1173153474627706,-0.1812001727783302,True,2017-09-12,117.3145292244848,1.7190427290156407,True,9.0,2.914955932950169,-2.6096911934024303,0.7172965881302007,-2.6096911934024303,0.3357899456895241,-0.3051992543363968,0.770724297399239,2.594446205385625,False,,False,,False,,MACD_PASS,yfinance,1.5600469406752415,1.7240714925988554,6.035804382174081,0.5016183743882241,6.7495472392751665,217.65243530273438,213.96355072021484,205.263152923584,70.58823529411765,68.62745098039215,51,2,2,51,3.9215686274509802,-1.1102230246251565e-14,-2.852595937241631e-07,1.7841046417998996e-06,"(0,2]","(0,2]",>5,"(0,1]",<=10,"(50,75]","(50,75]",2-4,"(2,5]"
BULL_2017,MCD,yfinance,MACD_FAIL,2017-09-15,2017-09-18,128.36423547127376,GREEN,217.6524353027344,213.9635513305664,205.2631492614746,-0.3683392158094615,-0.3335596123453926,-0.2691054036562709,False,2017-09-14,127.00502812871665,1.0701996311355488,True,6.0,5.08493209110763,-2.82148923843889,1.502608847369502,-2.82148923843889,-0.9256848087466962,-0.4818798130974744,1.5216498159152714,4.622079717621874,False,,False,,False,,MACD_FAIL,yfinance,1.5600469406752415,1.7240714925988554,6.035804382174081,0.5016183743882241,6.7495472392751665,217.65243530273438,213.96355072021484,205.263152923584,70.58823529411765,68.62745098039215,51,2,2,51,3.9215686274509802,-1.1102230246251565e-14,-2.852595937241631e-07,1.7841046417998996e-06,"(0,2]","(0,2]",>5,"(0,1]",<=10,"(50,75]","(50,75]",2-4,"(2,5]"
BULL_2017,VFC,yfinance,MACD_FAIL,2017-09-26,2017-09-27,45.51102224803338,GREEN,217.5563507080078,214.81647644042968,206.24705108642576,-0.1074479317377369,-0.1610707222712746,-0.1545669956219216,False,2017-09-19,44.83370276632085,1.5107373246479483,False,,15.138433753165703,-0.8321346860527323,15.138433753165703,-0.8321346860527323,3.872602594440666,2.9764496670650957,4.128653472479016,14.01827078704896,True,2.0,True,4.0,True,7.0,MACD_FAIL,yfinance,-0.35604866907014143,1.2754426050543666,5.4833665392754805,0.6042403285518194,5.678049675280513,217.55633544921875,214.816474609375,206.24705352783204,68.62745098039215,49.01960784313726,51,1,1,51,1.9607843137254901,-7.013718061887886e-06,-8.523809325033938e-07,1.1837290703198278e-06,"(-2,0]","(0,2]",>5,"(0,1]",<=10,"(50,75]","(25,50]",1,<=2
BULL_2017,BCR,legacy_fallback,MACD_PASS,2017-09-28,2017-09-29,319.19,GREEN,218.66563415527344,214.9943603515625,206.49432243347167,-0.1951331838126024,-0.2876362277267594,-0.3455073104854562,True,2017-09-19,317.34,0.5829709459885368,False,,3.483818415363893,-0.0532598139039497,3.483818415363893,-0.0532598139039497,0.880353394529898,1.3126977662207384,3.436824461919241,2.7883079043829584,True,13.0,True,15.0,False,,MACD_PASS,yfinance,0.38491069921871013,1.7075879240470604,5.894229521551031,0.5624570752616798,5.615660115302503,218.6655731201172,214.99435546875,206.49432373046875,68.62745098039215,58.8235294117647,51,1,1,51,1.9607843137254901,-2.791255081513455e-05,-2.2711351577164862e-06,6.281030140442567e-07,"(0,2]","(0,2]",>5,"(0,1]",<=10,"(50,75]","(50,75]",1,<=2
BULL_2017,BDX,yfinance,MACD_PASS,2017-09-29,2017-10-02,131.8331012969593,GREEN,219.43418884277344,215.0878219604492,206.61654830932616,-0.0790176393225697,-0.2344995192082997,-0.2919670456206029,True,2017-09-15,128.23113490658423,2.808963979769108,False,,9.044727654358445,-1.9602845478059796,9.044727654358445,-1.9602845478059796,0.116818177504574,1.9856546783146636,7.170777800592076,5.962105964950126,True,9.0,True,11.0,True,12.0,MACD_PASS,yfinance,0.7176094709350433,2.0207640252317915,6.20360988175046,0.52544774977481,5.394148336350176,219.43423461914062,215.0878173828125,206.61654991149902,68.62745098039215,64.70588235294117,51,1,1,51,1.9607843137254901,2.0861091631907414e-05,-2.1282640094710814e-06,7.754329844900099e-07,"(0,2]",>2,>5,"(0,1]",<=10,"(50,75]","(50,75]",1,<=2
BULL_2017,PG,yfinance,MACD_FAIL,2017-10-02,2017-10-03,72.24060912216527,GREEN,220.38629150390625,215.20414978027344,206.75158241271973,-0.2607821185767993,-0.3074050599759066,-0.2958307797501055,False,2017-09-25,70.96799121880929,1.793228019421078,True,13.0,1.685495320469621,-6.0870804592788925,1.685495320469621,-4.038339013094861,-0.3697449573280886,0.9134272733756889,-4.706645314252123,-5.407827650985575,False,,False,,False,,MACD_FAIL,yfinance,1.3618675540906455,2.4080280558346656,6.594744117793239,0.5075586427317758,5.521776387670995,220.38632202148438,215.2041458129883,206.75158409118652,70.58823529411765,64.70588235294117,51,1,1,51,1.9607843137254901,1.384731234121972e-05,-1.843498442788416e-06,8.118277827762199e-07,"(0,2]",>2,>5,"(0,1]",<=10,"(50,75]","(50,75]",1,<=2
BULL_2017,JNJ,yfinance,MACD_PASS,2017-10-03,2017-10-04,104.09084703555534,GREEN,220.85792541503903,215.33095275878907,206.8849938964844,-0.1369635366317369,-0.2485410263668869,-0.3335315623559707,True,2017-09-26,101.4571225476898,2.5958990573851315,False,,9.025691541859926,-0.2265768933518819,9.025691541859926,-0.2265768933518819,3.2099890182822,6.253791420107402,7.522661768155636,5.725088722996419,True,5.0,True,5.0,True,9.0,MACD_PASS,yfinance,1.517586338174004,2.566742919837206,6.753967490192014,0.49465566848538867,4.559859287345508,220.85794067382812,215.3309487915039,206.88499534606933,70.58823529411765,68.62745098039215,51,2,2,51,3.9215686274509802,6.9088709642173285e-06,-1.8424128556127073e-06,7.006718538704604e-07,"(0,2]",>2,>5,"(0,1]",<=10,"(50,75]","(50,75]",2-4,"(2,5]"
BULL_2017,WMT,yfinance,MACD_FAIL,2017-10-03,2017-10-04,23.035051821218143,GREEN,220.85792541503903,215.33095275878907,206.8849938964844,-0.0430887510545236,-0.0578840404772553,-0.0541888823014554,False,2017-10-02,22.520707118127067,2.283874571047884,False,,12.413271681072512,-1.2867252488720449,12.413271681072512,-1.2867252488720449,8.149363657794506,8.767505516516927,11.618544386961592,10.9373073952443,True,3.0,True,4.0,True,4.0,MACD_FAIL,yfinance,1.517586338174004,2.566742919837206,6.753967490192014,0.49465566848538867,4.559859287345508,220.85794067382812,215.3309487915039,206.88499534606933,70.58823529411765,68.62745098039215,51,2,2,51,3.9215686274509802,6.9088709642173285e-06,-1.8424128556127073e-06,7.006718538704604e-07,"(0,2]",>2,>5,"(0,1]",<=10,"(50,75]","(50,75]",2-4,"(2,5]"
BULL_2017,ED,yfinance,MACD_PASS,2017-10-04,2017-10-05,59.77890300477178,GREEN,221.1199493408203,215.45256774902344,207.02161392211917,-0.1464248699780602,-0.2245883908986499,-0.2602522190259133,True,2017-09-20,58.48522548728294,2.211973206412865,False,,6.149857509814627,-0.8558553210468833,6.149857509814627,-0.8558553210468833,2.1273884399205967,3.7290355158555935,4.535994715798375,6.125408755845085,True,5.0,True,10.0,True,15.0,MACD_PASS,yfinance,1.2437737082900968,2.6304775566238003,6.810100149552878,0.4771487487647885,4.511660904888812,221.1199951171875,215.4525637817383,207.02161575317382,76.47058823529412,84.31372549019608,51,1,1,51,1.9607843137254901,2.070205213922094e-05,-1.8413728763988502e-06,8.844751153702646e-07,"(0,2]",>2,>5,"(0,1]",<=10,>75,>75,1,<=2
BULL_2017,PEP,yfinance,MACD_PASS,2017-10-05,2017-10-06,84.00812495717675,GREEN,222.43011474609372,215.6002117919922,207.16267486572264,-0.2202009753979196,-0.3112202241899859,-0.3314643870281266,True,2017-09-21,80.97326564124147,3.747976930288899,False,,3.14062346224031,-0.8985953531766011,3.14062346224031,-0.8985953531766011,2.2238446433824555,1.3070889946287023,0.390315182406753,0.0454000030118528,True,4.0,True,6.0,False,,MACD_PASS,yfinance,1.7215907897488725,3.167850368212055,7.369774783783822,0.49209306787532103,4.726794430765248,222.4300994873047,215.60020751953124,207.1626767730713,76.47058823529412,86.27450980392157,51,1,1,51,1.9607843137254901,-6.860037393696672e-06,-1.9816589813537178e-06,9.207009155076662e-07,"(0,2]",>2,>5,"(0,1]",<=10,>75,>75,1,<=2
BULL_2017,TGT,yfinance,MACD_FAIL,2017-10-10,2017-10-11,44.53491515893676,GREEN,222.39517211914065,216.04948486328124,207.5771830749512,-0.2637790971603329,-0.2905937322280579,-0.2092764942518599,False,2017-10-09,42.97823693520622,3.6220150819061834,False,,10.088235964092096,-0.7094670550107596,10.088235964092096,-0.7094670550107596,3.8760875749432433,7.146548935843677,1.8515146247415128,1.0036283384764255,True,0.0,True,0.0,True,2.0,MACD_FAIL,yfinance,0.6960134297387954,2.9371340667999846,7.138528986058157,0.5739802557661156,3.501307688492035,222.3951416015625,216.04947875976563,207.5771841430664,78.43137254901961,68.62745098039215,51,1,1,51,1.9607843137254901,-1.3722230507440258e-05,-2.8250544570340708e-06,5.145629256020356e-07,"(0,2]",>2,>5,"(0,1]",<=10,>75,"(50,75]",1,<=2
BULL_2017,CLX,yfinance,MACD_PASS,2017-10-11,2017-10-12,99.11419443279804,GREEN,222.7445373535156,216.205329284668,207.71904121398927,-0.0341584590701242,-0.1613735561632974,-0.2319986239787215,True,2017-10-09,96.76844893343151,2.424080911930493,True,12.0,1.6984387954384728,-4.3305009660394855,1.294408212347986,-4.3305009660394855,-0.3369899947724963,-1.4239806793180376,-0.3291846485262151,0.7501392462152978,False,,False,,False,,MACD_PASS,yfinance,0.7347087773922567,3.024560104494456,7.233588347816644,0.6006900956575523,3.4948810494059805,222.7445831298828,216.20532318115235,207.7190426635742,82.3529411764706,62.745098039215684,51,1,1,51,1.9607843137254901,2.0551061652440694e-05,-2.8230181414734545e-06,6.978584821126788e-07,"(0,2]",>2,>5,"(0,1]",<=10,>75,"(50,75]",1,<=2
BULL_2017,GD,yfinance,MACD_FAIL,2017-10-30,2017-10-31,169.8486294327047,GREEN,224.25559997558597,218.73728515625,209.60008850097657,-1.071733950529552,-1.0940419940620252,-0.963907018751244,False,2017-10-27,167.98849219723576,1.1073003936989734,True,0.0,0.0,-4.191727861962368,0.0,-1.6621476664205104,-1.2599250870745982,-2.975355622862741,-3.033552404242146,-1.0612403051994843,False,,False,,False,,MACD_FAIL,yfinance,0.24991511017125045,2.5228149638177877,6.992136574279906,0.9530330430254308,5.117592261768941,224.255615234375,218.7372784423828,209.60009063720702,66.66666666666667,21.568627450980394,51,1,1,51,1.9607843137254901,6.804195318288464e-06,-3.069374843178707e-06,1.0191934851633278e-06,"(0,2]",>2,>5,"(0,1]",<=10,"(50,75]",<=25,1,<=2
BULL_2017,ECL,yfinance,MACD_FAIL,2017-11-01,2017-11-02,119.6044213341328,GREEN,224.9019927978516,219.23884063720703,209.89709106445312,-0.2308877247567382,-0.2354073832368507,-0.1709473126951063,False,2017-10-31,117.60118362579152,1.7034162808391429,False,,4.133986780815735,-1.5987770251531752,4.133986780815735,-1.5987770251531752,-0.8374527383189889,0.4872444130333386,1.1496248829925282,2.6951197769023105,True,17.0,True,19.0,False,,MACD_FAIL,yfinance,0.8617525897571143,2.5830722709814014,7.14866425802172,1.0337785588011794,5.104080705983702,224.9019317626953,219.23883422851563,209.89709327697753,66.66666666666667,29.41176470588235,51,1,1,51,1.9607843137254901,-2.713855734581827e-05,-2.92315512906427e-06,1.0540996076002784e-06,"(0,2]",>2,>5,>1,<=10,"(50,75]","(25,50]",1,<=2
BULL_2017,CL,yfinance,MACD_PASS,2017-11-02,2017-11-03,57.62757824529949,GREEN,224.98928833007807,219.48755493164063,210.04931190490723,-0.262133664097154,-0.3320770695085702,-0.3825911423527679,True,2017-10-23,56.060629654174846,2.7950963105316307,False,,5.142244162545384,-1.7329051932292394,5.142244162545384,-1.7329051932292394,3.1416946023516745,1.2820326240895463,1.4370099719188234,4.987270137927102,True,3.0,True,3.0,True,20.0,MACD_PASS,yfinance,0.7706943555039425,2.5066363855794194,7.1126104136491675,1.0689766204292406,4.741579828516392,224.9893035888672,219.487548828125,210.0493141937256,64.70588235294117,23.529411764705884,51,4,4,51,7.8431372549019605,6.7820069338253575e-06,-2.7808025993003582e-06,1.0896576307928285e-06,"(0,2]",>2,>5,>1,<=10,"(50,75]",<=25,2-4,"(5,10]"
BULL_2017,MHFI,yfinance,MACD_FAIL,2017-11-02,2017-11-03,136.81360356936824,GREEN,224.98928833007807,219.48755493164063,210.04931190490723,-0.8366626673710617,-0.7317807200648656,-0.6150741505659183,False,2017-11-01,136.02548657963337,0.5793892082668561,False,,8.437747720780875,-0.9856639334311468,8.437747720780875,-0.9856639334311468,0.4479891520407175,2.7841473757775903,5.486223605685336,7.44961589567692,True,1.0,True,9.0,True,12.0,MACD_FAIL,yfinance,0.7706943555039425,2.5066363855794194,7.1126104136491675,1.0689766204292406,4.741579828516392,224.9893035888672,219.487548828125,210.0493141937256,64.70588235294117,23.529411764705884,51,4,4,51,7.8431372549019605,6.7820069338253575e-06,-2.7808025993003582e-06,1.0896576307928285e-06,"(0,2]",>2,>5,>1,<=10,"(50,75]",<=25,2-4,"(5,10]"
BULL_2017,PEP,yfinance,MACD_PASS,2017-11-02,2017-11-03,83.98526070186959,GREEN,224.98928833007807,219.48755493164063,210.04931190490723,-0.0436492399713335,-0.0486788077347355,-0.052287089379094,True,2017-11-01,83.52774832205299,0.5477369963962087,True,1.0,8.062499272726221,-0.89886882838216,0.4630489731765941,-0.862539236350679,2.369705289577806,4.1220305595002005,5.184301333503272,7.385967794891823,False,,False,,False,,MACD_PASS,yfinance,0.7706943555039425,2.5066363855794194,7.1126104136491675,1.0689766204292406,4.741579828516392,224.9893035888672,219.487548828125,210.0493141937256,64.70588235294117,23.529411764705884,51,4,4,51,7.8431372549019605,6.7820069338253575e-06,-2.7808025993003582e-06,1.0896576307928285e-06,"(0,2]",>2,>5,>1,<=10,"(50,75]",<=25,2-4,"(5,10]"
BULL_2017,TROW,yfinance,MACD_FAIL,2017-11-02,2017-11-03,67.80195709955882,GREEN,224.98928833007807,219.48755493164063,210.04931190490723,-0.4178609063438774,-0.4963262180540355,-0.4507471215450191,False,2017-11-01,66.1562937882948,2.487538550043733,False,,9.592659358992584,-4.020649540107401,9.592659358992584,-4.020649540107401,-1.2557544503460694,1.2874724397692994,3.3875320717809965,8.505717815952728,True,12.0,True,12.0,True,16.0,MACD_FAIL,yfinance,0.7706943555039425,2.5066363855794194,7.1126104136491675,1.0689766204292406,4.741579828516392,224.9893035888672,219.487548828125,210.0493141937256,64.70588235294117,23.529411764705884,51,4,4,51,7.8431372549019605,6.7820069338253575e-06,-2.7808025993003582e-06,1.0896576307928285e-06,"(0,2]",>2,>5,>1,<=10,"(50,75]",<=25,2-4,"(5,10]"
BULL_2017,ABT,yfinance,MACD_PASS,2017-11-03,2017-11-06,47.1884681390301,GREEN,225.74050903320312,219.76120300292968,210.20171508789065,-0.1939646517634513,-0.263681233490331,-0.2663527273476445,True,2017-11-01,45.729819335230985,3.18971040122904,False,,2.458423385721531,-1.7715192652112854,2.458423385721531,-1.7715192652112854,-0.0361497899152962,-0.0542497781424455,1.265335562749903,-0.9580689312231438,True,14.0,False,,False,,MACD_PASS,yfinance,0.2871724357846217,2.7208026877063807,7.392302097234205,1.076653803428318,4.792968962508517,225.74046325683594,219.7611947631836,210.20171730041503,64.70588235294117,33.333333333333336,51,5,5,51,9.803921568627452,-2.027831308426542e-05,-3.7494088944711734e-06,1.0525719851273152e-06,"(0,2]",>2,>5,>1,<=10,"(50,75]","(25,50]",5-9,"(5,10]"
BULL_2017,CINF,yfinance,MACD_PASS,2017-11-03,2017-11-06,57.37240404213284,GREEN,225.74050903320312,219.76120300292968,210.20171508789065,-0.3287219072660231,-0.4392086626523084,-0.5694613489054743,True,2017-10-30,55.57207428792258,3.2396302950338463,False,,5.9884294797518,-0.3870594325012688,5.9884294797518,-0.3870594325012688,1.3270728131180132,1.506755677427729,2.6403189102839564,3.511286115792367,True,1.0,True,7.0,True,17.0,MACD_PASS,yfinance,0.2871724357846217,2.7208026877063807,7.392302097234205,1.076653803428318,4.792968962508517,225.74046325683594,219.7611947631836,210.20171730041503,64.70588235294117,33.333333333333336,51,5,5,51,9.803921568627452,-2.027831308426542e-05,-3.7494088944711734e-06,1.0525719851273152e-06,"(0,2]",>2,>5,>1,<=10,"(50,75]","(25,50]",5-9,"(5,10]"
BULL_2017,CTAS,yfinance,MACD_FAIL,2017-11-03,2017-11-06,33.63080555088745,GREEN,225.74050903320312,219.76120300292968,210.20171508789065,-0.2185147722552817,-0.228284340006724,-0.2143590720695206,False,2017-11-01,33.06972179315932,1.6966691199809203,False,,9.036105310743237,-1.3976895771805051,9.036105310743237,-1.3976895771805051,0.616701534763342,1.2312353381368712,3.8123839352477873,6.714444902048311,True,6.0,True,15.0,True,16.0,MACD_FAIL,yfinance,0.2871724357846217,2.7208026877063807,7.392302097234205,1.076653803428318,4.792968962508517,225.74046325683594,219.7611947631836,210.20171730041503,64.70588235294117,33.333333333333336,51,5,5,51,9.803921568627452,-2.027831308426542e-05,-3.7494088944711734e-06,1.0525719851273152e-06,"(0,2]",>2,>5,>1,<=10,"(50,75]","(25,50]",5-9,"(5,10]"
BULL_2017,KO,yfinance,MACD_FAIL,2017-11-03,2017-11-06,35.021665393637754,GREEN,225.74050903320312,219.76120300292968,210.20171508789065,-0.0480776381672571,-0.0531298527047996,-0.0512970971397559,False,2017-11-01,34.80806775273677,0.6136440621131278,True,0.0,3.4197319865982845,-1.5247230744303564,0.021778090974589,-1.0673092574501997,1.764312131313206,-0.980189552800914,-0.1742614294202749,1.5884435615050707,False,,False,,False,,MACD_FAIL,yfinance,0.2871724357846217,2.7208026877063807,7.392302097234205,1.076653803428318,4.792968962508517,225.74046325683594,219.7611947631836,210.20171730041503,64.70588235294117,33.333333333333336,51,5,5,51,9.803921568627452,-2.027831308426542e-05,-3.7494088944711734e-06,1.0525719851273152e-06,"(0,2]",>2,>5,>1,<=10,"(50,75]","(25,50]",5-9,"(5,10]"
BULL_2017,LOW,yfinance,MACD_FAIL,2017-11-03,2017-11-06,66.53307781983054,GREEN,225.74050903320312,219.76120300292968,210.20171508789065,-0.4221982327640562,-0.4005089195824445,-0.2284812802004702,False,2017-10-31,64.02674176782567,3.91451444006532,False,,13.07627996953078,-1.4940227373584247,13.07627996953078,-1.4940227373584247,-0.996013361244752,4.022515373379276,4.303470052668823,10.215845417876878,True,9.0,True,10.0,True,16.0,MACD_FAIL,yfinance,0.2871724357846217,2.7208026877063807,7.392302097234205,1.076653803428318,4.792968962508517,225.74046325683594,219.7611947631836,210.20171730041503,64.70588235294117,33.333333333333336,51,5,5,51,9.803921568627452,-2.027831308426542e-05,-3.7494088944711734e-06,1.0525719851273152e-06,"(0,2]",>2,>5,>1,<=10,"(50,75]","(25,50]",5-9,"(5,10]"
BULL_2017,BEN,yfinance,MACD_PASS,2017-11-06,2017-11-07,26.61141643914564,GREEN,226.0898284912109,220.03192810058596,210.3584051513672,-0.1506239776232324,-0.1660360056718742,-0.1889749743601763,True,2017-10-30,26.25609984986104,1.3532725397769951,True,0.0,5.176864572960138,-5.785884630043658,0.3513739299702445,-2.365889796260834,-4.356990285773421,-2.6001368845340544,1.030678187558154,3.747957013850356,False,,False,,False,,MACD_PASS,yfinance,0.8179186566668495,2.7532021624015357,7.478396674156507,1.0939907309618357,4.710056690851773,226.08984375,220.03192016601562,210.35840759277343,62.745098039215684,47.05882352941177,51,1,1,51,1.9607843137254901,6.7489940525078396e-06,-3.606099530095719e-06,1.160593621207795e-06,"(0,2]",>2,>5,>1,<=10,"(50,75]","(25,50]",1,<=2
BULL_2017,ADP,yfinance,MACD_FAIL,2017-11-08,2017-11-09,92.61951941747311,GREEN,226.3168792724609,220.5695617675781,210.6511651611328,-0.6208380693705438,-0.6319772903840752,-0.6264962988870597,False,2017-11-06,90.47017827584614,2.3757454473821937,False,,4.685842697362275,-2.2581532117159075,4.685842697362275,-2.2581532117159075,-0.9014680461680746,-1.8029636949810413,1.526252157722685,4.118159233617669,True,13.0,True,16.0,False,,MACD_FAIL,yfinance,0.6291465606652391,2.6056805122089743,7.4368098421053075,1.168584944071993,4.703987130276217,226.31689453125,220.56955657958986,210.65116775512695,64.70588235294117,58.8235294117647,51,2,2,51,3.9215686274509802,6.742223179756479e-06,-2.3520871139659505e-06,1.2314169461902225e-06,"(0,2]",>2,>5,>1,<=10,"(50,75]","(50,75]",2-4,"(2,5]"
BULL_2017,PG,yfinance,MACD_FAIL,2017-11-08,2017-11-09,69.13333109862839,GREEN,226.3168792724609,220.5695617675781,210.6511651611328,0.0086226182648824,-0.0848379939480572,-0.1647141055002851,False,2017-10-24,67.60583061133306,2.259421226664537,False,,5.22036683767193,-0.057235744976114,5.22036683767193,-0.057235744976114,2.175161340856424,1.2592808229132446,3.4458749305827707,3.4573631658244786,True,2.0,True,14.0,True,16.0,MACD_FAIL,yfinance,0.6291465606652391,2.6056805122089743,7.4368098421053075,1.168584944071993,4.703987130276217,226.31689453125,220.56955657958986,210.65116775512695,64.70588235294117,58.8235294117647,51,2,2,51,3.9215686274509802,6.742223179756479e-06,-2.3520871139659505e-06,1.2314169461902225e-06,"(0,2]",>2,>5,>1,<=10,"(50,75]","(50,75]",2-4,"(2,5]"
BULL_2017,SYY,yfinance,MACD_FAIL,2017-11-09,2017-11-10,43.02230975615286,GREEN,225.4958648681641,220.8032037353516,210.79119285583496,-0.1813471483510078,-0.1795772224062259,-0.1628499901464263,False,2017-11-08,41.945762691871984,2.566521610750172,False,,16.385558287020018,-0.5561080500933069,16.385558287020018,-0.5561080500933069,1.7423206945429648,2.242806578212675,10.342901720042086,14.884142780152487,True,5.0,True,11.0,True,12.0,MACD_FAIL,yfinance,0.22516939587040596,2.125291296981091,6.975962518378109,1.195483879861281,4.8995989274308345,225.49591064453125,220.80319946289063,210.79119583129884,68.62745098039215,52.94117647058823,51,2,2,51,3.9215686274509802,2.0300313341437004e-05,-1.9349633006982003e-06,1.4115693502958493e-06,"(0,2]",>2,>5,>1,<=10,"(50,75]","(50,75]",2-4,"(2,5]"
BULL_2017,TGT,yfinance,MACD_FAIL,2017-11-09,2017-11-10,46.16865313091109,GREEN,225.4958648681641,220.8032037353516,210.79119285583496,-0.216587778479931,-0.305129598962211,-0.3043928078578843,False,2017-11-01,44.07252696061485,4.756083471613581,True,3.0,6.416998270875451,-8.862490604262241,3.405117243889744,-8.862490604262241,-1.947927063652144,-5.826852821443618,5.506317910436231,4.157121672385,True,0.0,True,1.0,False,,MACD_FAIL,yfinance,0.22516939587040596,2.125291296981091,6.975962518378109,1.195483879861281,4.8995989274308345,225.49591064453125,220.80319946289063,210.79119583129884,68.62745098039215,52.94117647058823,51,2,2,51,3.9215686274509802,2.0300313341437004e-05,-1.9349633006982003e-06,1.4115693502958493e-06,"(0,2]",>2,>5,>1,<=10,"(50,75]","(50,75]",2-4,"(2,5]"
BULL_2017,DOV,yfinance,MACD_FAIL,2017-11-16,2017-11-17,66.0508323785113,GREEN,225.88894653320312,221.85394165039065,211.51521492004397,-0.3010969582773554,-0.3454140462761187,-0.3003179959803076,False,2017-11-13,64.87121966347233,1.818391454883006,False,,6.990877762436121,-0.4705423898745509,6.990877762436121,-0.4705423898745509,0.9518002928672776,4.820160670028684,4.0034041389176656,6.679237606377964,True,6.0,True,6.0,True,8.0,MACD_FAIL,yfinance,0.17430522191621556,1.8187732485547503,6.795606791020292,1.0781444482387048,6.124772092847477,225.8889617919922,221.85394165039062,211.51521919250487,65.3061224489796,65.3061224489796,51,2,2,51,3.9215686274509802,6.754995895974503e-06,-1.1102230246251565e-14,2.01993075599205e-06,"(0,2]","(0,2]",>5,>1,<=10,"(50,75]","(50,75]",2-4,"(2,5]"
BULL_2017,MMM,yfinance,MACD_FAIL,2017-11-16,2017-11-17,142.2303626741749,GREEN,225.88894653320312,221.85394165039065,211.51521492004397,-0.5856778339532975,-0.6465452809954253,-0.5943639010349058,False,2017-11-14,140.7422920882829,1.057301656675147,False,,7.45618505309249,-0.302060062569065,7.45618505309249,-0.302060062569065,2.9551847873000137,5.269487565879105,5.287092578185049,4.899900317896533,True,1.0,True,2.0,True,8.0,MACD_FAIL,yfinance,0.17430522191621556,1.8187732485547503,6.795606791020292,1.0781444482387048,6.124772092847477,225.8889617919922,221.85394165039062,211.51521919250487,65.3061224489796,65.3061224489796,51,2,2,51,3.9215686274509802,6.754995895974503e-06,-1.1102230246251565e-14,2.01993075599205e-06,"(0,2]","(0,2]",>5,>1,<=10,"(50,75]","(50,75]",2-4,"(2,5]"
BULL_2017,GPC,yfinance,MACD_PASS,2017-11-17,2017-11-20,66.51188093223497,GREEN,225.2251434326172,222.07226135253907,211.6538458251953,-0.0609552877851471,-0.1386047454122254,-0.2247239607149955,True,2017-10-23,65.4153062091197,1.676327432619118,False,,11.06349316651518,-0.9984926884320512,11.06349316651518,-0.9984926884320512,3.7269500989217,9.323126511636692,8.443884018388514,8.771315845367544,True,5.0,True,5.0,True,6.0,MACD_PASS,yfinance,-0.08915948704459886,1.4197478708369182,6.412015574652852,1.0516266086910697,5.991196680548703,225.22512817382812,222.07226196289062,211.65385032653808,63.265306122448976,63.265306122448976,51,2,2,51,3.9215686274509802,-6.77490480383014e-06,2.748436589428138e-07,2.1267474448194434e-06,"(-2,0]","(0,2]",>5,>1,<=10,"(50,75]","(50,75]",2-4,"(2,5]"
BULL_2017,PNR,yfinance,MACD_PASS,2017-11-17,2017-11-20,40.43922932396147,GREEN,225.2251434326172,222.07226135253907,211.6538458251953,-0.1649702388949991,-0.2061604549736826,-0.2433249575835299,True,2017-11-07,39.63788048184457,2.0216742983619973,False,,4.56067508432223,-0.9179237995691648,4.56067508432223,-0.9179237995691648,1.0054302437350948,-0.1165498245264795,1.5299894133659064,0.8160123879196179,True,1.0,True,7.0,False,,MACD_PASS,yfinance,-0.08915948704459886,1.4197478708369182,6.412015574652852,1.0516266086910697,5.991196680548703,225.22512817382812,222.07226196289062,211.65385032653808,63.265306122448976,63.265306122448976,51,2,2,51,3.9215686274509802,-6.77490480383014e-06,2.748436589428138e-07,2.1267474448194434e-06,"(-2,0]","(0,2]",>5,>1,<=10,"(50,75]","(50,75]",2-4,"(2,5]"
BULL_2017,EMR,yfinance,MACD_PASS,2017-11-20,2017-11-21,49.26111692636978,GREEN,225.6094207763672,222.25254943847656,211.7961639404297,-0.3565178877373651,-0.452667479349191,-0.5277685514601775,True,2017-11-02,46.91807543991755,4.993899396944967,False,,15.578411864790942,-0.5303276334355456,15.578411864790942,-0.5303276334355456,5.850167651402094,7.2754350934339795,11.368885705204557,14.285738751383192,True,1.0,True,3.0,True,4.0,MACD_PASS,yfinance,-0.011604587084990126,1.5103915870007922,6.521963006956377,1.0092317593590527,5.817300037152182,225.60943603515625,222.2525521850586,211.79616828918458,61.224489795918366,53.06122448979592,51,2,2,51,3.9215686274509802,6.763365201223337e-06,1.2357932677176109e-06,2.0532736844103283e-06,"(-2,0]","(0,2]",>5,>1,<=10,"(50,75]","(50,75]",2-4,"(2,5]"
BULL_2017,PPG,yfinance,MACD_PASS,2017-11-20,2017-11-21,97.59807795209495,GREEN,225.6094207763672,222.25254943847656,211.7961639404297,-0.3634028381609369,-0.4480226192249859,-0.4664508724024258,True,2017-11-10,95.60578085935012,2.0838667649980103,False,,2.863075112947233,-2.032676750713236,2.863075112947233,-2.032676750713236,1.2109535825288509,0.5016873355550677,0.5535776206519571,0.475750010163134,True,6.0,False,,False,,MACD_PASS,yfinance,-0.011604587084990126,1.5103915870007922,6.521963006956377,1.0092317593590527,5.817300037152182,225.60943603515625,222.2525521850586,211.79616828918458,61.224489795918366,53.06122448979592,51,2,2,51,3.9215686274509802,6.763365201223337e-06,1.2357932677176109e-06,2.0532736844103283e-06,"(-2,0]","(0,2]",>5,>1,<=10,"(50,75]","(50,75]",2-4,"(2,5]"
BULL_2017,XOM,yfinance,MACD_PASS,2017-11-22,2017-11-24,55.37035121960308,GREEN,226.8847198486328,222.636865234375,212.0931791687012,-0.2058743353020269,-0.2431663534847415,-0.2679598563762154,True,2017-11-16,54.3980864678191,1.7873142511348306,False,,3.474925842498733,-0.5157401025920438,3.474925842498733,-0.5157401025920438,2.480334255513039,1.4980542179868994,1.9523358280139516,3.1065551752269998,True,4.0,True,5.0,False,,MACD_PASS,yfinance,1.2946388852593804,1.9079591154982367,6.9740600482856685,0.9372609479534111,5.864578749413138,226.8846893310547,222.63686889648437,212.09318336486817,65.3061224489796,81.63265306122449,51,1,1,51,1.9607843137254901,-1.3450697844419324e-05,1.6448800543855668e-06,1.9784544669221305e-06,"(0,2]","(0,2]",>5,"(0,1]",<=10,"(50,75]",>75,1,<=2
BULL_2017,JNJ,yfinance,MACD_PASS,2017-11-27,2017-11-28,109.3951646467247,GREEN,227.2951812744141,223.03069763183595,212.3769408416748,-0.2884497552468253,-0.3777081995016978,-0.4191021590135807,True,2017-11-16,107.39285290623587,1.864473925687604,False,,3.9768802264320335,-0.0361554957732823,3.9768802264320335,-0.0361554957732823,0.9906166100981606,3.109199237227456,2.516290969143742,1.6413894891363023,True,4.0,True,10.0,False,,MACD_PASS,yfinance,0.9191175225201187,1.9120724668128197,7.024428508395331,0.9144317135847846,5.242783562495103,227.2952117919922,223.030703125,212.37694511413574,65.3061224489796,77.55102040816327,51,1,1,51,1.9607843137254901,1.3426407874383983e-05,2.4629632111583533e-06,2.0117348453752015e-06,"(0,2]","(0,2]",>5,"(0,1]",<=10,"(50,75]",>75,1,<=2
BULL_2017,APD,yfinance,MACD_FAIL,2017-12-11,2017-12-12,132.04232730458602,GREEN,232.60568237304688,225.53379943847656,213.77594223022464,-0.2500710440466411,-0.365511795250701,-0.3538690985792825,False,2017-12-08,129.48812876115645,1.9725349094671385,False,,4.99502156617655,-2.050663889603921,4.99502156617655,-2.050663889603921,-0.5142292566932438,0.1897727913259927,2.852375307405297,4.650232050182623,True,14.0,True,15.0,False,,MACD_FAIL,yfinance,0.8215036738165482,3.1356094719621197,8.808157286069672,1.1223138869000282,6.909741926558505,232.6056671142578,225.53380767822264,213.7759455871582,89.79591836734694,46.93877551020408,51,1,1,51,1.9607843137254901,-6.5599382259584615e-06,3.6534417935385477e-06,1.5703046418735767e-06,"(0,2]",>2,>5,>1,<=10,>75,"(25,50]",1,<=2
BULL_2017,ABT,yfinance,MACD_PASS,2017-12-12,2017-12-13,47.48702682502442,GREEN,233.01622009277344,225.78639801025392,213.9228285217285,-0.085884294395074,-0.1472107087970213,-0.1685770527168804,True,2017-12-06,46.33545361572807,2.4852960733839917,False,,7.059450066574691,-1.868177496447743,7.059450066574691,-1.868177496447743,2.425001529110027,3.2153576431198205,5.96370219943021,6.199707690739986,True,4.0,True,9.0,True,12.0,MACD_PASS,yfinance,1.3640278371944259,3.2020658535594215,8.925369671075467,1.1314085886678704,6.905860147467142,233.0162353515625,225.78640594482422,213.92283180236817,89.79591836734694,48.97959183673469,51,1,1,51,1.9607843137254901,6.54838063773866e-06,3.514193225306883e-06,1.533562210553896e-06,"(0,2]",>2,>5,>1,<=10,>75,"(25,50]",1,<=2
BULL_2017,FRT,yfinance,MACD_PASS,2017-12-13,2017-12-14,92.85289321146688,GREEN,232.99002075195312,226.0290399169922,214.05533157348637,-0.2345368490570231,-0.2963073823041543,-0.3172981441349932,True,2017-12-07,91.34887355260012,1.646456710821642,True,5.0,2.8228165621349666,-6.524717288015768,2.1597054881280275,-1.6958275020493851,-1.6578023727621294,1.7577920818570902,-0.4641371860364951,-6.486405407691809,True,2.0,False,,False,,MACD_PASS,yfinance,1.333380761776004,3.0796675881705315,8.845682578383407,1.1392709954647806,6.7822272160046975,232.989990234375,226.02904693603514,214.05533477783203,87.75510204081633,67.34693877551021,51,1,1,51,1.9607843137254901,-1.3098234008523946e-05,3.105372203826562e-06,1.4969707251566433e-06,"(0,2]",>2,>5,>1,<=10,>75,"(50,75]",1,<=2
BULL_2017,BDX,yfinance,MACD_PASS,2017-12-15,2017-12-18,148.89344316790633,GREEN,233.97024536132807,226.47820220947267,214.3328359222412,-0.5397059994810678,-0.7227354428561932,-0.7881991473365373,True,2017-12-06,145.70231599849782,2.19016914558956,True,7.0,4.8368973220886735,-3.4652665908370683,0.5685115566848697,-3.361461971682045,-2.0800386668973325,-0.7400038362342931,1.3220012892871005,4.73312108594115,False,,False,,False,,MACD_PASS,yfinance,0.8897075209894245,3.308053880687112,9.162101013464552,1.1030114299999338,6.644849498427109,233.97023010253906,226.47820892333985,214.33283889770507,91.83673469387755,55.10204081632653,51,1,1,51,1.9607843137254901,-6.521679274396064e-06,2.9644650734184097e-06,1.3882445415447364e-06,"(0,2]",>2,>5,>1,<=10,>75,"(50,75]",1,<=2
BULL_2017,GD,yfinance,MACD_PASS,2017-12-19,2017-12-20,164.6797682606178,GREEN,234.5496826171875,226.9985385131836,214.6388427734375,-0.0145269237090281,-0.1546751980435106,-0.2350043788717306,True,2017-12-12,161.0664749686054,2.243355293344984,False,,5.8326879047005065,-0.2898852810232721,5.8326879047005065,-0.2898852810232721,1.8892340948053032,2.3090737621266344,5.252917866729634,4.47922908869931,True,6.0,True,10.0,True,15.0,MACD_PASS,yfinance,0.6580532765737113,3.3264803678018318,9.27640167927375,1.1069563338740096,6.93267077055564,234.5496063232422,226.99854431152343,214.63884490966797,91.83673469387755,73.46938775510205,51,2,2,51,3.9215686274509802,-3.252783993268338e-05,2.554351175021452e-06,9.952674240309989e-07,"(0,2]",>2,>5,>1,<=10,>75,"(50,75]",2-4,"(2,5]"
BULL_2017,SWK,yfinance,MACD_PASS,2017-12-19,2017-12-20,132.89240203004135,GREEN,234.5496826171875,226.9985385131836,214.6388427734375,-0.2608663553808004,-0.3879834202020744,-0.4929120035667524,True,2017-12-14,129.3238500443755,2.759392010399764,False,,4.237486021063086,-1.4223747592912783,4.237486021063086,-1.4223747592912783,0.3482227253840841,0.6727861946576708,2.3489147586233328,3.417136989507341,True,11.0,True,12.0,False,,MACD_PASS,yfinance,0.6580532765737113,3.3264803678018318,9.27640167927375,1.1069563338740096,6.93267077055564,234.5496063232422,226.99854431152343,214.63884490966797,91.83673469387755,73.46938775510205,51,2,2,51,3.9215686274509802,-3.252783993268338e-05,2.554351175021452e-06,9.952674240309989e-07,"(0,2]",>2,>5,>1,<=10,>75,"(50,75]",2-4,"(2,5]"
BULL_2017,PNR,yfinance,MACD_PASS,2017-12-20,2017-12-21,41.27596526573011,GREEN,234.42672729492188,227.23916961669923,214.7923938751221,-0.018843546630599,-0.0527439901093932,-0.0676148829936936,True,2017-12-18,40.38031408173816,2.2180391717086634,False,,6.83793286812131,-1.2848162326651869,6.83793286812131,-1.2848162326651869,0.8136631661076255,3.625955807514769,5.010665463441,4.4539313887759,True,6.0,True,8.0,True,12.0,MACD_PASS,yfinance,0.6166518394638221,3.162989496462587,9.141073767713648,1.102745535666494,6.764593780125308,234.42672729492188,227.23917602539063,214.7923959350586,93.87755102040816,69.38775510204081,51,1,1,51,1.9607843137254901,0.0,2.8202406410215985e-06,9.590360727784741e-07,"(0,2]",>2,>5,>1,<=10,>75,"(50,75]",1,<=2
BULL_2017,AFL,yfinance,MACD_PASS,2017-12-27,2017-12-28,36.10317452150693,GREEN,234.68136596679688,228.2028759765625,215.4000914764404,-0.1020594405726668,-0.1084531399109261,-0.1120447769507884,True,2017-12-26,35.78316502116504,0.8943018320280327,True,10.0,4.238627067273404,-4.886374761857216,4.238627067273404,-4.886374761857216,1.9659222863035009,-3.477277723980676,-0.3522481989200687,1.7613520380119765,True,4.0,True,7.0,False,,MACD_PASS,yfinance,0.056182103397839356,2.8389215138973745,8.951382653577976,1.070248051145084,5.977657566527796,234.68138122558594,228.20288055419923,215.40009452819825,91.83673469387755,63.265306122448976,51,2,2,51,3.9215686274509802,6.501917604317953e-06,2.0059504945990625e-06,1.4167857775859716e-06,"(0,2]",>2,>5,>1,<=10,>75,"(50,75]",2-4,"(2,5]"
BULL_2017,MCD,yfinance,MACD_FAIL,2017-12-27,2017-12-28,141.85249853981554,GREEN,234.68136596679688,228.2028759765625,215.4000914764404,-0.3558090834791514,-0.4039564585616784,-0.3515600913382903,False,2017-12-26,139.8547580668063,1.428439404296089,False,,3.139741543819574,-0.7734288018151236,3.139741543819574,-0.7734288018151236,0.4559232494236287,0.1788818745095399,1.7026040581371804,2.6029804590082195,True,15.0,True,20.0,False,,MACD_FAIL,yfinance,0.056182103397839356,2.8389215138973745,8.951382653577976,1.070248051145084,5.977657566527796,234.68138122558594,228.20288055419923,215.40009452819825,91.83673469387755,63.265306122448976,51,2,2,51,3.9215686274509802,6.501917604317953e-06,2.0059504945990625e-06,1.4167857775859716e-06,"(0,2]",>2,>5,>1,<=10,>75,"(50,75]",2-4,"(2,5]"
BULL_2017,ECL,yfinance,MACD_PASS,2017-12-28,2017-12-29,123.32938332117574,GREEN,235.1641387939453,228.4434060668945,215.54703880310055,-0.1974726365997653,-0.2433730467912357,-0.2639995573989735,True,2017-12-22,121.67622555044728,1.358653067392401,False,,4.050917232201479,-1.1997203976445103,4.050917232201479,-1.1997203976445103,1.2367628303312284,1.4737126073113282,2.0217351340876544,1.8884721495771692,True,9.0,True,13.0,False,,MACD_PASS,yfinance,0.3145529730092189,2.94195948025342,9.101067456776924,1.0681653736102081,5.951717466636708,235.16412353515625,228.44341094970704,215.5470418548584,91.83673469387755,73.46938775510205,51,3,3,51,5.882352941176471,-6.488569703755331e-06,2.1374276570895745e-06,1.4158199057590082e-06,"(0,2]",>2,>5,>1,<=10,>75,"(50,75]",2-4,"(5,10]"
BULL_2017,MHFI,yfinance,MACD_PASS,2017-12-28,2017-12-29,149.45493952668195,GREEN,235.1641387939453,228.4434060668945,215.54703880310055,-0.3944452337735955,-0.4529937597585738,-0.4957763896130354,True,2017-12-27,147.26907462304615,1.4842660682365283,False,,8.863444503058805,-1.3509772813644405,8.863444503058805,-1.3509772813644405,4.070486501550241,3.2774947081529726,7.447881542360624,5.926586140383661,True,3.0,True,4.0,True,12.0,MACD_PASS,yfinance,0.3145529730092189,2.94195948025342,9.101067456776924,1.0681653736102081,5.951717466636708,235.16412353515625,228.44341094970704,215.5470418548584,91.83673469387755,73.46938775510205,51,3,3,51,5.882352941176471,-6.488569703755331e-06,2.1374276570895745e-06,1.4158199057590082e-06,"(0,2]",>2,>5,>1,<=10,>75,"(50,75]",2-4,"(5,10]"
BULL_2017,MMM,yfinance,MACD_PASS,2017-12-28,2017-12-29,147.98548888282653,GREEN,235.1641387939453,228.4434060668945,215.54703880310055,-0.511477664291903,-0.5416769901762923,-0.5933612855166808,True,2017-12-21,146.60876484987978,0.9390461984700949,False,,9.84862405677922,-1.5519378125014804,9.84862405677922,-1.5519378125014804,1.39966718743898,3.492883403018543,4.156777990781202,6.368385149512168,True,6.0,True,9.0,True,11.0,MACD_PASS,yfinance,0.3145529730092189,2.94195948025342,9.101067456776924,1.0681653736102081,5.951717466636708,235.16412353515625,228.44341094970704,215.5470418548584,91.83673469387755,73.46938775510205,51,3,3,51,5.882352941176471,-6.488569703755331e-06,2.1374276570895745e-06,1.4158199057590082e-06,"(0,2]",>2,>5,>1,<=10,>75,"(50,75]",2-4,"(5,10]"
CHOP_2015_2016,HRL,legacy,MACD_PASS,2015-01-08,2015-01-09,24.623,GREEN,194.74,192.6182,183.88665,-0.0454644181034479,-0.0684874289322558,-0.0712207356658442,True,2015-01-07,24.031,2.4634846656402143,True,1.0,4.849124802014382,-3.452057019859489,0.5401453925191868,-2.944401575762501,-0.3736344068553832,3.045932664581885,0.105592332372173,2.7250944239126,False,,False,,False,,MACD_PASS,legacy,0.17489711934155494,1.1015573813897062,5.902195727639836,1.4980882644307858,18.974698349505896,194.74,192.6182,183.88665,72.54901960784314,64.70588235294117,51,2,2,51,3.9215686274509802,0.0,0.0,0.0,"(0,2]","(0,2]",>5,>1,"(10,20]","(50,75]","(50,75]",2-4,"(2,5]"
CHOP_2015_2016,NUE,legacy,MACD_FAIL,2015-01-08,2015-01-09,44.134,GREEN,194.74,192.6182,183.88665,-0.1089052248184061,-0.1951980409961784,-0.1947057232264069,False,2015-01-05,42.104,4.821394641839261,True,2.0,1.9146236461684785,-10.615398558934164,0.1676711832147459,-5.76879503330765,-7.520279149861786,-7.703811120677928,-7.95531789550007,0.0453165360039919,False,,False,,False,,MACD_FAIL,legacy,0.17489711934155494,1.1015573813897062,5.902195727639836,1.4980882644307858,18.974698349505896,194.74,192.6182,183.88665,72.54901960784314,64.70588235294117,51,2,2,51,3.9215686274509802,0.0,0.0,0.0,"(0,2]","(0,2]",>5,>1,"(10,20]","(50,75]","(50,75]",2-4,"(2,5]"
CHOP_2015_2016,APD,legacy,MACD_FAIL,2015-01-16,2015-01-20,130.95,GREEN,190.69,192.9338,184.3969,-0.7360270714227828,-0.7420963099753988,-0.6726360879963962,False,2015-01-15,127.33,2.8430063614230727,False,,9.400534555173737,-1.817487590683464,9.400534555173737,-1.817487590683464,0.6338297059946596,5.276823214967563,6.613211149293652,9.16380297823598,True,2.0,True,7.0,True,7.0,MACD_FAIL,legacy,-1.2787326568647783,-1.162989585028662,3.4128014082666303,0.497660153433932,16.670418590698088,190.69,192.93380000000002,184.3969,52.94117647058823,39.21568627450981,51,2,2,51,3.9215686274509802,0.0,2.220446049250313e-14,0.0,"(-2,0]","(-2,0]","(0,5]","(0,1]","(10,20]","(50,75]","(25,50]",2-4,"(2,5]"
CHOP_2015_2016,PG,legacy,MACD_PASS,2015-01-16,2015-01-20,82.955,GREEN,190.69,192.9338,184.3969,-0.1558028798635556,-0.2551946271884635,-0.2669904986757552,True,2015-01-13,81.219,2.1374308967113675,True,5.0,1.1958290639503488,-7.643903321077683,1.1958290639503488,-5.061780483394607,-4.542221686456516,-5.137725272738236,-5.754927370260987,-4.7965764571152985,False,,False,,False,,MACD_PASS,legacy,-1.2787326568647783,-1.162989585028662,3.4128014082666303,0.497660153433932,16.670418590698088,190.69,192.93380000000002,184.3969,52.94117647058823,39.21568627450981,51,2,2,51,3.9215686274509802,0.0,2.220446049250313e-14,0.0,"(-2,0]","(-2,0]","(0,5]","(0,1]","(10,20]","(50,75]","(25,50]",2-4,"(2,5]"
CHOP_2015_2016,BEN,legacy,MACD_PASS,2015-01-21,2015-01-22,50.002,GREEN,192.07,192.9694,184.5657,-0.2171785522991438,-0.2950984684244822,-0.3368726625908431,True,2015-01-13,48.06,4.040782355389094,False,,3.693852245910145,-3.6198552057917777,3.693852245910145,-3.6198552057917777,0.2299908003679851,1.751929922803086,2.189912403503857,3.1018759249629824,True,0.0,True,0.0,False,,MACD_PASS,legacy,0.5023285019098767,-0.46608425999147274,4.0659234083039175,0.357391375800753,14.075130577598083,192.07,192.96939999999998,184.5657,58.8235294117647,60.78431372549019,51,5,5,51,9.803921568627452,0.0,-1.1102230246251565e-14,0.0,"(0,2]","(-2,0]","(0,5]","(0,1]","(10,20]","(50,75]","(50,75]",5-9,"(5,10]"
CHOP_2015_2016,GPC,legacy,MACD_PASS,2015-01-21,2015-01-22,90.918,GREEN,192.07,192.9694,184.5657,-0.8145701016912856,-1.0122628836577232,-1.207438102660937,True,2015-01-12,87.104,4.378673769287289,True,6.0,0.8029213137112468,-6.513561670956259,0.8029213137112468,-5.50716029829077,-2.869618777359828,-2.332871378604906,-1.476055346576055,-1.9963043621725185,False,,False,,False,,MACD_PASS,legacy,0.5023285019098767,-0.46608425999147274,4.0659234083039175,0.357391375800753,14.075130577598083,192.07,192.96939999999998,184.5657,58.8235294117647,60.78431372549019,51,5,5,51,9.803921568627452,0.0,-1.1102230246251565e-14,0.0,"(0,2]","(-2,0]","(0,5]","(0,1]","(10,20]","(50,75]","(50,75]",5-9,"(5,10]"
CHOP_2015_2016,GWW,legacy,MACD_PASS,2015-01-21,2015-01-22,229.07,GREEN,192.07,192.9694,184.5657,-0.9606586040558645,-1.2836683854643338,-1.5303542731827002,True,2015-01-13,219.55,4.33614210885902,True,2.0,0.995328938752338,-6.60060243593662,0.995328938752338,-4.775832714890649,-3.793600209542936,-1.680708953594967,-4.020605055223281,-2.4533985244685086,False,,False,,False,,MACD_PASS,legacy,0.5023285019098767,-0.46608425999147274,4.0659234083039175,0.357391375800753,14.075130577598083,192.07,192.96939999999998,184.5657,58.8235294117647,60.78431372549019,51,5,5,51,9.803921568627452,0.0,-1.1102230246251565e-14,0.0,"(0,2]","(-2,0]","(0,5]","(0,1]","(10,20]","(50,75]","(50,75]",5-9,"(5,10]"
CHOP_2015_2016,SWK,legacy,MACD_PASS,2015-01-21,2015-01-22,88.074,GREEN,192.07,192.9694,184.5657,-0.4111241124286734,-0.4776930708640793,-0.4810718838106765,True,2015-01-15,85.584,2.9094223219293225,False,,6.623975293503204,-3.1382700910597805,6.623975293503204,-3.1382700910597805,2.764720575879376,3.398278720167136,4.6052183391239065,6.387810250471193,True,5.0,True,5.0,True,16.0,MACD_PASS,legacy,0.5023285019098767,-0.46608425999147274,4.0659234083039175,0.357391375800753,14.075130577598083,192.07,192.96939999999998,184.5657,58.8235294117647,60.78431372549019,51,5,5,51,9.803921568627452,0.0,-1.1102230246251565e-14,0.0,"(0,2]","(-2,0]","(0,5]","(0,1]","(10,20]","(50,75]","(50,75]",5-9,"(5,10]"
CHOP_2015_2016,TROW,legacy,MACD_PASS,2015-01-21,2015-01-22,73.674,GREEN,192.07,192.9694,184.5657,-0.448560614070999,-0.4860091644263279,-0.5176755501864055,True,2015-01-14,71.323,3.2962718898532195,True,5.0,4.168363330347202,-4.70586638434185,4.168363330347202,-4.70586638434185,-3.2033010288568757,-0.0760105328881488,0.5700789966609499,2.101148301978961,True,0.0,True,2.0,False,,MACD_PASS,legacy,0.5023285019098767,-0.46608425999147274,4.0659234083039175,0.357391375800753,14.075130577598083,192.07,192.96939999999998,184.5657,58.8235294117647,60.78431372549019,51,5,5,51,9.803921568627452,0.0,-1.1102230246251565e-14,0.0,"(0,2]","(-2,0]","(0,5]","(0,1]","(10,20]","(50,75]","(50,75]",5-9,"(5,10]"
CHOP_2015_2016,ADM,legacy,MACD_PASS,2015-01-23,2015-01-26,44.088,GREEN,193.85,193.0828,184.78850000000003,-0.1424206217074298,-0.205759258364658,-0.2981821116554162,True,2015-01-07,43.063,2.3802336112207723,True,7.0,2.96679368535655,-3.79241516966069,2.5607875158773385,-3.79241516966069,1.0320268553801526,-0.6237524950099771,0.7915986209399373,2.6492469606242075,True,1.0,False,,False,,MACD_PASS,legacy,2.991180533418336,0.39734248726452925,4.90371424628695,0.2412025447231736,15.08980402733236,193.85,193.0828,184.78850000000003,52.94117647058823,76.47058823529412,51,1,1,51,1.9607843137254901,0.0,0.0,0.0,>2,"(0,2]","(0,5]","(0,1]","(10,20]","(50,75]",>75,1,<=2
CHOP_2015_2016,ABT,legacy,MACD_FAIL,2015-01-29,2015-01-30,42.599,GREEN,191.02,193.0482,185.1976,-0.0278696240355045,-0.1350288121519955,-0.1167466218499559,False,2015-01-27,40.674,4.732753110094889,False,,5.457874597995271,-2.467194065588385,5.457874597995271,-2.467194065588385,0.2159675109744574,1.5188149956571806,4.225451301673755,4.007136317753934,True,11.0,True,14.0,True,17.0,MACD_FAIL,legacy,-1.990764494612618,-1.050618446584839,3.1438852339339185,0.05950239823691028,16.642088384175047,191.02,193.0482,185.19760000000002,43.13725490196079,21.568627450980394,51,2,2,51,3.9215686274509802,0.0,0.0,2.220446049250313e-14,"(-2,0]","(-2,0]","(0,5]","(0,1]","(10,20]","(25,50]",<=25,2-4,"(2,5]"
CHOP_2015_2016,CL,legacy,MACD_FAIL,2015-01-29,2015-01-30,64.285,GREEN,191.02,193.0482,185.1976,-0.1398533471013368,-0.3480941124634146,-0.273544065123755,False,2015-01-27,61.011,5.366245431151739,False,,4.301158901765567,-2.003577817531299,4.301158901765567,-2.003577817531299,1.390682118690223,2.5309170101890155,3.408260091778792,3.892043244924959,True,3.0,True,11.0,False,,MACD_FAIL,legacy,-1.990764494612618,-1.050618446584839,3.1438852339339185,0.05950239823691028,16.642088384175047,191.02,193.0482,185.19760000000002,43.13725490196079,21.568627450980394,51,2,2,51,3.9215686274509802,0.0,0.0,2.220446049250313e-14,"(-2,0]","(-2,0]","(0,5]","(0,1]","(10,20]","(25,50]",<=25,2-4,"(2,5]"
CHOP_2015_2016,ABBV,legacy,MACD_FAIL,2015-02-02,2015-02-03,55.815,GREEN,190.96,192.9294,185.37035,-0.2472751516215829,-0.2205351548117748,-0.117714987155859,False,2015-01-22,53.142,5.029919837416719,True,1.0,0.4873241960046792,-10.42192958882021,0.2615784287377964,-8.033682701782663,-7.648481590970169,-3.830511511242496,-1.5909701693093248,-2.157126220550032,False,,False,,False,,MACD_FAIL,legacy,-1.7240491997323804,-1.0207879151648114,3.015395935757792,-0.002280574995172646,17.543082613978978,190.96,192.9294,185.37035,37.254901960784316,25.49019607843137,51,3,3,51,5.882352941176471,0.0,0.0,0.0,"(-2,0]","(-2,0]","(0,5]","(-1,0]","(10,20]","(25,50]","(25,50]",2-4,"(5,10]"
CHOP_2015_2016,PEP,legacy,MACD_FAIL,2015-02-02,2015-02-03,88.78,GREEN,190.96,192.9294,185.37035,-0.2722025882034934,-0.2603188178028555,-0.0772612189964168,False,2015-01-30,86.504,2.631092203828711,False,,4.938049110159937,-0.4573102050011379,4.938049110159937,-0.4573102050011379,2.048884883982871,3.4455958549222787,3.623563865735524,2.073665239918898,True,5.0,True,6.0,False,,MACD_FAIL,legacy,-1.7240491997323804,-1.0207879151648114,3.015395935757792,-0.002280574995172646,17.543082613978978,190.96,192.9294,185.37035,37.254901960784316,25.49019607843137,51,3,3,51,5.882352941176471,0.0,0.0,0.0,"(-2,0]","(-2,0]","(0,5]","(-1,0]","(10,20]","(25,50]","(25,50]",2-4,"(5,10]"
CHOP_2015_2016,WBA,legacy,MACD_FAIL,2015-02-02,2015-02-03,71.133,GREEN,190.96,192.9294,185.37035,-0.3718784381338452,-0.4358220153637725,-0.4026157457789746,False,2015-01-29,69.128,2.9004166184469327,False,,12.36416290610547,-1.2132203056246738,12.36416290610547,-1.2132203056246738,2.093261917815936,3.992521052113651,6.961607130305203,10.987867796943762,True,3.0,True,6.0,True,6.0,MACD_FAIL,legacy,-1.7240491997323804,-1.0207879151648114,3.015395935757792,-0.002280574995172646,17.543082613978978,190.96,192.9294,185.37035,37.254901960784316,25.49019607843137,51,3,3,51,5.882352941176471,0.0,0.0,0.0,"(-2,0]","(-2,0]","(0,5]","(-1,0]","(10,20]","(25,50]","(25,50]",2-4,"(5,10]"
CHOP_2015_2016,BDX,legacy,MACD_FAIL,2015-02-03,2015-02-04,134.46,GREEN,193.72,192.9436,185.47065,-0.5197802811974668,-0.6390787710523327,-0.6262603988126454,False,2015-01-30,130.03,3.406906098592644,False,,6.63394318012791,-1.100699092666979,6.63394318012791,-1.100699092666979,0.8478357875948195,1.9485348802617877,5.615052803807807,6.299271158708919,True,1.0,True,1.0,True,13.0,MACD_FAIL,legacy,1.0379179053877863,0.40239738452068075,4.447792683101093,-0.00300596944071696,17.063265398443754,193.72,192.94359999999998,185.47064999999998,62.745098039215684,50.98039215686274,51,3,3,51,5.882352941176471,0.0,-1.1102230246251565e-14,-1.1102230246251565e-14,"(0,2]","(0,2]","(0,5]","(-1,0]","(10,20]","(50,75]","(50,75]",2-4,"(5,10]"
CHOP_2015_2016,JNJ,legacy,MACD_PASS,2015-02-03,2015-02-04,94.595,GREEN,193.72,192.9436,185.47065,-0.0603484355254797,-0.1766499893869085,-0.1815430274170074,True,2015-01-30,92.049,2.765918152288438,True,6.0,1.954648765791012,-4.8734076853956365,0.4249696072731179,-4.8734076853956365,-1.7125640890110485,-1.397536867699145,1.3753369628416,1.0920238913261882,False,,False,,False,,MACD_PASS,legacy,1.0379179053877863,0.40239738452068075,4.447792683101093,-0.00300596944071696,17.063265398443754,193.72,192.94359999999998,185.47064999999998,62.745098039215684,50.98039215686274,51,3,3,51,5.882352941176471,0.0,-1.1102230246251565e-14,-1.1102230246251565e-14,"(0,2]","(0,2]","(0,5]","(-1,0]","(10,20]","(50,75]","(50,75]",2-4,"(5,10]"
CHOP_2015_2016,SYY,legacy,MACD_FAIL,2015-02-03,2015-02-04,36.689,GREEN,193.72,192.9436,185.47065,-0.1865616998289706,-0.212959565546949,-0.1341586187770311,False,2015-01-30,35.245,4.097035040431285,False,,2.273160892910697,-2.9518384256861707,2.273160892910697,-2.9518384256861707,-1.668074899833738,-2.570252664286288,-1.1065987080596362,-1.1583853471067496,True,3.0,False,,False,,MACD_FAIL,legacy,1.0379179053877863,0.40239738452068075,4.447792683101093,-0.00300596944071696,17.063265398443754,193.72,192.94359999999998,185.47064999999998,62.745098039215684,50.98039215686274,51,3,3,51,5.882352941176471,0.0,-1.1102230246251565e-14,-1.1102230246251565e-14,"(0,2]","(0,2]","(0,5]","(-1,0]","(10,20]","(50,75]","(50,75]",2-4,"(5,10]"
CHOP_2015_2016,KMB,legacy,MACD_PASS,2015-02-04,2015-02-05,101.22,GREEN,192.98,192.9366,185.56425,-0.5512936478022277,-0.6542631304684177,-0.7815724449920098,True,2015-01-27,98.876,2.370646061733872,False,,1.580715273661326,-2.433313574392404,1.580715273661326,-2.433313574392404,0.069156293222683,0.7804781663702798,-0.4149377593360981,-2.1981821774352817,False,,False,,False,,MACD_PASS,legacy,1.9655500369861523,0.022494435996067708,3.9963247231080246,-0.01699751359540702,16.736461468943293,192.98,192.9366,185.56425000000002,54.90196078431372,72.54901960784314,51,3,3,51,5.882352941176471,0.0,0.0,2.220446049250313e-14,"(0,2]","(0,2]","(0,5]","(-1,0]","(10,20]","(50,75]","(50,75]",2-4,"(5,10]"
CHOP_2015_2016,KO,legacy,MACD_PASS,2015-02-04,2015-02-05,38.218,GREEN,192.98,192.9366,185.56425,-0.1470943169517483,-0.1621583004983372,-0.167102975864201,True,2015-01-29,37.393,2.2062952959110094,False,,4.448165785755398,-1.8237479721597167,4.448165785755398,-1.8237479721597167,0.8817834528232593,0.4055680569365005,3.592548014024799,-0.6724580040818551,True,3.0,True,15.0,False,,MACD_PASS,legacy,1.9655500369861523,0.022494435996067708,3.9963247231080246,-0.01699751359540702,16.736461468943293,192.98,192.9366,185.56425000000002,54.90196078431372,72.54901960784314,51,3,3,51,5.882352941176471,0.0,0.0,2.220446049250313e-14,"(0,2]","(0,2]","(0,5]","(-1,0]","(10,20]","(50,75]","(50,75]",2-4,"(5,10]"
CHOP_2015_2016,VFC,legacy,MACD_FAIL,2015-02-04,2015-02-05,64.883,GREEN,192.98,192.9366,185.56425,-0.3036534215773587,-0.2618637614521318,-0.380947016034332,False,2015-01-20,63.77,1.7453347969264454,False,,12.212752184701705,-2.1746836613596665,12.212752184701705,-2.1746836613596665,2.3642556601883413,9.285945471078726,10.52664026016059,7.849513740116842,True,1.0,True,6.0,True,6.0,MACD_FAIL,legacy,1.9655500369861523,0.022494435996067708,3.9963247231080246,-0.01699751359540702,16.736461468943293,192.98,192.9366,185.56425000000002,54.90196078431372,72.54901960784314,51,3,3,51,5.882352941176471,0.0,0.0,2.220446049250313e-14,"(0,2]","(0,2]","(0,5]","(-1,0]","(10,20]","(50,75]","(50,75]",2-4,"(5,10]"
CHOP_2015_2016,HCP,legacy,MACD_PASS,2015-02-18,2015-02-19,37.291,GREEN,198.74,193.2202,186.53465,-0.2875571333585949,-0.3812622141318615,-0.4445627319899884,True,2015-02-04,35.588,4.785320894683598,True,11.0,0.4612372958622934,-8.404172588560243,0.4612372958622934,-7.712316644766826,-4.043871175350611,-3.668445469416204,-7.371751897240609,-5.282776004934164,False,,False,,False,,MACD_PASS,legacy,1.620903001482854,2.856740651339762,6.5432079241041885,0.1433579553818065,14.164468227874218,198.74,193.2202,186.53465,70.58823529411765,82.3529411764706,51,1,1,51,1.9607843137254901,0.0,0.0,0.0,"(0,2]",>2,>5,"(0,1]","(10,20]","(50,75]",>75,1,<=2
CHOP_2015_2016,ED,legacy,MACD_PASS,2015-02-20,2015-02-23,58.371,GREEN,199.77,193.3882,186.7785,-0.4228165366296555,-0.4288153936256573,-0.4972869578652025,True,2015-02-06,56.793,2.778511436268549,True,5.0,2.9620873378903845,-7.162803446917144,2.9620873378903845,-4.043103595963748,-3.558273800346068,-5.740864470370555,-3.717599492898871,-4.010553185657262,True,1.0,False,,False,,MACD_PASS,legacy,1.1135293819912073,3.2999945187969226,6.955565014174536,0.2287677225017326,13.405053162726134,199.77,193.38819999999998,186.7785,74.50980392156863,76.47058823529412,51,1,1,51,1.9607843137254901,0.0,-1.1102230246251565e-14,0.0,"(0,2]",>2,>5,"(0,1]","(10,20]","(50,75]",>75,1,<=2
CHOP_2015_2016,BCR,legacy,MACD_FAIL,2015-03-05,2015-03-06,167.54,GREEN,199.03,194.9416,187.86195,-0.7368375216916955,-0.950198794419856,-0.9448241120072038,False,2015-03-02,163.79,2.289517064533864,True,2.0,2.106959532052044,-3.342485376626469,0.1253432016234956,-2.5188014802435266,-2.2143965620150308,1.1818073295929432,-1.0325892324220989,-0.907246030798603,False,,False,,False,,MACD_FAIL,legacy,-0.44019808914010916,2.097243482150546,5.944817457712959,0.8598941636882573,7.630692513639202,199.03,194.9416,187.86195,68.62745098039215,27.45098039215686,51,1,1,51,1.9607843137254901,0.0,0.0,0.0,"(-2,0]",>2,>5,"(0,1]",<=10,"(50,75]","(25,50]",1,<=2
CHOP_2015_2016,CB,legacy,MACD_FAIL,2015-03-09,2015-03-10,104.56,GREEN,197.04,194.95300000000003,188.07370000000003,-0.1881721476259873,-0.1815918868748611,-0.0821669265586067,False,2015-03-06,104.6,-0.0382409177820175,True,0.0,3.136954858454466,-1.4824024483550136,0.2295332823259332,-1.4824024483550136,1.4345830145371163,0.5451415455240971,0.353863810252486,0.1147666411629666,False,,False,,False,,MACD_FAIL,legacy,-1.715881883479653,1.0705144316835113,4.767439572890808,0.7514250719642401,8.806334632540388,197.04,194.95300000000003,188.07370000000003,54.90196078431372,5.882352941176471,51,1,1,51,1.9607843137254901,0.0,0.0,0.0,"(-2,0]","(0,2]","(0,5]","(0,1]",<=10,"(50,75]",<=25,1,<=2
CHOP_2015_2016,CLX,legacy,MACD_FAIL,2015-03-11,2015-03-12,100.37,GREEN,193.38,194.8252,188.23995,-0.3105311042396738,-0.2256742473523785,-0.1209395307217275,False,2015-03-10,99.297,1.0805965940562157,False,,4.652784696622492,-0.2191890006974173,4.652784696622492,-0.2191890006974173,1.7634751419746797,1.8132908239513637,2.3313739165089054,2.759788781508421,True,2.0,True,6.0,False,,MACD_FAIL,legacy,-2.741035055072183,-0.7417931561214841,2.7305840232108025,0.5052469540222315,9.803408642890933,193.38,194.8252,188.23995,33.333333333333336,3.9215686274509802,51,1,1,51,1.9607843137254901,0.0,0.0,0.0,"(-4,-2]","(-2,0]","(0,5]","(0,1]",<=10,"(25,50]",<=25,1,<=2
CHOP_2015_2016,ABBV,legacy,MACD_PASS,2015-03-12,2015-03-13,52.663,GREEN,194.07,194.7592,188.3181,-0.1503513181072185,-0.2596653147885961,-0.3010152008103068,True,2015-03-09,49.637,6.096258839172375,False,,7.836621536942445,-3.081860129502678,7.836621536942445,-3.081860129502678,3.921159068036384,-0.8108159428821038,-0.8772762660691491,6.171315724512461,True,1.0,True,2.0,True,4.0,MACD_PASS,legacy,-2.4920866201075254,-0.35387288508066383,3.054353245917407,0.35781862553125876,9.905665504492472,194.07,194.75920000000002,188.31810000000002,52.94117647058823,15.686274509803921,51,3,3,51,5.882352941176471,0.0,2.220446049250313e-14,2.220446049250313e-14,"(-4,-2]","(-2,0]","(0,5]","(0,1]",<=10,"(50,75]",<=25,2-4,"(5,10]"
CHOP_2015_2016,ABT,legacy,MACD_FAIL,2015-03-12,2015-03-13,44.297,GREEN,194.07,194.7592,188.3181,-0.1179515893865392,-0.1638546926270878,-0.139480148014231,False,2015-03-11,43.359,2.163334025231189,True,13.0,1.3522360430729077,-3.5171682055218145,1.3522360430729077,-3.5171682055218145,0.5485698805788308,-0.912025645077541,-1.9324107727385464,-0.936858026502918,False,,False,,False,,MACD_FAIL,legacy,-2.4920866201075254,-0.35387288508066383,3.054353245917407,0.35781862553125876,9.905665504492472,194.07,194.75920000000002,188.31810000000002,52.94117647058823,15.686274509803921,51,3,3,51,5.882352941176471,0.0,2.220446049250313e-14,2.220446049250313e-14,"(-4,-2]","(-2,0]","(0,5]","(0,1]",<=10,"(50,75]",<=25,2-4,"(5,10]"
CHOP_2015_2016,GPC,legacy,MACD_FAIL,2015-03-12,2015-03-13,88.228,GREEN,194.07,194.7592,188.3181,-0.0678592713078477,-0.2059200616447298,-0.1710212336606603,False,2015-03-05,85.659,2.9991010868676726,True,13.0,2.048102643151828,-4.234483383959731,2.048102643151828,-4.234483383959731,1.2751054087137836,-1.8905562859863,-1.5289930634265647,-1.9948315727433383,True,6.0,False,,False,,MACD_FAIL,legacy,-2.4920866201075254,-0.35387288508066383,3.054353245917407,0.35781862553125876,9.905665504492472,194.07,194.75920000000002,188.31810000000002,52.94117647058823,15.686274509803921,51,3,3,51,5.882352941176471,0.0,2.220446049250313e-14,2.220446049250313e-14,"(-4,-2]","(-2,0]","(0,5]","(0,1]",<=10,"(50,75]",<=25,2-4,"(5,10]"
CHOP_2015_2016,ADP,legacy,MACD_PASS,2015-03-13,2015-03-16,81.564,GREEN,196.77,194.7676,188.41045,-0.3347521572854558,-0.3784693812750352,-0.4707135548010678,True,2015-03-06,79.794,2.21821189563125,True,8.0,1.7336079642979785,-3.0172625177774526,1.7336079642979785,-3.0172625177774526,0.9133931636506444,-0.7270364376440464,-0.7687214947771026,-1.0396743661419294,False,,False,,False,,MACD_PASS,legacy,0.26496815286625175,1.028097075694312,4.436882349147853,0.24251607338068304,10.56720657602604,196.77,194.76760000000002,188.41044999999997,43.13725490196079,39.21568627450981,51,11,11,51,21.568627450980394,0.0,2.220446049250313e-14,-1.1102230246251565e-14,"(0,2]","(0,2]","(0,5]","(0,1]","(10,20]","(25,50]","(25,50]",10+,>10
CHOP_2015_2016,HRL,legacy,MACD_FAIL,2015-03-13,2015-03-16,26.461,GREEN,196.77,194.7676,188.41045,-0.2331228667915032,-0.2100505064334635,-0.1976802327977751,False,2015-03-12,26.106,1.359840649659061,False,,5.317259362835869,-1.458750614111326,5.317259362835869,-1.458750614111326,2.588715468047331,3.268961868410125,4.406485015683459,4.640792109141767,True,4.0,True,5.0,True,16.0,MACD_FAIL,legacy,0.26496815286625175,1.028097075694312,4.436882349147853,0.24251607338068304,10.56720657602604,196.77,194.76760000000002,188.41044999999997,43.13725490196079,39.21568627450981,51,11,11,51,21.568627450980394,0.0,2.220446049250313e-14,-1.1102230246251565e-14,"(0,2]","(0,2]","(0,5]","(0,1]","(10,20]","(25,50]","(25,50]",10+,>10
CHOP_2015_2016,ITW,legacy,MACD_PASS,2015-03-13,2015-03-16,92.268,GREEN,196.77,194.7676,188.41045,-0.3712826368523383,-0.4249972561930006,-0.4367885789745285,True,2015-03-10,90.61,1.829820108155844,False,,2.28356526639788,-2.1741015303247013,2.28356526639788,-2.1741015303247013,-0.0097541943035461,0.4855421164434048,0.5386482854293995,2.1285819569081266,True,2.0,False,,False,,MACD_PASS,legacy,0.26496815286625175,1.028097075694312,4.436882349147853,0.24251607338068304,10.56720657602604,196.77,194.76760000000002,188.41044999999997,43.13725490196079,39.21568627450981,51,11,11,51,21.568627450980394,0.0,2.220446049250313e-14,-1.1102230246251565e-14,"(0,2]","(0,2]","(0,5]","(0,1]","(10,20]","(25,50]","(25,50]",10+,>10
CHOP_2015_2016,KMB,legacy,MACD_PASS,2015-03-13,2015-03-16,98.213,GREEN,196.77,194.7676,188.41045,-0.2623401632414952,-0.3248520729688557,-0.3737332675898921,True,2015-03-06,96.074,2.226408809875724,False,,3.957724537484864,-1.2981988127844457,3.957724537484864,-1.2981988127844457,2.8377098754747365,1.6667854561005058,0.9275757791738392,1.585329844317962,True,4.0,True,5.0,False,,MACD_PASS,legacy,0.26496815286625175,1.028097075694312,4.436882349147853,0.24251607338068304,10.56720657602604,196.77,194.76760000000002,188.41044999999997,43.13725490196079,39.21568627450981,51,11,11,51,21.568627450980394,0.0,2.220446049250313e-14,-1.1102230246251565e-14,"(0,2]","(0,2]","(0,5]","(0,1]","(10,20]","(25,50]","(25,50]",10+,>10
CHOP_2015_2016,LEG,legacy,MACD_FAIL,2015-03-13,2015-03-16,42.458,GREEN,196.77,194.7676,188.41045,-0.0773689359514555,-0.1536148610989806,-0.1334061187562332,False,2015-03-12,40.967,3.6395147313691423,False,,3.0995336567902543,-2.2327947618823285,3.0995336567902543,-2.2327947618823285,1.6698855339394305,0.9892128691883828,0.3509350416882606,-0.6806726647510475,True,3.0,True,5.0,False,,MACD_FAIL,legacy,0.26496815286625175,1.028097075694312,4.436882349147853,0.24251607338068304,10.56720657602604,196.77,194.76760000000002,188.41044999999997,43.13725490196079,39.21568627450981,51,11,11,51,21.568627450980394,0.0,2.220446049250313e-14,-1.1102230246251565e-14,"(0,2]","(0,2]","(0,5]","(0,1]","(10,20]","(25,50]","(25,50]",10+,>10
CHOP_2015_2016,PEP,legacy,MACD_PASS,2015-03-13,2015-03-16,88.014,GREEN,196.77,194.7676,188.41045,-0.3828953462398188,-0.4490950330329875,-0.5378864571228139,True,2015-03-05,86.983,1.1852890794752824,False,,2.749562569591202,-2.454155020792148,2.749562569591202,-2.454155020792148,1.3656918217556324,2.0746699388733747,1.745176903674417,2.041720635353484,True,6.0,False,,False,,MACD_PASS,legacy,0.26496815286625175,1.028097075694312,4.436882349147853,0.24251607338068304,10.56720657602604,196.77,194.76760000000002,188.41044999999997,43.13725490196079,39.21568627450981,51,11,11,51,21.568627450980394,0.0,2.220446049250313e-14,-1.1102230246251565e-14,"(0,2]","(0,2]","(0,5]","(0,1]","(10,20]","(25,50]","(25,50]",10+,>10
CHOP_2015_2016,PPG,legacy,MACD_PASS,2015-03-13,2015-03-16,109.71,GREEN,196.77,194.7676,188.41045,-0.6048204771673593,-0.6142983951768489,-0.6726837349133848,True,2015-03-10,107.92,1.658636026686433,True,7.0,1.5039649986327674,-3.79181478443168,1.5039649986327674,-2.807401330781145,-0.9935283930361803,-1.85033269528756,-1.6771488469601523,-0.3190228784978544,False,,False,,False,,MACD_PASS,legacy,0.26496815286625175,1.028097075694312,4.436882349147853,0.24251607338068304,10.56720657602604,196.77,194.76760000000002,188.41044999999997,43.13725490196079,39.21568627450981,51,11,11,51,21.568627450980394,0.0,2.220446049250313e-14,-1.1102230246251565e-14,"(0,2]","(0,2]","(0,5]","(0,1]","(10,20]","(25,50]","(25,50]",10+,>10
CHOP_2015_2016,SHW,legacy,MACD_PASS,2015-03-13,2015-03-16,278.14,GREEN,196.77,194.7676,188.41045,-1.0782551383839127,-1.213517571295463,-1.3752398993012798,True,2015-03-11,273.37,1.7448878808940194,True,8.0,2.3369526137916097,-3.4982382972603587,1.459696555691381,-3.4982382972603587,0.704681095851023,-0.5572733155964626,0.6147983030128756,1.528007478248372,False,,False,,False,,MACD_PASS,legacy,0.26496815286625175,1.028097075694312,4.436882349147853,0.24251607338068304,10.56720657602604,196.77,194.76760000000002,188.41044999999997,43.13725490196079,39.21568627450981,51,11,11,51,21.568627450980394,0.0,2.220446049250313e-14,-1.1102230246251565e-14,"(0,2]","(0,2]","(0,5]","(0,1]","(10,20]","(25,50]","(25,50]",10+,>10
CHOP_2015_2016,SWK,legacy,MACD_PASS,2015-03-13,2015-03-16,90.658,GREEN,196.77,194.7676,188.41045,-0.36284699600895,-0.3893751766596636,-0.4356805717531065,True,2015-03-10,90.37,0.3186898306960284,True,1.0,2.1299830130821373,-2.03843014405789,0.2603190010809886,-2.03843014405789,0.8074301219969549,1.0390699110944368,0.9850206269717,0.7434534183414554,False,,False,,False,,MACD_PASS,legacy,0.26496815286625175,1.028097075694312,4.436882349147853,0.24251607338068304,10.56720657602604,196.77,194.76760000000002,188.41044999999997,43.13725490196079,39.21568627450981,51,11,11,51,21.568627450980394,0.0,2.220446049250313e-14,-1.1102230246251565e-14,"(0,2]","(0,2]","(0,5]","(0,1]","(10,20]","(25,50]","(25,50]",10+,>10
CHOP_2015_2016,SYY,legacy,MACD_PASS,2015-03-13,2015-03-16,35.865,GREEN,196.77,194.7676,188.41045,-0.0303844210483807,-0.0342773111724657,-0.0576727313447631,True,2015-03-10,35.419,1.2592111578531462,True,3.0,0.5437055625261422,-3.3514568520842225,0.1254705144291046,-1.7565872020075313,-0.0752823086574649,-1.1097169942841267,-1.0818346577443294,-1.5279520423811532,False,,False,,False,,MACD_PASS,legacy,0.26496815286625175,1.028097075694312,4.436882349147853,0.24251607338068304,10.56720657602604,196.77,194.76760000000002,188.41044999999997,43.13725490196079,39.21568627450981,51,11,11,51,21.568627450980394,0.0,2.220446049250313e-14,-1.1102230246251565e-14,"(0,2]","(0,2]","(0,5]","(0,1]","(10,20]","(25,50]","(25,50]",10+,>10
CHOP_2015_2016,WMT,legacy,MACD_PASS,2015-03-13,2015-03-16,76.851,GREEN,196.77,194.7676,188.41045,-0.0470587510035231,-0.1443003597053852,-0.2039449622234377,True,2015-03-04,75.071,2.371088702694779,True,15.0,1.7579471965231352,-3.359748083954661,1.7579471965231352,-2.789814055770268,1.0461802709138546,0.0949890046974211,-2.365616582738028,-2.789814055770268,False,,False,,False,,MACD_PASS,legacy,0.26496815286625175,1.028097075694312,4.436882349147853,0.24251607338068304,10.56720657602604,196.77,194.76760000000002,188.41044999999997,43.13725490196079,39.21568627450981,51,11,11,51,21.568627450980394,0.0,2.220446049250313e-14,-1.1102230246251565e-14,"(0,2]","(0,2]","(0,5]","(0,1]","(10,20]","(25,50]","(25,50]",10+,>10
CHOP_2015_2016,APD,legacy,MACD_FAIL,2015-03-16,2015-03-17,141.51,GREEN,197.24,194.82440000000005,188.5005,-0.7398804785412749,-0.8034824826346811,-0.8000626242860673,False,2015-03-10,140.39,0.79777761948856,True,6.0,2.275457564836403,-2.2330577344357283,2.275457564836403,-1.3002614656208111,-0.0918662992014707,-0.155466044802488,-0.3674651968058717,0.5299978800084704,True,1.0,False,,False,,MACD_FAIL,legacy,0.10150223304914441,1.2398857637955008,4.636327224596215,0.12395725838614258,10.486701493195136,197.24,194.82440000000003,188.50050000000002,52.94117647058823,56.86274509803921,51,6,6,51,11.764705882352942,0.0,-1.1102230246251565e-14,2.220446049250313e-14,"(0,2]","(0,2]","(0,5]","(0,1]","(10,20]","(50,75]","(50,75]",5-9,>10
CHOP_2015_2016,CL,legacy,MACD_PASS,2015-03-16,2015-03-17,64.471,GREEN,197.24,194.82440000000005,188.5005,-0.2883375554230222,-0.3523163766569379,-0.3735616874652261,True,2015-03-10,63.665,1.2660017277939195,False,,3.0664950132617497,-2.43520342479564,3.0664950132617497,-2.43520342479564,1.1121279334894707,1.152456143072067,1.9714290145957047,1.9435094848846868,True,4.0,True,5.0,False,,MACD_PASS,legacy,0.10150223304914441,1.2398857637955008,4.636327224596215,0.12395725838614258,10.486701493195136,197.24,194.82440000000003,188.50050000000002,52.94117647058823,56.86274509803921,51,6,6,51,11.764705882352942,0.0,-1.1102230246251565e-14,2.220446049250313e-14,"(0,2]","(0,2]","(0,5]","(0,1]","(10,20]","(50,75]","(50,75]",5-9,>10
CHOP_2015_2016,MDT,legacy,MACD_PASS,2015-03-16,2015-03-17,73.147,GREEN,197.24,194.82440000000005,188.5005,-0.2746606207743807,-0.3832315395262281,-0.4179628342303636,True,2015-03-10,71.615,2.1392166445577177,False,,2.686371279751709,-1.7061533624072145,2.686371279751709,-1.7061533624072145,1.6774440510205268,1.1333342447400252,-0.94330594556169,1.029433879721653,True,5.0,False,,False,,MACD_PASS,legacy,0.10150223304914441,1.2398857637955008,4.636327224596215,0.12395725838614258,10.486701493195136,197.24,194.82440000000003,188.50050000000002,52.94117647058823,56.86274509803921,51,6,6,51,11.764705882352942,0.0,-1.1102230246251565e-14,2.220446049250313e-14,"(0,2]","(0,2]","(0,5]","(0,1]","(10,20]","(50,75]","(50,75]",5-9,>10
CHOP_2015_2016,MKC,legacy,MACD_FAIL,2015-03-16,2015-03-17,68.545,GREEN,197.24,194.82440000000005,188.5005,-0.3197075722723326,-0.3611918983988467,-0.3342876059192231,False,2015-03-10,67.71,1.2332004135283017,False,,9.52658837260194,-1.6879422277335965,9.52658837260194,-1.6879422277335965,4.0002917791232,6.759063389014508,8.413451017579687,7.939309942373618,True,5.0,True,5.0,True,5.0,MACD_FAIL,legacy,0.10150223304914441,1.2398857637955008,4.636327224596215,0.12395725838614258,10.486701493195136,197.24,194.82440000000003,188.50050000000002,52.94117647058823,56.86274509803921,51,6,6,51,11.764705882352942,0.0,-1.1102230246251565e-14,2.220446049250313e-14,"(0,2]","(0,2]","(0,5]","(0,1]","(10,20]","(50,75]","(50,75]",5-9,>10
CHOP_2015_2016,MMM,legacy,MACD_FAIL,2015-03-16,2015-03-17,155.19,GREEN,197.24,194.82440000000005,188.5005,-0.5433148037854615,-0.7841855170418635,-0.7788837600881362,False,2015-03-10,151.56,2.3950910530482927,False,,1.3209614021522098,-2.6097042335202048,1.3209614021522098,-2.6097042335202048,0.4768348476061668,-0.3415168503125176,0.451059990978786,0.5541594174882425,False,,False,,False,,MACD_FAIL,legacy,0.10150223304914441,1.2398857637955008,4.636327224596215,0.12395725838614258,10.486701493195136,197.24,194.82440000000003,188.50050000000002,52.94117647058823,56.86274509803921,51,6,6,51,11.764705882352942,0.0,-1.1102230246251565e-14,2.220446049250313e-14,"(0,2]","(0,2]","(0,5]","(0,1]","(10,20]","(50,75]","(50,75]",5-9,>10
CHOP_2015_2016,PG,legacy,MACD_PASS,2015-03-16,2015-03-17,76.322,GREEN,197.24,194.82440000000005,188.5005,-0.0853659033427314,-0.2311111484597862,-0.2688084944492179,True,2015-03-06,73.987,3.1559598307810965,False,,2.0976913602893,-2.29029637588114,2.0976913602893,-2.29029637588114,0.6708419590681691,-1.703309661696495,-0.7088388669060031,0.1795026335787763,True,4.0,False,,False,,MACD_PASS,legacy,0.10150223304914441,1.2398857637955008,4.636327224596215,0.12395725838614258,10.486701493195136,197.24,194.82440000000003,188.50050000000002,52.94117647058823,56.86274509803921,51,6,6,51,11.764705882352942,0.0,-1.1102230246251565e-14,2.220446049250313e-14,"(0,2]","(0,2]","(0,5]","(0,1]","(10,20]","(50,75]","(50,75]",5-9,>10
CHOP_2015_2016,BDX,legacy,MACD_PASS,2015-03-18,2015-03-19,139.03,GREEN,199.03,195.0374,188.68285,-0.4807278182709792,-0.6944638999565649,-0.6948597641732724,True,2015-03-11,134.55,3.3296172426607207,False,,2.1434222829604943,-3.474070344529967,2.1434222829604943,-3.474070344529967,-1.136445371502559,-2.4886715097460987,-1.136445371502559,-2.2872761274545077,True,3.0,False,,False,,MACD_PASS,legacy,2.9217085531078713,2.0470945572490296,5.483884730382216,0.08754698080943868,11.38517786342711,199.03,195.0374,188.68285,62.745098039215684,98.03921568627452,51,3,3,51,5.882352941176471,0.0,0.0,0.0,>2,>2,>5,"(0,1]","(10,20]","(50,75]",>75,2-4,"(5,10]"
CHOP_2015_2016,KO,legacy,MACD_PASS,2015-03-18,2015-03-19,37.317,GREEN,199.03,195.0374,188.68285,-0.1102954078991961,-0.1480506908745489,-0.1838934185711442,True,2015-03-09,36.515,2.1963576612351154,False,,2.797652544416751,-1.3318326767960964,2.797652544416751,-1.3318326767960964,-0.3215692579789264,0.4957526060508588,0.9861457244687566,-0.4448374735375182,True,11.0,False,,False,,MACD_PASS,legacy,2.9217085531078713,2.0470945572490296,5.483884730382216,0.08754698080943868,11.38517786342711,199.03,195.0374,188.68285,62.745098039215684,98.03921568627452,51,3,3,51,5.882352941176471,0.0,0.0,0.0,>2,>2,>5,"(0,1]","(10,20]","(50,75]",>75,2-4,"(5,10]"
CHOP_2015_2016,VFC,legacy,MACD_PASS,2015-03-18,2015-03-19,69.432,GREEN,199.03,195.0374,188.68285,-0.3387945131633613,-0.4166118857521039,-0.4350219188205383,True,2015-03-10,67.863,2.3120109632642327,False,,3.478223297614913,-1.2040557667934104,3.478223297614913,-1.2040557667934104,-0.0403272266390253,2.124380689019456,2.2597649498790284,-0.2304412950800749,True,2.0,True,2.0,False,,MACD_PASS,legacy,2.9217085531078713,2.0470945572490296,5.483884730382216,0.08754698080943868,11.38517786342711,199.03,195.0374,188.68285,62.745098039215684,98.03921568627452,51,3,3,51,5.882352941176471,0.0,0.0,0.0,>2,>2,>5,"(0,1]","(10,20]","(50,75]",>75,2-4,"(5,10]"
CHOP_2015_2016,TROW,legacy,MACD_FAIL,2015-04-01,2015-04-02,74.127,GREEN,195.39,196.2402,189.4828,-0.1904388705379225,-0.216223549488588,-0.1833692860049347,False,2015-03-27,73.032,1.499342753861321,False,,4.66226880893601,-1.0293145547506155,4.66226880893601,-1.0293145547506155,1.4798926167253643,3.284902936851619,3.4737679927691723,2.1193357346176223,True,4.0,True,7.0,False,,MACD_FAIL,legacy,-0.03069838833461569,-0.4332445645693572,3.117538900628447,0.6167022324949034,13.76451769011157,195.39,196.24020000000002,189.4828,33.333333333333336,52.94117647058823,51,1,1,51,1.9607843137254901,0.0,2.220446049250313e-14,0.0,"(-2,0]","(-2,0]","(0,5]","(0,1]","(10,20]","(25,50]","(50,75]",1,<=2
CHOP_2015_2016,CTAS,legacy,MACD_PASS,2015-04-09,2015-04-10,79.025,GREEN,198.45,196.63160000000005,189.8438,-0.1882296078969124,-0.1898376152402902,-0.2256157060296891,True,2015-03-26,77.876,1.4754224664851767,True,14.0,0.9528630180322571,-2.8598544764315115,0.9528630180322571,-2.8598544764315115,-0.574501739955724,0.3403986080354304,-0.7099019297690745,0.6833280607402514,False,,False,,False,,MACD_PASS,legacy,1.566098572086605,0.924775061587213,4.533305801927701,0.4929804208170463,11.628981515423337,198.45,196.63160000000005,189.8438,62.745098039215684,88.23529411764706,51,1,1,51,1.9607843137254901,0.0,0.0,0.0,"(0,2]","(0,2]","(0,5]","(0,1]","(10,20]","(50,75]",>75,1,<=2
CHOP_2015_2016,LEG,legacy,MACD_PASS,2015-04-15,2015-04-16,41.909,GREEN,199.9,197.3752,190.17075,-0.132025332822955,-0.1326138097599928,-0.1333076859407557,True,2015-04-14,41.51,0.9612141652613816,True,0.0,5.428428261232665,-5.807821708940796,0.0859004032546684,-1.3815648190126262,-1.8945811162280115,-5.521487031425232,2.956405545348262,5.270944188599125,False,,False,,False,,MACD_PASS,legacy,1.1844502935816958,1.2791880641539466,5.116060172239956,0.6224694653492069,10.89693426297034,199.9,197.3752,190.17075,66.66666666666667,60.78431372549019,51,1,1,51,1.9607843137254901,0.0,0.0,0.0,"(0,2]","(0,2]",>5,"(0,1]","(10,20]","(50,75]","(50,75]",1,<=2
CHOP_2015_2016,LOW,legacy,MACD_PASS,2015-04-22,2015-04-23,69.765,GREEN,200.09,197.9024,190.5365,-0.1891125912651757,-0.2144412059659381,-0.2543768489046921,True,2015-04-21,69.393,0.5360771259348862,True,2.0,1.3430803411452752,-7.333189994983158,1.3029456030961173,-1.58962230344728,-5.607396258869068,-0.9044649896079672,-0.9460331111588838,-5.798036264602602,False,,False,,False,,MACD_PASS,legacy,0.09504752376188197,1.1053933656186343,5.013999942268277,0.7151246938887468,10.77196874022909,200.09,197.90239999999997,190.53650000000002,50.98039215686274,29.41176470588235,51,2,2,51,3.9215686274509802,0.0,-1.1102230246251565e-14,2.220446049250313e-14,"(0,2]","(0,2]",>5,"(0,1]","(10,20]","(50,75]","(25,50]",2-4,"(2,5]"
CHOP_2015_2016,VFC,legacy,MACD_FAIL,2015-04-22,2015-04-23,69.346,GREEN,200.09,197.9024,190.5365,-0.1740536880685172,-0.1696566361282026,-0.1905004851659079,False,2015-04-20,69.149,0.284892044715046,True,2.0,0.7484209615550963,-6.105615320278035,0.7484209615550963,-0.7022755458137575,-1.8818677357021365,-3.858910391370807,-4.386698583912551,-3.44071756121479,False,,False,,False,,MACD_FAIL,legacy,0.09504752376188197,1.1053933656186343,5.013999942268277,0.7151246938887468,10.77196874022909,200.09,197.90239999999997,190.53650000000002,50.98039215686274,29.41176470588235,51,2,2,51,3.9215686274509802,0.0,-1.1102230246251565e-14,2.220446049250313e-14,"(0,2]","(0,2]",>5,"(0,1]","(10,20]","(50,75]","(25,50]",2-4,"(2,5]"
CHOP_2015_2016,CLX,legacy,MACD_PASS,2015-04-23,2015-04-24,102.33,GREEN,200.59,198.0028,190.62095,-0.1635228353493368,-0.1903638514322906,-0.1988770037651067,True,2015-04-20,101.61,0.7085916740478204,True,3.0,1.8274210886348063,-3.3235610280465178,0.4495260431935932,-1.983777973223888,-2.6189778168669964,-1.319261213720313,0.1465845793022557,0.6742890647903899,False,,False,,False,,MACD_PASS,legacy,0.3753002401921446,1.3066481888134973,5.229776685091525,0.6973446790851101,9.14986422121566,200.59,198.00279999999998,190.62095000000002,54.90196078431372,43.13725490196079,51,2,2,51,3.9215686274509802,0.0,-1.1102230246251565e-14,2.220446049250313e-14,"(0,2]","(0,2]",>5,"(0,1]",<=10,"(50,75]","(25,50]",2-4,"(2,5]"
CHOP_2015_2016,WMT,legacy,MACD_PASS,2015-04-23,2015-04-24,73.989,GREEN,200.59,198.0028,190.62095,-0.0914555698955827,-0.1796246843619247,-0.2210710055923415,True,2015-04-06,72.282,2.3615837967958964,True,17.0,1.952993012474824,-4.2114368352052285,1.952993012474824,-3.3626620173269006,-0.9812269391396012,-0.446012245063454,0.4514184540945098,-3.8316506507724224,False,,False,,False,,MACD_PASS,legacy,0.3753002401921446,1.3066481888134973,5.229776685091525,0.6973446790851101,9.14986422121566,200.59,198.00279999999998,190.62095000000002,54.90196078431372,43.13725490196079,51,2,2,51,3.9215686274509802,0.0,-1.1102230246251565e-14,2.220446049250313e-14,"(0,2]","(0,2]",>5,"(0,1]",<=10,"(50,75]","(25,50]",2-4,"(2,5]"
CHOP_2015_2016,CB,legacy,MACD_FAIL,2015-04-24,2015-04-27,102.51,GREEN,201.06,198.1102,190.70355,-0.3451956922000442,-0.3499628839907942,-0.3050066378270789,False,2015-04-23,101.12,1.3746044303797555,True,3.0,0.3414301043800583,-2.4290313140181485,0.146327187591444,-2.0583357721197904,-1.3559652716808146,-0.6048190420446797,-0.175592625109755,-1.9900497512437831,False,,False,,False,,MACD_FAIL,legacy,1.7870703184326375,1.488969270638263,5.43065401771492,0.6469318745275121,9.052445268081302,201.06,198.1102,190.70355,56.86274509803921,68.62745098039215,51,2,2,51,3.9215686274509802,0.0,0.0,0.0,"(0,2]","(0,2]",>5,"(0,1]",<=10,"(50,75]","(50,75]",2-4,"(2,5]"
CHOP_2015_2016,CINF,legacy,MACD_PASS,2015-04-24,2015-04-27,48.714,GREEN,201.06,198.1102,190.70355,-0.166659951233379,-0.1941482227297017,-0.1982663045160199,True,2015-04-21,47.697,2.1322095729291,True,2.0,0.0,-4.696801740772671,0.0,-4.413515621792497,-2.8225971999835786,-3.1243585006363594,-2.9396066839101787,-4.3355092991747775,False,,False,,False,,MACD_PASS,legacy,1.7870703184326375,1.488969270638263,5.43065401771492,0.6469318745275121,9.052445268081302,201.06,198.1102,190.70355,56.86274509803921,68.62745098039215,51,2,2,51,3.9215686274509802,0.0,0.0,0.0,"(0,2]","(0,2]",>5,"(0,1]",<=10,"(50,75]","(50,75]",2-4,"(2,5]"
CHOP_2015_2016,SHW,legacy,MACD_PASS,2015-04-27,2015-04-28,274.7,GREEN,200.22,198.1632,190.78565,-0.6608571455679995,-0.772040801848018,-0.8587856647818086,True,2015-04-21,272.21,0.9147349472833576,True,1.0,4.503094284674192,-2.9377502730251197,0.2730251183108878,-1.812886785584256,-2.6137604659628666,2.2715689843465725,3.840553330906449,2.8758645795413207,False,,False,,False,,MACD_PASS,legacy,0.4464957607986708,1.03793237089429,4.944999794271743,0.5960738924508435,9.270448524818784,200.22,198.1632,190.78564999999998,47.05882352941177,37.254901960784316,51,1,1,51,1.9607843137254901,0.0,0.0,-1.1102230246251565e-14,"(0,2]","(0,2]","(0,5]","(0,1]",<=10,"(25,50]","(25,50]",1,<=2
CHOP_2015_2016,ITW,legacy,MACD_PASS,2015-04-28,2015-04-29,89.363,GREEN,200.86,198.2124,190.8696,-0.2794903575936567,-0.3375659712382035,-0.3785368199028949,True,2015-04-21,88.578,0.8862245704351013,False,,3.828206304622728,-1.1011268645860106,3.828206304622728,-1.1011268645860106,0.5416111813614011,1.5285968465696076,2.4697022257533785,1.2622673813547092,True,4.0,True,11.0,False,,MACD_PASS,legacy,0.8789111546381401,1.3357388336955989,5.234149387854337,0.515222387426939,8.36909003395159,200.86,198.21239999999997,190.8696,49.01960784313726,50.98039215686274,51,1,1,51,1.9607843137254901,0.0,-1.1102230246251565e-14,0.0,"(0,2]","(0,2]",>5,"(0,1]",<=10,"(25,50]","(50,75]",1,<=2
CHOP_2015_2016,PEP,legacy,MACD_FAIL,2015-04-30,2015-05-01,88.572,GREEN,198.03,198.22440000000003,191.0117,-0.1676741293514377,-0.2059238806724129,-0.178176718324267,False,2015-04-27,86.805,2.035597027820968,False,,3.446913245720995,-0.4199972903400573,3.446913245720995,-0.4199972903400573,1.462087341371987,3.2165921510183937,1.1572505983832304,0.8524138553944738,True,6.0,True,10.0,False,,MACD_FAIL,legacy,-1.276235106436019,-0.09807067142089121,3.6742775442551334,0.36800447195306507,8.613767870595849,198.03,198.22440000000003,191.01170000000002,27.45098039215686,17.647058823529413,51,2,2,51,3.9215686274509802,0.0,0.0,2.220446049250313e-14,"(-2,0]","(-2,0]","(0,5]","(0,1]",<=10,"(25,50]",<=25,2-4,"(2,5]"
CHOP_2015_2016,PPG,legacy,MACD_PASS,2015-04-30,2015-05-01,106.36,GREEN,198.03,198.22440000000003,191.0117,-0.2495303829440853,-0.2550785353778706,-0.2673625451174536,True,2015-04-27,104.85,1.4401525989508943,False,,4.945468221135774,-0.4889056036103789,4.945468221135774,-0.4889056036103789,3.619781872884542,4.842045881910506,3.69499811959384,3.619781872884542,True,2.0,True,5.0,False,,MACD_PASS,legacy,-1.276235106436019,-0.09807067142089121,3.6742775442551334,0.36800447195306507,8.613767870595849,198.03,198.22440000000003,191.01170000000002,27.45098039215686,17.647058823529413,51,2,2,51,3.9215686274509802,0.0,0.0,2.220446049250313e-14,"(-2,0]","(-2,0]","(0,5]","(0,1]",<=10,"(25,50]",<=25,2-4,"(2,5]"
CHOP_2015_2016,GPC,legacy,MACD_FAIL,2015-05-01,2015-05-04,86.225,GREEN,200.17,198.25600000000003,191.0859,-0.0988129075421795,-0.1569345940658236,-0.0746639567853345,False,2015-04-29,83.337,3.465447520309106,False,,2.342708031313445,-3.0895911858509595,2.342708031313445,-3.0895911858509595,1.7732676138011216,1.2861699043201114,0.0104378080603151,-2.407654392577552,True,5.0,False,,False,,MACD_FAIL,legacy,-0.44265393414901766,0.9654184488741668,4.753935272042553,0.3377725233135953,9.280919219191603,200.17,198.25600000000003,191.0859,35.294117647058826,35.294117647058826,51,1,1,51,1.9607843137254901,0.0,0.0,0.0,"(-2,0]","(0,2]","(0,5]","(0,1]",<=10,"(25,50]","(25,50]",1,<=2
CHOP_2015_2016,BCR,legacy,MACD_PASS,2015-05-04,2015-05-05,168.39,GREEN,200.75,198.27560000000005,191.1736,-0.4206333358144057,-0.5659156752236596,-0.6210245544968643,True,2015-04-29,163.29,3.1232776042623422,False,,2.6248589583704574,-2.232911693093409,2.6248589583704574,-2.232911693093409,-1.7340697191044474,2.185402933665892,1.0986400617613912,0.8789120494091307,True,8.0,False,,False,,MACD_PASS,legacy,0.2647088202976766,1.2479599103470074,5.0092690622554725,0.30291870366174756,9.076003246158438,200.75,198.27560000000003,191.1736,47.05882352941177,43.13725490196079,51,5,5,51,9.803921568627452,0.0,-1.1102230246251565e-14,0.0,"(0,2]","(0,2]",>5,"(0,1]",<=10,"(25,50]","(25,50]",5-9,"(5,10]"
CHOP_2015_2016,BF-B,legacy,MACD_PASS,2015-05-04,2015-05-05,44.37,GREEN,200.75,198.27560000000005,191.1736,-0.0997187992521709,-0.1348764106937823,-0.1586716521911794,True,2015-04-27,43.41,2.2114720110573582,False,,5.677259409510937,-1.9900833896776997,5.677259409510937,-1.9900833896776997,0.4034257381113404,3.788595898129388,2.2560288483209456,5.65472165877845,True,4.0,True,8.0,True,20.0,MACD_PASS,legacy,0.2647088202976766,1.2479599103470074,5.0092690622554725,0.30291870366174756,9.076003246158438,200.75,198.27560000000003,191.1736,47.05882352941177,43.13725490196079,51,5,5,51,9.803921568627452,0.0,-1.1102230246251565e-14,0.0,"(0,2]","(0,2]",>5,"(0,1]",<=10,"(25,50]","(25,50]",5-9,"(5,10]"
CHOP_2015_2016,HRL,legacy,MACD_PASS,2015-05-04,2015-05-05,26.8,GREEN,200.75,198.27560000000005,191.1736,-0.0508451860235596,-0.0966120221049387,-0.136963071376937,True,2015-04-23,25.91,3.4349671941335425,False,,5.977611940298511,-2.2500000000000075,5.977611940298511,-2.2500000000000075,-0.4477611940298498,-0.3955223880597103,4.32835820895523,1.593283582089544,True,11.0,True,11.0,True,11.0,MACD_PASS,legacy,0.2647088202976766,1.2479599103470074,5.0092690622554725,0.30291870366174756,9.076003246158438,200.75,198.27560000000003,191.1736,47.05882352941177,43.13725490196079,51,5,5,51,9.803921568627452,0.0,-1.1102230246251565e-14,0.0,"(0,2]","(0,2]",>5,"(0,1]",<=10,"(25,50]","(25,50]",5-9,"(5,10]"
CHOP_2015_2016,MKC,legacy,MACD_PASS,2015-05-04,2015-05-05,72.794,GREEN,200.75,198.27560000000005,191.1736,-0.1785698983418521,-0.2502559588310131,-0.312099555593782,True,2015-04-23,71.653,1.5923966896012498,False,,4.525098222380963,-1.4671538863093136,4.525098222380963,-1.4671538863093136,1.5234772096601512,4.324532241668266,3.3052174629777165,2.217215704591036,True,6.0,True,7.0,False,,MACD_PASS,legacy,0.2647088202976766,1.2479599103470074,5.0092690622554725,0.30291870366174756,9.076003246158438,200.75,198.27560000000003,191.1736,47.05882352941177,43.13725490196079,51,5,5,51,9.803921568627452,0.0,-1.1102230246251565e-14,0.0,"(0,2]","(0,2]",>5,"(0,1]",<=10,"(25,50]","(25,50]",5-9,"(5,10]"
CHOP_2015_2016,TGT,legacy,MACD_PASS,2015-05-04,2015-05-05,73.5,GREEN,200.75,198.27560000000005,191.1736,-0.3520430366049521,-0.4149542843476915,-0.434226478161654,True,2015-04-30,72.003,2.0790800383317265,True,7.0,1.687074829931956,-4.447619047619056,1.687074829931956,-4.447619047619056,0.9863945578231226,-1.97687074829932,1.0176870748299427,1.068027210884348,False,,False,,False,,MACD_PASS,legacy,0.2647088202976766,1.2479599103470074,5.0092690622554725,0.30291870366174756,9.076003246158438,200.75,198.27560000000003,191.1736,47.05882352941177,43.13725490196079,51,5,5,51,9.803921568627452,0.0,-1.1102230246251565e-14,0.0,"(0,2]","(0,2]",>5,"(0,1]",<=10,"(25,50]","(25,50]",5-9,"(5,10]"
CHOP_2015_2016,MMM,legacy,MACD_PASS,2015-05-06,2015-05-07,147.42,GREEN,197.62,198.1958,191.30475,-0.3242752660912467,-0.4074551588407842,-0.507667487291865,True,2015-04-27,146.29,0.772438307471468,False,,4.375254375254389,0.0,4.375254375254389,0.0,3.757970424637103,3.717270383937055,1.811151811151812,0.5223171889838563,True,1.0,True,5.0,False,,MACD_PASS,legacy,-1.2048192771084265,-0.2905207880288141,3.3011464691807157,0.14825489736356445,10.090009938208727,197.62,198.19580000000002,191.30475,27.45098039215686,35.294117647058826,51,1,1,51,1.9607843137254901,0.0,2.220446049250313e-14,0.0,"(-2,0]","(-2,0]","(0,5]","(0,1]","(10,20]","(25,50]","(25,50]",1,<=2
CHOP_2015_2016,CAH,legacy,MACD_PASS,2015-05-08,2015-05-11,81.978,GREEN,201.03,198.1836,191.4446,-0.4543819662892662,-0.632048830706831,-0.6958552911699318,True,2015-05-01,79.612,2.9719137818419394,False,,3.5106979921442294,-0.945375588572539,3.5106979921442294,-0.945375588572539,1.4564883261362738,1.153968137793071,1.665080875356817,1.2369172216936342,True,4.0,True,12.0,False,,MACD_PASS,legacy,0.42963481041116136,1.436243967714801,5.006879274735376,0.037050086265111304,10.942227269329855,201.03,198.18359999999996,191.44459999999998,58.8235294117647,76.47058823529412,51,4,4,51,7.8431372549019605,0.0,-3.3306690738754696e-14,-1.1102230246251565e-14,"(0,2]","(0,2]",>5,"(0,1]","(10,20]","(50,75]",>75,2-4,"(5,10]"
CHOP_2015_2016,MDT,legacy,MACD_PASS,2015-05-08,2015-05-11,72.095,GREEN,201.03,198.1836,191.4446,-0.1484243434769316,-0.2716490875640349,-0.2853152923755115,True,2015-05-07,70.275,2.589825684809677,False,,4.043276232748472,-1.889174006519168,4.043276232748472,-1.889174006519168,1.9238504750676235,0.7393023094528051,1.148484638324443,-1.4300575629378032,True,5.0,True,6.0,False,,MACD_PASS,legacy,0.42963481041116136,1.436243967714801,5.006879274735376,0.037050086265111304,10.942227269329855,201.03,198.18359999999996,191.44459999999998,58.8235294117647,76.47058823529412,51,4,4,51,7.8431372549019605,0.0,-3.3306690738754696e-14,-1.1102230246251565e-14,"(0,2]","(0,2]",>5,"(0,1]","(10,20]","(50,75]",>75,2-4,"(5,10]"
CHOP_2015_2016,TROW,legacy,MACD_FAIL,2015-05-08,2015-05-11,75.988,GREEN,201.03,198.1836,191.4446,-0.1800223067944485,-0.2323334725559556,-0.2124928426932648,False,2015-05-07,74.583,1.883807301932072,True,15.0,0.8540822235089784,-4.561246512607243,0.8540822235089784,-2.4201189661525517,0.4013791651313436,-1.3831131231247018,-1.8581881349686855,-4.527030583776382,False,,False,,False,,MACD_FAIL,legacy,0.42963481041116136,1.436243967714801,5.006879274735376,0.037050086265111304,10.942227269329855,201.03,198.18359999999996,191.44459999999998,58.8235294117647,76.47058823529412,51,4,4,51,7.8431372549019605,0.0,-3.3306690738754696e-14,-1.1102230246251565e-14,"(0,2]","(0,2]",>5,"(0,1]","(10,20]","(50,75]",>75,2-4,"(5,10]"
CHOP_2015_2016,WBA,legacy,MACD_PASS,2015-05-08,2015-05-11,80.955,GREEN,201.03,198.1836,191.4446,-0.3346939410976805,-0.4951398656568391,-0.6291230805582059,True,2015-04-24,78.481,3.152355347154101,False,,2.8077326910011635,-2.214810697300962,2.8077326910011635,-2.214810697300962,1.4452473596442417,0.8856772280896763,1.8084120807856152,-0.7411524921252521,True,8.0,False,,False,,MACD_PASS,legacy,0.42963481041116136,1.436243967714801,5.006879274735376,0.037050086265111304,10.942227269329855,201.03,198.18359999999996,191.44459999999998,58.8235294117647,76.47058823529412,51,4,4,51,7.8431372549019605,0.0,-3.3306690738754696e-14,-1.1102230246251565e-14,"(0,2]","(0,2]",>5,"(0,1]","(10,20]","(50,75]",>75,2-4,"(5,10]"
CHOP_2015_2016,BDX,legacy,MACD_PASS,2015-05-15,2015-05-18,135.69,GREEN,201.8,198.28760000000003,191.8315,-0.1593432279439808,-0.2612983003861797,-0.3533016105762791,True,2015-05-13,132.57,2.35347363656937,False,,1.1496794163166069,-2.181442995062277,1.1496794163166069,-2.181442995062277,-0.7738226840592666,-0.6116884073992024,-2.011938978554051,-1.0686122779865803,False,,False,,False,,MACD_PASS,legacy,0.38302740884446074,1.7713664394546136,5.1964875424526324,0.015938987975139263,10.578775739020251,201.8,198.28760000000003,191.8315,72.54901960784314,70.58823529411765,51,1,1,51,1.9607843137254901,0.0,0.0,0.0,"(0,2]","(0,2]",>5,"(0,1]","(10,20]","(50,75]","(50,75]",1,<=2
CHOP_2015_2016,LOW,legacy,MACD_FAIL,2015-05-26,2015-05-27,66.887,GREEN,200.16,199.1064,192.48865,-0.2879210989265566,-0.2949763604951618,-0.2722402506070701,False,2015-05-22,65.624,1.92460075582106,True,9.0,1.7566941259138602,-3.103742132252896,1.7566941259138602,-3.103742132252896,1.013649887123047,-1.1033534169569537,-0.3857251782857562,0.2018329421262787,False,,False,,False,,MACD_FAIL,legacy,-1.1213752902237806,0.5291643061197338,3.9853518636034035,0.4569103656493878,10.743063619405815,200.16,199.1064,192.48864999999998,45.09803921568628,15.686274509803921,51,1,1,51,1.9607843137254901,0.0,0.0,-1.1102230246251565e-14,"(-2,0]","(0,2]","(0,5]","(0,1]","(10,20]","(25,50]",<=25,1,<=2
CHOP_2015_2016,AFL,legacy,MACD_FAIL,2015-05-29,2015-06-01,59.176,GREEN,200.57,199.336,192.79325,-0.1513677167546522,-0.1434195789918609,-0.1508665586498121,False,2015-05-26,58.351,1.413857517437589,True,5.0,2.127551710152775,-1.8875895633365003,0.46302555089901,-1.4735703663647404,-1.4093551439772978,-0.7198864404488359,0.5272407732864526,-1.698323644720834,False,,False,,False,,MACD_FAIL,legacy,-1.1093580514742185,0.6190552634747215,4.033725247123554,0.5568217474255066,10.68585814747697,200.57,199.336,192.79324999999997,37.254901960784316,7.8431372549019605,51,1,1,51,1.9607843137254901,0.0,0.0,-1.1102230246251565e-14,"(-2,0]","(0,2]","(0,5]","(0,1]","(10,20]","(25,50]",<=25,1,<=2
CHOP_2015_2016,ADP,legacy,MACD_FAIL,2015-06-02,2015-06-03,80.858,GREEN,200.79,199.411,192.97375,-0.2230473228751171,-0.224902419737332,-0.1971522221912268,False,2015-06-01,79.509,1.6966632708246945,True,1.0,0.2300328971777565,-6.748868386554219,0.1273838086522039,-2.148210442998844,-1.2787850305473911,-2.330010635929658,-1.919414281827414,-5.131217690271839,False,,False,,False,,MACD_FAIL,legacy,0.3147482014388414,0.6915365752140135,4.050421365600232,0.5039030054754923,9.975119279340943,200.79,199.41099999999997,192.97375,43.13725490196079,50.98039215686274,51,1,1,51,1.9607843137254901,0.0,-1.1102230246251565e-14,0.0,"(0,2]","(0,2]","(0,5]","(0,1]",<=10,"(25,50]","(50,75]",1,<=2
CHOP_2015_2016,ITW,legacy,MACD_PASS,2015-06-03,2015-06-04,89.488,GREEN,201.31,199.4476,193.0642,-0.1782961491574924,-0.2255957466217887,-0.2351178270958371,True,2015-06-01,88.086,1.5916263651431617,True,2.0,0.4648667977829479,-2.868541033434646,0.1564455569461831,-2.03267477203648,0.3698819953513288,-1.0057214375111756,-1.6639102449490517,-0.6235472912569207,False,,False,,False,,MACD_PASS,legacy,-0.3613145911700588,0.9337790978682925,4.271014512271054,0.46847231681224066,9.023384169354378,201.31,199.44760000000002,193.06419999999997,45.09803921568628,27.45098039215686,51,1,1,51,1.9607843137254901,0.0,2.220446049250313e-14,-1.1102230246251565e-14,"(-2,0]","(0,2]","(0,5]","(0,1]",<=10,"(25,50]","(25,50]",1,<=2
CHOP_2015_2016,GWW,legacy,MACD_PASS,2015-06-09,2015-06-10,227.92,GREEN,198.02,199.6616,193.3216,-0.657102184347118,-0.8238107476782829,-0.8262297804177904,True,2015-06-08,225.68,0.9925558312654958,True,2.0,1.7593892593892768,-3.821516321516316,0.947700947700958,-1.8076518076518,-0.7371007371007265,0.7722007722007707,-2.0884520884520863,-2.492102492102488,False,,False,,False,,MACD_PASS,legacy,-1.3795507744409519,-0.822191147421425,2.430354393921852,0.27884588340705285,8.170845578288546,198.02,199.6616,193.3216,21.568627450980394,15.686274509803921,51,1,1,51,1.9607843137254901,0.0,0.0,0.0,"(-2,0]","(-2,0]","(0,5]","(0,1]",<=10,<=25,<=25,1,<=2
CHOP_2015_2016,ADM,legacy,MACD_FAIL,2015-06-10,2015-06-11,48.789,GREEN,200.39,199.713,193.39115,-0.278070808363784,-0.3519832652101895,-0.336373577257971,False,2015-06-05,47.516,2.6790975671352912,True,10.0,0.9920268913074626,-10.43062985509028,0.9920268913074626,-3.660661214618055,-1.535182110721689,-2.820307856279092,-6.751521859435538,-9.508290803254836,False,,False,,False,,MACD_FAIL,legacy,-0.4570066067259515,0.33898644554934965,3.619012555641743,0.2563222129853937,9.211938095921283,200.39,199.713,193.39115,31.372549019607842,27.45098039215686,51,7,7,51,13.72549019607843,0.0,0.0,0.0,"(-2,0]","(0,2]","(0,5]","(0,1]",<=10,"(25,50]","(25,50]",5-9,>10
CHOP_2015_2016,CINF,legacy,MACD_FAIL,2015-06-10,2015-06-11,47.282,GREEN,200.39,199.713,193.39115,0.0399806375170103,-0.0153262980606567,-0.0034695228031044,False,2015-06-08,46.056,2.66197672398818,False,,5.911340467831305,-2.0219110866714574,5.911340467831305,-2.0219110866714574,1.7385051393765227,-0.5900765619051618,3.214754029017386,5.693498582970258,True,14.0,True,14.0,True,20.0,MACD_FAIL,legacy,-0.4570066067259515,0.33898644554934965,3.619012555641743,0.2563222129853937,9.211938095921283,200.39,199.713,193.39115,31.372549019607842,27.45098039215686,51,7,7,51,13.72549019607843,0.0,0.0,0.0,"(-2,0]","(0,2]","(0,5]","(0,1]",<=10,"(25,50]","(25,50]",5-9,>10
CHOP_2015_2016,CL,legacy,MACD_PASS,2015-06-10,2015-06-11,62.847,GREEN,200.39,199.713,193.39115,-0.0832089792692947,-0.1909742125232219,-0.2400390258234893,True,2015-05-28,61.316,2.496901298192955,False,,1.685044632202004,-1.9269018409788785,1.685044632202004,-1.9269018409788785,1.0867662736486985,0.0159116584721674,-0.4375706079844721,0.284818686651711,False,,False,,False,,MACD_PASS,legacy,-0.4570066067259515,0.33898644554934965,3.619012555641743,0.2563222129853937,9.211938095921283,200.39,199.713,193.39115,31.372549019607842,27.45098039215686,51,7,7,51,13.72549019607843,0.0,0.0,0.0,"(-2,0]","(0,2]","(0,5]","(0,1]",<=10,"(25,50]","(25,50]",5-9,>10
CHOP_2015_2016,ECL,legacy,MACD_FAIL,2015-06-10,2015-06-11,112.52,GREEN,200.39,199.713,193.39115,-0.0615126222292166,-0.1715195906259238,-0.1408829013196226,False,2015-06-08,109.91,2.37467018469657,True,15.0,2.328474937788849,-4.470316388197659,2.328474937788849,-2.97724848915748,1.4219694276573105,0.3199431212228987,-2.408460718094552,-2.870600782083177,True,6.0,False,,False,,MACD_FAIL,legacy,-0.4570066067259515,0.33898644554934965,3.619012555641743,0.2563222129853937,9.211938095921283,200.39,199.713,193.39115,31.372549019607842,27.45098039215686,51,7,7,51,13.72549019607843,0.0,0.0,0.0,"(-2,0]","(0,2]","(0,5]","(0,1]",<=10,"(25,50]","(25,50]",5-9,>10
CHOP_2015_2016,HRL,legacy,MACD_FAIL,2015-06-10,2015-06-11,27.241,GREEN,200.39,199.713,193.39115,-0.0498577364516228,-0.0673635789764055,-0.0619327147088623,False,2015-06-08,26.613,2.35974899485214,False,,2.999155684446242,-1.842810469512868,2.999155684446242,-1.842810469512868,0.6167174479644544,1.8281267207518104,-0.143166550420315,0.6681105686281663,True,8.0,False,,False,,MACD_FAIL,legacy,-0.4570066067259515,0.33898644554934965,3.619012555641743,0.2563222129853937,9.211938095921283,200.39,199.713,193.39115,31.372549019607842,27.45098039215686,51,7,7,51,13.72549019607843,0.0,0.0,0.0,"(-2,0]","(0,2]","(0,5]","(0,1]",<=10,"(25,50]","(25,50]",5-9,>10
CHOP_2015_2016,MHFI,legacy,MACD_PASS,2015-06-10,2015-06-11,100.52,GREEN,200.39,199.713,193.39115,-0.3096692726741961,-0.4529970031680111,-0.4882972035355776,True,2015-06-01,97.833,2.7465170239080905,True,12.0,2.7755670513330832,-3.3953442101074427,2.7755670513330832,-2.8889773179466727,1.8603263032232364,-0.139275766016711,-1.3479904496617512,-0.2984480700358061,True,5.0,False,,False,,MACD_PASS,legacy,-0.4570066067259515,0.33898644554934965,3.619012555641743,0.2563222129853937,9.211938095921283,200.39,199.713,193.39115,31.372549019607842,27.45098039215686,51,7,7,51,13.72549019607843,0.0,0.0,0.0,"(-2,0]","(0,2]","(0,5]","(0,1]",<=10,"(25,50]","(25,50]",5-9,>10
CHOP_2015_2016,WBA,legacy,MACD_FAIL,2015-06-10,2015-06-11,81.788,GREEN,200.39,199.713,193.39115,-0.1277382588828227,-0.2166803355422922,-0.211876780203702,False,2015-06-08,79.162,3.3172481746292397,False,,9.478163055705014,-2.0785445297598737,9.478163055705014,-2.0785445297598737,2.483249376436647,0.8069643468479493,0.1638382158752005,8.684648114637849,True,5.0,True,6.0,True,19.0,MACD_FAIL,legacy,-0.4570066067259515,0.33898644554934965,3.619012555641743,0.2563222129853937,9.211938095921283,200.39,199.713,193.39115,31.372549019607842,27.45098039215686,51,7,7,51,13.72549019607843,0.0,0.0,0.0,"(-2,0]","(0,2]","(0,5]","(0,1]",<=10,"(25,50]","(25,50]",5-9,>10
CHOP_2015_2016,APD,legacy,MACD_PASS,2015-06-11,2015-06-12,136.73,GREEN,201.04,199.8118,193.45935,-0.0522928591455128,-0.1152729581125913,-0.1717008643309497,True,2015-06-08,134.17,1.908027129760748,True,9.0,0.8922694361149786,-9.17135961383748,0.8922694361149786,-2.8742777737146064,-0.8410736487968862,-2.94741461274044,-6.501864989395145,-6.223945001097042,False,,False,,False,,MACD_PASS,legacy,0.7163969740994869,0.6146784123860494,3.91847176163882,0.25418303185265056,9.273445939681608,201.04,199.8118,193.45935,31.372549019607842,66.66666666666667,51,6,6,51,11.764705882352942,0.0,0.0,0.0,"(0,2]","(0,2]","(0,5]","(0,1]",<=10,"(25,50]","(50,75]",5-9,>10
CHOP_2015_2016,MDT,legacy,MACD_PASS,2015-06-11,2015-06-12,71.974,GREEN,201.04,199.8118,193.45935,-0.118737864344865,-0.1723137477433663,-0.2367211960841238,True,2015-06-05,70.949,1.444699713878994,True,11.0,2.2285825436963336,-4.366854697529665,2.2285825436963336,-2.988579209158881,1.094839803262282,-0.4459943868619143,-2.6064967905076952,-0.4334898713424295,True,6.0,False,,False,,MACD_PASS,legacy,0.7163969740994869,0.6146784123860494,3.91847176163882,0.25418303185265056,9.273445939681608,201.04,199.8118,193.45935,31.372549019607842,66.66666666666667,51,6,6,51,11.764705882352942,0.0,0.0,0.0,"(0,2]","(0,2]","(0,5]","(0,1]",<=10,"(25,50]","(50,75]",5-9,>10
CHOP_2015_2016,MKC,legacy,MACD_PASS,2015-06-11,2015-06-12,73.358,GREEN,201.04,199.8118,193.45935,-0.2468364010246989,-0.2858891964157791,-0.3246072079691212,True,2015-06-04,72.653,0.9703659862634773,False,,7.138962349028044,-0.8710706398756929,7.138962349028044,-0.8710706398756929,3.045339294964422,5.932549960467837,3.2375473704299385,5.340930777829267,True,3.0,True,4.0,True,8.0,MACD_PASS,legacy,0.7163969740994869,0.6146784123860494,3.91847176163882,0.25418303185265056,9.273445939681608,201.04,199.8118,193.45935,31.372549019607842,66.66666666666667,51,6,6,51,11.764705882352942,0.0,0.0,0.0,"(0,2]","(0,2]","(0,5]","(0,1]",<=10,"(25,50]","(50,75]",5-9,>10
CHOP_2015_2016,MMM,legacy,MACD_PASS,2015-06-11,2015-06-12,150.87,GREEN,201.04,199.8118,193.45935,-0.058364903349508,-0.2119328222862083,-0.3516174977338217,True,2015-06-05,147.48,2.298616761594796,True,1.0,0.6097965135547057,-4.507191621926165,0.0530257837873637,-2.830251209650702,-0.5965400676078758,-1.7697355339033716,-3.015841452906487,-2.134287797441503,False,,False,,False,,MACD_PASS,legacy,0.7163969740994869,0.6146784123860494,3.91847176163882,0.25418303185265056,9.273445939681608,201.04,199.8118,193.45935,31.372549019607842,66.66666666666667,51,6,6,51,11.764705882352942,0.0,0.0,0.0,"(0,2]","(0,2]","(0,5]","(0,1]",<=10,"(25,50]","(50,75]",5-9,>10
CHOP_2015_2016,PEP,legacy,MACD_PASS,2015-06-11,2015-06-12,88.102,GREEN,201.04,199.8118,193.45935,-0.234889185789716,-0.3122422753298281,-0.3678327598047063,True,2015-06-04,86.938,1.3388851825438808,True,1.0,3.7558738734648554,-1.5118839526912065,0.1146398492656297,-1.5118839526912065,0.9568454745635612,1.0079226351274562,0.4687748291752669,3.466436630269465,False,,False,,False,,MACD_PASS,legacy,0.7163969740994869,0.6146784123860494,3.91847176163882,0.25418303185265056,9.273445939681608,201.04,199.8118,193.45935,31.372549019607842,66.66666666666667,51,6,6,51,11.764705882352942,0.0,0.0,0.0,"(0,2]","(0,2]","(0,5]","(0,1]",<=10,"(25,50]","(50,75]",5-9,>10
CHOP_2015_2016,SHW,legacy,MACD_PASS,2015-06-11,2015-06-12,275.05,GREEN,201.04,199.8118,193.45935,-0.8422641304603596,-1.0751276437801007,-1.3291722283038143,True,2015-06-04,270.08,1.840195497630348,True,11.0,1.5160879840029118,-2.4868205780767205,1.5160879840029118,-2.0396291583348547,-0.0036357025995248,0.3817487729503854,-0.7235048173059422,0.0290856207962209,False,,False,,False,,MACD_PASS,legacy,0.7163969740994869,0.6146784123860494,3.91847176163882,0.25418303185265056,9.273445939681608,201.04,199.8118,193.45935,31.372549019607842,66.66666666666667,51,6,6,51,11.764705882352942,0.0,0.0,0.0,"(0,2]","(0,2]","(0,5]","(0,1]",<=10,"(25,50]","(50,75]",5-9,>10
CHOP_2015_2016,TROW,legacy,MACD_PASS,2015-06-12,2015-06-15,72.591,GREEN,199.49,199.8938,193.51915,-0.1564080757417643,-0.1832614298830625,-0.2649115617852923,True,2015-06-03,72.522,0.0951435426491009,True,10.0,3.001749528178421,-2.5994958052651174,3.001749528178421,-0.3058230359135327,1.858357096609775,-0.2066371864280602,-0.5400118471986848,0.5937375156700009,True,2.0,True,3.0,False,,MACD_PASS,legacy,0.11542708019673942,-0.20200726585815065,3.085405242840311,0.2798290323875019,8.9156187742091,199.49,199.89379999999997,193.51915,25.49019607843137,58.8235294117647,51,1,1,51,1.9607843137254901,0.0,-1.1102230246251565e-14,0.0,"(0,2]","(-2,0]","(0,5]","(0,1]",<=10,"(25,50]","(50,75]",1,<=2
CHOP_2015_2016,CLX,legacy,MACD_PASS,2015-06-17,2015-06-18,99.65,GREEN,200.05,200.0538,193.69775,-0.1605061219919118,-0.255198304532175,-0.3168326483174265,True,2015-06-03,97.381,2.3300233105020496,False,,4.836929252383326,-2.1605619668841003,4.836929252383326,-2.1605619668841003,0.0301053687907781,-0.0602107375815341,1.39488208730556,3.9939789262418257,True,13.0,True,14.0,False,,MACD_PASS,legacy,-0.16966914516691745,-0.0018994890374268714,3.27946504283092,0.3039394808460605,9.187006053558301,200.05,200.05379999999997,193.69774999999998,27.45098039215686,45.09803921568628,51,1,1,51,1.9607843137254901,0.0,-1.1102230246251565e-14,-1.1102230246251565e-14,"(-2,0]","(-2,0]","(0,5]","(0,1]",<=10,"(25,50]","(25,50]",1,<=2
CHOP_2015_2016,MCD,legacy,MACD_PASS,2015-06-18,2015-06-19,90.194,GREEN,202.12,200.145,193.7694,-0.0546595877481586,-0.1611913753227503,-0.2223541485139372,True,2015-06-01,87.976,2.5211421296717385,False,,3.360533960130385,-1.9180876776725757,3.360533960130385,-1.9180876776725757,0.9346519724150236,-0.767235071069039,2.116548772645621,1.141982836995803,True,15.0,True,17.0,False,,MACD_PASS,legacy,0.537206526064482,0.9867845811786458,4.309555585144009,0.337189505916613,9.963193269264936,202.12,200.145,193.7694,52.94117647058823,78.43137254901961,51,1,1,51,1.9607843137254901,0.0,0.0,0.0,"(0,2]","(0,2]","(0,5]","(0,1]",<=10,"(50,75]",>75,1,<=2
CHOP_2015_2016,PPG,legacy,MACD_FAIL,2015-07-02,2015-07-06,110.5,GREEN,197.89,200.2376,194.38515,-0.2623500164097581,-0.2427891395822751,-0.2605194054819341,False,2015-07-01,110.9,-0.3606853020739486,True,0.0,3.013574660633478,-11.488687782805428,1.031674208144806,-0.5339366515837107,1.4932126696832526,-3.447963800904974,-10.82262443438914,-6.036199095022621,False,,False,,False,,MACD_FAIL,legacy,-1.2179903159786454,-1.1724071802698521,1.8030441111370976,0.04626645681879982,11.67942724385357,197.89,200.23760000000001,194.38514999999998,35.294117647058826,27.45098039215686,51,1,1,51,1.9607843137254901,0.0,2.220446049250313e-14,-1.1102230246251565e-14,"(-2,0]","(-2,0]","(0,5]","(0,1]","(10,20]","(25,50]","(25,50]",1,<=2
CHOP_2015_2016,ADP,legacy,MACD_PASS,2015-07-06,2015-07-07,76.785,GREEN,197.31,200.172,194.43205,-0.2810811549424428,-0.3047365202098556,-0.3077013166550072,True,2015-06-30,75.401,1.8355194228193208,False,,2.556488897571141,-3.2232857980074137,2.556488897571141,-3.2232857980074137,1.1356384710555556,0.5430748193006485,-0.4831672852770641,-0.3594452041414286,True,7.0,False,,False,,MACD_PASS,legacy,-1.4878426281891177,-1.4297703974581855,1.4801829225171703,-0.014385556900864405,11.704636450333899,197.31,200.172,194.43204999999998,33.333333333333336,19.607843137254903,51,1,1,51,1.9607843137254901,0.0,0.0,-1.1102230246251565e-14,"(-2,0]","(-2,0]","(0,5]","(-1,0]","(10,20]","(25,50]",<=25,1,<=2
CHOP_2015_2016,GWW,legacy,MACD_FAIL,2015-07-09,2015-07-10,224.06,GREEN,195.58,199.9168,194.55385,-0.4247138333322324,-0.531569722491108,-0.5105772826611426,False,2015-07-02,219.21,2.21249030609918,True,3.0,0.9818798536106454,-6.721413906989204,0.9818798536106454,-3.258055877889854,-1.807551548692321,-4.998661072926891,-3.766848165669912,-4.4273855217352605,False,,False,,False,,MACD_FAIL,legacy,-1.2621163166397387,-2.1693024298107932,0.5274375192266811,-0.2260819744292819,12.409390178951698,195.58,199.9168,194.55385,35.294117647058826,31.372549019607842,51,2,2,51,3.9215686274509802,0.0,0.0,0.0,"(-2,0]","(-5,-2]","(0,5]","(-1,0]","(10,20]","(25,50]","(25,50]",2-4,"(2,5]"
CHOP_2015_2016,LOW,legacy,MACD_PASS,2015-07-09,2015-07-10,64.468,GREEN,195.58,199.9168,194.55385,-0.1533981858656077,-0.2055196679119487,-0.2131593132342144,True,2015-06-30,62.955,2.403303947263935,False,,4.588322888875096,-1.6861078364459936,4.588322888875096,-1.6861078364459936,0.1768319166097764,0.0729043866724454,3.3210274865049128,3.573866104113677,True,13.0,True,15.0,False,,MACD_PASS,legacy,-1.2621163166397387,-2.1693024298107932,0.5274375192266811,-0.2260819744292819,12.409390178951698,195.58,199.9168,194.55385,35.294117647058826,31.372549019607842,51,2,2,51,3.9215686274509802,0.0,0.0,0.0,"(-2,0]","(-5,-2]","(0,5]","(-1,0]","(10,20]","(25,50]","(25,50]",2-4,"(2,5]"
CHOP_2015_2016,MDT,legacy,MACD_PASS,2015-07-10,2015-07-13,71.29,GREEN,198.06,199.8774,194.61295,-0.0951857931731654,-0.1983297310343935,-0.2148794082324795,True,2015-07-01,68.831,3.5725181967427577,False,,5.52251367653247,0.0,5.52251367653247,0.0,2.9681582269603046,1.1768831533174318,4.307757048674432,3.795763781736561,True,3.0,True,3.0,True,14.0,MACD_PASS,legacy,0.08590631158724715,-0.9092573747707444,1.7712336203731693,-0.2500269490124607,13.270113296602768,198.06,199.87740000000002,194.61294999999998,47.05882352941177,62.745098039215684,51,2,2,51,3.9215686274509802,0.0,2.220446049250313e-14,-1.1102230246251565e-14,"(0,2]","(-2,0]","(0,5]","(-1,0]","(10,20]","(25,50]","(50,75]",2-4,"(2,5]"
CHOP_2015_2016,MHFI,legacy,MACD_PASS,2015-07-10,2015-07-13,101.05,GREEN,198.06,199.8774,194.61295,-0.0622749187332483,-0.2437716187052808,-0.2788842245612912,True,2015-07-08,97.107,4.060469379138465,True,10.0,3.3646709549727927,-6.382978723404253,3.3646709549727927,-5.231073725878277,1.7615042058386932,-4.259277585353782,-2.6887679366650152,-0.6333498268184079,True,7.0,True,8.0,False,,MACD_PASS,legacy,0.08590631158724715,-0.9092573747707444,1.7712336203731693,-0.2500269490124607,13.270113296602768,198.06,199.87740000000002,194.61294999999998,47.05882352941177,62.745098039215684,51,2,2,51,3.9215686274509802,0.0,2.220446049250313e-14,-1.1102230246251565e-14,"(0,2]","(-2,0]","(0,5]","(-1,0]","(10,20]","(25,50]","(50,75]",2-4,"(2,5]"
CHOP_2015_2016,AFL,legacy,MACD_PASS,2015-07-13,2015-07-14,58.106,GREEN,200.24,199.9216,194.67575,-0.1045080619180561,-0.1322710138921003,-0.1903221788337577,True,2015-07-08,57.025,1.8956597983340595,False,,5.899562867862174,-0.5042508518913746,5.899562867862174,-0.5042508518913746,0.7004440161084924,1.562661343062688,4.171686228616656,4.677658073176594,True,11.0,True,11.0,True,11.0,MACD_PASS,legacy,1.4849728853073785,0.15926243087289738,2.858214235722767,-0.23244974484422087,13.617245875307043,200.24,199.9216,194.67574999999997,50.98039215686274,84.31372549019608,51,5,5,51,9.803921568627452,0.0,0.0,-1.1102230246251565e-14,"(0,2]","(0,2]","(0,5]","(-1,0]","(10,20]","(50,75]",>75,5-9,"(5,10]"
CHOP_2015_2016,CAH,legacy,MACD_PASS,2015-07-13,2015-07-14,81.562,GREEN,200.24,199.9216,194.67575,-0.0223717767907286,-0.1636959710036085,-0.3027085967882078,True,2015-06-26,79.212,2.9667222138059834,True,9.0,1.8758735685735937,-6.661190260170169,1.8758735685735937,-4.234815232583788,0.4977808293077812,-2.4263750275863805,-0.0122606115592893,0.149579461023519,False,,False,,False,,MACD_PASS,legacy,1.4849728853073785,0.15926243087289738,2.858214235722767,-0.23244974484422087,13.617245875307043,200.24,199.9216,194.67574999999997,50.98039215686274,84.31372549019608,51,5,5,51,9.803921568627452,0.0,0.0,-1.1102230246251565e-14,"(0,2]","(0,2]","(0,5]","(-1,0]","(10,20]","(50,75]",>75,5-9,"(5,10]"
CHOP_2015_2016,CTAS,legacy,MACD_PASS,2015-07-13,2015-07-14,83.137,GREEN,200.24,199.9216,194.67575,-0.0811655804376223,-0.1965420508317282,-0.2686694737379603,True,2015-07-08,80.695,3.0262098023421613,False,,3.031141369065504,-3.1117312387986096,3.031141369065504,-3.1117312387986096,-1.0669136485560005,-1.4975281763835668,0.9754982739333729,2.1025536163200576,True,16.0,True,19.0,False,,MACD_PASS,legacy,1.4849728853073785,0.15926243087289738,2.858214235722767,-0.23244974484422087,13.617245875307043,200.24,199.9216,194.67574999999997,50.98039215686274,84.31372549019608,51,5,5,51,9.803921568627452,0.0,0.0,-1.1102230246251565e-14,"(0,2]","(0,2]","(0,5]","(-1,0]","(10,20]","(50,75]",>75,5-9,"(5,10]"
CHOP_2015_2016,ECL,legacy,MACD_PASS,2015-07-13,2015-07-14,110.6,GREEN,200.24,199.9216,194.67575,-0.2287994065921581,-0.4245236855396276,-0.5489252327113181,True,2015-07-01,107.49,2.893292399292946,True,8.0,3.60759493670888,-5.180831826401433,1.636528028933104,-3.951175406871599,-0.9222423146473702,0.1446654611211739,1.5099457504520908,2.0343580470162825,False,,False,,False,,MACD_PASS,legacy,1.4849728853073785,0.15926243087289738,2.858214235722767,-0.23244974484422087,13.617245875307043,200.24,199.9216,194.67574999999997,50.98039215686274,84.31372549019608,51,5,5,51,9.803921568627452,0.0,0.0,-1.1102230246251565e-14,"(0,2]","(0,2]","(0,5]","(-1,0]","(10,20]","(50,75]",>75,5-9,"(5,10]"
CHOP_2015_2016,MMM,legacy,MACD_FAIL,2015-07-13,2015-07-14,147.67,GREEN,200.24,199.9216,194.67575,0.0217334003646048,-0.1540982475937151,-0.2608583757707321,False,2015-07-08,144.07,2.4987853126952064,True,7.0,0.9209724385454088,-5.63418432992483,0.9209724385454088,-4.787702309202945,-0.4808017877700132,-3.446874788379484,-3.900589151486411,-5.119523261325909,False,,False,,False,,MACD_FAIL,legacy,1.4849728853073785,0.15926243087289738,2.858214235722767,-0.23244974484422087,13.617245875307043,200.24,199.9216,194.67574999999997,50.98039215686274,84.31372549019608,51,5,5,51,9.803921568627452,0.0,0.0,-1.1102230246251565e-14,"(0,2]","(0,2]","(0,5]","(-1,0]","(10,20]","(50,75]",>75,5-9,"(5,10]"
CHOP_2015_2016,APD,legacy,MACD_PASS,2015-07-14,2015-07-15,128.67,GREEN,201.11,199.9404,194.758,-0.119663210247888,-0.3446353843437264,-0.5763815243799719,True,2015-06-26,124.19,3.6073757951525782,True,7.0,8.447967669231371,-6.264086422631532,1.0569674360767944,-5.510219942488526,-3.054325017486592,-2.090619414004802,7.647470272790868,6.124193673739042,False,,False,,False,,MACD_PASS,legacy,1.2791458931359356,0.5849743223480752,3.261483482064942,-0.20872575472179467,13.588582724178755,201.11,199.94039999999998,194.75799999999998,60.78431372549019,70.58823529411765,51,2,2,51,3.9215686274509802,0.0,-1.1102230246251565e-14,-1.1102230246251565e-14,"(0,2]","(0,2]","(0,5]","(-1,0]","(10,20]","(50,75]","(50,75]",2-4,"(2,5]"
CHOP_2015_2016,T,legacy,MACD_PASS,2015-07-14,2015-07-15,31.363,GREEN,201.11,199.9404,194.758,-0.0653325600512372,-0.0869891425805985,-0.0958498181944392,True,2015-07-10,30.727,2.0698408565756443,True,5.0,0.3953703408474895,-4.70299397379077,0.3953703408474895,-3.080062494021618,-2.3690335745942592,-1.1701686700889558,-1.5145234830851615,-3.080062494021618,False,,False,,False,,MACD_PASS,legacy,1.2791458931359356,0.5849743223480752,3.261483482064942,-0.20872575472179467,13.588582724178755,201.11,199.94039999999998,194.75799999999998,60.78431372549019,70.58823529411765,51,2,2,51,3.9215686274509802,0.0,-1.1102230246251565e-14,-1.1102230246251565e-14,"(0,2]","(0,2]","(0,5]","(-1,0]","(10,20]","(50,75]","(50,75]",2-4,"(2,5]"
CHOP_2015_2016,ADM,legacy,MACD_PASS,2015-07-16,2015-07-17,44.607,GREEN,202.66,200.0304,194.91695,-0.0671275481738087,-0.1320007083327141,-0.1751436884158013,True,2015-06-29,43.7,2.0755148741418594,True,15.0,3.770708633174169,-4.840047526173019,3.770708633174169,-2.936758804671913,-1.06933889299885,-0.5851099603201404,-2.6811935346470195,-1.0469208868563171,True,12.0,True,12.0,False,,MACD_PASS,legacy,3.620002045198878,1.3146001807725183,3.972486743713155,-0.12542340384736894,13.74446394023586,202.66,200.03040000000001,194.91694999999999,58.8235294117647,88.23529411764706,51,1,1,51,1.9607843137254901,0.0,2.220446049250313e-14,-1.1102230246251565e-14,>2,"(0,2]","(0,5]","(-1,0]","(10,20]","(50,75]",>75,1,<=2
CHOP_2015_2016,SWK,legacy,MACD_FAIL,2015-07-28,2015-07-29,101.63,GREEN,199.82,200.1616,195.60525,-0.3124720369074275,-0.3694532577596651,-0.2899407282582876,False,2015-07-27,99.67,1.9664894150697163,True,3.0,4.693496014956233,-14.136573846305213,4.693496014956233,-3.094558693299221,-0.8658860572665517,-1.4365836859195014,-0.4231034143461487,-7.874643313982088,True,0.0,True,1.0,False,,MACD_FAIL,legacy,-1.1379378586978128,-0.17066210501914814,2.154722329794301,0.11063296862465766,12.077039857292649,199.82,200.1616,195.60525,47.05882352941177,47.05882352941177,51,1,1,51,1.9607843137254901,0.0,0.0,0.0,"(-2,0]","(-2,0]","(0,5]","(0,1]","(10,20]","(25,50]","(25,50]",1,<=2
CHOP_2015_2016,TGT,legacy,MACD_PASS,2015-07-29,2015-07-30,75.433,GREEN,201.2,200.137,195.7152,-0.4253982090204208,-0.5401919859283458,-0.5585824368073851,True,2015-07-23,73.168,3.095615569647925,True,6.0,4.463563692283201,-11.227181737435876,0.9558150941895384,-3.653573369745333,-2.500231993954916,-3.175002982779429,-0.4255431972744139,-3.896172762584027,False,,False,,False,,MACD_PASS,legacy,-0.2775574940523384,0.5311361717223573,2.8024394630565164,0.09542566950511144,12.255438035476411,201.2,200.137,195.7152,56.86274509803921,66.66666666666667,51,1,1,51,1.9607843137254901,0.0,0.0,0.0,"(-2,0]","(0,2]","(0,5]","(0,1]","(10,20]","(50,75]","(50,75]",1,<=2
CHOP_2015_2016,LEG,legacy,MACD_PASS,2015-08-12,2015-08-13,44.923,GREEN,199.42,199.8122,196.75710000000004,-0.1961116624573327,-0.233734338892291,-0.2673730066293673,True,2015-08-04,43.985,2.132545185858814,True,7.0,3.592814371257469,-17.334105024152436,3.592814371257469,-17.334105024152436,0.3539389622242428,-8.6258709347105,-8.398815751396837,-7.303608396589722,True,3.0,True,4.0,False,,MACD_PASS,legacy,-0.5485737083582798,-0.19628431096800902,1.3533946170176003,-0.16228883214997047,10.257060757707412,199.42,199.81220000000002,196.75710000000004,52.94117647058823,27.45098039215686,51,1,1,51,1.9607843137254901,0.0,2.220446049250313e-14,0.0,"(-2,0]","(-2,0]","(0,5]","(-1,0]","(10,20]","(50,75]","(25,50]",1,<=2
CHOP_2015_2016,ABBV,legacy,MACD_FAIL,2015-08-24,2015-08-25,59.927,YELLOW,180.94,199.1428,197.05655,-0.5229516245378825,-0.3227618203271669,-0.2049724977562654,False,2015-08-21,49.581,20.86686432302696,False,,0.0133495753166457,-12.591986917416186,0.0133495753166457,-12.591986917416186,-7.080281008560418,-8.985932885010095,-8.60046389774225,-11.792681095332656,False,,False,,False,,MACD_FAIL,legacy,-9.989055815341763,-9.140576510925836,-8.178642120751622,-0.3666280426424917,21.426800497876204,180.94,199.14280000000002,197.05655,9.803921568627452,0.0,51,1,1,51,1.9607843137254901,0.0,2.220446049250313e-14,0.0,<=-4,<=-5,<=-5,"(-1,0]","(20,30]",<=25,<=25,1,<=2
CHOP_2015_2016,AFL,legacy,MACD_FAIL,2015-08-25,2015-08-26,53.846,YELLOW,178.76,198.745,196.995,-0.9482574605618522,-0.730777960489666,-0.4282049957369047,False,2015-08-21,48.971,9.95487125033183,False,,4.512870036771544,-1.5897188277680718,4.512870036771544,-1.5897188277680718,1.6305760873602582,2.0707202020577187,2.795007985737108,1.7011477175649103,True,1.0,True,1.0,False,,MACD_FAIL,legacy,-10.81175472733623,-10.055598882990768,-9.256580116246615,-0.5477392869080888,20.651179428770845,178.76,198.745,196.995,7.8431372549019605,0.0,51,2,2,51,3.9215686274509802,0.0,0.0,0.0,<=-4,<=-5,<=-5,"(-1,0]","(20,30]",<=25,<=25,2-4,"(2,5]"
CHOP_2015_2016,CAH,legacy,MACD_FAIL,2015-08-25,2015-08-26,77.251,YELLOW,178.76,198.745,196.995,-0.5726881022360165,-0.5058784482274726,-0.307502491328845,False,2015-08-24,71.099,8.65272366699954,False,,5.603810953903499,-1.906771433379506,5.603810953903499,-1.906771433379506,0.5177926499333241,2.1902629092179997,4.361108594063512,0.2459515087183339,True,0.0,True,0.0,True,13.0,MACD_FAIL,legacy,-10.81175472733623,-10.055598882990768,-9.256580116246615,-0.5477392869080888,20.651179428770845,178.76,198.745,196.995,7.8431372549019605,0.0,51,2,2,51,3.9215686274509802,0.0,0.0,0.0,<=-4,<=-5,<=-5,"(-1,0]","(20,30]",<=25,<=25,2-4,"(2,5]"
CHOP_2015_2016,BCR,legacy,MACD_FAIL,2015-08-26,2015-08-27,191.27,YELLOW,185.61,198.4628,196.9669,-2.2960875985359,-2.466285071444951,-2.055058454987728,False,2015-08-24,179.33,6.658116321864727,False,,3.555183771631709,-3.445391331625458,3.555183771631709,-3.445391331625458,-1.3331939143619076,-0.0993360171485324,1.0142730172008063,0.1097924400062622,True,0.0,True,14.0,False,,MACD_FAIL,legacy,-6.662978980187062,-6.4761758878741915,-5.765892644906323,-0.6753341387563117,25.433335873312284,185.61,198.4628,196.9669,7.8431372549019605,0.0,51,11,11,51,21.568627450980394,0.0,0.0,0.0,<=-4,<=-5,<=-5,"(-1,0]","(20,30]",<=25,<=25,10+,>10
CHOP_2015_2016,BDX,legacy,MACD_FAIL,2015-08-26,2015-08-27,136.09,YELLOW,185.61,198.4628,196.9669,-1.360798928155378,-1.4888631353056847,-1.33920822911177,False,2015-08-19,128.69,5.7502525448752895,False,,1.7488426776397947,-5.239179954441909,1.7488426776397947,-5.239179954441909,-3.2772430009552544,-3.2405026085678523,-1.5724887941803378,-3.1229333529282144,False,,False,,False,,MACD_FAIL,legacy,-6.662978980187062,-6.4761758878741915,-5.765892644906323,-0.6753341387563117,25.433335873312284,185.61,198.4628,196.9669,7.8431372549019605,0.0,51,11,11,51,21.568627450980394,0.0,0.0,0.0,<=-4,<=-5,<=-5,"(-1,0]","(20,30]",<=25,<=25,10+,>10
CHOP_2015_2016,BF-B,legacy,MACD_FAIL,2015-08-26,2015-08-27,48.135,YELLOW,185.61,198.4628,196.9669,-0.7673312775383445,-0.739109853018353,-0.6366352009383099,False,2015-08-21,45.838,5.011126139883926,False,,1.792874207956796,-4.339877428066896,1.792874207956796,-4.339877428066896,-1.6079775631037685,-2.906409057858106,-0.9701880128804352,0.5796198192583368,False,,False,,False,,MACD_FAIL,legacy,-6.662978980187062,-6.4761758878741915,-5.765892644906323,-0.6753341387563117,25.433335873312284,185.61,198.4628,196.9669,7.8431372549019605,0.0,51,11,11,51,21.568627450980394,0.0,0.0,0.0,<=-4,<=-5,<=-5,"(-1,0]","(20,30]",<=25,<=25,10+,>10
CHOP_2015_2016,CINF,legacy,MACD_FAIL,2015-08-26,2015-08-27,49.1,YELLOW,185.61,198.4628,196.9669,-0.6203829221537991,-0.6234207120555042,-0.4632222772507379,False,2015-08-24,46.306,6.033775320692802,False,,4.236252545824848,-3.6822810590631305,4.236252545824848,-3.6822810590631305,0.1507128309572225,1.3441955193482569,1.0386965376782076,2.283095723014239,True,12.0,True,13.0,False,,MACD_FAIL,legacy,-6.662978980187062,-6.4761758878741915,-5.765892644906323,-0.6753341387563117,25.433335873312284,185.61,198.4628,196.9669,7.8431372549019605,0.0,51,11,11,51,21.568627450980394,0.0,0.0,0.0,<=-4,<=-5,<=-5,"(-1,0]","(20,30]",<=25,<=25,10+,>10
CHOP_2015_2016,CLX,legacy,MACD_FAIL,2015-08-26,2015-08-27,104.81,YELLOW,185.61,198.4628,196.9669,-1.2120600828299095,-1.2146309519596938,-0.8891904000731929,False,2015-08-25,101.41,3.35272655556651,False,,5.419330216582385,-2.36618643259231,5.419330216582385,-2.36618643259231,0.3816429729987414,-0.963648506821868,2.2993989123175185,4.789619311134419,True,13.0,True,14.0,True,20.0,MACD_FAIL,legacy,-6.662978980187062,-6.4761758878741915,-5.765892644906323,-0.6753341387563117,25.433335873312284,185.61,198.4628,196.9669,7.8431372549019605,0.0,51,11,11,51,21.568627450980394,0.0,0.0,0.0,<=-4,<=-5,<=-5,"(-1,0]","(20,30]",<=25,<=25,10+,>10
CHOP_2015_2016,CTAS,legacy,MACD_FAIL,2015-08-26,2015-08-27,81.612,YELLOW,185.61,198.4628,196.9669,-0.6621130124133774,-0.7464445522061748,-0.5489669154493568,False,2015-08-25,78.32,4.203268641470892,False,,6.151056217222961,-2.152869676028024,6.151056217222961,-2.152869676028024,0.6628927118561112,1.4544429740724452,2.236190756261336,4.577758172817736,True,7.0,True,8.0,True,20.0,MACD_FAIL,legacy,-6.662978980187062,-6.4761758878741915,-5.765892644906323,-0.6753341387563117,25.433335873312284,185.61,198.4628,196.9669,7.8431372549019605,0.0,51,11,11,51,21.568627450980394,0.0,0.0,0.0,<=-4,<=-5,<=-5,"(-1,0]","(20,30]",<=25,<=25,10+,>10
CHOP_2015_2016,MHFI,legacy,MACD_FAIL,2015-08-26,2015-08-27,94.739,YELLOW,185.61,198.4628,196.9669,-0.7271400258541609,-0.8642449985567182,-0.6927622703776013,False,2015-08-21,88.218,7.3919154821011634,True,19.0,2.4794435237863954,-8.755633899450066,2.4794435237863954,-8.755633899450066,-3.549752477860224,-2.695827483929536,-5.112994648455238,-8.283811313186751,True,0.0,False,,False,,MACD_FAIL,legacy,-6.662978980187062,-6.4761758878741915,-5.765892644906323,-0.6753341387563117,25.433335873312284,185.61,198.4628,196.9669,7.8431372549019605,0.0,51,11,11,51,21.568627450980394,0.0,0.0,0.0,<=-4,<=-5,<=-5,"(-1,0]","(20,30]",<=25,<=25,10+,>10
CHOP_2015_2016,SWK,legacy,MACD_FAIL,2015-08-26,2015-08-27,94.936,YELLOW,185.61,198.4628,196.9669,-0.9485236547734832,-0.98517397754784,-0.6416456081572983,False,2015-08-25,90.508,4.892385203517935,False,,8.241341535350122,-1.828600320215723,8.241341535350122,-1.828600320215723,0.6446448133479388,1.2429426139715094,1.681132552456388,-0.3075756298980381,True,2.0,True,2.0,True,14.0,MACD_FAIL,legacy,-6.662978980187062,-6.4761758878741915,-5.765892644906323,-0.6753341387563117,25.433335873312284,185.61,198.4628,196.9669,7.8431372549019605,0.0,51,11,11,51,21.568627450980394,0.0,0.0,0.0,<=-4,<=-5,<=-5,"(-1,0]","(20,30]",<=25,<=25,10+,>10
CHOP_2015_2016,T,legacy,MACD_FAIL,2015-08-26,2015-08-27,29.495,YELLOW,185.61,198.4628,196.9669,-0.1935099339131626,-0.2118171939470558,-0.139242317900287,False,2015-08-25,28.388,3.899535014794986,False,,1.4816070520427216,-3.2107136802848046,1.4816070520427216,-3.2107136802848046,0.0949313442956345,-0.8815053398881223,-1.39006611290049,-2.061366333276826,False,,False,,False,,MACD_FAIL,legacy,-6.662978980187062,-6.4761758878741915,-5.765892644906323,-0.6753341387563117,25.433335873312284,185.61,198.4628,196.9669,7.8431372549019605,0.0,51,11,11,51,21.568627450980394,0.0,0.0,0.0,<=-4,<=-5,<=-5,"(-1,0]","(20,30]",<=25,<=25,10+,>10
CHOP_2015_2016,VFC,legacy,MACD_FAIL,2015-08-26,2015-08-27,68.39,YELLOW,185.61,198.4628,196.9669,-0.75900022962835,-0.8786543339193144,-0.732904774917884,False,2015-08-21,63.397,7.875766992128974,False,,1.488521713700841,-3.864600087732129,1.488521713700841,-3.864600087732129,-0.6477555198128315,-1.5616318175171728,-2.115806404445097,-2.862991665448167,False,,False,,False,,MACD_FAIL,legacy,-6.662978980187062,-6.4761758878741915,-5.765892644906323,-0.6753341387563117,25.433335873312284,185.61,198.4628,196.9669,7.8431372549019605,0.0,51,11,11,51,21.568627450980394,0.0,0.0,0.0,<=-4,<=-5,<=-5,"(-1,0]","(20,30]",<=25,<=25,10+,>10
CHOP_2015_2016,WBA,legacy,MACD_FAIL,2015-08-26,2015-08-27,82.692,YELLOW,185.61,198.4628,196.9669,-1.262170861917081,-1.4784435538190612,-1.263393407156946,False,2015-08-14,72.852,13.506835776643044,False,,6.711652880568875,-2.419822957480766,6.711652880568875,-2.419822957480766,2.296473661297349,4.776761960044507,0.2430706718908881,-1.1101436656508423,True,0.0,True,5.0,True,8.0,MACD_FAIL,legacy,-6.662978980187062,-6.4761758878741915,-5.765892644906323,-0.6753341387563117,25.433335873312284,185.61,198.4628,196.9669,7.8431372549019605,0.0,51,11,11,51,21.568627450980394,0.0,0.0,0.0,<=-4,<=-5,<=-5,"(-1,0]","(20,30]",<=25,<=25,10+,>10
CHOP_2015_2016,ECL,legacy,MACD_PASS,2015-08-27,2015-08-28,106.57,YELLOW,190.22,198.26620000000003,196.95875,-0.9249221866208774,-1.212858329461819,-1.2239348793353535,True,2015-08-21,100.36,6.1877241929055415,False,,5.677019799193039,-4.128741672140368,5.677019799193039,-4.128741672140368,-2.674298583090917,-0.2158205874073337,3.2842263301116725,-1.6702636764567735,True,7.0,True,12.0,True,13.0,MACD_PASS,legacy,-2.3059935288377686,-4.058281240070183,-3.421401689440051,-0.752467595137174,27.363180095349353,190.22,198.26620000000003,196.95875,17.647058823529413,9.803921568627452,51,2,2,51,3.9215686274509802,0.0,0.0,0.0,"(-4,-2]","(-5,-2]","(-5,0]","(-1,0]","(20,30]",<=25,<=25,2-4,"(2,5]"
CHOP_2015_2016,MKC,legacy,MACD_PASS,2015-08-27,2015-08-28,75.81,YELLOW,190.22,198.26620000000003,196.95875,-0.8172533371055534,-0.9383685558807372,-0.9632110167125562,True,2015-08-21,72.559,4.480491737758241,False,,6.789341775491353,-2.264872708086008,6.789341775491353,-2.264872708086008,-0.3812161983907103,2.569581849360225,5.195884447961996,3.0747922437673214,True,4.0,True,7.0,True,12.0,MACD_PASS,legacy,-2.3059935288377686,-4.058281240070183,-3.421401689440051,-0.752467595137174,27.363180095349353,190.22,198.26620000000003,196.95875,17.647058823529413,9.803921568627452,51,2,2,51,3.9215686274509802,0.0,0.0,0.0,"(-4,-2]","(-5,-2]","(-5,0]","(-1,0]","(20,30]",<=25,<=25,2-4,"(2,5]"
CHOP_2015_2016,ABT,legacy,MACD_PASS,2015-08-28,2015-08-31,43.506,YELLOW,190.23,198.0284,196.94965,-0.4975001372337571,-0.6487614456961628,-0.789667481829176,True,2015-08-21,40.085,8.534364475489586,True,16.0,1.572196938353332,-15.046200524065643,1.572196938353332,-8.626396359122879,-4.075299958626399,-4.5740817358525305,-7.470233990713925,-13.961292695260418,False,,False,,False,,MACD_PASS,legacy,0.8321848828580558,-3.9380210111277014,-3.4118618641871157,-0.8744820433346678,27.378891915037794,190.23,198.0284,196.94965,11.764705882352942,39.21568627450981,51,3,3,51,5.882352941176471,0.0,0.0,0.0,"(0,2]","(-5,-2]","(-5,0]","(-1,0]","(20,30]",<=25,"(25,50]",2-4,"(5,10]"
CHOP_2015_2016,KMB,legacy,MACD_PASS,2015-08-28,2015-08-31,99.88,YELLOW,190.23,198.0284,196.94965,-1.1402729118767705,-1.273967468624357,-1.4297540363518944,True,2015-08-21,96.344,3.670181848376641,False,,3.724469363235872,-3.217861433720459,3.724469363235872,-3.217861433720459,-0.0200240288345976,-0.3504205046055197,1.7420905086103389,1.6419703644373174,True,12.0,True,18.0,False,,MACD_PASS,legacy,0.8321848828580558,-3.9380210111277014,-3.4118618641871157,-0.8744820433346678,27.378891915037794,190.23,198.0284,196.94965,11.764705882352942,39.21568627450981,51,3,3,51,5.882352941176471,0.0,0.0,0.0,"(0,2]","(-5,-2]","(-5,0]","(-1,0]","(20,30]",<=25,"(25,50]",2-4,"(5,10]"
CHOP_2015_2016,SHW,legacy,MACD_PASS,2015-08-28,2015-08-31,251.12,YELLOW,190.23,198.0284,196.94965,-1.952536151005102,-2.2507349738354554,-2.631422357269678,True,2015-08-24,242.97,3.354323579042684,True,13.0,3.17776361898694,-15.01274291175534,3.17776361898694,-4.233035998725709,1.8636508442179125,-2.4012424338961447,-7.629818413507483,-14.75390251672508,True,6.0,True,6.0,False,,MACD_PASS,legacy,0.8321848828580558,-3.9380210111277014,-3.4118618641871157,-0.8744820433346678,27.378891915037794,190.23,198.0284,196.94965,11.764705882352942,39.21568627450981,51,3,3,51,5.882352941176471,0.0,0.0,0.0,"(0,2]","(-5,-2]","(-5,0]","(-1,0]","(20,30]",<=25,"(25,50]",2-4,"(5,10]"
CHOP_2015_2016,ADP,legacy,MACD_FAIL,2015-12-14,2015-12-15,81.915,YELLOW,194.7,197.629,196.908,-0.2602493668839005,-0.2754637414433782,-0.1533447439771163,False,2015-12-11,79.83,2.6118000751597314,True,12.0,2.271867179393272,-9.602636879692362,2.271867179393272,-4.762253555514873,-0.529817493743534,1.2512970762375453,-7.655496551303176,-7.410120246597096,True,9.0,False,,False,,MACD_FAIL,legacy,-2.6061727777499932,-1.4820699391283831,-1.121335852276184,1.3886566024803981,15.632775857949246,194.7,197.62900000000002,196.908,45.09803921568628,9.803921568627452,51,1,1,51,1.9607843137254901,0.0,2.220446049250313e-14,0.0,"(-4,-2]","(-2,0]","(-5,0]",>1,"(10,20]","(25,50]",<=25,1,<=2
CHOP_2015_2016,BF-B,legacy,MACD_PASS,2015-12-15,2015-12-16,49.91,YELLOW,196.74,197.755,196.89345,-0.14925874643881,-0.183072779927845,-0.1998594120981619,True,2015-12-11,48.169,3.614357781975963,True,11.0,1.1420557002604692,-12.027649769585258,1.1420557002604692,-7.15487878180725,0.8254858745742499,-2.977359246643952,-9.0883590462833,-10.09617311160087,False,,False,,False,,MACD_PASS,legacy,-0.9265787088327149,-0.5132613587519819,-0.07793555346811143,1.3115090038166688,15.134996046214525,196.74,197.755,196.89344999999997,50.98039215686274,25.49019607843137,51,4,4,51,7.8431372549019605,0.0,0.0,-1.1102230246251565e-14,"(-2,0]","(-2,0]","(-5,0]",>1,"(10,20]","(50,75]","(25,50]",2-4,"(5,10]"
CHOP_2015_2016,CINF,legacy,MACD_FAIL,2015-12-15,2015-12-16,57.331,YELLOW,196.74,197.755,196.89345,-0.2466634286016796,-0.289742690328074,-0.2670850243373187,False,2015-12-11,55.721,2.889395380556703,True,2.0,1.0448099631961805,-9.214909909124213,0.9837609670160896,-3.608867802759419,-1.2105143813992525,-1.5454117318728144,-7.599727895902752,-8.285220910153324,False,,False,,False,,MACD_FAIL,legacy,-0.9265787088327149,-0.5132613587519819,-0.07793555346811143,1.3115090038166688,15.134996046214525,196.74,197.755,196.89344999999997,50.98039215686274,25.49019607843137,51,4,4,51,7.8431372549019605,0.0,0.0,-1.1102230246251565e-14,"(-2,0]","(-2,0]","(-5,0]",>1,"(10,20]","(50,75]","(25,50]",2-4,"(5,10]"
CHOP_2015_2016,ECL,legacy,MACD_FAIL,2015-12-15,2015-12-16,113.29,YELLOW,196.74,197.755,196.89345,-0.5074597859689371,-0.6014869899503642,-0.5581071459513385,False,2015-12-10,109.46,3.4989950666910463,True,13.0,2.4273987112719557,-13.036455115191105,2.4273987112719557,-7.882425633330392,0.7149792567746394,-1.1121899549827896,-9.78903698472946,-11.316091446729637,True,0.0,False,,False,,MACD_FAIL,legacy,-0.9265787088327149,-0.5132613587519819,-0.07793555346811143,1.3115090038166688,15.134996046214525,196.74,197.755,196.89344999999997,50.98039215686274,25.49019607843137,51,4,4,51,7.8431372549019605,0.0,0.0,-1.1102230246251565e-14,"(-2,0]","(-2,0]","(-5,0]",>1,"(10,20]","(50,75]","(25,50]",2-4,"(5,10]"
CHOP_2015_2016,PEP,legacy,MACD_FAIL,2015-12-15,2015-12-16,95.0,YELLOW,196.74,197.755,196.89345,-0.1970284319607221,-0.2677709552692265,-0.2217502101869419,False,2015-12-11,92.117,3.129715470542882,True,18.0,1.869473684210532,-6.549473684210517,1.869473684210532,-3.495789473684208,0.8052631578947311,0.0799999999999911,-2.6336842105263103,-5.919999999999992,False,,False,,False,,MACD_FAIL,legacy,-0.9265787088327149,-0.5132613587519819,-0.07793555346811143,1.3115090038166688,15.134996046214525,196.74,197.755,196.89344999999997,50.98039215686274,25.49019607843137,51,4,4,51,7.8431372549019605,0.0,0.0,-1.1102230246251565e-14,"(-2,0]","(-2,0]","(-5,0]",>1,"(10,20]","(50,75]","(25,50]",2-4,"(5,10]"
CHOP_2015_2016,AFL,legacy,MACD_PASS,2015-12-16,2015-12-17,59.165,GREEN,199.61,197.9514,196.89735,-0.4446912013285391,-0.5876416073721993,-0.688870468158462,True,2015-12-07,56.556,4.613126812362967,True,1.0,0.0169018845601165,-9.446463280655792,0.0169018845601165,-5.543818135722134,-2.4795064649708376,-4.100397194287164,-7.501056367785008,-8.459393222344291,False,,False,,False,,MACD_PASS,legacy,1.3145873515379103,0.8378824297277099,1.3776975667778135,1.266551937940097,15.995033677656975,199.61,197.9514,196.89735000000002,62.745098039215684,78.43137254901961,51,3,3,51,5.882352941176471,0.0,0.0,2.220446049250313e-14,"(0,2]","(0,2]","(0,5]",>1,"(10,20]","(50,75]",>75,2-4,"(5,10]"
CHOP_2015_2016,CTAS,legacy,MACD_FAIL,2015-12-16,2015-12-17,89.326,GREEN,199.61,197.9514,196.89735,-0.2063603325606293,-0.2721333112331441,-0.2686871471908911,False,2015-12-15,87.793,1.7461528823482286,True,1.0,2.3733291538857726,-9.69706468441438,0.581017844748466,-3.290195463806722,0.076125652105774,-3.476031614535513,-6.733761726708898,-8.713028681458912,False,,False,,False,,MACD_FAIL,legacy,1.3145873515379103,0.8378824297277099,1.3776975667778135,1.266551937940097,15.995033677656975,199.61,197.9514,196.89735000000002,62.745098039215684,78.43137254901961,51,3,3,51,5.882352941176471,0.0,0.0,2.220446049250313e-14,"(0,2]","(0,2]","(0,5]",>1,"(10,20]","(50,75]",>75,2-4,"(5,10]"
CHOP_2015_2016,LOW,legacy,MACD_FAIL,2015-12-16,2015-12-17,73.479,GREEN,199.61,197.9514,196.89735,-0.2270912390957841,-0.2723303157469267,-0.2129517436376095,False,2015-12-15,71.233,3.153033004365957,True,13.0,1.9039453449284816,-11.244028906218109,1.9039453449284816,-5.862899603968474,0.0775731841750726,-1.234366281522603,-4.643503586058606,-8.503109732032287,False,,False,,False,,MACD_FAIL,legacy,1.3145873515379103,0.8378824297277099,1.3776975667778135,1.266551937940097,15.995033677656975,199.61,197.9514,196.89735000000002,62.745098039215684,78.43137254901961,51,3,3,51,5.882352941176471,0.0,0.0,2.220446049250313e-14,"(0,2]","(0,2]","(0,5]",>1,"(10,20]","(50,75]",>75,2-4,"(5,10]"
CHOP_2015_2016,MMM,legacy,MACD_PASS,2015-12-23,2015-12-24,144.24,GREEN,198.87,198.2824,196.89765,-0.7488009883781546,-1.0504030020255668,-1.217960495615248,True,2015-12-17,140.29,2.815596264879905,True,7.0,1.9065446478092165,-10.718247365501943,1.9065446478092165,-4.901552967276778,-2.655296727676104,-6.884359400998341,-8.243205768164186,-4.000277315585143,False,,False,,False,,MACD_PASS,legacy,-0.37072290967387067,0.29634501095410215,1.0017133266953637,0.6421774342544762,18.302502669944,198.87,198.28239999999997,196.89765,66.66666666666667,54.90196078431372,51,2,2,51,3.9215686274509802,0.0,-1.1102230246251565e-14,0.0,"(-2,0]","(0,2]","(0,5]","(0,1]","(10,20]","(50,75]","(50,75]",2-4,"(2,5]"
CHOP_2015_2016,SWK,legacy,MACD_PASS,2015-12-23,2015-12-24,103.34,GREEN,198.87,198.2824,196.89765,-0.4707170374762167,-0.5926905186536787,-0.6169341593816943,True,2015-12-21,99.98,3.3606721344268786,True,6.0,1.5192568221404912,-15.395780917360169,1.5192568221404912,-4.13295916392491,-1.848267853686858,-9.882910779949682,-10.463518482678536,-9.949680665763497,False,,False,,False,,MACD_PASS,legacy,-0.37072290967387067,0.29634501095410215,1.0017133266953637,0.6421774342544762,18.302502669944,198.87,198.28239999999997,196.89765,66.66666666666667,54.90196078431372,51,2,2,51,3.9215686274509802,0.0,-1.1102230246251565e-14,0.0,"(-2,0]","(0,2]","(0,5]","(0,1]","(10,20]","(50,75]","(50,75]",2-4,"(2,5]"
CHOP_2015_2016,MCD,legacy,MACD_PASS,2016-01-12,2016-01-13,111.98,YELLOW,186.93,197.47660000000005,196.6579,-0.4498129242176072,-0.5206161281175341,-0.5318078832101616,True,2016-01-11,109.96,1.8370316478719677,True,0.0,6.063582782639743,-4.259689230219688,0.1250223254152471,-2.232541525272369,0.0982318271119941,3.973923914984812,2.5093766744061385,-0.8394356135024039,False,,False,,False,,MACD_PASS,legacy,-3.8277511961722466,-5.340683402489221,-4.946610331952083,-0.519275351951598,18.427127725765516,186.93,197.47660000000005,196.6579,21.568627450980394,13.72549019607843,51,4,4,51,7.8431372549019605,0.0,0.0,0.0,"(-4,-2]",<=-5,"(-5,0]","(-1,0]","(10,20]",<=25,<=25,2-4,"(5,10]"
CHOP_2015_2016,MDT,legacy,MACD_FAIL,2016-01-12,2016-01-13,74.145,YELLOW,186.93,197.47660000000005,196.6579,-0.3188122929180761,-0.5033876328905539,-0.4191338021893078,False,2016-01-08,69.657,6.442999267840999,False,,1.1841661609009346,-7.71596196641714,1.1841661609009346,-7.71596196641714,-3.0777530514532248,-3.974644278103723,-1.000741789736315,-5.651089082203786,False,,False,,False,,MACD_FAIL,legacy,-3.8277511961722466,-5.340683402489221,-4.946610331952083,-0.519275351951598,18.427127725765516,186.93,197.47660000000005,196.6579,21.568627450980394,13.72549019607843,51,4,4,51,7.8431372549019605,0.0,0.0,0.0,"(-4,-2]",<=-5,"(-5,0]","(-1,0]","(10,20]",<=25,<=25,2-4,"(5,10]"
CHOP_2015_2016,MKC,legacy,MACD_PASS,2016-01-12,2016-01-13,83.017,YELLOW,186.93,197.47660000000005,196.6579,-0.1505474002271967,-0.2638060594130849,-0.2852100007010172,True,2016-01-08,80.325,3.351384998443807,True,3.0,6.427599166435782,-8.50307768288423,0.5372393606128734,-5.762675114735528,-6.950383656359538,-0.3854632183769468,0.1047978124962378,5.36637074334172,False,,False,,False,,MACD_PASS,legacy,-3.8277511961722466,-5.340683402489221,-4.946610331952083,-0.519275351951598,18.427127725765516,186.93,197.47660000000005,196.6579,21.568627450980394,13.72549019607843,51,4,4,51,7.8431372549019605,0.0,0.0,0.0,"(-4,-2]",<=-5,"(-5,0]","(-1,0]","(10,20]",<=25,<=25,2-4,"(5,10]"
CHOP_2015_2016,SYY,legacy,MACD_PASS,2016-01-12,2016-01-13,38.928,YELLOW,186.93,197.47660000000005,196.6579,-0.0642190665804388,-0.1178051722784031,-0.1360166350452478,True,2016-01-07,37.98,2.4960505529225907,True,4.0,8.035347307850383,-4.585388409371138,0.4187217427044976,-4.585388409371138,-3.198212083847096,-2.9490341142622167,6.730374023838892,4.693279901356373,False,,False,,False,,MACD_PASS,legacy,-3.8277511961722466,-5.340683402489221,-4.946610331952083,-0.519275351951598,18.427127725765516,186.93,197.47660000000005,196.6579,21.568627450980394,13.72549019607843,51,4,4,51,7.8431372549019605,0.0,0.0,0.0,"(-4,-2]",<=-5,"(-5,0]","(-1,0]","(10,20]",<=25,<=25,2-4,"(5,10]"
CHOP_2015_2016,KO,legacy,MACD_PASS,2016-01-13,2016-01-14,39.668,YELLOW,182.27,197.1318,196.58015,-0.1721688174492905,-0.1919641370896424,-0.2334902899659829,True,2016-01-07,39.007,1.6945676417053468,False,,3.572148835333277,-2.949480689724715,3.572148835333277,-2.949480689724715,0.1689018856509072,2.218412826459626,1.0713925582333417,2.667137239084405,True,10.0,True,10.0,False,,MACD_PASS,legacy,-5.023187952686148,-7.539017043419671,-7.279549842646871,-0.7445725454734098,20.00491837568269,182.27,197.1318,196.58015,17.647058823529413,7.8431372549019605,51,1,1,51,1.9607843137254901,0.0,0.0,0.0,<=-4,<=-5,<=-5,"(-1,0]","(20,30]",<=25,<=25,1,<=2
CHOP_2015_2016,BDX,legacy,MACD_PASS,2016-01-14,2016-01-15,138.43,YELLOW,185.22,196.7988,196.52575,-1.147697328549402,-1.535863792770493,-1.6144845706903437,True,2016-01-06,135.4,2.237813884785811,True,13.0,4.088709094849374,-9.029834573430618,4.088709094849374,-3.474680343856107,1.791519179368617,2.578920754171788,-6.660405981362416,-0.1589250884923787,True,5.0,True,5.0,False,,MACD_PASS,legacy,-1.1052378664103801,-5.8835724608076845,-5.7528084742075825,-0.9486439746410613,20.60808994053144,185.22,196.7988,196.52575000000002,19.607843137254903,39.21568627450981,51,2,2,51,3.9215686274509802,0.0,0.0,2.220446049250313e-14,"(-2,0]",<=-5,<=-5,"(-1,0]","(20,30]",<=25,"(25,50]",2-4,"(2,5]"
CHOP_2015_2016,JNJ,legacy,MACD_FAIL,2016-01-14,2016-01-15,91.907,YELLOW,185.22,196.7988,196.52575,-0.5150634551851914,-0.6556506108855735,-0.6380953059987471,False,2016-01-06,91.63,0.3023027392775379,True,2.0,8.72947653606364,-2.1695844712589896,2.1173577638264662,-1.9084509340964173,0.0304655793356367,8.316015102222906,5.840686781202753,6.1660156462511,True,1.0,False,,False,,MACD_FAIL,legacy,-1.1052378664103801,-5.8835724608076845,-5.7528084742075825,-0.9486439746410613,20.60808994053144,185.22,196.7988,196.52575000000002,19.607843137254903,39.21568627450981,51,2,2,51,3.9215686274509802,0.0,0.0,2.220446049250313e-14,"(-2,0]",<=-5,<=-5,"(-1,0]","(20,30]",<=25,"(25,50]",2-4,"(2,5]"
CHOP_2015_2016,GPC,legacy,MACD_FAIL,2016-04-22,2016-04-25,92.709,GREEN,202.76,194.8012,193.7377,-0.470357991372484,-0.4736690965257362,-0.3981404167394793,False,2016-04-21,91.78,1.012203094356079,True,16.0,1.767897399389473,-4.65219126514147,1.767897399389473,-2.863799631103781,0.0097077953596702,0.2685823382843066,0.1963131950511787,-3.132381969388076,False,,False,,False,,MACD_FAIL,legacy,0.5903656298060111,4.085601115393533,4.656966610009294,2.001051421198885,10.175180681335021,202.76,194.8012,193.73770000000002,82.3529411764706,43.13725490196079,51,1,1,51,1.9607843137254901,0.0,0.0,2.220446049250313e-14,"(0,2]",>2,"(0,5]",>1,"(10,20]",>75,"(25,50]",1,<=2
CHOP_2015_2016,CLX,legacy,MACD_FAIL,2016-04-25,2016-04-26,119.02,GREEN,202.4,195.3194,193.7718,-0.4704061116956326,-0.5338559842539825,-0.4708562562153331,False,2016-04-22,114.76,3.7120948065527903,False,,7.754999159805087,-0.2772643253234785,7.754999159805087,-0.2772643253234785,4.67148378423794,7.435725088220479,4.67148378423794,5.1924046378760025,True,4.0,True,5.0,True,5.0,MACD_FAIL,legacy,-0.305388631661907,3.625139131084798,4.452763508415569,2.1078230976007806,10.235651744871038,202.4,195.31939999999997,193.7718,80.3921568627451,39.21568627450981,51,4,4,51,7.8431372549019605,0.0,-1.1102230246251565e-14,0.0,"(-2,0]",>2,"(0,5]",>1,"(10,20]",>75,"(25,50]",2-4,"(5,10]"
CHOP_2015_2016,LEG,legacy,MACD_PASS,2016-04-25,2016-04-26,46.095,GREEN,202.4,195.3194,193.7718,-0.2254390781219223,-0.2569631526080435,-0.2685613444986047,True,2016-04-21,45.165,2.0591165725672544,False,,4.950645406226273,-1.1845102505694705,4.950645406226273,-1.1845102505694705,3.28452109773294,3.4732617420544454,0.9567198177676596,3.763965722963447,True,3.0,True,4.0,False,,MACD_PASS,legacy,-0.305388631661907,3.625139131084798,4.452763508415569,2.1078230976007806,10.235651744871038,202.4,195.31939999999997,193.7718,80.3921568627451,39.21568627450981,51,4,4,51,7.8431372549019605,0.0,-1.1102230246251565e-14,0.0,"(-2,0]",>2,"(0,5]",>1,"(10,20]",>75,"(25,50]",2-4,"(5,10]"
CHOP_2015_2016,PEP,legacy,MACD_FAIL,2016-04-25,2016-04-26,98.894,GREEN,202.4,195.3194,193.7718,-0.3496537914762767,-0.3958111342089477,-0.3677689113640324,False,2016-04-22,96.734,2.232927409183949,True,16.0,3.636216555099381,-3.097255647460917,3.636216555099381,-2.8404149897870545,0.3508807409954073,3.2721904261127976,-0.7958015653123596,-2.033490403866778,True,9.0,True,10.0,False,,MACD_FAIL,legacy,-0.305388631661907,3.625139131084798,4.452763508415569,2.1078230976007806,10.235651744871038,202.4,195.31939999999997,193.7718,80.3921568627451,39.21568627450981,51,4,4,51,7.8431372549019605,0.0,-1.1102230246251565e-14,0.0,"(-2,0]",>2,"(0,5]",>1,"(10,20]",>75,"(25,50]",2-4,"(5,10]"
CHOP_2015_2016,PG,legacy,MACD_FAIL,2016-04-25,2016-04-26,77.814,GREEN,202.4,195.3194,193.7718,-0.1911435268092586,-0.2022740673754197,-0.1610071143842418,False,2016-04-22,76.296,1.9896193771626212,True,0.0,1.6989230729688831,-2.94548538823346,0.0,-2.81054823039556,-0.489629115583301,1.2028683784409022,-1.0782121469144368,-0.6489834734109468,False,,False,,False,,MACD_FAIL,legacy,-0.305388631661907,3.625139131084798,4.452763508415569,2.1078230976007806,10.235651744871038,202.4,195.31939999999997,193.7718,80.3921568627451,39.21568627450981,51,4,4,51,7.8431372549019605,0.0,-1.1102230246251565e-14,0.0,"(-2,0]",>2,"(0,5]",>1,"(10,20]",>75,"(25,50]",2-4,"(5,10]"
CHOP_2015_2016,ED,legacy,MACD_PASS,2016-04-26,2016-04-27,68.559,GREEN,202.71,195.7708,193.79505,-0.5867153574378121,-0.6154357378367923,-0.63385193501542,True,2016-04-22,67.486,1.5899593989864511,False,,6.137779139135624,-1.900552808529876,6.137779139135624,-1.900552808529876,5.405563091643706,2.9171954083344165,-0.740967633716938,0.1648215405708919,True,1.0,True,2.0,True,5.0,MACD_PASS,legacy,-0.4566882734236777,3.5445531202814795,4.60019489661887,2.2071261208959747,9.799864493067194,202.71,195.7708,193.79505,82.3529411764706,35.294117647058826,51,3,3,51,5.882352941176471,0.0,0.0,0.0,"(-2,0]",>2,"(0,5]",>1,<=10,>75,"(25,50]",2-4,"(5,10]"
CHOP_2015_2016,MCD,legacy,MACD_PASS,2016-04-26,2016-04-27,122.65,GREEN,202.71,195.7708,193.79505,-0.3492186019894201,-0.396899076117573,-0.4376146413341055,True,2016-04-25,119.83,2.353333889677045,True,17.0,3.139013452914785,-4.541377904606614,3.139013452914785,-4.541377904606614,1.0843864655523785,0.9376273950264968,-1.3615980432123975,-3.668976763147169,True,7.0,True,9.0,False,,MACD_PASS,legacy,-0.4566882734236777,3.5445531202814795,4.60019489661887,2.2071261208959747,9.799864493067194,202.71,195.7708,193.79505,82.3529411764706,35.294117647058826,51,3,3,51,5.882352941176471,0.0,0.0,0.0,"(-2,0]",>2,"(0,5]",>1,<=10,>75,"(25,50]",2-4,"(5,10]"
CHOP_2015_2016,T,legacy,MACD_FAIL,2016-04-26,2016-04-27,35.228,GREEN,202.71,195.7708,193.79505,-0.1140272422256969,-0.1129507276057671,-0.1162044434027158,False,2016-04-25,35.228,0.0,False,,4.768933802656972,-0.3491540819802519,4.768933802656972,-0.3491540819802519,2.6910412172135745,3.4801862155103835,1.5555807880095474,2.004087657545117,True,0.0,True,3.0,False,,MACD_FAIL,legacy,-0.4566882734236777,3.5445531202814795,4.60019489661887,2.2071261208959747,9.799864493067194,202.71,195.7708,193.79505,82.3529411764706,35.294117647058826,51,3,3,51,5.882352941176471,0.0,0.0,0.0,"(-2,0]",>2,"(0,5]",>1,<=10,>75,"(25,50]",2-4,"(5,10]"
CHOP_2015_2016,MKC,legacy,MACD_PASS,2016-04-27,2016-04-28,90.038,GREEN,203.12,196.1696,193.80945,-0.6442713798899424,-0.745618147580436,-0.8520056344952888,True,2016-04-15,88.337,1.9255804476040472,False,,7.452408982873915,-0.2165752237943907,7.452408982873915,-0.2165752237943907,2.3867700304315957,6.76158955107844,3.759523756636085,5.325529220995584,True,2.0,True,5.0,True,8.0,MACD_PASS,legacy,-0.34832949026150084,3.5430566203937808,4.803971116991468,2.256560915676853,9.725782953557424,203.12,196.1696,193.80945,80.3921568627451,52.94117647058823,51,1,1,51,1.9607843137254901,0.0,0.0,0.0,"(-2,0]",>2,"(0,5]",>1,<=10,>75,"(50,75]",1,<=2
CHOP_2015_2016,HRL,legacy,MACD_PASS,2016-04-28,2016-04-29,37.49,GREEN,201.31,196.4722,193.81045000000003,-0.091051480981819,-0.17721302477423,-0.2688477466358603,True,2016-04-11,36.44,2.881448957189914,True,13.0,5.0893571619098354,-11.125633502267274,5.0893571619098354,-8.893038143504938,-0.0506801813817126,3.4462523339557016,-9.621232328620966,-9.82662043211524,True,6.0,True,6.0,True,10.0,MACD_PASS,legacy,-0.720027617497665,2.4623330934351095,3.869528191075333,2.2195977232760677,10.272475507094757,201.31,196.4722,193.81045000000003,76.47058823529412,62.745098039215684,51,1,1,51,1.9607843137254901,0.0,0.0,0.0,"(-2,0]",>2,"(0,5]",>1,"(10,20]",>75,"(50,75]",1,<=2
CHOP_2015_2016,CAH,legacy,MACD_FAIL,2016-05-03,2016-05-04,76.279,GREEN,200.01,197.337,193.78765000000004,-0.8531518793111785,-0.7968254706607353,-0.6750024374312175,False,2016-05-02,74.398,2.5282937713379416,True,2.0,1.013385073218065,-4.537290735326893,0.4234455092489542,-4.537290735326893,-2.6927463653168004,-1.591525845907782,-2.9824722400660586,1.013385073218065,False,,False,,False,,MACD_FAIL,legacy,-1.331952049726215,1.354535642074195,3.2109115312559666,2.061852470954295,10.363009398468316,200.01,197.33700000000002,193.78765000000004,74.50980392156863,49.01960784313726,51,2,2,51,3.9215686274509802,0.0,2.220446049250313e-14,0.0,"(-2,0]","(0,2]","(0,5]",>1,"(10,20]","(50,75]","(25,50]",2-4,"(2,5]"
CHOP_2015_2016,CB,legacy,MACD_PASS,2016-05-03,2016-05-04,114.06,GREEN,200.01,197.337,193.78765000000004,-0.3099848213287842,-0.3362652255266756,-0.4232553877783104,True,2016-04-28,113.05,0.8934099955771879,False,,8.872523233385943,-0.6750832894967473,8.872523233385943,-0.6750832894967473,5.155181483429772,6.733298264071541,8.048395581273017,8.600736454497637,True,1.0,True,1.0,True,4.0,MACD_PASS,legacy,-1.331952049726215,1.354535642074195,3.2109115312559666,2.061852470954295,10.363009398468316,200.01,197.33700000000002,193.78765000000004,74.50980392156863,49.01960784313726,51,2,2,51,3.9215686274509802,0.0,2.220446049250313e-14,0.0,"(-2,0]","(0,2]","(0,5]",>1,"(10,20]","(50,75]","(25,50]",2-4,"(2,5]"
CHOP_2015_2016,KMB,legacy,MACD_PASS,2016-05-04,2016-05-05,122.27,GREEN,198.91,197.6028,193.7675,-0.6084419089272357,-0.9135238565849126,-1.1251038273016138,True,2016-04-25,118.07,3.5572118234945327,False,,2.175513208473068,-2.26547804040238,2.175513208473068,-2.26547804040238,1.6766173223194514,-0.8832910771243929,0.0163572421689739,1.6847959434039383,True,5.0,False,,False,,MACD_PASS,legacy,-2.072666404096102,0.6615290876444968,2.6539538364276583,1.9375074156422256,9.804365537852899,198.91,197.6028,193.7675,66.66666666666667,37.254901960784316,51,2,2,51,3.9215686274509802,0.0,0.0,0.0,"(-4,-2]","(0,2]","(0,5]",>1,<=10,"(50,75]","(25,50]",2-4,"(2,5]"
CHOP_2015_2016,SHW,legacy,MACD_FAIL,2016-05-04,2016-05-05,285.2,GREEN,198.91,197.6028,193.7675,-1.8958860626598808,-1.914175490333431,-1.8361364428477411,False,2016-04-29,278.04,2.5751690404258287,False,,2.8190743338008417,-0.8800841514726487,2.8190743338008417,-0.8800841514726487,2.1248246844319807,-0.2910238429172485,-0.2629733520336574,0.6241234221598946,True,3.0,False,,False,,MACD_FAIL,legacy,-2.072666404096102,0.6615290876444968,2.6539538364276583,1.9375074156422256,9.804365537852899,198.91,197.6028,193.7675,66.66666666666667,37.254901960784316,51,2,2,51,3.9215686274509802,0.0,0.0,0.0,"(-4,-2]","(0,2]","(0,5]",>1,<=10,"(50,75]","(25,50]",2-4,"(2,5]"
CHOP_2015_2016,NUE,legacy,MACD_FAIL,2016-05-06,2016-05-09,45.932,GREEN,199.59,198.0674,193.74045,-0.3344165534818297,-0.3398604704701953,-0.2971363404620621,False,2016-05-05,45.922,0.0217760550498713,True,0.0,5.765043978054507,-5.366628929722205,0.500740224679963,-3.0066184794914186,-0.1654619872855534,-2.209788382826794,1.2953931899329474,5.179395628320127,False,,False,,False,,MACD_FAIL,legacy,-0.2947347387351362,0.7687282207975654,3.019271401506507,1.676683716527405,8.810464528828934,199.59,198.0674,193.74045,74.50980392156863,56.86274509803921,51,1,1,51,1.9607843137254901,0.0,0.0,0.0,"(-2,0]","(0,2]","(0,5]",>1,<=10,"(50,75]","(50,75]",1,<=2
CHOP_2015_2016,TGT,legacy,MACD_PASS,2016-05-09,2016-05-10,75.573,GREEN,199.75,198.2962,193.73605,-0.4025642278151003,-0.5077073347417461,-0.5179902384724208,True,2016-05-03,73.452,2.887600065348783,True,1.0,0.8151059240734115,-17.35540470803064,0.8151059240734115,-5.2346737591467685,-7.12423749222606,-13.331480819869512,-13.68345837799213,-13.417490373546093,False,,False,,False,,MACD_PASS,legacy,-1.00604618891863,0.7331456679452231,3.1041976957824735,1.5240677577342598,8.754834838112117,199.75,198.2962,193.73605,72.54901960784314,49.01960784313726,51,1,1,51,1.9607843137254901,0.0,0.0,0.0,"(-2,0]","(0,2]","(0,5]",>1,<=10,"(50,75]","(25,50]",1,<=2
CHOP_2015_2016,ADP,legacy,MACD_PASS,2016-05-10,2016-05-11,85.207,GREEN,202.24,198.6044,193.7545,-0.314054293298534,-0.4325146240558695,-0.4544605882847961,True,2016-05-06,83.178,2.4393469427011816,True,2.0,0.3403476240215086,-4.343539850012313,0.3403476240215086,-2.7779407795134103,-2.9375520790545395,-0.7593272853169242,-0.1126667996760755,-0.024645862429129,False,,False,,False,,MACD_PASS,legacy,1.1149442527873754,1.8305737435827307,4.3795111855466695,1.447406865579537,9.23059500578494,202.24,198.6044,193.7545,78.43137254901961,78.43137254901961,51,3,3,51,5.882352941176471,0.0,0.0,0.0,"(0,2]","(0,2]","(0,5]",>1,<=10,>75,>75,2-4,"(5,10]"
CHOP_2015_2016,DOV,legacy,MACD_FAIL,2016-05-10,2016-05-11,63.554,GREEN,202.24,198.6044,193.7545,-0.3100317420049134,-0.491477717114472,-0.4675304225502223,False,2016-05-04,60.736,4.639752370916761,False,,10.660225949586156,-3.6897756238788992,10.660225949586156,-3.6897756238788992,-0.4389967586619359,1.309122950561714,2.456178997388037,10.22437612109388,True,11.0,True,11.0,True,17.0,MACD_FAIL,legacy,1.1149442527873754,1.8305737435827307,4.3795111855466695,1.447406865579537,9.23059500578494,202.24,198.6044,193.7545,78.43137254901961,78.43137254901961,51,3,3,51,5.882352941176471,0.0,0.0,0.0,"(0,2]","(0,2]","(0,5]",>1,<=10,>75,>75,2-4,"(5,10]"
CHOP_2015_2016,TROW,legacy,MACD_PASS,2016-05-10,2016-05-11,72.136,GREEN,202.24,198.6044,193.7545,-0.3010669055517745,-0.3881296203258156,-0.4249496327964475,True,2016-05-04,70.464,2.372842870118075,False,,2.9846401242098253,-3.1939669513141866,2.9846401242098253,-3.1939669513141866,-1.352999889098372,2.531329710546748,1.97682155927692,-1.429244759897963,True,10.0,False,,False,,MACD_PASS,legacy,1.1149442527873754,1.8305737435827307,4.3795111855466695,1.447406865579537,9.23059500578494,202.24,198.6044,193.7545,78.43137254901961,78.43137254901961,51,3,3,51,5.882352941176471,0.0,0.0,0.0,"(0,2]","(0,2]","(0,5]",>1,<=10,>75,>75,2-4,"(5,10]"
CHOP_2015_2016,EMR,legacy,MACD_PASS,2016-05-12,2016-05-13,50.56,GREEN,200.42,198.9524,193.77235,-0.2798455501331785,-0.3241245517897526,-0.365623165432167,True,2016-05-05,49.783,1.56077375811019,True,0.0,2.484177215189876,-6.164952531645573,0.3579905063290978,-2.051028481012651,-3.945806962025322,-1.0067246835443022,1.420094936708849,-2.08465189873418,False,,False,,False,,MACD_PASS,legacy,0.7743362831858391,0.7376638834213578,3.4306494192798853,1.2623668895650253,9.181587193632533,200.42,198.95239999999998,193.77235000000002,74.50980392156863,82.3529411764706,51,1,1,51,1.9607843137254901,0.0,-1.1102230246251565e-14,2.220446049250313e-14,"(0,2]","(0,2]","(0,5]",>1,<=10,"(50,75]",>75,1,<=2
CHOP_2015_2016,WMT,legacy,MACD_FAIL,2016-05-19,2016-05-20,66.999,GREEN,198.12,199.5756,193.72975,-0.0945353435480369,-0.4122039905181401,-0.2844464329849508,False,2016-05-17,60.611,10.53934104370493,False,,3.5313959909849317,-0.6955327691458013,3.5313959909849317,-0.6955327691458013,2.0477917580859373,2.4806340393140225,1.726891446140999,2.550784340064771,True,3.0,True,10.0,False,,MACD_FAIL,legacy,-1.1475900608721612,-0.7293476757679773,2.2661723354311825,0.8719719545677185,10.265485377104984,198.12,199.5756,193.72975000000002,45.09803921568628,11.764705882352942,51,1,1,51,1.9607843137254901,0.0,0.0,2.220446049250313e-14,"(-2,0]","(-2,0]","(0,5]","(0,1]","(10,20]","(25,50]",<=25,1,<=2
CHOP_2015_2016,BEN,legacy,MACD_PASS,2016-05-20,2016-05-23,34.408,GREEN,199.36,199.7106,193.72395,-0.0974679538506639,-0.1571041042703551,-0.1943057782809361,True,2016-05-02,33.757,1.9284889060046997,True,12.0,6.17007672634271,-9.169379214136251,6.17007672634271,-3.618344571030008,5.356312485468484,0.0,-7.16693792141363,-4.629737270402245,True,1.0,True,1.0,True,2.0,MACD_PASS,legacy,0.3473096088991934,-0.17555402667659425,2.9093201950507463,0.8296165850614434,10.593198396882148,199.36,199.7106,193.72395,45.09803921568628,37.254901960784316,51,2,2,51,3.9215686274509802,0.0,0.0,0.0,"(0,2]","(-2,0]","(0,5]","(0,1]","(10,20]","(25,50]","(25,50]",2-4,"(2,5]"
CHOP_2015_2016,GPC,legacy,MACD_FAIL,2016-05-20,2016-05-23,90.063,GREEN,199.36,199.7106,193.72395,-0.3634384006606779,-0.376732566484609,-0.2996794937314577,False,2016-05-19,88.396,1.8858319380967488,False,,5.355140290685401,-0.8394124113120793,5.355140290685401,-0.8394124113120793,3.117817527730571,4.412466828775408,2.388328170280807,4.497962537334987,True,2.0,True,3.0,True,19.0,MACD_FAIL,legacy,0.3473096088991934,-0.17555402667659425,2.9093201950507463,0.8296165850614434,10.593198396882148,199.36,199.7106,193.72395,45.09803921568628,37.254901960784316,51,2,2,51,3.9215686274509802,0.0,0.0,0.0,"(0,2]","(-2,0]","(0,5]","(0,1]","(10,20]","(25,50]","(25,50]",2-4,"(2,5]"
CHOP_2015_2016,CL,legacy,MACD_FAIL,2016-05-23,2016-05-24,68.151,GREEN,199.09,199.7782,193.72495,-0.2731399596557902,-0.2586451111681314,-0.2137952260409737,False,2016-05-20,67.571,0.8583563954950968,False,,2.9390617892620874,-0.4695455679300298,2.9390617892620874,-0.4695455679300298,1.0931607753371209,2.228874117767909,1.831227714927164,2.585435283414772,True,8.0,False,,False,,MACD_FAIL,legacy,-0.7675821163335428,-0.3444820305719021,2.769416123220081,0.7473668179218684,10.589336065979039,199.09,199.7782,193.72494999999998,45.09803921568628,19.607843137254903,51,3,3,51,5.882352941176471,0.0,0.0,-1.1102230246251565e-14,"(-2,0]","(-2,0]","(0,5]","(0,1]","(10,20]","(25,50]",<=25,2-4,"(5,10]"
CHOP_2015_2016,PG,legacy,MACD_FAIL,2016-05-23,2016-05-24,76.668,GREEN,199.09,199.7782,193.72495,-0.1574997883242846,-0.1626328108938078,-0.1377981091519013,False,2016-05-20,76.182,0.6379459714893398,False,,4.335576772577876,0.0,4.335576772577876,0.0,1.8573590024521192,2.9282099441748644,3.3025512599780926,4.072103093859236,True,6.0,True,8.0,False,,MACD_FAIL,legacy,-0.7675821163335428,-0.3444820305719021,2.769416123220081,0.7473668179218684,10.589336065979039,199.09,199.7782,193.72494999999998,45.09803921568628,19.607843137254903,51,3,3,51,5.882352941176471,0.0,0.0,-1.1102230246251565e-14,"(-2,0]","(-2,0]","(0,5]","(0,1]","(10,20]","(25,50]",<=25,2-4,"(5,10]"
CHOP_2015_2016,PPG,legacy,MACD_PASS,2016-05-23,2016-05-24,104.06,GREEN,199.09,199.7782,193.72495,-0.3159174402794127,-0.3934642888251936,-0.4530904101916091,True,2016-05-03,102.49,1.5318567665138172,False,,4.401306938304828,-1.4126465500672647,4.401306938304828,-1.4126465500672647,1.3261579857774208,4.113011724005378,0.0384393619065948,1.162790697674421,True,1.0,True,10.0,False,,MACD_PASS,legacy,-0.7675821163335428,-0.3444820305719021,2.769416123220081,0.7473668179218684,10.589336065979039,199.09,199.7782,193.72494999999998,45.09803921568628,19.607843137254903,51,3,3,51,5.882352941176471,0.0,0.0,-1.1102230246251565e-14,"(-2,0]","(-2,0]","(0,5]","(0,1]","(10,20]","(25,50]",<=25,2-4,"(5,10]"
CHOP_2015_2016,ABBV,legacy,MACD_FAIL,2016-05-24,2016-05-25,57.883,GREEN,201.66,199.90240000000003,193.74070000000003,-0.4219424881697141,-0.5131841268986795,-0.4897162513447923,False,2016-05-23,56.035,3.2979387882573485,False,,7.0245149698529685,-3.1425461707237035,7.0245149698529685,-3.1425461707237035,6.566694884508406,-0.5407459875956699,-0.2954235267695115,0.3766218060570425,True,2.0,True,2.0,True,5.0,MACD_FAIL,legacy,1.4590460857315302,0.8792290637831046,4.087576848850016,0.6535605454864202,11.630421963576303,201.66,199.90240000000003,193.74070000000003,54.90196078431372,72.54901960784314,51,3,3,51,5.882352941176471,0.0,0.0,0.0,"(0,2]","(0,2]","(0,5]","(0,1]","(10,20]","(50,75]","(50,75]",2-4,"(5,10]"
CHOP_2015_2016,APD,legacy,MACD_PASS,2016-05-24,2016-05-25,137.64,GREEN,201.66,199.90240000000003,193.74070000000003,-0.256014585677334,-0.4114645408992701,-0.463734468096801,True,2016-05-04,134.44,2.380243975007424,False,,2.3249055507120087,-1.809067131647768,2.3249055507120087,-1.809067131647768,-0.2324905550711964,1.9253124091833884,0.3560011624527792,1.5111886079628212,True,9.0,False,,False,,MACD_PASS,legacy,1.4590460857315302,0.8792290637831046,4.087576848850016,0.6535605454864202,11.630421963576303,201.66,199.90240000000003,193.74070000000003,54.90196078431372,72.54901960784314,51,3,3,51,5.882352941176471,0.0,0.0,0.0,"(0,2]","(0,2]","(0,5]","(0,1]","(10,20]","(50,75]","(50,75]",2-4,"(5,10]"
CHOP_2015_2016,GWW,legacy,MACD_PASS,2016-05-24,2016-05-25,218.08,GREEN,201.66,199.90240000000003,193.74070000000003,-0.7943901907086388,-1.1028143375187,-1.183494320109471,True,2016-05-16,211.44,3.1403707907680767,True,12.0,2.191856199559794,-4.365370506236244,2.191856199559794,-4.365370506236244,1.5269625825385047,0.3943506969919186,-2.1505869405722744,-0.1329787234042645,True,9.0,False,,False,,MACD_PASS,legacy,1.4590460857315302,0.8792290637831046,4.087576848850016,0.6535605454864202,11.630421963576303,201.66,199.90240000000003,193.74070000000003,54.90196078431372,72.54901960784314,51,3,3,51,5.882352941176471,0.0,0.0,0.0,"(0,2]","(0,2]","(0,5]","(0,1]","(10,20]","(50,75]","(50,75]",2-4,"(5,10]"
CHOP_2015_2016,KO,legacy,MACD_PASS,2016-05-26,2016-05-27,42.567,GREEN,203.11,200.1974,193.7706,-0.054903508266912,-0.0929932561802678,-0.1136042662050663,True,2016-05-19,41.835,1.7497310864108997,False,,2.9318486151243883,-2.3774285244438143,2.9318486151243883,-2.3774285244438143,1.4800197335964604,1.6938003617825936,1.37665327601193,-1.327319284892048,True,7.0,False,,False,,MACD_PASS,legacy,2.518675550171623,1.4548640491834464,4.819823027848402,0.6257778242434009,11.402722732490805,203.11,200.19740000000002,193.7706,56.86274509803921,88.23529411764706,51,1,1,51,1.9607843137254901,0.0,2.220446049250313e-14,0.0,>2,"(0,2]","(0,5]","(0,1]","(10,20]","(50,75]",>75,1,<=2
CHOP_2015_2016,PEP,legacy,MACD_PASS,2016-05-27,2016-05-31,97.883,GREEN,203.94,200.326,193.7932,-0.249110527343241,-0.3437119341476968,-0.456998428354932,True,2016-05-19,95.831,2.1412695265623727,False,,3.266144274286642,-1.2913376173595004,3.266144274286642,-1.2913376173595004,1.0931418121635117,1.835865267717596,2.653167557185632,0.7468099670014272,True,7.0,True,14.0,False,,MACD_PASS,legacy,2.2973515248795984,1.8040593832053586,5.235890629805384,0.6313382482071805,11.236296116851523,203.94,200.32600000000002,193.79319999999998,58.8235294117647,94.11764705882354,51,1,1,51,1.9607843137254901,0.0,2.220446049250313e-14,-1.1102230246251565e-14,>2,"(0,2]",>5,"(0,1]","(10,20]","(50,75]",>75,1,<=2
CHOP_2015_2016,SYY,legacy,MACD_PASS,2016-06-03,2016-06-06,47.181,GREEN,204.01,200.8008,193.8717,-0.1380000043859069,-0.1663230594904945,-0.189984867830919,True,2016-05-24,46.314,1.872004145614703,False,,5.93035332019245,-1.6150569085013,5.93035332019245,-1.6150569085013,-1.1614844958775628,1.9393399885547116,1.4497361225917382,5.148258833004826,True,9.0,True,17.0,True,20.0,MACD_PASS,legacy,0.44310964501992345,1.5982008039808537,5.229386238424705,0.6139027015326537,10.249419533951615,204.01,200.8008,193.87169999999998,66.66666666666667,72.54901960784314,51,1,1,51,1.9607843137254901,0.0,0.0,-1.1102230246251565e-14,"(0,2]","(0,2]",>5,"(0,1]","(10,20]","(50,75]","(50,75]",1,<=2
CHOP_2015_2016,MCD,legacy,MACD_PASS,2016-06-08,2016-06-09,117.88,GREEN,206.04,201.265,194.04285,-0.1267680176017407,-0.2253236085747705,-0.3265538804887975,True,2016-05-19,116.2,1.4457831325301207,True,11.0,1.6372582287071724,-4.920257889379032,1.6372582287071724,-3.104852392263313,0.3223617237869014,-0.7041058703766478,-1.4251781472684022,-0.6277570410586963,False,,False,,False,,MACD_PASS,legacy,1.0000000000000009,2.372493975604306,6.182732319175899,0.6816326367266923,9.49509185590281,206.04,201.265,194.04285,82.3529411764706,82.3529411764706,51,1,1,51,1.9607843137254901,0.0,0.0,0.0,"(0,2]",>2,>5,"(0,1]",<=10,>75,>75,1,<=2
CHOP_2015_2016,HRL,legacy,MACD_FAIL,2016-06-09,2016-06-10,33.707,GREEN,205.76,201.3826,194.16695,0.0984726840583709,0.0320225969618204,-0.0224115707176866,False,2016-05-19,32.969,2.2384664381691843,False,,7.790666627110099,-2.8243391580383803,7.790666627110099,-2.8243391580383803,0.581481591360844,1.9076156288011517,4.616251817129968,5.022695582519954,True,10.0,True,11.0,True,14.0,MACD_FAIL,legacy,0.5473025801407294,2.1736733958147347,5.970660815344742,0.6606991474591872,8.734956939969502,205.76,201.3826,194.16694999999999,78.43137254901961,74.50980392156863,51,1,1,51,1.9607843137254901,0.0,0.0,-1.1102230246251565e-14,"(0,2]",>2,>5,"(0,1]",<=10,>75,"(50,75]",1,<=2
CHOP_2015_2016,AFL,legacy,MACD_FAIL,2016-06-16,2016-06-17,66.815,GREEN,202.16,201.641,194.55715,-0.2211542475042377,-0.2547253475738083,-0.2292337471165499,False,2016-06-14,65.493,2.0185363321270966,True,6.0,7.793160218513817,-2.3991618648506963,4.636683379480644,-2.3991618648506963,0.6974481778043939,5.408965052757631,5.640948888722597,6.440170620369679,True,1.0,True,3.0,False,,MACD_FAIL,legacy,-1.749611197511658,0.25738813039015707,3.907772086505168,0.487083855766568,8.159066954556717,202.16,201.641,194.55715,72.54901960784314,33.333333333333336,51,7,7,51,13.72549019607843,0.0,0.0,0.0,"(-2,0]","(0,2]","(0,5]","(0,1]",<=10,"(50,75]","(25,50]",5-9,>10
CHOP_2015_2016,CB,legacy,MACD_FAIL,2016-06-16,2016-06-17,121.41,GREEN,202.16,201.641,194.55715,-0.4901208378427797,-0.5494525306393871,-0.5098439447246421,False,2016-06-14,119.45,1.640853913771445,True,6.0,5.164319248826299,-3.352277407132853,2.792191746973072,-3.352277407132853,-1.0625154435384143,4.620706696318266,4.315954204760741,3.7970513137303374,True,4.0,False,,False,,MACD_FAIL,legacy,-1.749611197511658,0.25738813039015707,3.907772086505168,0.487083855766568,8.159066954556717,202.16,201.641,194.55715,72.54901960784314,33.333333333333336,51,7,7,51,13.72549019607843,0.0,0.0,0.0,"(-2,0]","(0,2]","(0,5]","(0,1]",<=10,"(50,75]","(25,50]",5-9,>10
CHOP_2015_2016,LOW,legacy,MACD_FAIL,2016-06-16,2016-06-17,75.645,GREEN,202.16,201.641,194.55715,-0.3923017436610166,-0.4816226835471866,-0.4804061932979664,False,2016-06-13,73.451,2.987025363848006,False,,7.4241522903033985,-3.236168947055318,7.4241522903033985,-3.236168947055318,-1.0390640491770742,2.2222222222222143,6.333531627999212,5.652719941833584,True,1.0,True,10.0,True,14.0,MACD_FAIL,legacy,-1.749611197511658,0.25738813039015707,3.907772086505168,0.487083855766568,8.159066954556717,202.16,201.641,194.55715,72.54901960784314,33.333333333333336,51,7,7,51,13.72549019607843,0.0,0.0,0.0,"(-2,0]","(0,2]","(0,5]","(0,1]",<=10,"(50,75]","(25,50]",5-9,>10
CHOP_2015_2016,MMM,legacy,MACD_FAIL,2016-06-16,2016-06-17,164.83,GREEN,202.16,201.641,194.55715,-0.1412932297497556,-0.2558806155828473,-0.2164592804450893,False,2016-06-15,161.58,2.011387547963861,False,,6.970818418977109,-2.845355821149076,6.970818418977109,-2.845355821149076,-0.515682824728525,3.270035794454884,4.71394770369471,6.54613844567129,True,4.0,True,9.0,True,16.0,MACD_FAIL,legacy,-1.749611197511658,0.25738813039015707,3.907772086505168,0.487083855766568,8.159066954556717,202.16,201.641,194.55715,72.54901960784314,33.333333333333336,51,7,7,51,13.72549019607843,0.0,0.0,0.0,"(-2,0]","(0,2]","(0,5]","(0,1]",<=10,"(50,75]","(25,50]",5-9,>10
CHOP_2015_2016,PNR,legacy,MACD_PASS,2016-06-16,2016-06-17,58.541,GREEN,202.16,201.641,194.55715,-0.2335371521373479,-0.2946612797002009,-0.3313660161627207,True,2016-06-14,56.238,4.09509584266865,True,5.0,5.872807092465116,-8.170342153362586,3.68972173348594,-4.726601868775726,-4.366170717958351,-2.7109205514084134,2.8629507524640774,4.135563109615492,True,1.0,True,1.0,False,,MACD_PASS,legacy,-1.749611197511658,0.25738813039015707,3.907772086505168,0.487083855766568,8.159066954556717,202.16,201.641,194.55715,72.54901960784314,33.333333333333336,51,7,7,51,13.72549019607843,0.0,0.0,0.0,"(-2,0]","(0,2]","(0,5]","(0,1]",<=10,"(50,75]","(25,50]",5-9,>10
CHOP_2015_2016,SWK,legacy,MACD_FAIL,2016-06-16,2016-06-17,109.61,GREEN,202.16,201.641,194.55715,-0.4103431965031897,-0.4232204531449686,-0.4017446010206051,False,2016-06-15,108.06,1.4343883027947424,True,5.0,5.647294954839888,-7.380713438554876,2.700483532524389,-4.744092692272606,-4.379162485174703,0.1642185931940654,3.3117416294133672,4.634613630143236,True,1.0,False,,False,,MACD_FAIL,legacy,-1.749611197511658,0.25738813039015707,3.907772086505168,0.487083855766568,8.159066954556717,202.16,201.641,194.55715,72.54901960784314,33.333333333333336,51,7,7,51,13.72549019607843,0.0,0.0,0.0,"(-2,0]","(0,2]","(0,5]","(0,1]",<=10,"(50,75]","(25,50]",5-9,>10
CHOP_2015_2016,TGT,legacy,MACD_FAIL,2016-06-16,2016-06-17,63.897,GREEN,202.16,201.641,194.55715,0.2309800921945601,0.2226904527727287,0.1954522294595104,False,2016-06-13,62.862,1.6464636823518175,False,,10.761068594769707,-0.2081474873624644,10.761068594769707,-0.2081474873624644,3.4899917054008744,4.536989217021148,8.253908634208184,10.371378937978305,True,1.0,True,3.0,True,7.0,MACD_FAIL,legacy,-1.749611197511658,0.25738813039015707,3.907772086505168,0.487083855766568,8.159066954556717,202.16,201.641,194.55715,72.54901960784314,33.333333333333336,51,7,7,51,13.72549019607843,0.0,0.0,0.0,"(-2,0]","(0,2]","(0,5]","(0,1]",<=10,"(50,75]","(25,50]",5-9,>10
CHOP_2015_2016,ITW,legacy,MACD_FAIL,2016-06-17,2016-06-20,103.76,GREEN,201.41,201.7118,194.64885,-0.2780485051975743,-0.2980679505696666,-0.2264220988781152,False,2016-06-16,100.7,3.038728897715992,True,4.0,5.021202775636069,-8.139938319198158,1.089051657671547,-5.436584425597535,-7.7843099460293,-2.3804934464148,3.373168851195074,4.394757131842697,False,,False,,False,,MACD_FAIL,legacy,-1.1630189419962744,-0.149619407491286,3.4735114027131475,0.4536834514603516,8.172788966792204,201.41,201.7118,194.64884999999998,72.54901960784314,35.294117647058826,51,1,1,51,1.9607843137254901,0.0,0.0,-1.1102230246251565e-14,"(-2,0]","(-2,0]","(0,5]","(0,1]",<=10,"(50,75]","(25,50]",1,<=2
CHOP_2015_2016,MHFI,legacy,MACD_PASS,2016-06-20,2016-06-21,106.06,GREEN,202.72,201.798,194.7298,-0.595846580232752,-0.657599975491125,-0.6588265522021484,True,2016-06-14,103.9,2.078922040423481,True,3.0,9.315481802753144,-7.886102206298329,2.7908730907033608,-3.780878747878569,-5.619460682632482,-0.8014331510465822,5.789175938148228,8.79690741089949,True,2.0,False,,False,,MACD_PASS,legacy,0.2373417721518889,0.45689253610046165,4.103224057129418,0.416598660037204,8.194641748665356,202.72,201.798,194.72979999999998,76.47058823529412,80.3921568627451,51,2,2,51,3.9215686274509802,0.0,0.0,-1.1102230246251565e-14,"(0,2]","(0,2]","(0,5]","(0,1]",<=10,>75,>75,2-4,"(2,5]"
CHOP_2015_2016,TROW,legacy,MACD_PASS,2016-06-20,2016-06-21,69.766,GREEN,202.72,201.798,194.7298,-0.3632453774481317,-0.4714170261142416,-0.5161254691252606,True,2016-06-10,67.685,3.074536455640109,True,3.0,3.715276782386834,-7.027778574090537,1.5193647335378202,-5.978556890175735,-4.21122036522088,-0.647880056187844,2.043975575495205,2.2661468337012103,False,,False,,False,,MACD_PASS,legacy,0.2373417721518889,0.45689253610046165,4.103224057129418,0.416598660037204,8.194641748665356,202.72,201.798,194.72979999999998,76.47058823529412,80.3921568627451,51,2,2,51,3.9215686274509802,0.0,0.0,-1.1102230246251565e-14,"(0,2]","(0,2]","(0,5]","(0,1]",<=10,>75,>75,2-4,"(2,5]"
CHOP_2015_2016,SHW,legacy,MACD_FAIL,2016-06-22,2016-06-23,288.72,GREEN,202.96,201.9684,194.9085,-0.4373716450656923,-0.5444026913852398,-0.4247882809524076,False,2016-06-21,283.28,1.920361479807986,True,1.0,6.743557772236075,-4.783180936547515,0.1766417290107957,-3.809919645331117,0.3151842615682909,4.703518980326948,4.492241618176762,0.2840121917428551,False,,False,,False,,MACD_FAIL,legacy,0.6995782684197538,0.49096789398737073,4.130912710323065,0.3494894790450509,6.928675515469175,202.96,201.9684,194.90849999999998,74.50980392156863,80.3921568627451,51,1,1,51,1.9607843137254901,0.0,0.0,-1.1102230246251565e-14,"(0,2]","(0,2]","(0,5]","(0,1]",<=10,"(50,75]",>75,1,<=2
CHOP_2015_2016,ABBV,legacy,MACD_PASS,2016-06-23,2016-06-24,56.158,GREEN,205.59,202.0444,194.99415,-0.1285329149783475,-0.2297216971133049,-0.2818029782446305,True,2016-06-20,56.623,-0.8212210585804236,True,1.0,11.054524733786808,-1.5705687524484424,2.2614765483101262,-1.5705687524484424,5.821076249154178,8.591830193382943,8.198297660173083,9.489298051924932,True,0.0,False,,False,,MACD_PASS,legacy,1.6966759002770226,1.7548618026532736,5.433932248736695,0.32862819329972925,7.936178776744223,205.59,202.0444,194.99415000000002,82.3529411764706,86.27450980392157,51,1,1,51,1.9607843137254901,0.0,0.0,2.220446049250313e-14,"(0,2]","(0,2]",>5,"(0,1]",<=10,>75,>75,1,<=2
CHOP_2015_2016,ADM,legacy,MACD_PASS,2016-06-29,2016-06-30,40.203,GREEN,201.54,201.6938,195.21765,-0.3500766508386269,-0.4461879474483783,-0.4686534440957062,True,2016-06-27,37.609,6.897285224281435,False,,8.852573191055392,-1.1715543616148127,8.852573191055392,-1.1715543616148127,4.270825560281577,5.395119767181544,4.84540954655126,8.106360221873988,True,0.0,True,1.0,True,10.0,MACD_PASS,legacy,-0.699645250295633,-0.07625420315350295,3.238615975553416,0.04493976286092938,19.040764913598267,201.54,201.6938,195.21765000000002,58.8235294117647,49.01960784313726,51,9,9,51,17.647058823529413,0.0,0.0,2.220446049250313e-14,"(-2,0]","(-2,0]","(0,5]","(0,1]","(10,20]","(50,75]","(25,50]",5-9,>10
CHOP_2015_2016,APD,legacy,MACD_FAIL,2016-06-29,2016-06-30,134.41,GREEN,201.54,201.6938,195.21765,-0.7215280535750155,-0.8910688599845733,-0.7486078736901253,False,2016-06-28,128.55,4.558537534033436,False,,9.389182352503544,-1.629343054832233,9.389182352503544,-1.629343054832233,3.4149244847853533,6.993527267316435,6.4876125288297,7.045606725690057,True,1.0,True,5.0,True,7.0,MACD_FAIL,legacy,-0.699645250295633,-0.07625420315350295,3.238615975553416,0.04493976286092938,19.040764913598267,201.54,201.6938,195.21765000000002,58.8235294117647,49.01960784313726,51,9,9,51,17.647058823529413,0.0,0.0,2.220446049250313e-14,"(-2,0]","(-2,0]","(0,5]","(0,1]","(10,20]","(50,75]","(25,50]",5-9,>10
CHOP_2015_2016,BDX,legacy,MACD_FAIL,2016-06-29,2016-06-30,165.17,GREEN,201.54,201.6938,195.21765,-0.5530022137531458,-0.7446750882010664,-0.5947429220199931,False,2016-06-28,159.72,3.4122213874279828,False,,5.376278985287897,-0.2240116243869772,5.376278985287897,-0.2240116243869772,4.2743839680329465,3.941393715565789,3.105890900284569,4.492341224193264,True,3.0,True,5.0,True,6.0,MACD_FAIL,legacy,-0.699645250295633,-0.07625420315350295,3.238615975553416,0.04493976286092938,19.040764913598267,201.54,201.6938,195.21765000000002,58.8235294117647,49.01960784313726,51,9,9,51,17.647058823529413,0.0,0.0,2.220446049250313e-14,"(-2,0]","(-2,0]","(0,5]","(0,1]","(10,20]","(50,75]","(25,50]",5-9,>10
CHOP_2015_2016,DOV,legacy,MACD_FAIL,2016-06-29,2016-06-30,66.232,GREEN,201.54,201.6938,195.21765,-0.5866160105049225,-0.6640856328158894,-0.5724649707000862,False,2016-06-28,63.374,4.509735853820174,False,,7.968957603575322,-2.7131899987921204,7.968957603575322,-2.7131899987921204,3.2129484237226613,7.277448967266586,4.577847566131177,4.814893103031781,True,1.0,True,5.0,True,6.0,MACD_FAIL,legacy,-0.699645250295633,-0.07625420315350295,3.238615975553416,0.04493976286092938,19.040764913598267,201.54,201.6938,195.21765000000002,58.8235294117647,49.01960784313726,51,9,9,51,17.647058823529413,0.0,0.0,2.220446049250313e-14,"(-2,0]","(-2,0]","(0,5]","(0,1]","(10,20]","(50,75]","(25,50]",5-9,>10
CHOP_2015_2016,ECL,legacy,MACD_FAIL,2016-06-29,2016-06-30,115.15,GREEN,201.54,201.6938,195.21765,-0.5645500344521364,-0.6353114536502917,-0.5482322801809476,False,2016-06-28,112.87,2.0200230353504045,False,,4.203213200173672,-0.2344767694311911,4.203213200173672,-0.2344767694311911,2.023447676943113,3.508467216673905,2.726877985236653,1.320017368649573,True,1.0,True,7.0,False,,MACD_FAIL,legacy,-0.699645250295633,-0.07625420315350295,3.238615975553416,0.04493976286092938,19.040764913598267,201.54,201.6938,195.21765000000002,58.8235294117647,49.01960784313726,51,9,9,51,17.647058823529413,0.0,0.0,2.220446049250313e-14,"(-2,0]","(-2,0]","(0,5]","(0,1]","(10,20]","(50,75]","(25,50]",5-9,>10
CHOP_2015_2016,EMR,legacy,MACD_FAIL,2016-06-29,2016-06-30,48.804,GREEN,201.54,201.6938,195.21765,-0.2763367384561629,-0.3029434212389108,-0.2272730053527784,False,2016-06-28,47.084,3.6530456205929873,False,,11.435538070649942,-0.6843701335956132,11.435538070649942,-0.6843701335956132,4.991394148020656,10.472502253913609,9.648799278747644,9.825014343086623,True,0.0,True,1.0,True,5.0,MACD_FAIL,legacy,-0.699645250295633,-0.07625420315350295,3.238615975553416,0.04493976286092938,19.040764913598267,201.54,201.6938,195.21765000000002,58.8235294117647,49.01960784313726,51,9,9,51,17.647058823529413,0.0,0.0,2.220446049250313e-14,"(-2,0]","(-2,0]","(0,5]","(0,1]","(10,20]","(50,75]","(25,50]",5-9,>10
CHOP_2015_2016,GWW,legacy,MACD_FAIL,2016-06-29,2016-06-30,212.6,GREEN,201.54,201.6938,195.21765,-0.3983245739748744,-0.5042490101477268,-0.4373525371184585,False,2016-06-28,207.71,2.354243897742037,True,14.0,5.73377234242709,-2.62935089369708,5.73377234242709,-2.615239887111953,4.482596425211671,4.858889934148647,-1.2417685794919977,-0.7949200376293541,True,0.0,True,0.0,True,6.0,MACD_FAIL,legacy,-0.699645250295633,-0.07625420315350295,3.238615975553416,0.04493976286092938,19.040764913598267,201.54,201.6938,195.21765000000002,58.8235294117647,49.01960784313726,51,9,9,51,17.647058823529413,0.0,0.0,2.220446049250313e-14,"(-2,0]","(-2,0]","(0,5]","(0,1]","(10,20]","(50,75]","(25,50]",5-9,>10
CHOP_2015_2016,NUE,legacy,MACD_FAIL,2016-06-29,2016-06-30,46.666,GREEN,201.54,201.6938,195.21765,-0.3747970237993397,-0.4212289576393641,-0.4065294064036648,False,2016-06-27,44.216,5.54098064049211,False,,18.27454677923972,-0.3728624694638527,18.27454677923972,-0.3728624694638527,10.215145930656156,17.425963228046125,9.240132001885758,11.14515921656023,True,0.0,True,1.0,True,3.0,MACD_FAIL,legacy,-0.699645250295633,-0.07625420315350295,3.238615975553416,0.04493976286092938,19.040764913598267,201.54,201.6938,195.21765000000002,58.8235294117647,49.01960784313726,51,9,9,51,17.647058823529413,0.0,0.0,2.220446049250313e-14,"(-2,0]","(-2,0]","(0,5]","(0,1]","(10,20]","(50,75]","(25,50]",5-9,>10
CHOP_2015_2016,PEP,legacy,MACD_FAIL,2016-06-29,2016-06-30,100.16,GREEN,201.54,201.6938,195.21765,-0.1070682739606632,-0.1393433949995063,-0.086116413403407,False,2016-06-28,97.99,2.214511684865794,False,,6.938897763578278,-0.1996805111821098,6.938897763578278,-0.1996805111821098,4.363019169329085,5.700878594249215,5.251597444089473,5.001996805111819,True,0.0,True,2.0,True,4.0,MACD_FAIL,legacy,-0.699645250295633,-0.07625420315350295,3.238615975553416,0.04493976286092938,19.040764913598267,201.54,201.6938,195.21765000000002,58.8235294117647,49.01960784313726,51,9,9,51,17.647058823529413,0.0,0.0,2.220446049250313e-14,"(-2,0]","(-2,0]","(0,5]","(0,1]","(10,20]","(50,75]","(25,50]",5-9,>10
CHOP_2015_2016,PPG,legacy,MACD_PASS,2016-06-30,2016-07-01,101.86,GREEN,204.31,201.7034,195.29205,-0.5743945931664123,-0.7692782003458208,-0.8411862317380501,True,2016-06-28,96.102,5.991550644107302,False,,5.586098566660125,-2.4896917337522084,5.586098566660125,-2.4896917337522084,2.199096799528766,4.771254663263291,2.179462006675825,0.343608874926371,True,4.0,True,6.0,True,7.0,MACD_PASS,legacy,-0.6225983754073683,1.2922935359542809,4.617673888926865,0.030946087353256324,19.6703470355291,204.31,201.7034,195.29205000000002,76.47058823529412,64.70588235294117,51,1,1,51,1.9607843137254901,0.0,0.0,2.220446049250313e-14,"(-2,0]","(0,2]","(0,5]","(0,1]","(10,20]",>75,"(50,75]",1,<=2
CHOP_2015_2016,ED,legacy,MACD_FAIL,2016-07-21,2016-07-22,76.325,GREEN,210.92,203.7214,196.84575,-0.2515833169755732,-0.3139805145714665,-0.3055236119287703,False,2016-07-20,74.939,1.8495042634676384,True,10.0,1.8539141827710328,-6.346544382574527,1.8539141827710328,-2.6767114313789757,0.3629217163445775,-2.5561742548313227,-1.2538486734359755,-3.3003603013429528,False,,False,,False,,MACD_FAIL,legacy,0.07116762347580963,3.5335512125873825,7.14988766585003,0.9394258601741923,19.963419154542038,210.92,203.7214,196.84575,96.07843137254902,29.41176470588235,51,1,1,51,1.9607843137254901,0.0,0.0,0.0,"(0,2]",>2,>5,"(0,1]","(10,20]",>75,"(25,50]",1,<=2
CHOP_2015_2016,GPC,legacy,MACD_PASS,2016-07-26,2016-07-27,97.609,GREEN,211.39,204.4234,197.14755,-0.4955783410876029,-0.5773801996861152,-0.6227664396428736,True,2016-07-21,94.953,2.797173338388448,False,,3.4330850638772947,-2.117632595354934,3.4330850638772947,-2.117632595354934,-0.4354106690981352,0.0389308362958473,1.2980360417584658,3.2281859254782,True,16.0,True,20.0,False,,MACD_PASS,legacy,0.26086131663820566,3.4079268811691765,7.224259190641713,1.0812077722748725,11.049167000591787,211.39,204.42340000000002,197.14755000000002,84.31372549019608,41.1764705882353,51,1,1,51,1.9607843137254901,0.0,2.220446049250313e-14,2.220446049250313e-14,"(0,2]",>2,>5,>1,"(10,20]",>75,"(25,50]",1,<=2
CHOP_2015_2016,BCR,legacy,MACD_FAIL,2016-07-28,2016-07-29,222.98,GREEN,211.41,204.8872,197.3278,-1.557304437778189,-1.4160098979620672,-1.035889699900082,False,2016-07-22,220.14,1.290088125738165,True,3.0,1.1974168086823944,-4.332227105570008,1.1974168086823944,-2.1975065028253526,-0.6009507579155082,-0.6099201722127523,-2.139205309893255,-3.0406314467665285,False,,False,,False,,MACD_FAIL,legacy,0.23231556988432267,3.1836054180056195,7.136450109918613,1.1247312549726551,8.510200153115441,211.41,204.8872,197.3278,74.50980392156863,45.09803921568628,51,1,1,51,1.9607843137254901,0.0,0.0,0.0,"(0,2]",>2,>5,>1,<=10,"(50,75]","(25,50]",1,<=2
CHOP_2015_2016,MKC,legacy,MACD_PASS,2016-08-01,2016-08-02,99.69,GREEN,211.57,205.4146,197.52755,-0.570110709392998,-0.6003515347613447,-0.617788342714324,True,2016-07-25,98.632,1.0726741828209765,True,1.0,0.7924566155080859,-2.060387200321001,0.1905908315778859,-2.0503561039221574,-1.1866787039823357,-1.7062894974420597,0.3109639883639215,-0.7122078443173807,False,,False,,False,,MACD_PASS,legacy,0.13251928628899012,2.996573758632559,7.109109590029328,1.1477035588264517,7.4549354047255685,211.57,205.41459999999998,197.52755000000002,70.58823529411765,47.05882352941177,51,1,1,51,1.9607843137254901,0.0,-1.1102230246251565e-14,2.220446049250313e-14,"(0,2]",>2,>5,>1,<=10,"(50,75]","(25,50]",1,<=2
CHOP_2015_2016,CB,legacy,MACD_FAIL,2016-08-03,2016-08-04,122.58,GREEN,210.83,205.8666,197.68685,-0.5422911036294346,-0.5888702471898518,-0.574568681116724,False,2016-07-27,119.59,2.500209047579216,False,,1.3786914667971883,-0.693424702235268,1.3786914667971883,-0.693424702235268,0.6526350138684966,1.1910589003100158,0.2365801925273247,1.0605318975362987,False,,False,,False,,MACD_FAIL,legacy,-0.16100771889945298,2.4109787600319788,6.648469536542256,1.1391918753236308,7.227420193237704,210.83,205.8666,197.68685000000002,66.66666666666667,41.1764705882353,51,1,1,51,1.9607843137254901,0.0,0.0,2.220446049250313e-14,"(-2,0]",>2,>5,>1,<=10,"(50,75]","(25,50]",1,<=2
CHOP_2015_2016,AFL,legacy,MACD_PASS,2016-08-04,2016-08-05,70.352,GREEN,211.06,206.0546,197.7665,-0.31331408840843,-0.323928803140497,-0.3243183524805053,True,2016-08-03,69.468,1.2725283583808311,False,,3.454059586081404,-1.03621787582443,3.454059586081404,-1.03621787582443,0.3709915851717094,0.6339549692972346,1.0234250625426489,2.7447691607914493,True,15.0,True,17.0,False,,MACD_PASS,legacy,-0.16555508254103568,2.429161979397687,6.721815878826809,1.1452895964783272,7.182625350283899,211.06,206.0546,197.76649999999998,68.62745098039215,33.333333333333336,51,5,5,51,9.803921568627452,0.0,0.0,-1.1102230246251565e-14,"(-2,0]",>2,>5,>1,<=10,"(50,75]","(25,50]",5-9,"(5,10]"
CHOP_2015_2016,CLX,legacy,MACD_PASS,2016-08-04,2016-08-05,129.55,GREEN,211.06,206.0546,197.7665,-0.330564875815324,-0.5791787798916384,-0.6960603398649401,True,2016-07-21,125.44,3.276466836734704,False,,0.6792744114241467,-3.095329988421458,0.6792744114241467,-3.095329988421458,-0.2778849864917165,-2.238517946738716,-2.3620223851794853,-1.358548822848327,False,,False,,False,,MACD_PASS,legacy,-0.16555508254103568,2.429161979397687,6.721815878826809,1.1452895964783272,7.182625350283899,211.06,206.0546,197.76649999999998,68.62745098039215,33.333333333333336,51,5,5,51,9.803921568627452,0.0,0.0,-1.1102230246251565e-14,"(-2,0]",>2,>5,>1,<=10,"(50,75]","(25,50]",5-9,"(5,10]"
CHOP_2015_2016,CVX,legacy,MACD_PASS,2016-08-04,2016-08-05,96.059,GREEN,211.06,206.0546,197.7665,-0.6153866654816609,-0.685932371299314,-0.761641467537257,True,2016-07-27,93.126,3.149496381246908,False,,3.6654556054091847,-1.2606835382421244,3.6654556054091847,-1.2606835382421244,1.15345777074507,2.386033583526803,1.3845657356416297,0.9910575791961084,True,6.0,True,9.0,False,,MACD_PASS,legacy,-0.16555508254103568,2.429161979397687,6.721815878826809,1.1452895964783272,7.182625350283899,211.06,206.0546,197.76649999999998,68.62745098039215,33.333333333333336,51,5,5,51,9.803921568627452,0.0,0.0,-1.1102230246251565e-14,"(-2,0]",>2,>5,>1,<=10,"(50,75]","(25,50]",5-9,"(5,10]"
CHOP_2015_2016,LEG,legacy,MACD_FAIL,2016-08-04,2016-08-05,51.198,GREEN,211.06,206.0546,197.7665,-0.2517222038771149,-0.3081178485935908,-0.26980451741208,False,2016-08-02,49.238,3.980665339778211,False,,0.373061447712808,-2.9063635298253843,0.373061447712808,-2.9063635298253843,-0.3418102269619805,-1.093792726278375,-2.527442478221797,-2.2637603031368414,False,,False,,False,,MACD_FAIL,legacy,-0.16555508254103568,2.429161979397687,6.721815878826809,1.1452895964783272,7.182625350283899,211.06,206.0546,197.76649999999998,68.62745098039215,33.333333333333336,51,5,5,51,9.803921568627452,0.0,0.0,-1.1102230246251565e-14,"(-2,0]",>2,>5,>1,<=10,"(50,75]","(25,50]",5-9,"(5,10]"
CHOP_2015_2016,WBA,legacy,MACD_PASS,2016-08-04,2016-08-05,77.974,GREEN,211.06,206.0546,197.7665,-0.2578278336328062,-0.3317550029895574,-0.3943274852402595,True,2016-07-28,75.836,2.8192415211772737,False,,4.522020160566331,-1.723651473568122,4.522020160566331,-1.723651473568122,3.825634185754212,3.3831790083874047,-0.6220022058634922,2.920204170620977,True,3.0,True,3.0,False,,MACD_PASS,legacy,-0.16555508254103568,2.429161979397687,6.721815878826809,1.1452895964783272,7.182625350283899,211.06,206.0546,197.76649999999998,68.62745098039215,33.333333333333336,51,5,5,51,9.803921568627452,0.0,0.0,-1.1102230246251565e-14,"(-2,0]",>2,>5,>1,<=10,"(50,75]","(25,50]",5-9,"(5,10]"
CHOP_2015_2016,EMR,legacy,MACD_FAIL,2016-08-05,2016-08-08,51.883,GREEN,212.79,206.24940000000004,197.8561,-0.3959431796709515,-0.4212715124525565,-0.3611676418713249,False,2016-08-04,50.675,2.383818450912689,False,,2.530694061638683,-2.9161767823757345,2.530694061638683,-2.9161767823757345,1.998727907021558,-1.33569762735386,0.1734672243316692,-2.00836497504,True,5.0,False,,False,,MACD_FAIL,legacy,0.49589118730517523,3.1712092253359137,7.547859277525437,1.1266398498467556,5.775322106355644,212.79,206.24940000000004,197.8561,68.62745098039215,43.13725490196079,51,3,3,51,5.882352941176471,0.0,0.0,0.0,"(0,2]",>2,>5,>1,<=10,"(50,75]","(25,50]",2-4,"(5,10]"
CHOP_2015_2016,GWW,legacy,MACD_FAIL,2016-08-05,2016-08-08,215.07,GREEN,212.79,206.24940000000004,197.8561,0.0683004795810457,-0.2661550013943532,-0.4929740575848926,False,2016-08-02,207.37,3.713169696677432,False,,6.146835913888493,-1.25075556795462,6.146835913888493,-1.25075556795462,4.100990375226665,3.99404844934208,5.784163295671174,3.83131073603944,True,3.0,True,3.0,True,14.0,MACD_FAIL,legacy,0.49589118730517523,3.1712092253359137,7.547859277525437,1.1266398498467556,5.775322106355644,212.79,206.24940000000004,197.8561,68.62745098039215,43.13725490196079,51,3,3,51,5.882352941176471,0.0,0.0,0.0,"(0,2]",>2,>5,>1,<=10,"(50,75]","(25,50]",2-4,"(5,10]"
CHOP_2015_2016,XOM,legacy,MACD_PASS,2016-08-05,2016-08-08,83.365,GREEN,212.79,206.24940000000004,197.8561,-0.6768174031598095,-0.7803407793278923,-0.8663796447016844,True,2016-07-27,81.026,2.886727717029092,False,,1.8724884543873443,-1.4826365980927123,1.8724884543873443,-1.4826365980927123,0.5781802914892387,0.7845018892820965,0.6129670725124603,1.4490493612427269,False,,False,,False,,MACD_PASS,legacy,0.49589118730517523,3.1712092253359137,7.547859277525437,1.1266398498467556,5.775322106355644,212.79,206.24940000000004,197.8561,68.62745098039215,43.13725490196079,51,3,3,51,5.882352941176471,0.0,0.0,0.0,"(0,2]",>2,>5,>1,<=10,"(50,75]","(25,50]",2-4,"(5,10]"
CHOP_2015_2016,PPG,legacy,MACD_PASS,2016-08-08,2016-08-09,102.29,GREEN,212.66,206.4404,197.951,-0.2677540747953595,-0.3520424648687198,-0.4067320938099998,True,2016-08-01,100.46,1.821620545490754,False,,3.4607488513050955,-1.3979861179000963,3.4607488513050955,-1.3979861179000963,-0.6843288689021398,1.9943298465147972,2.815524489197374,2.277837520774262,True,10.0,True,13.0,False,,MACD_PASS,legacy,0.5151959162452258,3.0127823817430954,7.4306267712716645,1.112509734582634,5.754402158071527,212.66,206.4404,197.95100000000002,68.62745098039215,47.05882352941177,51,1,1,51,1.9607843137254901,0.0,0.0,2.220446049250313e-14,"(0,2]",>2,>5,>1,<=10,"(50,75]","(25,50]",1,<=2
CHOP_2015_2016,ADP,legacy,MACD_PASS,2016-08-09,2016-08-10,87.421,GREEN,212.79,206.6174,198.03025,-0.5750136937573298,-0.7266593469497447,-0.8554795556633467,True,2016-08-01,85.108,2.717723363256108,False,,1.1782066093958932,-1.2674300225346324,1.1782066093958932,-1.2674300225346324,-0.6668878187163441,-0.275677468800406,-0.1326912297960447,0.0800722938424369,False,,False,,False,,MACD_PASS,legacy,1.222528779373988,2.9874541059949467,7.45328049628784,1.0732626499705855,5.283271409466959,212.79,206.61739999999998,198.03024999999997,66.66666666666667,58.8235294117647,51,2,2,51,3.9215686274509802,0.0,-1.1102230246251565e-14,-1.1102230246251565e-14,"(0,2]",>2,>5,>1,<=10,"(50,75]","(50,75]",2-4,"(2,5]"
CHOP_2015_2016,SYY,legacy,MACD_FAIL,2016-08-09,2016-08-10,50.269,GREEN,212.79,206.6174,198.03025,-0.1416205140035571,-0.1793246524170796,-0.1703771502625526,False,2016-08-05,49.551,1.4490121289176816,False,,4.026338299946297,-0.5967892737074432,4.026338299946297,-0.5967892737074432,0.6922755575006434,1.0404026338300063,-0.0377966540014651,1.4064333883705649,True,3.0,True,3.0,False,,MACD_FAIL,legacy,1.222528779373988,2.9874541059949467,7.45328049628784,1.0732626499705855,5.283271409466959,212.79,206.61739999999998,198.03024999999997,66.66666666666667,58.8235294117647,51,2,2,51,3.9215686274509802,0.0,-1.1102230246251565e-14,-1.1102230246251565e-14,"(0,2]",>2,>5,>1,<=10,"(50,75]","(50,75]",2-4,"(2,5]"
CHOP_2015_2016,KMB,legacy,MACD_PASS,2016-08-10,2016-08-11,125.88,GREEN,212.26,206.791,198.096,-0.2358634133291097,-0.3381007477613371,-0.4365249438910019,True,2016-07-21,123.67,1.787013827120565,True,3.0,0.0794407372100458,-5.338417540514772,0.0794407372100458,-2.4785510009532774,-2.534159517000312,-1.803304734667932,-2.017794725135047,-5.298697171909761,False,,False,,False,,MACD_PASS,legacy,0.6782715932267536,2.644699237394277,7.15006865358212,1.0539782695170086,5.40045603324219,212.26,206.791,198.09599999999998,72.54901960784314,68.62745098039215,51,1,1,51,1.9607843137254901,0.0,0.0,-1.1102230246251565e-14,"(0,2]",>2,>5,>1,<=10,"(50,75]","(50,75]",1,<=2
CHOP_2015_2016,KO,legacy,MACD_PASS,2016-08-12,2016-08-15,42.308,GREEN,213.06,207.1442,198.24315,-0.0026131925891753,-0.0497786077278065,-0.0882928635158518,True,2016-07-28,41.465,2.0330399131797794,True,18.0,0.524723456556675,-4.148151649806186,0.524723456556675,-4.148151649806186,-0.8130849957454833,-1.2668998770918094,-0.6996312754089073,-3.339793892408049,False,,False,,False,,MACD_PASS,legacy,0.12688566192020634,2.8558849342631865,7.474079180037241,0.974234884881775,5.275574863308621,213.06,207.14419999999998,198.24315,74.50980392156863,60.78431372549019,51,2,2,51,3.9215686274509802,0.0,-1.1102230246251565e-14,0.0,"(0,2]",>2,>5,"(0,1]",<=10,"(50,75]","(50,75]",2-4,"(2,5]"
CHOP_2015_2016,MCD,legacy,MACD_PASS,2016-08-12,2016-08-15,114.93,GREEN,213.06,207.1442,198.24315,-0.0749059976748176,-0.182177915672752,-0.3119034721159567,True,2016-07-28,113.09,1.627022725263072,True,2.0,0.9658052727747224,-4.246062820847484,0.1914208648742699,-2.105629513616991,-3.0192290959714763,-3.027930044374838,-0.7221787174802152,-2.853911076307314,False,,False,,False,,MACD_PASS,legacy,0.12688566192020634,2.8558849342631865,7.474079180037241,0.974234884881775,5.275574863308621,213.06,207.14419999999998,198.24315,74.50980392156863,60.78431372549019,51,2,2,51,3.9215686274509802,0.0,-1.1102230246251565e-14,0.0,"(0,2]",>2,>5,"(0,1]",<=10,"(50,75]","(50,75]",2-4,"(2,5]"
CHOP_2015_2016,ED,legacy,MACD_PASS,2016-08-18,2016-08-19,74.327,GREEN,213.44,207.78760000000003,198.4951,-0.2321124213581291,-0.3384131554472337,-0.378953291210849,True,2016-08-16,71.481,3.9814775954449377,True,14.0,0.1937384799601815,-5.3358806355698345,0.1937384799601815,-5.3358806355698345,-2.9491301949493343,-1.9346939873800983,-3.363515277086393,-0.8314609764957459,False,,False,,False,,MACD_PASS,legacy,0.0937910335771841,2.7202778221606883,7.529102733518345,0.8410392197019778,5.330261102237323,213.44,207.78760000000003,198.4951,66.66666666666667,43.13725490196079,51,1,1,51,1.9607843137254901,0.0,0.0,0.0,"(0,2]",>2,>5,"(0,1]",<=10,"(50,75]","(25,50]",1,<=2
CHOP_2015_2016,LOW,legacy,MACD_FAIL,2016-08-23,2016-08-24,76.137,GREEN,213.54,208.3482,198.6645,-0.5685229950717368,-0.5989264017635487,-0.5952305432925011,False,2016-08-19,74.312,2.455861771988377,True,8.0,0.1287153420807207,-9.781052576276982,0.1287153420807207,-3.1797943181370525,-1.8978945847616944,-5.012017810000402,-8.623927919408436,-7.637548104075542,False,,False,,False,,MACD_FAIL,legacy,0.45632027096955685,2.4918861790022673,7.487749446931891,0.8376835639205771,5.079925377561549,213.54,208.3482,198.6645,62.745098039215684,60.78431372549019,51,2,2,51,3.9215686274509802,0.0,0.0,0.0,"(0,2]",>2,>5,"(0,1]",<=10,"(50,75]","(50,75]",2-4,"(2,5]"
CHOP_2015_2016,SHW,legacy,MACD_PASS,2016-08-23,2016-08-24,286.62,GREEN,213.54,208.3482,198.6645,-0.8320765301345554,-1.142825847534881,-1.2011639727145549,True,2016-08-17,282.2,1.566265060240979,True,5.0,0.2512036843206999,-6.245202707417475,0.2512036843206999,-2.198032237806158,-2.096852976065866,-2.222454818226227,-4.497243737352585,-3.506384760309822,False,,False,,False,,MACD_PASS,legacy,0.45632027096955685,2.4918861790022673,7.487749446931891,0.8376835639205771,5.079925377561549,213.54,208.3482,198.6645,62.745098039215684,60.78431372549019,51,2,2,51,3.9215686274509802,0.0,0.0,0.0,"(0,2]",>2,>5,"(0,1]",<=10,"(50,75]","(50,75]",2-4,"(2,5]"
CHOP_2015_2016,ABT,legacy,MACD_FAIL,2016-08-29,2016-08-30,41.761,GREEN,212.96,209.2024,198.9097,-0.3626241969003334,-0.3936272033258493,-0.3914051648704491,False,2016-08-24,40.867,2.187584114322072,True,1.0,0.8117621704461175,-5.883479801728885,0.8117621704461175,-2.511913028902568,-2.581355810445163,-5.117214626086541,-2.535858815641401,-1.6762050717176402,False,,False,,False,,MACD_FAIL,legacy,-0.07976352460938863,1.7961553022336485,7.063657529019451,0.8995973708529004,5.711914160433549,212.96,209.20239999999998,198.90970000000002,58.8235294117647,52.94117647058823,51,3,3,51,5.882352941176471,0.0,-1.1102230246251565e-14,2.220446049250313e-14,"(-2,0]","(0,2]",>5,"(0,1]",<=10,"(50,75]","(50,75]",2-4,"(5,10]"
CHOP_2015_2016,BCR,legacy,MACD_FAIL,2016-08-29,2016-08-30,219.99,GREEN,212.96,209.2024,198.9097,0.0854668072217617,-0.2572159447063975,-0.4084979235281851,False,2016-08-16,213.32,3.1267579223701603,True,7.0,5.041138233556075,-3.877448974953413,0.8000363652893361,-3.327423973817001,-0.5136597118050812,-1.79553616073459,3.463793808809501,2.918314468839478,False,,False,,False,,MACD_FAIL,legacy,-0.07976352460938863,1.7961553022336485,7.063657529019451,0.8995973708529004,5.711914160433549,212.96,209.20239999999998,198.90970000000002,58.8235294117647,52.94117647058823,51,3,3,51,5.882352941176471,0.0,-1.1102230246251565e-14,2.220446049250313e-14,"(-2,0]","(0,2]",>5,"(0,1]",<=10,"(50,75]","(50,75]",2-4,"(5,10]"
CHOP_2015_2016,PEP,legacy,MACD_FAIL,2016-08-29,2016-08-30,104.19,GREEN,212.96,209.2024,198.9097,-0.1539178799173562,-0.1824278113302009,-0.1641554180176225,False,2016-08-26,103.63,0.5403840586702735,True,0.0,1.0269699587292624,-2.8889528745560944,0.1343699011421506,-0.8158172569344369,0.0479892504078982,-1.9675592667242503,-0.0191957001631548,0.2015548517132259,False,,False,,False,,MACD_FAIL,legacy,-0.07976352460938863,1.7961553022336485,7.063657529019451,0.8995973708529004,5.711914160433549,212.96,209.20239999999998,198.90970000000002,58.8235294117647,52.94117647058823,51,3,3,51,5.882352941176471,0.0,-1.1102230246251565e-14,2.220446049250313e-14,"(-2,0]","(0,2]",>5,"(0,1]",<=10,"(50,75]","(50,75]",2-4,"(5,10]"
CHOP_2015_2016,ADM,legacy,MACD_PASS,2016-08-30,2016-08-31,41.973,GREEN,212.61,209.4002,198.9899,-0.145744549349557,-0.1833150717428733,-0.1928960851256458,True,2016-08-26,40.955,2.485654987181052,True,6.0,1.8488075667691284,-4.357563195387515,1.8488075667691284,-2.820861029709565,0.0,-2.215710099349577,-0.6003859624044039,-3.954923403140109,False,,False,,False,,MACD_PASS,legacy,-0.4355155942680433,1.532854314370291,6.844618746981634,0.921887304964053,5.194886174763406,212.61,209.4002,198.9899,50.98039215686274,45.09803921568628,51,3,3,51,5.882352941176471,0.0,0.0,0.0,"(-2,0]","(0,2]",>5,"(0,1]",<=10,"(50,75]","(25,50]",2-4,"(5,10]"
CHOP_2015_2016,JNJ,legacy,MACD_PASS,2016-08-30,2016-08-31,116.42,GREEN,212.61,209.4002,198.9899,-0.2383741347842207,-0.3108111487775253,-0.439974036668551,True,2016-08-09,115.25,1.0151843817787445,True,6.0,0.3693523449578961,-2.0872702284830846,0.3693523449578961,-1.1338258031266202,-0.0601271259233926,-0.7558838687510727,-0.0687167153410106,-1.898299261295322,False,,False,,False,,MACD_PASS,legacy,-0.4355155942680433,1.532854314370291,6.844618746981634,0.921887304964053,5.194886174763406,212.61,209.4002,198.9899,50.98039215686274,45.09803921568628,51,3,3,51,5.882352941176471,0.0,0.0,0.0,"(-2,0]","(0,2]",>5,"(0,1]",<=10,"(50,75]","(25,50]",2-4,"(5,10]"
CHOP_2015_2016,PNR,legacy,MACD_FAIL,2016-08-30,2016-08-31,62.357,GREEN,212.61,209.4002,198.9899,-0.3217182769482963,-0.3110856247355172,-0.3422102520244364,False,2016-08-26,61.675,1.1057965139845916,True,1.0,1.6838526548743404,-9.14893275815064,0.311111823852972,-2.559456035409013,-2.952354988213035,-7.885241432397327,-2.8272687909937866,-1.7335663999230144,False,,False,,False,,MACD_FAIL,legacy,-0.4355155942680433,1.532854314370291,6.844618746981634,0.921887304964053,5.194886174763406,212.61,209.4002,198.9899,50.98039215686274,45.09803921568628,51,3,3,51,5.882352941176471,0.0,0.0,0.0,"(-2,0]","(0,2]",>5,"(0,1]",<=10,"(50,75]","(25,50]",2-4,"(5,10]"
CHOP_2015_2016,WMT,legacy,MACD_PASS,2016-09-01,2016-09-02,71.017,GREEN,212.01,209.7556,199.1518,-0.1104784052793647,-0.2303412570739436,-0.2616962363409009,True,2016-08-23,68.974,2.961985675761869,True,4.0,0.2745821423039585,-3.685033161074092,0.2745821423039585,-3.685033161074092,-1.436275821282218,-1.2306912429418282,-1.8756072489685471,-1.34334032696396,False,,False,,False,,MACD_PASS,legacy,-0.1460060286360254,1.074774642488685,6.456481939907133,0.9471210024082133,5.246392747511002,212.01,209.75560000000002,199.1518,49.01960784313726,47.05882352941177,51,1,1,51,1.9607843137254901,0.0,2.220446049250313e-14,0.0,"(-2,0]","(0,2]",>5,"(0,1]",<=10,"(25,50]","(25,50]",1,<=2
CHOP_2015_2016,CAH,legacy,MACD_PASS,2016-09-02,2016-09-06,77.581,GREEN,212.97,209.9032,199.23095,-0.3261349047012193,-0.3873301029150676,-0.4450114984283194,True,2016-08-18,76.415,1.5258784270103964,True,5.0,1.88963792681196,-6.9411324937807,1.88963792681196,-2.914373364612477,-2.33820136373597,-5.002513502017248,-2.275041569456437,-4.793699488276781,False,,False,,False,,MACD_PASS,legacy,0.5002123543013548,1.461054428898656,6.896042005521719,0.9464487013261857,4.639211885361593,212.97,209.9032,199.23095,50.98039215686274,82.3529411764706,51,2,2,51,3.9215686274509802,0.0,0.0,0.0,"(0,2]","(0,2]",>5,"(0,1]",<=10,"(50,75]",>75,2-4,"(2,5]"
CHOP_2015_2016,NUE,legacy,MACD_PASS,2016-09-02,2016-09-06,47.497,GREEN,212.97,209.9032,199.23095,-0.1039412963360175,-0.1556344404163849,-0.2399352901341503,True,2016-08-11,46.583,1.9620891741622517,True,3.0,2.513842979556613,-8.773185674884731,1.7306356190917471,-4.665557824704725,-6.311977598585172,-6.0066951596942975,-0.0989536181232431,-2.3075141587889703,False,,False,,False,,MACD_PASS,legacy,0.5002123543013548,1.461054428898656,6.896042005521719,0.9464487013261857,4.639211885361593,212.97,209.9032,199.23095,50.98039215686274,82.3529411764706,51,2,2,51,3.9215686274509802,0.0,0.0,0.0,"(0,2]","(0,2]",>5,"(0,1]",<=10,"(50,75]",>75,2-4,"(2,5]"
CHOP_2015_2016,T,legacy,MACD_PASS,2016-09-06,2016-09-07,38.821,GREEN,213.6,210.213,199.2975,-0.0277561603239828,-0.069265312747095,-0.0977271637611888,True,2016-08-18,38.153,1.7508452808429276,True,2.0,1.0638571906957717,-4.744854589011094,0.3142628989464491,-3.827825146183761,-3.322943767548492,-1.671775585379054,-0.9968831302645476,-3.936014013034184,False,,False,,False,,MACD_PASS,legacy,0.3005259203606281,1.6112229024846325,7.176457306288331,1.0046021039562536,4.744016795066329,213.6,210.213,199.2975,52.94117647058823,60.78431372549019,51,1,1,51,1.9607843137254901,0.0,0.0,0.0,"(0,2]","(0,2]",>5,>1,<=10,"(50,75]","(50,75]",1,<=2
CHOP_2015_2016,ABBV,legacy,MACD_PASS,2016-09-07,2016-09-08,61.145,GREEN,213.58,210.5912,199.36485,-0.226508388395298,-0.3089617066095386,-0.3806481239282231,True,2016-08-25,60.705,0.7248167366773917,True,1.0,2.140812821980531,-2.675607163300353,0.2960176629323685,-1.4081282198053824,-0.9534712568484816,1.7499386703736963,-1.784283261100661,-1.767928694087828,False,,False,,False,,MACD_PASS,legacy,0.45623441982973745,1.4192425894339555,7.130218792329734,1.076563176451728,4.74291651441289,213.58,210.5912,199.36485000000002,49.01960784313726,50.98039215686274,51,1,1,51,1.9607843137254901,0.0,0.0,2.220446049250313e-14,"(0,2]","(0,2]",>5,>1,<=10,"(25,50]","(50,75]",1,<=2
CHOP_2015_2016,VFC,legacy,MACD_PASS,2016-09-08,2016-09-09,57.88,GREEN,213.11,210.88980000000004,199.4262,-0.4465476526154975,-0.4526763243305381,-0.5009321850486064,True,2016-09-01,56.827,1.852992415577104,True,0.0,1.760539046302689,-9.181064270905326,0.0691085003455382,-2.045611610228071,-5.834485141672429,-4.509329647546645,-6.019350380096755,-8.51762266758811,False,,False,,False,,MACD_PASS,legacy,0.5235849056603792,1.0527773273055319,6.861585889918187,1.116603775394287,4.7222067629338085,213.11,210.88980000000004,199.4262,37.254901960784316,49.01960784313726,51,1,1,51,1.9607843137254901,0.0,0.0,0.0,"(0,2]","(0,2]",>5,>1,<=10,"(25,50]","(25,50]",1,<=2
CHOP_2015_2016,DOV,legacy,MACD_FAIL,2016-09-12,2016-09-13,67.599,GREEN,210.99,211.1528,199.51375,-0.4798448134035715,-0.4431670770442018,-0.2591375128112672,False,2016-09-09,66.651,1.4223342485484292,True,1.0,7.463128152783338,-4.310714655542247,0.4482314827142453,-2.9497477773339886,-0.2322519563899061,0.4482314827142453,5.019305019305009,-3.224899776623924,False,,False,,False,,MACD_FAIL,legacy,-0.9297084096351549,-0.07710056414121924,5.752109816992568,1.0438749034556771,11.113881771022108,210.99,211.15279999999998,199.51375,21.568627450980394,11.764705882352942,51,2,2,51,3.9215686274509802,0.0,-1.1102230246251565e-14,0.0,"(-2,0]","(-2,0]",>5,>1,"(10,20]",<=25,<=25,2-4,"(2,5]"
CHOP_2015_2016,EMR,legacy,MACD_FAIL,2016-09-12,2016-09-13,49.941,GREEN,210.99,211.1528,199.51375,-0.1896320033411043,-0.2166912095301416,-0.1171211873902095,False,2016-09-09,48.762,2.417866371354749,False,,6.335475861516571,-2.1285116437396168,6.335475861516571,-2.1285116437396168,-0.7949380268717166,0.3704371157966291,3.3339340421697505,-1.623916221140942,True,7.0,True,12.0,True,13.0,MACD_FAIL,legacy,-0.9297084096351549,-0.07710056414121924,5.752109816992568,1.0438749034556771,11.113881771022108,210.99,211.15279999999998,199.51375,21.568627450980394,11.764705882352942,51,2,2,51,3.9215686274509802,0.0,-1.1102230246251565e-14,0.0,"(-2,0]","(-2,0]",>5,>1,"(10,20]",<=25,<=25,2-4,"(2,5]"
CHOP_2015_2016,CL,legacy,MACD_FAIL,2016-09-13,2016-09-14,70.066,GREEN,207.96,211.2188,199.5493,-0.343373813727606,-0.3168296878462434,-0.3408823288988544,False,2016-09-09,68.928,1.6509981429897902,False,,3.4281962720863257,-0.9034339051751106,3.4281962720863257,-0.9034339051751106,1.347301116090538,2.179373733337142,1.305911569091989,0.5551908200839062,True,6.0,True,12.0,False,,MACD_FAIL,legacy,-2.6404494382022414,-1.5428550867631174,4.2148481603292876,0.9638512751287909,12.083213229242496,207.96,211.21880000000002,199.54930000000002,7.8431372549019605,1.9607843137254901,51,1,1,51,1.9607843137254901,0.0,2.220446049250313e-14,2.220446049250313e-14,"(-4,-2]","(-2,0]","(0,5]","(0,1]","(10,20]",<=25,<=25,1,<=2
CHOP_2015_2016,ADP,legacy,MACD_FAIL,2016-09-14,2016-09-15,84.567,GREEN,207.88,211.3112,199.5833,-0.2411779399677741,-0.1956771437961092,-0.1012390179510515,False,2016-09-13,84.449,0.1397293040770186,True,18.0,3.850201615287285,-0.879775799070559,3.850201615287285,-0.879775799070559,3.445788546359685,0.8431184741092945,1.247531543036895,0.4729977414357877,True,4.0,True,5.0,False,,MACD_FAIL,legacy,-2.6687892124730883,-1.6237662745751225,4.157011132694977,0.9126065782171899,12.004252276976041,207.88,211.31119999999999,199.58329999999998,7.8431372549019605,0.0,51,3,3,51,5.882352941176471,0.0,-1.1102230246251565e-14,-1.1102230246251565e-14,"(-4,-2]","(-2,0]","(0,5]","(0,1]","(10,20]",<=25,<=25,2-4,"(5,10]"
CHOP_2015_2016,BDX,legacy,MACD_FAIL,2016-09-14,2016-09-15,170.02,GREEN,207.88,211.3112,199.5833,-0.5207662656616107,-0.5237281328864769,-0.3218243712095392,False,2016-09-13,167.93,1.2445661882927397,False,,5.211151629220079,-0.9822373838372034,5.211151629220079,-0.9822373838372034,5.099400070579918,2.1350429361251644,2.5291142218562435,0.0646982707916521,True,0.0,True,4.0,True,5.0,MACD_FAIL,legacy,-2.6687892124730883,-1.6237662745751225,4.157011132694977,0.9126065782171899,12.004252276976041,207.88,211.31119999999999,199.58329999999998,7.8431372549019605,0.0,51,3,3,51,5.882352941176471,0.0,-1.1102230246251565e-14,-1.1102230246251565e-14,"(-4,-2]","(-2,0]","(0,5]","(0,1]","(10,20]",<=25,<=25,2-4,"(5,10]"
CHOP_2015_2016,SWK,legacy,MACD_FAIL,2016-09-14,2016-09-15,117.73,GREEN,207.88,211.3112,199.5833,-0.528942646734698,-0.5120051797789256,-0.419001720257222,False,2016-09-13,117.41,0.2725491866110374,True,18.0,4.153571731928984,-2.4462753758600297,4.153571731928984,-2.4462753758600297,2.760553809564259,1.5459101333559877,3.567484923129194,0.7899430901214588,True,3.0,True,5.0,False,,MACD_FAIL,legacy,-2.6687892124730883,-1.6237662745751225,4.157011132694977,0.9126065782171899,12.004252276976041,207.88,211.31119999999999,199.58329999999998,7.8431372549019605,0.0,51,3,3,51,5.882352941176471,0.0,-1.1102230246251565e-14,-1.1102230246251565e-14,"(-4,-2]","(-2,0]","(0,5]","(0,1]","(10,20]",<=25,<=25,2-4,"(5,10]"
CHOP_2015_2016,GWW,legacy,MACD_PASS,2016-09-15,2016-09-16,219.22,GREEN,209.95,211.4206,199.6318,-0.9022154467462792,-1.2493107623281243,-1.3208474615218182,True,2016-09-13,215.23,1.85383078567114,True,0.0,0.9989964419304886,-5.975732141227985,0.3968616002189673,-4.853571754401964,-4.2468752851017255,-0.5884499589453474,-0.7800383176717496,-5.291488002919442,False,,False,,False,,MACD_PASS,legacy,-1.4828023086668973,-0.695580279310537,5.16861542099003,0.8808319328773573,12.593763200251779,209.95,211.4206,199.6318,17.647058823529413,5.882352941176471,51,2,2,51,3.9215686274509802,0.0,0.0,0.0,"(-2,0]","(-2,0]",>5,"(0,1]","(10,20]",<=25,<=25,2-4,"(2,5]"
CHOP_2015_2016,MKC,legacy,MACD_FAIL,2016-09-15,2016-09-16,93.44,GREEN,209.95,211.4206,199.6318,-0.3971873108165457,-0.4857984368940404,-0.4633156144726802,False,2016-09-09,93.85,-0.4368673415023894,True,0.0,5.35958904109588,-1.4490582191780788,0.866866438356162,-0.627140410958904,1.055222602739736,4.409246575342474,0.3028681506849429,-0.8722174657534221,False,,False,,False,,MACD_FAIL,legacy,-1.4828023086668973,-0.695580279310537,5.16861542099003,0.8808319328773573,12.593763200251779,209.95,211.4206,199.6318,17.647058823529413,5.882352941176471,51,2,2,51,3.9215686274509802,0.0,0.0,0.0,"(-2,0]","(-2,0]",>5,"(0,1]","(10,20]",<=25,<=25,2-4,"(2,5]"
CHOP_2015_2016,ITW,legacy,MACD_PASS,2016-09-19,2016-09-20,114.95,GREEN,209.18,211.5518,199.7122,-0.5222441713213248,-0.6179632948603461,-0.6331286198077855,True,2016-09-09,112.02,2.6156043563649423,False,,3.123096998695085,-2.931709438886476,3.123096998695085,-2.931709438886476,0.9134406263592744,1.5224010439321534,-1.9051761635493716,-1.8703784254023528,True,2.0,True,9.0,False,,MACD_PASS,legacy,-0.8578605621119451,-1.1211438522385597,4.740721898812383,0.7854096554983592,12.597731441471954,209.18,211.55180000000001,199.71220000000002,13.72549019607843,19.607843137254903,51,2,2,51,3.9215686274509802,0.0,2.220446049250313e-14,2.220446049250313e-14,"(-2,0]","(-2,0]","(0,5]","(0,1]","(10,20]",<=25,<=25,2-4,"(2,5]"
CHOP_2015_2016,MMM,legacy,MACD_FAIL,2016-09-19,2016-09-20,173.4,GREEN,209.18,211.5518,199.7122,-0.4969639732626751,-0.6032186700114976,-0.5581810084987815,False,2016-09-16,170.15,1.9100793417572648,True,10.0,2.220299884659749,-5.207612456747402,2.220299884659749,-3.662053056516723,-0.7900807381776231,-3.39677047289505,-4.521337946943483,-4.371395617070362,True,2.0,False,,False,,MACD_FAIL,legacy,-0.8578605621119451,-1.1211438522385597,4.740721898812383,0.7854096554983592,12.597731441471954,209.18,211.55180000000001,199.71220000000002,13.72549019607843,19.607843137254903,51,2,2,51,3.9215686274509802,0.0,2.220446049250313e-14,2.220446049250313e-14,"(-2,0]","(-2,0]","(0,5]","(0,1]","(10,20]",<=25,<=25,2-4,"(2,5]"
CHOP_2015_2016,BF-B,legacy,MACD_PASS,2016-09-20,2016-09-21,45.879,GREEN,209.19,211.573,199.7718,-0.1282760691482022,-0.2163123248916211,-0.3135342662603801,True,2016-09-02,44.47,3.1684281538115533,True,18.0,2.726737723141315,-3.857974236578821,2.726737723141315,-3.857974236578821,1.3709976241853772,0.0,-1.3775365635693817,-3.051505045881553,True,1.0,False,,False,,MACD_PASS,legacy,0.5914598961338724,-1.1263251927230655,4.7144792207909125,0.6469628424502716,12.598664628280174,209.19,211.57299999999998,199.7718,13.72549019607843,64.70588235294117,51,3,3,51,5.882352941176471,0.0,-1.1102230246251565e-14,0.0,"(0,2]","(-2,0]","(0,5]","(0,1]","(10,20]",<=25,"(50,75]",2-4,"(5,10]"
CHOP_2015_2016,GPC,legacy,MACD_PASS,2016-09-20,2016-09-21,96.018,GREEN,209.19,211.573,199.7718,-0.2826697451971094,-0.4297181111048911,-0.6058867765090291,True,2016-09-08,93.183,3.042400437848092,True,20.0,3.027557333000064,-8.393217938303232,3.027557333000064,-8.393217938303232,1.8808973317502973,0.0302026703326463,-0.7988085567289471,-6.836218209085809,True,1.0,True,1.0,False,,MACD_PASS,legacy,0.5914598961338724,-1.1263251927230655,4.7144792207909125,0.6469628424502716,12.598664628280174,209.19,211.57299999999998,199.7718,13.72549019607843,64.70588235294117,51,3,3,51,5.882352941176471,0.0,-1.1102230246251565e-14,0.0,"(0,2]","(-2,0]","(0,5]","(0,1]","(10,20]",<=25,"(50,75]",2-4,"(5,10]"
CHOP_2015_2016,HCP,legacy,MACD_PASS,2016-09-20,2016-09-21,35.338,GREEN,209.19,211.573,199.7718,-0.2351728827174911,-0.2922649195921514,-0.3390250918572314,True,2016-09-13,34.419,2.6700368982248257,True,10.0,5.498330409191232,-5.57756522723415,5.498330409191232,-4.168317392042553,4.547512592676428,-3.506140698398341,-4.09474220385988,-2.07708415869603,True,1.0,True,1.0,True,2.0,MACD_PASS,legacy,0.5914598961338724,-1.1263251927230655,4.7144792207909125,0.6469628424502716,12.598664628280174,209.19,211.57299999999998,199.7718,13.72549019607843,64.70588235294117,51,3,3,51,5.882352941176471,0.0,-1.1102230246251565e-14,0.0,"(0,2]","(-2,0]","(0,5]","(0,1]","(10,20]",<=25,"(50,75]",2-4,"(5,10]"
CHOP_2015_2016,AFL,legacy,MACD_PASS,2016-09-21,2016-09-22,71.99,GREEN,211.54,211.6112,199.8238,-0.0707288103067175,-0.1790385456884836,-0.233113983346078,True,2016-09-15,69.655,3.35223602038619,True,13.0,0.3528267814974395,-5.468815113210168,0.3528267814974395,-4.017224614529791,-2.8920683428253824,-2.197527434365876,-4.179747187109317,-5.332685095152101,False,,False,,False,,MACD_PASS,legacy,1.7606311333461688,-0.033646612277615784,5.863265536938056,0.484350723107152,13.285705150653456,211.54,211.6112,199.82379999999998,25.49019607843137,88.23529411764706,51,8,8,51,15.686274509803921,0.0,0.0,-1.1102230246251565e-14,"(0,2]","(-2,0]",>5,"(0,1]","(10,20]","(25,50]",>75,5-9,>10
CHOP_2015_2016,APD,legacy,MACD_PASS,2016-09-21,2016-09-22,144.57,GREEN,211.54,211.6112,199.8238,-0.9059394175877032,-1.1661357378052024,-1.3174580928131148,True,2016-09-13,139.51,3.62698014479248,True,7.0,1.7431002282631392,-12.429964722971576,1.7431002282631392,-6.979317977450372,0.8300477277443541,-7.622604966452229,-10.832122847063708,-9.407207581102572,False,,False,,False,,MACD_PASS,legacy,1.7606311333461688,-0.033646612277615784,5.863265536938056,0.484350723107152,13.285705150653456,211.54,211.6112,199.82379999999998,25.49019607843137,88.23529411764706,51,8,8,51,15.686274509803921,0.0,0.0,-1.1102230246251565e-14,"(0,2]","(-2,0]",>5,"(0,1]","(10,20]","(25,50]",>75,5-9,>10
CHOP_2015_2016,BEN,legacy,MACD_FAIL,2016-09-21,2016-09-22,35.166,GREEN,211.54,211.6112,199.8238,-0.1214453468552473,-0.17044540071026,-0.1651509476827633,False,2016-09-20,34.151,2.972094521390267,True,2.0,3.1479269749189687,-5.7555593470966055,2.3602343172382634,-4.470226923733134,-3.0483990217823886,1.026559745208444,-3.9953364044815856,-3.4948529829949337,True,0.0,False,,False,,MACD_FAIL,legacy,1.7606311333461688,-0.033646612277615784,5.863265536938056,0.484350723107152,13.285705150653456,211.54,211.6112,199.82379999999998,25.49019607843137,88.23529411764706,51,8,8,51,15.686274509803921,0.0,0.0,-1.1102230246251565e-14,"(0,2]","(-2,0]",>5,"(0,1]","(10,20]","(25,50]",>75,5-9,>10
CHOP_2015_2016,CINF,legacy,MACD_PASS,2016-09-21,2016-09-22,73.97,GREEN,211.54,211.6112,199.8238,-0.2082008963458499,-0.287723860116981,-0.312411223845505,True,2016-09-15,72.034,2.68761973512508,True,8.0,0.8422333378396818,-4.042179261862911,0.7232661889955416,-3.5811815600919283,-1.8575098012707736,-2.3158037042044,-0.7489522779505209,-3.97593619034744,False,,False,,False,,MACD_PASS,legacy,1.7606311333461688,-0.033646612277615784,5.863265536938056,0.484350723107152,13.285705150653456,211.54,211.6112,199.82379999999998,25.49019607843137,88.23529411764706,51,8,8,51,15.686274509803921,0.0,0.0,-1.1102230246251565e-14,"(0,2]","(-2,0]",>5,"(0,1]","(10,20]","(25,50]",>75,5-9,>10
CHOP_2015_2016,KMB,legacy,MACD_PASS,2016-09-21,2016-09-22,121.54,GREEN,211.54,211.6112,199.8238,-0.000750381463024,-0.2094971555110731,-0.3587659858407728,True,2016-09-12,117.52,3.4206943498978903,True,16.0,1.6537765344742494,-5.076518018759257,1.6537765344742494,-3.883495145631077,-0.1069606713839155,-1.6949152542372947,-2.97844331084417,-4.936646371564912,False,,False,,False,,MACD_PASS,legacy,1.7606311333461688,-0.033646612277615784,5.863265536938056,0.484350723107152,13.285705150653456,211.54,211.6112,199.82379999999998,25.49019607843137,88.23529411764706,51,8,8,51,15.686274509803921,0.0,0.0,-1.1102230246251565e-14,"(0,2]","(-2,0]",>5,"(0,1]","(10,20]","(25,50]",>75,5-9,>10
CHOP_2015_2016,KO,legacy,MACD_PASS,2016-09-21,2016-09-22,41.309,GREEN,211.54,211.6112,199.8238,-0.0146630282051692,-0.0460350614343423,-0.0688738030451553,True,2016-09-16,40.589,1.773879622557839,True,8.0,0.704446972814643,-3.0647074487399784,0.704446972814643,-2.173860417826612,-1.5880316638020695,-2.3408942361228813,-2.21985523735746,-1.8252681013822605,False,,False,,False,,MACD_PASS,legacy,1.7606311333461688,-0.033646612277615784,5.863265536938056,0.484350723107152,13.285705150653456,211.54,211.6112,199.82379999999998,25.49019607843137,88.23529411764706,51,8,8,51,15.686274509803921,0.0,0.0,-1.1102230246251565e-14,"(0,2]","(-2,0]",>5,"(0,1]","(10,20]","(25,50]",>75,5-9,>10
CHOP_2015_2016,PPG,legacy,MACD_PASS,2016-09-21,2016-09-22,101.46,GREEN,211.54,211.6112,199.8238,-0.2974028300548388,-0.4651406865366255,-0.5619943060711493,True,2016-09-13,97.805,3.737027759316991,True,11.0,0.6899270648531575,-12.750837768578748,0.6899270648531575,-10.625862408831054,-1.399566331559221,-1.271437019515076,-11.003351074314994,-10.480977725211904,False,,False,,False,,MACD_PASS,legacy,1.7606311333461688,-0.033646612277615784,5.863265536938056,0.484350723107152,13.285705150653456,211.54,211.6112,199.82379999999998,25.49019607843137,88.23529411764706,51,8,8,51,15.686274509803921,0.0,0.0,-1.1102230246251565e-14,"(0,2]","(-2,0]",>5,"(0,1]","(10,20]","(25,50]",>75,5-9,>10
CHOP_2015_2016,SHW,legacy,MACD_PASS,2016-09-21,2016-09-22,276.3,GREEN,211.54,211.6112,199.8238,-0.1144484745058713,-0.5111326223232942,-0.7174969519668939,True,2016-09-09,268.72,2.820779994045841,True,8.0,1.6395222584147495,-6.4314151284835415,1.6395222584147495,-2.9895041621425977,-0.7347086500181121,-1.889250814332255,-3.53963083604778,-1.25950054288817,False,,False,,False,,MACD_PASS,legacy,1.7606311333461688,-0.033646612277615784,5.863265536938056,0.484350723107152,13.285705150653456,211.54,211.6112,199.82379999999998,25.49019607843137,88.23529411764706,51,8,8,51,15.686274509803921,0.0,0.0,-1.1102230246251565e-14,"(0,2]","(-2,0]",>5,"(0,1]","(10,20]","(25,50]",>75,5-9,>10
CHOP_2015_2016,CLX,legacy,MACD_FAIL,2016-09-22,2016-09-23,122.44,GREEN,212.88,211.6768,199.88865,0.0329381657502696,-0.2608277408848671,-0.4663046486432671,False,2016-09-09,117.88,3.868340685442817,True,8.0,0.3348578895785659,-6.239790918000654,0.3348578895785659,-4.173472721332894,-1.0045736687357087,-3.005553740607636,-3.707938582162684,-5.063704671675929,False,,False,,False,,MACD_FAIL,legacy,1.395570373898547,0.5684137326338989,6.499293481645907,0.37318068488849665,13.379616016449129,212.88,211.67680000000001,199.88865,39.21568627450981,88.23529411764706,51,6,6,51,11.764705882352942,0.0,2.220446049250313e-14,0.0,"(0,2]","(0,2]",>5,"(0,1]","(10,20]","(25,50]",>75,5-9,>10
CHOP_2015_2016,CTAS,legacy,MACD_PASS,2016-09-22,2016-09-23,112.28,GREEN,212.88,211.6768,199.88865,-0.5472741608337002,-0.6735801596993052,-0.8017065539110046,True,2016-09-13,109.91,2.156309707942872,True,4.0,3.411115069469184,-7.926612041325265,3.411115069469184,-3.3843961524759547,-2.0662629141432243,-3.927680798004984,-4.978624866405424,-7.418952618453867,True,3.0,True,3.0,False,,MACD_PASS,legacy,1.395570373898547,0.5684137326338989,6.499293481645907,0.37318068488849665,13.379616016449129,212.88,211.67680000000001,199.88865,39.21568627450981,88.23529411764706,51,6,6,51,11.764705882352942,0.0,2.220446049250313e-14,0.0,"(0,2]","(0,2]",>5,"(0,1]","(10,20]","(25,50]",>75,5-9,>10
CHOP_2015_2016,CVX,legacy,MACD_PASS,2016-09-22,2016-09-23,95.482,GREEN,212.88,211.6768,199.88865,-0.1807734175770925,-0.3075513976888626,-0.4430921633973415,True,2016-09-15,93.738,1.860504811282504,False,,5.1088163214009,-1.559456232588341,5.1088163214009,-1.559456232588341,3.5964893906704987,2.953436249764363,1.7542573469345069,1.9783833602144971,True,3.0,True,5.0,True,11.0,MACD_PASS,legacy,1.395570373898547,0.5684137326338989,6.499293481645907,0.37318068488849665,13.379616016449129,212.88,211.67680000000001,199.88865,39.21568627450981,88.23529411764706,51,6,6,51,11.764705882352942,0.0,2.220446049250313e-14,0.0,"(0,2]","(0,2]",>5,"(0,1]","(10,20]","(25,50]",>75,5-9,>10
CHOP_2015_2016,ECL,legacy,MACD_PASS,2016-09-22,2016-09-23,117.52,GREEN,212.88,211.6768,199.88865,-0.2503761388117356,-0.4128311400263398,-0.5617762678712326,True,2016-09-13,115.19,2.0227450299505234,True,16.0,2.6718856364874144,-3.2590197413206234,2.6718856364874144,-2.408100748808717,2.382573179033342,0.1106194690265516,-1.7869298842750123,-2.612321307011567,True,3.0,False,,False,,MACD_PASS,legacy,1.395570373898547,0.5684137326338989,6.499293481645907,0.37318068488849665,13.379616016449129,212.88,211.67680000000001,199.88865,39.21568627450981,88.23529411764706,51,6,6,51,11.764705882352942,0.0,2.220446049250313e-14,0.0,"(0,2]","(0,2]",>5,"(0,1]","(10,20]","(25,50]",>75,5-9,>10
CHOP_2015_2016,LOW,legacy,MACD_FAIL,2016-09-22,2016-09-23,70.43,GREEN,212.88,211.6768,199.88865,0.0037141670056763,-0.102350433307472,-0.2326836320592948,False,2016-08-26,68.69,2.53311981365556,True,12.0,1.923896067016884,-4.10052534431351,1.923896067016884,-3.0768138577310866,0.028396989919055,-1.2338492119835287,-1.1642765866818228,-1.652704813289796,False,,False,,False,,MACD_FAIL,legacy,1.395570373898547,0.5684137326338989,6.499293481645907,0.37318068488849665,13.379616016449129,212.88,211.67680000000001,199.88865,39.21568627450981,88.23529411764706,51,6,6,51,11.764705882352942,0.0,2.220446049250313e-14,0.0,"(0,2]","(0,2]",>5,"(0,1]","(10,20]","(25,50]",>75,5-9,>10
CHOP_2015_2016,WBA,legacy,MACD_FAIL,2016-09-22,2016-09-23,80.553,GREEN,212.88,211.6768,199.88865,-0.1136068667257222,-0.2224517871469146,-0.200289691623464,False,2016-09-20,77.743,3.6144733287884367,True,4.0,0.0732437029036692,-7.598723821583297,0.0732437029036692,-4.399587848993825,-2.314004444278928,-3.2103087408290154,-5.113403597631372,-1.1632093156058732,False,,False,,False,,MACD_FAIL,legacy,1.395570373898547,0.5684137326338989,6.499293481645907,0.37318068488849665,13.379616016449129,212.88,211.67680000000001,199.88865,39.21568627450981,88.23529411764706,51,6,6,51,11.764705882352942,0.0,2.220446049250313e-14,0.0,"(0,2]","(0,2]",>5,"(0,1]","(10,20]","(25,50]",>75,5-9,>10
CHOP_2015_2016,LEG,legacy,MACD_PASS,2016-09-23,2016-09-26,46.941,GREEN,211.7,211.6954,199.95425,-0.1088242751555976,-0.1164869919783977,-0.180079270770212,True,2016-09-13,47.037,-0.2040946488934159,True,0.0,0.6412304808163238,-7.496644724228297,0.0745616838158547,-1.5743166954261811,-5.943631367035208,-4.948765471549388,-5.487739928846846,-6.748897552246436,False,,False,,False,,MACD_PASS,legacy,1.2240604379841313,0.0021729333750331037,5.874218727533909,0.32044477469348465,13.52825699544071,211.7,211.69539999999998,199.95425,25.49019607843137,88.23529411764706,51,2,2,51,3.9215686274509802,0.0,-1.1102230246251565e-14,0.0,"(0,2]","(0,2]",>5,"(0,1]","(10,20]","(25,50]",>75,2-4,"(2,5]"
CHOP_2015_2016,SYY,legacy,MACD_PASS,2016-09-23,2016-09-26,47.749,GREEN,211.7,211.6954,199.95425,-0.1436453736847922,-0.1805770147485094,-0.2637321318895139,True,2016-09-13,47.207,1.1481348105153888,True,6.0,0.6282854091185008,-3.4953611593960154,0.4879683344153784,-2.525707344656436,-0.7288110745774734,-1.5351106829462502,-1.4345850174872776,-2.4942930742005154,False,,False,,False,,MACD_PASS,legacy,1.2240604379841313,0.0021729333750331037,5.874218727533909,0.32044477469348465,13.52825699544071,211.7,211.69539999999998,199.95425,25.49019607843137,88.23529411764706,51,2,2,51,3.9215686274509802,0.0,-1.1102230246251565e-14,0.0,"(0,2]","(0,2]",>5,"(0,1]","(10,20]","(25,50]",>75,2-4,"(2,5]"
CHOP_2015_2016,XOM,legacy,MACD_FAIL,2016-09-28,2016-09-29,83.046,GREEN,212.35,211.7202,200.18115,0.1004601301485015,-0.1761490037972435,-0.2306635688274134,False,2016-09-14,78.577,5.687414892398546,False,,1.9543385593526308,-1.771307468150185,1.9543385593526308,-1.771307468150185,0.0794740264431714,-0.472027550995846,0.2757507887195087,-0.0590034438744835,False,,False,,False,,MACD_FAIL,legacy,0.382906306135955,0.29746807342898585,6.078919019098472,0.19355339423561269,14.002804999996563,212.35,211.7202,200.18114999999997,35.294117647058826,62.745098039215684,51,1,1,51,1.9607843137254901,0.0,0.0,-1.1102230246251565e-14,"(0,2]","(0,2]",>5,"(0,1]","(10,20]","(25,50]","(50,75]",1,<=2
CHOP_2015_2016,ADM,legacy,MACD_FAIL,2016-09-30,2016-10-03,40.751,GREEN,212.01,211.7166,200.33615,-0.0389469868210641,-0.0726753124004473,-0.0529964341400715,False,2016-09-29,40.163,1.4640340612006142,False,,5.285759858653782,-1.168069495227109,5.285759858653782,-1.168069495227109,3.0723172437486346,-0.3091948663836441,1.2613187406444126,3.7888640769551785,True,0.0,True,1.0,True,20.0,MACD_FAIL,legacy,0.14643363249882135,0.13858148109311408,5.827131049488576,0.09455522639829628,14.606729675371549,212.01,211.7166,200.33615,41.1764705882353,52.94117647058823,51,1,1,51,1.9607843137254901,0.0,0.0,0.0,"(0,2]","(0,2]",>5,"(0,1]","(10,20]","(25,50]","(50,75]",1,<=2
CHOP_2015_2016,CB,legacy,MACD_FAIL,2016-10-07,2016-10-10,122.94,GREEN,210.78,211.6856,200.7122,-0.1416097238696486,-0.2561953586557903,-0.1575861554237965,False,2016-10-05,119.16,3.1722054380664666,False,,2.489019033674955,-3.156011062306807,2.489019033674955,-3.156011062306807,0.1870831299821018,-2.521555230193584,1.2363754677078287,-0.7483325199284185,True,14.0,False,,False,,MACD_FAIL,legacy,-0.5801613131455996,-0.4278042530998949,5.016037889076985,-0.004629292842428523,11.757127873118074,210.78,211.68560000000002,200.71220000000002,19.607843137254903,15.686274509803921,51,1,1,51,1.9607843137254901,0.0,2.220446049250313e-14,2.220446049250313e-14,"(-2,0]","(-2,0]",>5,"(-1,0]","(10,20]",<=25,<=25,1,<=2
CHOP_2015_2016,T,legacy,MACD_FAIL,2016-10-11,2016-10-12,37.283,GREEN,209.2,211.6408,200.8305,-0.0918854055715459,-0.1036586209924446,-0.1011751423862245,False,2016-10-06,36.388,2.459602066615374,True,7.0,1.0862859748410836,-7.354558377812959,1.0862859748410836,-5.5923611297374105,0.5900812702840375,-6.946865863798523,-7.099750556553919,-4.3666014001019215,False,,False,,False,,MACD_FAIL,legacy,-0.5845174167181555,-1.1532747938960863,4.1674446859416125,-0.023241532429485456,10.460833984479317,209.2,211.6408,200.8305,7.8431372549019605,17.647058823529413,51,1,1,51,1.9607843137254901,0.0,0.0,0.0,"(-2,0]","(-2,0]","(0,5]","(-1,0]","(10,20]",<=25,<=25,1,<=2
CHOP_2015_2016,PEP,legacy,MACD_PASS,2016-10-14,2016-10-17,103.88,GREEN,208.9,211.5418,200.98105000000004,-0.0834149844622622,-0.1514796143303973,-0.1550551550152998,True,2016-10-11,102.09,1.7533548829464118,True,18.0,1.9541778975741275,-5.981902194840194,1.9541778975741275,-4.149018097805158,0.442818636888731,0.3369272237196741,0.1251443973816046,-5.098190219484011,False,,False,,False,,MACD_PASS,legacy,-0.8919252300977343,-1.2488312002639668,3.9401475910290973,-0.08256320005138873,9.81282878623876,208.9,211.5418,200.98105000000004,9.803921568627452,23.529411764705884,51,1,1,51,1.9607843137254901,0.0,0.0,0.0,"(-2,0]","(-2,0]","(0,5]","(-1,0]",<=10,<=25,<=25,1,<=2
CHOP_2015_2016,BCR,legacy,MACD_PASS,2016-10-17,2016-10-18,219.66,GREEN,208.18,211.4496,201.03800000000004,-0.763888982219769,-0.8162008150380702,-0.9084584670511406,True,2016-10-13,215.04,2.1484375,True,5.0,2.1123554584357773,-7.552581261950286,1.9803332422835276,-2.440134753710277,-2.4173723026495453,-2.5084221068924606,1.7618137121005129,-3.6602021305654153,False,,False,,False,,MACD_PASS,legacy,-1.7416340208618486,-1.5462786403946827,3.552562202170706,-0.12271538250072656,9.885556338489303,208.18,211.4496,201.03800000000004,7.8431372549019605,21.568627450980394,51,3,3,51,5.882352941176471,0.0,0.0,0.0,"(-2,0]","(-2,0]","(0,5]","(-1,0]",<=10,<=25,<=25,2-4,"(5,10]"
CHOP_2015_2016,NUE,legacy,MACD_FAIL,2016-10-17,2016-10-18,46.167,GREEN,208.18,211.4496,201.03800000000004,-0.0898724994170188,-0.0843072374715748,-0.0706156973962781,False,2016-10-13,44.725,3.2241475684740006,False,,27.37453159182965,-4.388415968115755,27.37453159182965,-4.388415968115755,-0.8014382567634981,0.9487296120605616,8.423765893387047,27.333376654320183,True,2.0,True,2.0,True,13.0,MACD_FAIL,legacy,-1.7416340208618486,-1.5462786403946827,3.552562202170706,-0.12271538250072656,9.885556338489303,208.18,211.4496,201.03800000000004,7.8431372549019605,21.568627450980394,51,3,3,51,5.882352941176471,0.0,0.0,0.0,"(-2,0]","(-2,0]","(0,5]","(-1,0]",<=10,<=25,<=25,2-4,"(5,10]"
CHOP_2015_2016,WMT,legacy,MACD_PASS,2016-10-17,2016-10-18,66.717,GREEN,208.18,211.4496,201.03800000000004,-0.2651549900294803,-0.3269104678380535,-0.4101770785031897,True,2016-10-10,65.258,2.235741211805453,False,,5.135122982148488,-0.8453617518773271,5.135122982148488,-0.8453617518773271,1.1526297645277903,1.06569539997301,1.7791567366638228,4.154863078375826,True,7.0,True,16.0,True,17.0,MACD_PASS,legacy,-1.7416340208618486,-1.5462786403946827,3.552562202170706,-0.12271538250072656,9.885556338489303,208.18,211.4496,201.03800000000004,7.8431372549019605,21.568627450980394,51,3,3,51,5.882352941176471,0.0,0.0,0.0,"(-2,0]","(-2,0]","(0,5]","(-1,0]",<=10,<=25,<=25,2-4,"(5,10]"
CHOP_2015_2016,DOV,legacy,MACD_PASS,2016-10-18,2016-10-19,66.485,GREEN,209.47,211.3858,201.1152,-0.4009352136643103,-0.4527342725556612,-0.4987083100228014,True,2016-10-12,64.392,3.250403776866695,True,12.0,6.204407009099788,-3.677521245393689,4.203955779499147,-3.677521245393689,0.8528239452508135,-2.501316086335259,3.307512972851012,3.924193427088807,True,0.0,True,0.0,False,,MACD_PASS,legacy,0.12906309751434808,-0.9063049646664934,4.15423598017457,-0.14473844572450156,10.14522867788553,209.47,211.3858,201.11519999999996,11.764705882352942,56.86274509803921,51,2,2,51,3.9215686274509802,0.0,0.0,-1.1102230246251565e-14,"(0,2]","(-2,0]","(0,5]","(-1,0]","(10,20]",<=25,"(50,75]",2-4,"(2,5]"
CHOP_2015_2016,ED,legacy,MACD_PASS,2016-10-18,2016-10-19,70.68,GREEN,209.47,211.3858,201.1152,-0.0525689398364567,-0.1436430708926124,-0.2408521189417082,True,2016-10-04,68.832,2.684797768479785,True,16.0,3.773344651952448,-5.830503678551224,3.773344651952448,-5.830503678551224,0.8474816072439051,0.7625919637803902,-1.3653084323712594,-3.754951895868719,True,8.0,True,8.0,False,,MACD_PASS,legacy,0.12906309751434808,-0.9063049646664934,4.15423598017457,-0.14473844572450156,10.14522867788553,209.47,211.3858,201.11519999999996,11.764705882352942,56.86274509803921,51,2,2,51,3.9215686274509802,0.0,0.0,-1.1102230246251565e-14,"(0,2]","(-2,0]","(0,5]","(-1,0]","(10,20]",<=25,"(50,75]",2-4,"(2,5]"
CHOP_2015_2016,ABBV,legacy,MACD_PASS,2016-10-19,2016-10-20,59.286,GREEN,210.03,211.3306,201.19350000000003,-0.0876210059401945,-0.147107850246313,-0.2332247710654675,True,2016-10-12,57.752,2.656185067183814,True,6.0,5.85973079647808,-10.395371588570669,0.8652970347130751,-10.395371588570669,0.016867388590902,-9.04598050129879,4.151064332220078,0.4081908038997328,False,,False,,False,,MACD_PASS,legacy,0.2673413854012541,-0.6154338273775761,4.392040498326222,-0.17053109334521643,9.326887570890738,210.03,211.3306,201.19350000000003,7.8431372549019605,39.21568627450981,51,2,2,51,3.9215686274509802,0.0,0.0,0.0,"(0,2]","(-2,0]","(0,5]","(-1,0]",<=10,<=25,"(25,50]",2-4,"(2,5]"
CHOP_2015_2016,MDT,legacy,MACD_PASS,2016-10-19,2016-10-20,81.808,GREEN,210.03,211.3306,201.19350000000003,-0.2446059442389494,-0.318629944889341,-0.3913447701743213,True,2016-10-14,80.576,1.5289912629070868,True,4.0,1.7088793272051594,-8.689859182476056,1.172256991981202,-3.5314394680227013,-3.025376491296705,-2.461861920594577,-1.124584392724426,-2.224721298650512,False,,False,,False,,MACD_PASS,legacy,0.2673413854012541,-0.6154338273775761,4.392040498326222,-0.17053109334521643,9.326887570890738,210.03,211.3306,201.19350000000003,7.8431372549019605,39.21568627450981,51,2,2,51,3.9215686274509802,0.0,0.0,0.0,"(0,2]","(-2,0]","(0,5]","(-1,0]",<=10,<=25,"(25,50]",2-4,"(2,5]"
CHOP_2015_2016,APD,legacy,MACD_PASS,2016-10-20,2016-10-21,129.97,GREEN,209.64,211.2782,201.28215,-0.0269602695134958,-0.2467567276302005,-0.4773081920040014,True,2016-10-05,126.6,2.6619273301737856,False,,5.839809186735412,-3.2622912979918373,5.839809186735412,-3.2622912979918373,0.346233746249136,0.0153881664999744,3.885512041240302,3.4546433792413733,True,1.0,True,12.0,True,14.0,MACD_PASS,legacy,0.40710762009674717,-0.7753757841556852,4.152305606830997,-0.1983956405864462,8.996721946990242,209.64,211.2782,201.28215,9.803921568627452,37.254901960784316,51,3,3,51,5.882352941176471,0.0,0.0,0.0,"(0,2]","(-2,0]","(0,5]","(-1,0]",<=10,<=25,"(25,50]",2-4,"(5,10]"
CHOP_2015_2016,BEN,legacy,MACD_PASS,2016-10-20,2016-10-21,33.602,GREEN,209.64,211.2782,201.28215,-0.1007391449442044,-0.126936832355258,-0.1818596764178254,True,2016-10-14,33.161,1.329875456108054,True,6.0,18.84411642164157,-3.5593119457175137,3.669424439021496,-1.779655972858751,-0.14284863996189,-1.2826617463246204,8.704838997678731,13.585500863043888,True,1.0,True,3.0,False,,MACD_PASS,legacy,0.40710762009674717,-0.7753757841556852,4.152305606830997,-0.1983956405864462,8.996721946990242,209.64,211.2782,201.28215,9.803921568627452,37.254901960784316,51,3,3,51,5.882352941176471,0.0,0.0,0.0,"(0,2]","(-2,0]","(0,5]","(-1,0]",<=10,<=25,"(25,50]",2-4,"(5,10]"
CHOP_2015_2016,WBA,legacy,MACD_FAIL,2016-10-20,2016-10-21,78.766,GREEN,209.64,211.2782,201.28215,0.024765454793249,-0.2183977564178993,-0.1961747204614947,False,2016-10-11,74.432,5.822764402407565,False,,4.69364954421958,-4.5590737120077325,4.69364954421958,-4.5590737120077325,0.497676662519364,-0.4329279130589447,0.4354670797044324,3.66147830282102,True,1.0,True,1.0,False,,MACD_FAIL,legacy,0.40710762009674717,-0.7753757841556852,4.152305606830997,-0.1983956405864462,8.996721946990242,209.64,211.2782,201.28215,9.803921568627452,37.254901960784316,51,3,3,51,5.882352941176471,0.0,0.0,0.0,"(0,2]","(-2,0]","(0,5]","(-1,0]",<=10,<=25,"(25,50]",2-4,"(5,10]"
CHOP_2015_2016,AFL,legacy,MACD_FAIL,2016-10-24,2016-10-25,68.384,GREEN,210.63,211.15960000000004,201.5213,-0.1426692387553449,-0.1765692226127579,-0.1454595968071675,False,2016-10-18,67.086,1.934829919804426,True,3.0,5.713324754328486,-2.969992980814229,1.415535797847456,-2.54153018249883,-2.2987833411324377,0.1301474029012705,4.19103883949461,2.292934019653714,False,,False,,False,,MACD_FAIL,legacy,1.176866173503699,-0.2508055518195884,4.5199688568900775,-0.24970688021342946,8.486803706987013,210.63,211.15960000000004,201.52129999999997,11.764705882352942,58.8235294117647,51,3,3,51,5.882352941176471,0.0,0.0,-1.1102230246251565e-14,"(0,2]","(-2,0]","(0,5]","(-1,0]",<=10,<=25,"(50,75]",2-4,"(5,10]"
CHOP_2015_2016,EMR,legacy,MACD_PASS,2016-10-24,2016-10-25,48.568,GREEN,210.63,211.15960000000004,201.5213,-0.1197519981564999,-0.1761397407340872,-0.223887145350038,True,2016-10-12,47.61,2.0121823146397766,False,,12.946796244440794,-1.6512930324493524,12.946796244440794,-1.6512930324493524,1.573052215450499,3.2140504035578887,12.162329105583924,9.285949596442112,True,5.0,True,5.0,True,11.0,MACD_PASS,legacy,1.176866173503699,-0.2508055518195884,4.5199688568900775,-0.24970688021342946,8.486803706987013,210.63,211.15960000000004,201.52129999999997,11.764705882352942,58.8235294117647,51,3,3,51,5.882352941176471,0.0,0.0,-1.1102230246251565e-14,"(0,2]","(-2,0]","(0,5]","(-1,0]",<=10,<=25,"(50,75]",2-4,"(5,10]"
CHOP_2015_2016,MMM,legacy,MACD_FAIL,2016-10-24,2016-10-25,165.35,GREEN,210.63,211.15960000000004,201.5213,0.1004978911805614,-0.0566988492512119,-0.0996706140053063,False,2016-10-03,163.64,1.0449767782938268,True,0.0,3.562140913214406,-3.3081342606592123,0.2479588751133965,-2.5703054127608094,-3.084366495312973,0.9253099485938998,2.818264287874195,2.0925309948593984,False,,False,,False,,MACD_FAIL,legacy,1.176866173503699,-0.2508055518195884,4.5199688568900775,-0.24970688021342946,8.486803706987013,210.63,211.15960000000004,201.52129999999997,11.764705882352942,58.8235294117647,51,3,3,51,5.882352941176471,0.0,0.0,-1.1102230246251565e-14,"(0,2]","(-2,0]","(0,5]","(-1,0]",<=10,<=25,"(50,75]",2-4,"(5,10]"
CHOP_2015_2016,MKC,legacy,MACD_FAIL,2016-10-25,2016-10-26,93.969,GREEN,209.93,211.085,201.64385,0.1443474746513064,-0.008751447045213,-0.0343746817166876,False,2016-10-06,91.076,3.1764680047432936,True,11.0,0.6470218901978297,-5.375176920048085,0.6470218901978297,-4.540859219529835,-1.054603113792851,-1.3153273952047906,-4.113058561866145,-4.936734454979829,False,,False,,False,,MACD_FAIL,legacy,0.21960185229388252,-0.5471729398109804,4.109299638942621,-0.2626147699309467,8.255103938619596,209.93,211.085,201.64385,11.764705882352942,33.333333333333336,51,1,1,51,1.9607843137254901,0.0,0.0,0.0,"(0,2]","(-2,0]","(0,5]","(-1,0]",<=10,<=25,"(25,50]",1,<=2
CHOP_2015_2016,CL,legacy,MACD_PASS,2016-10-26,2016-10-27,70.145,GREEN,209.5,211.0236,201.7567,-0.0573749204683924,-0.084313869610535,-0.1195913809697347,True,2016-10-12,69.059,1.5725683835560833,True,0.0,0.2095658992087967,-8.670610877468087,0.2095658992087967,-2.050039204504961,-1.6023950388480923,-6.29980754152113,-7.987739682087103,-7.2350131869698515,False,,False,,False,,MACD_PASS,legacy,-0.25234490310908075,-0.7220045530452301,3.8379394587639393,-0.28455887703673355,8.032138633241637,209.5,211.02359999999996,201.7567,13.72549019607843,35.294117647058826,51,3,3,51,5.882352941176471,0.0,-1.1102230246251565e-14,0.0,"(-2,0]","(-2,0]","(0,5]","(-1,0]",<=10,<=25,"(25,50]",2-4,"(5,10]"
CHOP_2015_2016,GPC,legacy,MACD_PASS,2016-10-26,2016-10-27,88.736,GREEN,209.5,211.0236,201.7567,-0.672144717404501,-0.7867420498759827,-0.8262730879613613,True,2016-10-19,85.947,3.2450230956287074,True,4.0,7.299179588892879,-5.221105301117934,0.0,-3.546474936891464,-3.7977821853588223,2.3181121529029847,3.5228092318788207,7.134646592138472,False,,False,,False,,MACD_PASS,legacy,-0.25234490310908075,-0.7220045530452301,3.8379394587639393,-0.28455887703673355,8.032138633241637,209.5,211.02359999999996,201.7567,13.72549019607843,35.294117647058826,51,3,3,51,5.882352941176471,0.0,-1.1102230246251565e-14,0.0,"(-2,0]","(-2,0]","(0,5]","(-1,0]",<=10,<=25,"(25,50]",2-4,"(5,10]"
CHOP_2015_2016,PG,legacy,MACD_PASS,2016-10-26,2016-10-27,84.856,GREEN,209.5,211.0236,201.7567,-0.1489923167771094,-0.308143221336328,-0.4909329710701897,True,2016-10-18,81.512,4.102463440965742,True,10.0,0.2062317337607311,-6.627698689544637,0.2062317337607311,-6.090317714716687,-1.0394079381540355,-5.1993966248703565,-5.074479117563868,-4.627840105590641,False,,False,,False,,MACD_PASS,legacy,-0.25234490310908075,-0.7220045530452301,3.8379394587639393,-0.28455887703673355,8.032138633241637,209.5,211.02359999999996,201.7567,13.72549019607843,35.294117647058826,51,3,3,51,5.882352941176471,0.0,-1.1102230246251565e-14,0.0,"(-2,0]","(-2,0]","(0,5]","(-1,0]",<=10,<=25,"(25,50]",2-4,"(5,10]"
CHOP_2015_2016,JNJ,legacy,MACD_PASS,2016-10-27,2016-10-28,112.8,GREEN,208.95,210.9432,201.8901,-0.2017402290469552,-0.3587929926306354,-0.4529430720118995,True,2016-10-19,110.04,2.508178844056697,False,,5.762411347517737,-3.014184397163111,5.762411347517737,-3.014184397163111,-0.6117021276595747,2.2960992907801403,0.2925531914893531,-1.648936170212767,True,8.0,True,8.0,True,8.0,MACD_PASS,legacy,-0.3291356611333729,-0.9448989111760953,3.4969025227091333,-0.30332963111752154,7.441132401101703,208.95,210.9432,201.89010000000002,9.803921568627452,35.294117647058826,51,1,1,51,1.9607843137254901,0.0,0.0,2.220446049250313e-14,"(-2,0]","(-2,0]","(0,5]","(-1,0]",<=10,<=25,"(25,50]",1,<=2
CHOP_2015_2016,GWW,legacy,MACD_PASS,2016-10-28,2016-10-31,202.81,GREEN,208.32,210.8408,202.0056,-0.2969905944235673,-0.6715212163813575,-0.9674242992145264,True,2016-10-13,195.74,3.6119341984264697,False,,10.497509984714748,-3.4317834426310423,10.497509984714748,-3.4317834426310423,0.3155662935752534,7.3714313889847505,6.784675311868238,8.80134115674769,True,7.0,True,7.0,True,7.0,MACD_PASS,legacy,-0.677028702202731,-1.195594021650448,3.1258539367225335,-0.33137658845675544,6.887973988306026,208.32,210.84079999999997,202.00560000000002,11.764705882352942,39.21568627450981,51,3,3,51,5.882352941176471,0.0,-1.1102230246251565e-14,2.220446049250313e-14,"(-2,0]","(-2,0]","(0,5]","(-1,0]",<=10,<=25,"(25,50]",2-4,"(5,10]"
CHOP_2015_2016,ITW,legacy,MACD_PASS,2016-10-28,2016-10-31,112.07,GREEN,208.32,210.8408,202.0056,-0.2370492860484663,-0.3536142958319463,-0.4440729496282755,True,2016-10-21,109.3,2.5343092406221457,False,,10.350673686089063,-2.444900508610681,10.350673686089063,-2.444900508610681,2.471669492281614,8.030695101275986,8.003926117605076,9.868831980012494,True,5.0,True,6.0,True,7.0,MACD_PASS,legacy,-0.677028702202731,-1.195594021650448,3.1258539367225335,-0.33137658845675544,6.887973988306026,208.32,210.84079999999997,202.00560000000002,11.764705882352942,39.21568627450981,51,3,3,51,5.882352941176471,0.0,-1.1102230246251565e-14,2.220446049250313e-14,"(-2,0]","(-2,0]","(0,5]","(-1,0]",<=10,<=25,"(25,50]",2-4,"(5,10]"
CHOP_2015_2016,SWK,legacy,MACD_FAIL,2016-10-28,2016-10-31,112.3,GREEN,208.32,210.8408,202.0056,-0.6618906038823419,-0.5775993004976537,-0.4491416126799428,False,2016-10-26,109.88,2.202402621041144,False,,10.819234194122895,-1.3089937666963536,10.819234194122895,-1.3089937666963536,2.5556544968833528,6.598397150489754,5.921638468388246,4.87978628673198,True,5.0,True,6.0,True,7.0,MACD_FAIL,legacy,-0.677028702202731,-1.195594021650448,3.1258539367225335,-0.33137658845675544,6.887973988306026,208.32,210.84079999999997,202.00560000000002,11.764705882352942,39.21568627450981,51,3,3,51,5.882352941176471,0.0,-1.1102230246251565e-14,2.220446049250313e-14,"(-2,0]","(-2,0]","(0,5]","(-1,0]",<=10,<=25,"(25,50]",2-4,"(5,10]"
CHOP_2015_2016,SYY,legacy,MACD_FAIL,2016-10-31,2016-11-01,46.908,GREEN,208.33,210.7446,202.14115,0.084531942083276,0.0468914158011906,0.0034649763375478,False,2016-10-21,45.977,2.02492550623139,False,,13.641596316193391,-1.0595207640487714,13.641596316193391,-1.0595207640487714,12.663085188027631,11.22836189988914,12.473352093459544,10.710326596742558,True,4.0,True,4.0,True,4.0,MACD_FAIL,legacy,-1.0919622086122516,-1.145747032189659,3.0616477644457962,-0.33341278489058546,6.870748027416772,208.33,210.7446,202.14114999999998,15.686274509803921,41.1764705882353,51,1,1,51,1.9607843137254901,0.0,0.0,-1.1102230246251565e-14,"(-2,0]","(-2,0]","(0,5]","(-1,0]",<=10,<=25,"(25,50]",1,<=2
CHOP_2015_2016,BDX,legacy,MACD_PASS,2016-11-03,2016-11-04,170.5,GREEN,204.65,210.30300000000005,202.52195,-0.0702305834098129,-0.5583512378504809,-0.6327572227022549,True,2016-10-13,162.89,4.671864448400775,True,6.0,3.806451612903228,-6.2287390029325485,3.806451612903228,-6.2287390029325485,-1.6539589442815197,-0.7917888563049869,-1.683284457478007,-5.096774193548381,True,1.0,True,1.0,False,,MACD_PASS,legacy,-2.0579085905718997,-2.6880263239231095,1.0507749900689811,-0.4615715203934778,7.071631753728358,204.65,210.30300000000003,202.52195,7.8431372549019605,31.372549019607842,51,1,1,51,1.9607843137254901,0.0,-1.1102230246251565e-14,0.0,"(-4,-2]","(-5,-2]","(0,5]","(-1,0]",<=10,<=25,"(25,50]",1,<=2
CHOP_2015_2016,MHFI,legacy,MACD_PASS,2016-11-04,2016-11-07,123.4,GREEN,204.42,210.145,202.6246,-0.1489581013405335,-0.2557791482592818,-0.3903712666934885,True,2016-11-01,117.94,4.629472613193153,True,14.0,2.252836304700168,-9.489465153970832,2.252836304700168,-4.9432739059967705,-0.9157212317666196,-2.5121555915721294,-3.9222042139384174,-8.784440842787689,True,1.0,False,,False,,MACD_PASS,legacy,-1.872119815668205,-2.724309405410563,0.8860720761447505,-0.5033895464285898,7.0424981807668745,204.42,210.145,202.6246,9.803921568627452,25.49019607843137,51,1,1,51,1.9607843137254901,0.0,0.0,0.0,"(-2,0]","(-5,-2]","(0,5]","(-1,0]",<=10,<=25,"(25,50]",1,<=2
CHOP_2015_2016,ABT,legacy,MACD_PASS,2016-11-07,2016-11-08,38.715,GREEN,208.93,210.0854,202.7637,-0.0501738200199248,-0.1410597410921186,-0.1890998398518848,True,2016-10-13,37.424,3.449657973492948,True,10.0,4.81725429420119,-5.656722200697417,4.81725429420119,-4.569288389513126,0.4778509621593541,-3.840888544491805,-3.913211933359162,-2.8774376856515627,True,1.0,True,1.0,False,,MACD_PASS,legacy,0.28800460807372197,-0.5499668230157684,3.0411261976379445,-0.5087147352050625,10.684604556795186,208.93,210.08539999999996,202.7637,23.529411764705884,58.8235294117647,51,3,3,51,5.882352941176471,0.0,-1.1102230246251565e-14,0.0,"(0,2]","(-2,0]","(0,5]","(-1,0]","(10,20]",<=25,"(50,75]",2-4,"(5,10]"
CHOP_2015_2016,CTAS,legacy,MACD_FAIL,2016-11-07,2016-11-08,103.66,GREEN,208.93,210.0854,202.7637,0.0098385425283615,-0.1534263108169375,-0.1991503035577979,False,2016-10-03,100.96,2.6743264659271127,False,,14.981670846999815,-1.8618560679143248,14.981670846999815,-1.8618560679143248,4.148176731622599,9.589041095890405,9.357514952730073,14.865907775419627,True,1.0,True,2.0,True,7.0,MACD_FAIL,legacy,0.28800460807372197,-0.5499668230157684,3.0411261976379445,-0.5087147352050625,10.684604556795186,208.93,210.08539999999996,202.7637,23.529411764705884,58.8235294117647,51,3,3,51,5.882352941176471,0.0,-1.1102230246251565e-14,0.0,"(0,2]","(-2,0]","(0,5]","(-1,0]","(10,20]",<=25,"(50,75]",2-4,"(5,10]"
CHOP_2015_2016,XOM,legacy,MACD_PASS,2016-11-07,2016-11-08,81.624,GREEN,208.93,210.0854,202.7637,-0.2174151588618792,-0.3703799419756308,-0.3955942792513199,True,2016-11-01,79.027,3.286218634137694,False,,4.44844653533274,-1.2643340194060548,4.44844653533274,-1.2643340194060548,2.464961285896305,2.2995687542879617,3.0321964128197765,3.9412427717338,True,1.0,True,2.0,False,,MACD_PASS,legacy,0.28800460807372197,-0.5499668230157684,3.0411261976379445,-0.5087147352050625,10.684604556795186,208.93,210.08539999999996,202.7637,23.529411764705884,58.8235294117647,51,3,3,51,5.882352941176471,0.0,-1.1102230246251565e-14,0.0,"(0,2]","(-2,0]","(0,5]","(-1,0]","(10,20]",<=25,"(50,75]",2-4,"(5,10]"
CHOP_2015_2016,ECL,legacy,MACD_PASS,2016-11-08,2016-11-09,110.52,GREEN,209.87,210.0236,202.8952,-0.1446081318012435,-0.3198006879811081,-0.475961884895532,True,2016-10-13,109.37,1.0514766389320584,False,,7.111834961997832,-0.6695620702135363,7.111834961997832,-0.6695620702135363,2.651103872602256,4.460731089395598,5.9717698154180265,6.985161056822298,True,0.0,True,0.0,True,10.0,MACD_PASS,legacy,1.4698061209688973,-0.0731346382025655,3.437636770115793,-0.5028306132600524,9.835065987949251,209.87,210.02360000000002,202.89520000000002,33.333333333333336,82.3529411764706,51,2,2,51,3.9215686274509802,0.0,2.220446049250313e-14,2.220446049250313e-14,"(0,2]","(-2,0]","(0,5]","(-1,0]",<=10,"(25,50]",>75,2-4,"(2,5]"
CHOP_2015_2016,PNR,legacy,MACD_FAIL,2016-11-08,2016-11-09,54.512,GREEN,209.87,210.0236,202.8952,0.0384167784994986,-0.0870567415876166,-0.2148087776815259,False,2016-10-10,52.671,3.495282033756708,False,,10.505943645435869,-0.5778544173759892,10.505943645435869,-0.5778544173759892,4.6833724684473,3.861535074845901,5.618946287056059,8.9062958614617,True,0.0,True,0.0,True,1.0,MACD_FAIL,legacy,1.4698061209688973,-0.0731346382025655,3.437636770115793,-0.5028306132600524,9.835065987949251,209.87,210.02360000000002,202.89520000000002,33.333333333333336,82.3529411764706,51,2,2,51,3.9215686274509802,0.0,2.220446049250313e-14,2.220446049250313e-14,"(0,2]","(-2,0]","(0,5]","(-1,0]",<=10,"(25,50]",>75,2-4,"(2,5]"
CHOP_2015_2016,CINF,legacy,MACD_PASS,2016-11-09,2016-11-10,68.877,GREEN,212.09,210.0132,203.04775,-0.0690190214517418,-0.1975195609196152,-0.3129031840482548,True,2016-10-24,66.335,3.83206452099194,False,,11.09223688604324,-0.3716770474904596,11.09223688604324,-0.3716770474904596,4.666289182165317,8.426615561072648,8.709728937090766,10.591343990011184,True,2.0,True,5.0,True,6.0,MACD_PASS,legacy,3.1666504523786276,0.9888902221384166,4.453262840883476,-0.47880900524869263,10.49934235909501,212.09,210.01319999999998,203.04775,45.09803921568628,80.3921568627451,51,2,2,51,3.9215686274509802,0.0,-1.1102230246251565e-14,0.0,>2,"(0,2]","(0,5]","(-1,0]","(10,20]","(25,50]",>75,2-4,"(2,5]"
CHOP_2015_2016,T,legacy,MACD_FAIL,2016-11-09,2016-11-10,35.684,GREEN,212.09,210.0132,203.04775,0.1037850570588247,0.0404648828433433,-0.0089666688139692,False,2016-10-24,34.541,3.309110911670188,True,2.0,8.751821544669891,-3.657101221836112,0.0,-3.657101221836112,-0.1625378320815995,4.643537719986557,3.037776034076911,7.765385046519446,False,,False,,False,,MACD_FAIL,legacy,3.1666504523786276,0.9888902221384166,4.453262840883476,-0.47880900524869263,10.49934235909501,212.09,210.01319999999998,203.04775,45.09803921568628,80.3921568627451,51,2,2,51,3.9215686274509802,0.0,-1.1102230246251565e-14,0.0,>2,"(0,2]","(0,5]","(-1,0]","(10,20]","(25,50]",>75,2-4,"(2,5]"
CHOP_2015_2016,HCP,legacy,MACD_FAIL,2016-11-16,2016-11-17,27.77,GREEN,213.54,210.021,203.7473,0.0076170480701145,-0.0809817543449422,-0.1983095955629266,False,2016-10-25,26.249,5.794506457388859,False,,5.034209578682036,-3.114872164205973,5.034209578682036,-3.114872164205973,0.1728483975513173,-0.4429240187252437,2.8411955347497297,-0.2376665466330529,True,7.0,True,13.0,True,17.0,MACD_FAIL,legacy,0.6836720260266826,1.6755467310411776,4.8062968196388445,-0.2083062101288946,10.513226521441652,213.54,210.021,203.7473,45.09803921568628,54.90196078431372,51,1,1,51,1.9607843137254901,0.0,0.0,0.0,"(0,2]","(0,2]","(0,5]","(-1,0]","(10,20]","(25,50]","(50,75]",1,<=2
CHOP_2015_2016,PEP,legacy,MACD_PASS,2016-11-22,2016-11-23,99.69,GREEN,216.21,210.436,204.42965,-0.2934878071556127,-0.4342068697946519,-0.5475044744729893,True,2016-11-14,97.666,2.0723690946695905,True,5.0,4.674490921857766,-3.2179757247467133,0.7021767479185481,-3.2179757247467133,-2.697361821647104,0.3711505667569614,3.4607282575985554,3.5108837395927406,False,,False,,False,,MACD_PASS,legacy,1.0563215704604056,2.7438271018267013,5.762544718928986,0.1963588853823861,10.702276591223537,216.21,210.43599999999998,204.42965,58.8235294117647,60.78431372549019,51,1,1,51,1.9607843137254901,0.0,-1.1102230246251565e-14,0.0,"(0,2]",>2,>5,"(0,1]","(10,20]","(50,75]","(50,75]",1,<=2
CHOP_2015_2016,PG,legacy,MACD_PASS,2016-11-25,2016-11-28,80.61,GREEN,217.14,210.7488,204.8204,-0.0844636791391806,-0.1824964867102726,-0.2332417332707883,True,2016-11-18,79.232,1.7391962843295694,False,,3.138568415829313,-2.347103337054945,3.138568415829313,-2.347103337054945,-0.1687135591117661,2.405408758218597,1.8992680808832765,1.767770748046149,True,10.0,True,12.0,False,,MACD_PASS,legacy,1.155315382465294,3.0326151323281314,6.014830553987771,0.3442434215225276,10.53170974034798,217.14,210.74880000000002,204.8204,62.745098039215684,78.43137254901961,51,1,1,51,1.9607843137254901,0.0,2.220446049250313e-14,0.0,"(0,2]",>2,>5,"(0,1]","(10,20]","(50,75]",>75,1,<=2
CHOP_2015_2016,BDX,legacy,MACD_FAIL,2016-12-06,2016-12-07,161.64,GREEN,217.31,211.5392,205.91685,-0.5549787227823253,-0.5319931209355842,-0.4014239510130082,False,2016-12-05,159.51,1.335339477148767,False,,5.153427369463004,-1.3548626577579823,5.153427369463004,-1.3548626577579823,2.5921801534273925,1.5095273447166768,1.6208859193268976,2.6787923781242284,True,2.0,True,3.0,True,4.0,MACD_FAIL,legacy,0.3555925002309168,2.7280050222370233,5.53288863927357,0.603126441592039,6.611248062231311,217.31,211.5392,205.91685,60.78431372549019,45.09803921568628,51,1,1,51,1.9607843137254901,0.0,0.0,0.0,"(0,2]",>2,>5,"(0,1]",<=10,"(50,75]","(25,50]",1,<=2
CHOP_2015_2016,JNJ,legacy,MACD_PASS,2016-12-07,2016-12-08,108.4,GREEN,220.14,211.716,206.08505,-0.236156302571698,-0.2375493335573757,-0.3033313166643685,True,2016-11-21,107.2,1.1194029850746243,False,,6.11623616236161,-0.5535055350553542,6.11623616236161,-0.5535055350553542,4.843173431734327,4.428044280442811,4.225092250922513,5.193726937269361,True,2.0,True,2.0,True,4.0,MACD_PASS,legacy,1.9119485209018183,3.9789151504846076,6.819975539225176,0.6082609439449493,7.6393294865061465,220.14,211.71599999999998,206.08505000000002,60.78431372549019,78.43137254901961,51,2,2,51,3.9215686274509802,0.0,-1.1102230246251565e-14,2.220446049250313e-14,"(0,2]",>2,>5,"(0,1]",<=10,"(50,75]",>75,2-4,"(2,5]"
CHOP_2015_2016,SWK,legacy,MACD_FAIL,2016-12-07,2016-12-08,118.86,GREEN,220.14,211.716,206.08505,-0.1149190522382118,-0.2479040023059713,-0.247808888502503,False,2016-12-01,116.45,2.0695577501073315,True,6.0,0.9759380784115644,-5.12367491166078,0.9759380784115644,-3.070839643277812,-1.901396601043248,-3.8532727578664,-4.787144539794719,-2.3136463065791646,False,,False,,False,,MACD_FAIL,legacy,1.9119485209018183,3.9789151504846076,6.819975539225176,0.6082609439449493,7.6393294865061465,220.14,211.71599999999998,206.08505000000002,60.78431372549019,78.43137254901961,51,2,2,51,3.9215686274509802,0.0,-1.1102230246251565e-14,2.220446049250313e-14,"(0,2]",>2,>5,"(0,1]",<=10,"(50,75]",>75,2-4,"(2,5]"
CHOP_2015_2016,AFL,legacy,MACD_PASS,2016-12-08,2016-12-09,67.593,GREEN,220.69,211.8828,206.2448,-0.2771809150054002,-0.3376945875154333,-0.3896636350106081,True,2016-12-02,66.974,0.9242392570251168,False,,2.936694628141967,-1.8611394671046,2.936694628141967,-1.8611394671046,0.9172547453138558,1.992809906351245,1.439498172887732,0.9453641649283197,True,3.0,False,,False,,MACD_PASS,legacy,2.541585354520959,4.156637537355579,7.003909916759121,0.6067282353220405,7.011358267991745,220.69,211.88279999999997,206.2448,62.745098039215684,92.15686274509804,51,1,1,51,1.9607843137254901,0.0,-1.1102230246251565e-14,0.0,>2,>2,>5,"(0,1]",<=10,"(50,75]",>75,1,<=2
CHOP_2015_2016,MHFI,legacy,MACD_PASS,2016-12-13,2016-12-14,115.31,GREEN,223.26,212.54460000000003,206.74785,-0.1877750716236286,-0.4573972911790076,-0.4993608254102797,True,2016-11-23,111.6,3.324372759856642,True,4.0,0.6417483305870997,-7.848408637585635,0.6417483305870997,-3.91986818142398,-3.980574104587631,-6.63429017431273,-1.4916312548781565,-3.356170323475849,False,,False,,False,,MACD_PASS,legacy,2.7380240209838425,5.041483058144003,7.986612678197136,0.7151406825584905,7.215835702600651,223.26,212.54460000000003,206.74785,74.50980392156863,94.11764705882354,51,1,1,51,1.9607843137254901,0.0,0.0,0.0,>2,>2,>5,"(0,1]",<=10,"(50,75]",>75,1,<=2
CHOP_2015_2016,NUE,legacy,MACD_PASS,2016-12-21,2016-12-22,60.305,GREEN,222.6,213.9176,207.63715,-0.7848398136398398,-0.8404229805197363,-0.8897776516534539,True,2016-12-20,58.991,2.227458425861561,True,5.0,1.7709974297321909,-4.0494154713539565,1.6880855650443616,-3.449133571014007,-3.236879197413145,-3.041207196749862,-2.2303291601028064,-0.9617776303789016,False,,False,,False,,MACD_PASS,legacy,0.5374644325008004,4.058759073587215,7.206248978085084,1.039883617676507,7.621318128803028,222.6,213.9176,207.63715,76.47058823529412,58.8235294117647,51,1,1,51,1.9607843137254901,0.0,0.0,0.0,"(0,2]",>2,>5,>1,<=10,>75,"(50,75]",1,<=2
COVID_2020,HRL,yfinance,MACD_FAIL,2020-01-07,2020-01-08,36.222244197221485,GREEN,294.17462158203125,284.81135925292966,268.5792478942871,-0.1558235374495308,-0.1691790996635284,-0.1587716300381734,False,2020-01-06,35.91300039800501,0.861091515020429,False,,8.431264337894584,-0.4717815211306542,8.431264337894584,-0.4717815211306542,2.310697820556573,6.127591487194106,8.137681803613273,5.90173580273361,True,2.0,True,3.0,True,7.0,MACD_FAIL,yfinance,0.5139083719672755,3.2875533054825157,9.52993713032666,1.6489787483121576,6.969114492600426,294.1746826171875,284.811357421875,268.5792490386963,64.51612903225806,30.64516129032258,64,1,1,64,1.5625,2.0747933970888255e-05,-6.42900843672578e-07,4.2609740180665767e-07,"(0,2]",>2,>5,>1,<=10,"(50,75]","(25,50]",1,<=2
COVID_2020,ABT,yfinance,MACD_FAIL,2020-01-08,2020-01-09,76.2071155869388,GREEN,295.7424621582031,285.25482360839845,268.8043450927734,-0.1914066787492804,-0.1912869189037924,-0.1520618834497491,False,2020-01-07,75.53602044512724,0.8884438680471396,True,1.0,7.581317570255175,-2.24008290515858,0.7995674390416596,-1.3093552702653333,2.728815107568261,5.195802772856273,1.4022153115320402,2.251732142031515,False,,False,,False,,MACD_FAIL,yfinance,0.8047305838189578,3.676607270753318,10.021481206389172,1.6327467015652353,6.870674964345383,295.7425231933594,285.25482360839845,268.80434616088866,64.51612903225806,32.25806451612903,64,2,2,64,3.125,2.063794146689446e-05,0.0,3.9735787993322447e-07,"(0,2]",>2,>5,>1,<=10,"(50,75]","(25,50]",2-4,"(2,5]"
COVID_2020,CAH,yfinance,MACD_PASS,2020-01-08,2020-01-09,42.59545907956449,GREEN,295.7424621582031,285.25482360839845,268.8043450927734,-0.112234341963916,-0.1619515300075787,-0.1963695196911847,True,2019-12-17,41.51784936065293,2.595533572923548,False,,20.47808759800596,-1.0557820437035126,20.47808759800596,-1.0557820437035126,8.406366360213301,7.211155195985475,2.0119566301902925,16.015940427153108,True,3.0,True,3.0,True,4.0,MACD_PASS,yfinance,0.8047305838189578,3.676607270753318,10.021481206389172,1.6327467015652353,6.870674964345383,295.7425231933594,285.25482360839845,268.80434616088866,64.51612903225806,32.25806451612903,64,2,2,64,3.125,2.063794146689446e-05,0.0,3.9735787993322447e-07,"(0,2]",>2,>5,>1,<=10,"(50,75]","(25,50]",2-4,"(2,5]"
COVID_2020,APD,yfinance,MACD_PASS,2020-01-09,2020-01-10,200.21756925254036,GREEN,297.747802734375,285.7075555419922,269.03012428283694,-0.4610010654556423,-0.8389863351865796,-0.9078455293445608,True,2020-01-06,192.02959918045957,4.263910411220584,False,,7.46269907864352,-1.3859275053304976,7.46269907864352,-1.3859275053304976,1.066111516504109,-0.4392317973938797,3.629020182199083,7.339034549903345,True,9.0,True,9.0,True,16.0,MACD_PASS,yfinance,0.5479091781228407,4.214175548878951,10.674509746007166,1.6176357857892842,6.979690537797664,297.7477722167969,285.7075543212891,269.0301252746582,70.96774193548387,48.38709677419355,64,3,3,64,4.6875,-1.0249472148782246e-05,-4.272561526796892e-07,3.6866549812941685e-07,"(0,2]",>2,>5,>1,<=10,"(50,75]","(25,50]",2-4,"(2,5]"
COVID_2020,LIN,yfinance,MACD_PASS,2020-01-09,2020-01-10,192.13046608142565,GREEN,297.747802734375,285.7075555419922,269.03012428283694,-0.6843647186257364,-0.8579981490043993,-0.9483886294101432,True,2020-01-06,186.1588504563706,3.20780645691332,True,14.0,3.1697856547830305,-3.687008256792479,1.746222259266328,-3.687008256792479,1.594380154572539,-2.7806558035334827,-0.6168801027524706,2.2302395851025336,False,,False,,False,,MACD_PASS,yfinance,0.5479091781228407,4.214175548878951,10.674509746007166,1.6176357857892842,6.979690537797664,297.7477722167969,285.7075543212891,269.0301252746582,70.96774193548387,48.38709677419355,64,3,3,64,4.6875,-1.0249472148782246e-05,-4.272561526796892e-07,3.6866549812941685e-07,"(0,2]",>2,>5,>1,<=10,"(50,75]","(25,50]",2-4,"(2,5]"
COVID_2020,SHW,yfinance,MACD_PASS,2020-01-09,2020-01-10,178.60040199871605,GREEN,297.747802734375,285.7075555419922,269.03012428283694,-0.5539156352271104,-0.5922748172637139,-0.71847747914283,True,2020-01-06,175.93955900586235,1.5123619769702,True,14.0,5.65291408769939,-2.9321101364345403,5.65291408769939,-2.9321101364345403,4.687881209760358,2.8916199209220617,1.2433155829232767,0.7801448833123725,True,3.0,True,3.0,True,6.0,MACD_PASS,yfinance,0.5479091781228407,4.214175548878951,10.674509746007166,1.6176357857892842,6.979690537797664,297.7477722167969,285.7075543212891,269.0301252746582,70.96774193548387,48.38709677419355,64,3,3,64,4.6875,-1.0249472148782246e-05,-4.272561526796892e-07,3.6866549812941685e-07,"(0,2]",>2,>5,>1,<=10,"(50,75]","(25,50]",2-4,"(2,5]"
COVID_2020,ADM,yfinance,MACD_FAIL,2020-01-10,2020-01-13,36.53976354073404,GREEN,296.8910522460937,286.14478515625,269.258224029541,-0.302507792535828,-0.2645941192462959,-0.2071974885225622,False,2020-01-08,35.701770471191566,2.34720311761194,False,,5.608527712076983,-1.521375182331397,5.608527712076983,-1.521375182331397,2.4523236179654573,-0.2724777760506947,3.019980135200062,4.722970566608087,True,3.0,True,3.0,True,17.0,MACD_FAIL,yfinance,1.0235248194773838,3.755493282895106,10.262530047441976,1.6050023390387302,7.21215706382662,296.89093017578125,286.1447821044922,269.258224029541,66.12903225806451,50.0,64,3,3,64,4.6875,-4.111619784641363e-05,-1.0665082705862972e-06,0.0,"(0,2]",>2,>5,>1,<=10,"(50,75]","(25,50]",2-4,"(2,5]"
COVID_2020,LEG,yfinance,MACD_PASS,2020-01-10,2020-01-13,38.08723433791309,GREEN,296.8910522460937,286.14478515625,269.258224029541,-0.1557478725492893,-0.1669867677771171,-0.1864323851777908,True,2020-01-09,37.74909339932961,0.8957590981230945,True,13.0,4.439040850955811,-9.806322176099023,4.439040850955811,-4.156592783269031,3.1880429057126403,1.311504238330219,-4.096054020464535,-8.232461652073598,True,0.0,True,2.0,False,,MACD_PASS,yfinance,1.0235248194773838,3.755493282895106,10.262530047441976,1.6050023390387302,7.21215706382662,296.89093017578125,286.1447821044922,269.258224029541,66.12903225806451,50.0,64,3,3,64,4.6875,-4.111619784641363e-05,-1.0665082705862972e-06,0.0,"(0,2]",>2,>5,>1,<=10,"(50,75]","(25,50]",2-4,"(2,5]"
COVID_2020,PG,yfinance,MACD_PASS,2020-01-10,2020-01-13,104.45631600307694,GREEN,296.8910522460937,286.14478515625,269.258224029541,-0.2144099669346285,-0.2940235702678299,-0.3898880408040017,True,2020-01-06,102.66204752493888,1.747742735894886,False,,3.912095081907218,-0.1532277753276245,3.912095081907218,-0.1532277753276245,1.6854701768346023,2.240947083442646,1.9407710209094156,0.7239105235059551,True,3.0,True,10.0,False,,MACD_PASS,yfinance,1.0235248194773838,3.755493282895106,10.262530047441976,1.6050023390387302,7.21215706382662,296.89093017578125,286.1447821044922,269.258224029541,66.12903225806451,50.0,64,3,3,64,4.6875,-4.111619784641363e-05,-1.0665082705862972e-06,0.0,"(0,2]",>2,>5,>1,<=10,"(50,75]","(25,50]",2-4,"(2,5]"
COVID_2020,CB,yfinance,MACD_FAIL,2020-01-13,2020-01-14,135.80895953381156,GREEN,298.9327697753906,286.6059765625,269.4917700958252,-0.5410315585581185,-0.4285931593356884,-0.2322267197661646,False,2020-01-09,135.0413450221371,0.5684292551652481,False,,11.544114727401976,-0.857781341766628,11.544114727401976,-0.857781341766628,2.2942067687289125,0.3391657620651633,9.94152416454057,8.983935403480924,True,3.0,True,14.0,True,15.0,MACD_FAIL,yfinance,1.331716786347359,4.300945160380021,10.924626625626232,1.598294943544798,7.026955058464196,298.9327392578125,286.60597351074216,269.4917696380615,70.96774193548387,66.12903225806451,64,2,2,64,3.125,-1.0208843326253714e-05,-1.0647921211415223e-06,-1.6986184681044847e-07,"(0,2]",>2,>5,>1,<=10,"(50,75]","(50,75]",2-4,"(2,5]"
COVID_2020,PEP,yfinance,MACD_PASS,2020-01-13,2020-01-14,111.23921094084376,GREEN,298.9327697753906,286.6059765625,269.4917700958252,-0.1677154230622495,-0.2890624021822696,-0.2937855643391379,True,2020-01-07,109.41759689168386,1.6648273229425523,False,,7.754449610105629,-0.3524715474774953,7.754449610105629,-0.3524715474774953,5.287125224271194,4.07548044067374,5.962692189347707,7.269794242183059,True,1.0,True,3.0,True,5.0,MACD_PASS,yfinance,1.331716786347359,4.300945160380021,10.924626625626232,1.598294943544798,7.026955058464196,298.9327392578125,286.60597351074216,269.4917696380615,70.96774193548387,66.12903225806451,64,2,2,64,3.125,-1.0208843326253714e-05,-1.0647921211415223e-06,-1.6986184681044847e-07,"(0,2]",>2,>5,>1,<=10,"(50,75]","(50,75]",2-4,"(2,5]"
COVID_2020,ED,yfinance,MACD_PASS,2020-01-14,2020-01-15,69.69951376401647,GREEN,298.4769897460937,287.0727471923828,269.71508476257327,-0.1774574912885973,-0.2088454906907725,-0.243492099750371,True,2020-01-08,68.61515763272519,1.580344881076412,False,,7.994567406136221,-0.1249155273691293,7.994567406136221,-0.1249155273691293,5.348618677873884,7.585765411475376,6.143537078782368,6.336571958500636,True,2.0,True,3.0,True,5.0,MACD_PASS,yfinance,1.4625215622859011,3.9726182074061756,10.663832833341957,1.6109946823534838,7.11988843722685,298.47705078125,287.07274658203124,269.71508499145506,69.35483870967742,75.80645161290323,64,3,3,64,4.6875,2.0448864868072292e-05,-2.1261215010781598e-07,8.486058522549911e-08,"(0,2]",>2,>5,>1,<=10,"(50,75]",>75,2-4,"(2,5]"
COVID_2020,PPG,yfinance,MACD_PASS,2020-01-14,2020-01-15,113.26780907170654,GREEN,298.4769897460937,287.0727471923828,269.71508476257327,-0.4233677798761934,-0.5561415368458252,-0.661238484765931,True,2020-01-06,111.30301787358997,1.7652631848204203,True,1.0,1.6729612648407333,-7.987040343172113,1.6729612648407333,-3.3382196024892785,-2.659793433515456,-5.088267188465467,-4.124602202144533,-7.13130323888167,False,,False,,False,,MACD_PASS,yfinance,1.4625215622859011,3.9726182074061756,10.663832833341957,1.6109946823534838,7.11988843722685,298.47705078125,287.07274658203124,269.71508499145506,69.35483870967742,75.80645161290323,64,3,3,64,4.6875,2.0448864868072292e-05,-2.1261215010781598e-07,8.486058522549911e-08,"(0,2]",>2,>5,>1,<=10,"(50,75]",>75,2-4,"(2,5]"
COVID_2020,TGT,yfinance,MACD_PASS,2020-01-14,2020-01-15,97.54789584301687,GREEN,298.4769897460937,287.0727471923828,269.71508476257327,-0.5834025192346454,-0.7220616799301116,-0.7791314483900096,True,2020-01-06,101.84036841747816,-4.2149028338791865,True,0.0,1.6256734163226705,-6.060093940456579,1.6256734163226705,-1.642693284762542,-1.6682166197736104,-2.4001772016247536,-2.000163054801185,0.6723725604172115,False,,False,,False,,MACD_PASS,yfinance,1.4625215622859011,3.9726182074061756,10.663832833341957,1.6109946823534838,7.11988843722685,298.47705078125,287.07274658203124,269.71508499145506,69.35483870967742,75.80645161290323,64,3,3,64,4.6875,2.0448864868072292e-05,-2.1261215010781598e-07,8.486058522549911e-08,"(0,2]",>2,>5,>1,<=10,"(50,75]",>75,2-4,"(2,5]"
COVID_2020,AFL,yfinance,MACD_FAIL,2020-01-15,2020-01-16,45.04183988290779,GREEN,299.15155029296875,287.5020318603516,269.9267227935791,-0.0366229157638502,-0.042767097706973,-0.0380572147320341,False,2020-01-08,44.613289262034726,0.960589608974982,True,6.0,1.731701237461647,-1.960020424686637,1.731701237461647,-1.7126250599868165,-0.3044525289366273,-1.8648743816617297,0.7231530911503636,0.4947887584816568,False,,False,,False,,MACD_FAIL,yfinance,1.1526907071805814,4.051967380801114,10.826937500382371,1.5967677151150772,6.871927510440001,299.1515197753906,287.50203125,269.9267222595215,74.19354838709677,64.51612903225806,64,4,4,64,6.25,-1.0201377231844333e-05,-2.1229471514061515e-07,-1.9785278970729792e-07,"(0,2]",>2,>5,>1,<=10,"(50,75]","(50,75]",2-4,"(5,10]"
COVID_2020,GPC,yfinance,MACD_PASS,2020-01-15,2020-01-16,82.43779447586562,GREEN,299.15155029296875,287.5020318603516,269.9267227935791,-0.567233342701246,-0.601552909473817,-0.6602077709082383,True,2020-01-07,80.84356387837947,1.971994455717585,True,6.0,3.0460779390603765,-6.342676499235955,3.0460779390603765,-4.128250319466698,-1.733471813540699,-6.242477619188569,-4.428828363049419,-3.336668530594256,True,1.0,True,1.0,False,,MACD_PASS,yfinance,1.1526907071805814,4.051967380801114,10.826937500382371,1.5967677151150772,6.871927510440001,299.1515197753906,287.50203125,269.9267222595215,74.19354838709677,64.51612903225806,64,4,4,64,6.25,-1.0201377231844333e-05,-2.1229471514061515e-07,-1.9785278970729792e-07,"(0,2]",>2,>5,>1,<=10,"(50,75]","(50,75]",2-4,"(5,10]"
COVID_2020,NUE,yfinance,MACD_PASS,2020-01-15,2020-01-16,47.60025820957748,GREEN,299.15155029296875,287.5020318603516,269.9267227935791,-0.2186824453756923,-0.2539118253777146,-0.3360081103978717,True,2019-12-31,46.57394465716236,2.203621703014358,True,2.0,0.3717732677832597,-13.011124661952143,0.3717732677832597,-3.215584611868394,-6.449793345583266,-11.728608501820826,-10.929345605561934,-12.360562568653178,False,,False,,False,,MACD_PASS,yfinance,1.1526907071805814,4.051967380801114,10.826937500382371,1.5967677151150772,6.871927510440001,299.1515197753906,287.50203125,269.9267222595215,74.19354838709677,64.51612903225806,64,4,4,64,6.25,-1.0201377231844333e-05,-2.1229471514061515e-07,-1.9785278970729792e-07,"(0,2]",>2,>5,>1,<=10,"(50,75]","(50,75]",2-4,"(5,10]"
COVID_2020,VFC,yfinance,MACD_FAIL,2020-01-15,2020-01-16,78.53525882319671,GREEN,299.15155029296875,287.5020318603516,269.9267227935791,-0.6297831897054229,-0.6196451307618056,-0.6448927463967467,False,2020-01-10,77.32137582184257,1.569919040435952,True,1.0,0.2385847758283654,-14.688821445566555,0.2385847758283654,-3.0601852897462534,-12.313292606555926,-13.931533001087082,-13.941888775922717,-13.215750781889769,False,,False,,False,,MACD_FAIL,yfinance,1.1526907071805814,4.051967380801114,10.826937500382371,1.5967677151150772,6.871927510440001,299.1515197753906,287.50203125,269.9267222595215,74.19354838709677,64.51612903225806,64,4,4,64,6.25,-1.0201377231844333e-05,-2.1229471514061515e-07,-1.9785278970729792e-07,"(0,2]",>2,>5,>1,<=10,"(50,75]","(50,75]",2-4,"(5,10]"
COVID_2020,CAT,yfinance,MACD_FAIL,2020-01-16,2020-01-17,130.06099875563322,GREEN,301.6400146484375,287.9587738037109,270.1501737213135,-0.2994901066181508,-0.4042078242495173,-0.3453045971256836,False,2020-01-15,127.3915570543424,2.095462025126271,True,2.0,0.7200580872563256,-12.166290539681391,0.7200580872563256,-3.18587619616153,-7.798389902996517,-11.847017920262282,-8.756186568858283,-7.220974822015879,False,,False,,False,,MACD_FAIL,yfinance,1.3072280617457022,4.751112063979934,11.656421104754443,1.585739908837569,7.245175085046624,301.6400146484375,287.9587707519531,270.1501728820801,80.64516129032258,75.80645161290323,64,2,2,64,3.125,0.0,-1.0597898336683897e-06,-3.106544022024593e-07,"(0,2]",>2,>5,>1,<=10,>75,>75,2-4,"(2,5]"
COVID_2020,WMT,yfinance,MACD_FAIL,2020-01-16,2020-01-17,35.40818764781676,GREEN,301.6400146484375,287.9587738037109,270.1501737213135,-0.0931142333932064,-0.1098347767833629,-0.1056966924889426,False,2020-01-02,34.941362932563166,1.3360232002242345,True,4.0,3.3605920623220875,-2.9039264881005056,0.4136139956917306,-1.6372399322623576,-0.1637348717913433,-1.533842584967415,-0.6893626354706139,3.0848491885711926,False,,False,,False,,MACD_FAIL,yfinance,1.3072280617457022,4.751112063979934,11.656421104754443,1.585739908837569,7.245175085046624,301.6400146484375,287.9587707519531,270.1501728820801,80.64516129032258,75.80645161290323,64,2,2,64,3.125,0.0,-1.0597898336683897e-06,-3.106544022024593e-07,"(0,2]",>2,>5,>1,<=10,>75,>75,2-4,"(2,5]"
COVID_2020,T,yfinance,MACD_FAIL,2020-01-17,2020-01-21,18.621262405164064,GREEN,302.5787658691406,288.4404571533203,270.3762964630127,-0.0336142406456018,-0.0438987055661,-0.040684622868836,False,2020-01-15,18.339637228113705,1.5356093119368808,True,6.0,2.0599924360072963,-5.293348878604387,2.0599924360072963,-3.441981987957288,0.5997761893287157,-1.8774476930281887,-0.4693421331318559,0.2346901611092633,True,1.0,False,,False,,MACD_FAIL,yfinance,1.9158203065172685,4.901660180076339,11.910263998246506,1.5932197453596642,7.218298245071667,302.5788269042969,288.44045593261717,270.37629623413085,83.87096774193549,82.25806451612904,64,1,1,64,1.5625,2.01716588099643e-05,-4.232080241806102e-07,-8.465307343996642e-08,"(0,2]",>2,>5,>1,<=10,>75,>75,1,<=2
COVID_2020,SYY,yfinance,MACD_PASS,2020-01-21,2020-01-22,70.1016610048862,GREEN,301.9862976074219,288.9090209960938,270.59604270935057,-0.2807260971928397,-0.3249215096857259,-0.3392975190693196,True,2020-01-15,68.95313934117294,1.6656553634643023,True,5.0,0.597943056179151,-11.038063045798951,0.597943056179151,-2.343933102748597,-2.0688763786477216,-9.471455690321651,-7.366652475948021,-8.263580284063831,False,,False,,False,,MACD_PASS,yfinance,1.0215071766134232,4.526454842233352,11.600434124423241,1.5936902215015314,7.320510870158594,301.9863586425781,288.90902221679687,270.5960429382324,80.64516129032258,70.96774193548387,64,1,1,64,1.5625,2.0211233664468864e-05,4.2252161769340546e-07,8.458431732805138e-08,"(0,2]",>2,>5,>1,<=10,>75,"(50,75]",1,<=2
COVID_2020,GWW,yfinance,MACD_FAIL,2020-01-27,2020-01-28,299.92049873267393,GREEN,294.87646484375,290.49323486328126,271.410997543335,-2.3532766939500944,-1.8814843935683052,-1.654587766780682,False,2020-01-24,295.78144890661764,1.3993608596335694,True,2.0,1.6849994277516878,-12.25909867689009,1.6849994277516878,-5.452379511651295,-5.079632892488196,-6.886548907344481,-4.946113622598891,-11.844395553873788,False,,False,,False,,MACD_FAIL,yfinance,-2.545582140339653,1.5088811298033855,8.645720420035419,1.5196693638312775,10.067719165198803,294.8764343261719,290.49323669433596,271.41099822998046,54.83870967741935,25.806451612903224,64,1,1,64,1.5625,-1.0349275636478694e-05,6.303261024243056e-07,2.529910281268144e-07,"(-4,-2]","(0,2]",>5,>1,"(10,20]","(50,75]","(25,50]",1,<=2
COVID_2020,ABBV,yfinance,MACD_PASS,2020-02-04,2020-02-05,65.6660175412691,GREEN,299.94451904296875,292.3174621582031,272.51810722351075,-0.3614869865559632,-0.5435677264142392,-0.619464871482003,True,2020-01-24,62.07623345737582,5.782863881968892,False,,15.048209485785002,-4.091214133330812,15.048209485785002,-4.091214133330812,14.965914988504723,10.780624016532258,0.4232351498103526,6.5248088578667485,True,0.0,True,1.0,True,2.0,MACD_PASS,yfinance,0.663842006094173,2.6091995586171146,10.064102364541917,1.1797632198051522,13.102555799219756,299.9446105957031,292.31746459960937,272.5181091308594,59.67741935483871,50.0,64,3,3,64,4.6875,3.0523222993572574e-05,8.351900060432627e-07,6.998979396044547e-07,"(0,2]",>2,>5,>1,"(10,20]","(50,75]","(25,50]",2-4,"(2,5]"
COVID_2020,LOW,yfinance,MACD_FAIL,2020-02-04,2020-02-05,106.8375206224803,GREEN,299.94451904296875,292.3174621582031,272.51810722351075,-0.4022662288928137,-0.4998341159260924,-0.4250159317919477,False,2020-02-03,103.46894059042154,3.2556436867302807,True,14.0,5.152664242742877,-14.595088564540282,5.152664242742877,-7.102575778875231,3.742114173688704,5.019903168697848,-10.703612693592223,-10.786592496882864,True,4.0,True,5.0,True,10.0,MACD_FAIL,yfinance,0.663842006094173,2.6091995586171146,10.064102364541917,1.1797632198051522,13.102555799219756,299.9446105957031,292.31746459960937,272.5181091308594,59.67741935483871,50.0,64,3,3,64,4.6875,3.0523222993572574e-05,8.351900060432627e-07,6.998979396044547e-07,"(0,2]",>2,>5,>1,"(10,20]","(50,75]","(25,50]",2-4,"(2,5]"
COVID_2020,ROST,yfinance,MACD_PASS,2020-02-04,2020-02-05,109.92646427740064,GREEN,299.94451904296875,292.3174621582031,272.51810722351075,-0.418820017427973,-0.6532990317067979,-0.7321592817153697,True,2020-01-28,104.67757048036202,5.0143443079081695,True,16.0,6.056212535254768,-13.983080094183087,6.056212535254768,-8.806697233970418,2.5540136314968542,5.757240880871528,-4.381997427231877,-13.137427405081404,True,1.0,True,5.0,True,8.0,MACD_PASS,yfinance,0.663842006094173,2.6091995586171146,10.064102364541917,1.1797632198051522,13.102555799219756,299.9446105957031,292.31746459960937,272.5181091308594,59.67741935483871,50.0,64,3,3,64,4.6875,3.0523222993572574e-05,8.351900060432627e-07,6.998979396044547e-07,"(0,2]",>2,>5,>1,"(10,20]","(50,75]","(25,50]",2-4,"(2,5]"
COVID_2020,DOV,yfinance,MACD_PASS,2020-02-05,2020-02-06,109.4896402725061,GREEN,303.4083251953125,292.75696166992185,272.7310814666748,-0.2126615357792554,-0.4583567477866871,-0.5657823472436021,True,2020-02-04,105.67653983370576,3.608275256552407,True,11.0,0.6781344632660335,-16.398603024582414,0.6781344632660335,-4.395121653568479,0.0920970394907128,-0.0083626758606958,-13.59819229752457,-14.649378454079386,False,,False,,False,,MACD_PASS,yfinance,1.9104929609371046,3.6382949074754922,11.248164775361191,1.1744033381669627,13.55010099084537,303.4083251953125,292.75696350097655,272.7310835266113,70.96774193548387,79.03225806451613,64,3,3,64,4.6875,0.0,6.254521567328197e-07,7.552994896187215e-07,"(0,2]",>2,>5,>1,"(10,20]","(50,75]",>75,2-4,"(2,5]"
COVID_2020,EMR,yfinance,MACD_PASS,2020-02-05,2020-02-06,66.27102253678258,GREEN,303.4083251953125,292.75696166992185,272.7310814666748,-0.2542114941082044,-0.4811217471102433,-0.5556326040286782,True,2020-01-28,61.57506539745388,7.626394075292175,True,11.0,0.0,-19.576302948582654,0.0,-9.355830143222,-3.9171675740115375,-5.296556248361128,-15.779737487206813,-18.367716660575606,False,,False,,False,,MACD_PASS,yfinance,1.9104929609371046,3.6382949074754922,11.248164775361191,1.1744033381669627,13.55010099084537,303.4083251953125,292.75696350097655,272.7310835266113,70.96774193548387,79.03225806451613,64,3,3,64,4.6875,0.0,6.254521567328197e-07,7.552994896187215e-07,"(0,2]",>2,>5,>1,"(10,20]","(50,75]",>75,2-4,"(2,5]"
COVID_2020,PNR,yfinance,MACD_PASS,2020-02-05,2020-02-06,40.92917847231048,GREEN,303.4083251953125,292.75696166992185,272.7310814666748,-0.2180575001759242,-0.3103074317270848,-0.3610586242187134,True,2020-01-29,39.092017613948286,4.699580555050908,True,12.0,0.0446644459725753,-16.9718611212747,0.0446644459725753,-5.381867883156655,-0.3126340105054748,-0.4912843521852283,-12.03662792491269,-14.515410735958334,False,,False,,False,,MACD_PASS,yfinance,1.9104929609371046,3.6382949074754922,11.248164775361191,1.1744033381669627,13.55010099084537,303.4083251953125,292.75696350097655,272.7310835266113,70.96774193548387,79.03225806451613,64,3,3,64,4.6875,0.0,6.254521567328197e-07,7.552994896187215e-07,"(0,2]",>2,>5,>1,"(10,20]","(50,75]",>75,2-4,"(2,5]"
COVID_2020,EXPD,yfinance,MACD_PASS,2020-02-07,2020-02-10,67.81971062298202,GREEN,302.8067321777344,293.5755871582031,273.13859580993653,-0.1134782007217821,-0.1463857665436857,-0.2423196936437625,True,2020-01-22,67.11471017013145,1.0504410300863132,True,10.0,4.951449274461384,-9.72507062467477,4.951449274461384,-1.832859232781248,1.805491086433575,-1.053215418921516,-3.9529489378098193,-4.322282055799542,True,4.0,True,5.0,False,,MACD_PASS,yfinance,3.2542926139006667,3.1443928838143176,10.861945015946839,1.1627288782569023,13.547607732531617,302.8067626953125,293.5755926513672,273.1385983276367,64.51612903225806,82.25806451612904,64,2,2,64,3.125,1.0078236334365442e-05,1.8711242777413872e-06,9.217665297711619e-07,>2,>2,>5,>1,"(10,20]","(50,75]",>75,2-4,"(2,5]"
COVID_2020,MMM,yfinance,MACD_PASS,2020-02-07,2020-02-10,106.38411346725398,GREEN,302.8067321777344,293.5755871582031,273.13859580993653,-0.9719289716213058,-1.1420760555361322,-1.4833316225608555,True,2020-01-28,103.84090556095047,2.449138798015138,True,9.0,3.0148185263418004,-9.587441169527557,3.0148185263418004,-4.126778437134837,0.0679037163335172,-7.50901558582856,-8.523023171922773,-3.4465595287421547,True,2.0,True,2.0,False,,MACD_PASS,yfinance,3.2542926139006667,3.1443928838143176,10.861945015946839,1.1627288782569023,13.547607732531617,302.8067626953125,293.5755926513672,273.1385983276367,64.51612903225806,82.25806451612904,64,2,2,64,3.125,1.0078236334365442e-05,1.8711242777413872e-06,9.217665297711619e-07,>2,>2,>5,>1,"(10,20]","(50,75]",>75,2-4,"(2,5]"
COVID_2020,BDX,yfinance,MACD_FAIL,2020-02-11,2020-02-12,176.88362073763295,GREEN,305.5959777832031,294.3678857421875,273.5616750335693,-2.610567704013356,-2.7367413039185977,-2.411747205792892,False,2020-02-10,169.84294152692416,4.145405836363625,True,8.0,1.9589852366011629,-13.82186920934786,1.9589852366011629,-5.300679348046367,-1.285272775586599,-5.4798528704216976,-4.915121878478567,-13.810146119146072,False,,False,,False,,MACD_FAIL,yfinance,1.8841471076457061,3.8143157598144573,11.710094611068556,1.2112157052483141,13.512950118849362,305.59600830078125,294.3678875732422,273.56167709350586,62.903225806451616,74.19354838709677,64,2,2,64,3.125,9.98624993808761e-06,6.220293391479004e-07,7.530062573479768e-07,"(0,2]",>2,>5,>1,"(10,20]","(50,75]","(50,75]",2-4,"(2,5]"
COVID_2020,MKC,yfinance,MACD_PASS,2020-02-11,2020-02-12,71.24977463712627,GREEN,305.5959777832031,294.3678857421875,273.5616750335693,-0.2097338157158233,-0.2655442690339402,-0.3428052532586272,True,2020-02-03,70.04486118197224,1.7202025028270729,True,8.0,3.467951256154822,-19.680184880385443,3.467951256154822,-3.1554576404679624,0.3798705087937115,-7.93454680865755,-5.924888331107281,-19.62504345523668,True,1.0,True,2.0,False,,MACD_PASS,yfinance,1.8841471076457061,3.8143157598144573,11.710094611068556,1.2112157052483141,13.512950118849362,305.59600830078125,294.3678875732422,273.56167709350586,62.903225806451616,74.19354838709677,64,2,2,64,3.125,9.98624993808761e-06,6.220293391479004e-07,7.530062573479768e-07,"(0,2]",>2,>5,>1,"(10,20]","(50,75]","(50,75]",2-4,"(2,5]"
COVID_2020,NUE,yfinance,MACD_FAIL,2020-02-20,2020-02-21,42.035107202018,GREEN,307.13641357421875,297.2741369628906,274.8899291229248,0.1148146227609436,0.0777638778441671,0.044184302513992,False,2020-02-10,41.40692927451825,1.5170840690336584,True,2.0,2.399501672533244,-42.05429658383929,2.399501672533244,-5.451492230910626,-12.965655505144092,-16.628045941535895,-24.56323580791614,-35.52935759230959,True,0.0,False,,False,,MACD_FAIL,yfinance,-0.1393193109106683,3.3175698843790347,11.73068868387599,1.542977081584418,13.571479823840138,307.13641357421875,297.2741363525391,274.8899314880371,59.67741935483871,43.54838709677419,64,1,1,64,1.5625,0.0,-2.053160641501961e-07,8.60385229728422e-07,"(-2,0]",>2,>5,>1,"(10,20]","(50,75]","(25,50]",1,<=2
COVID_2020,ABT,yfinance,MACD_FAIL,2020-03-02,2020-03-03,72.34511311086489,GREEN,281.7414855957031,296.8803271484375,275.85561630249026,-0.9604652265401395,-1.1786833859368997,-1.0057346810363386,False,2020-02-25,65.6408823141395,10.21349890551555,True,9.0,3.4567344218957574,-24.4790437625517,2.353515721808241,-14.194656149707583,-0.8580581446153257,-2.5619272279852168,-14.574653518212155,-3.2728323501569734,True,0.0,False,,False,,MACD_FAIL,yfinance,-4.134365690797837,-5.099299429115101,2.1336872626915415,0.3491398269173551,29.71257053845862,281.74151611328125,296.8803332519531,275.8556198883057,11.290322580645162,4.838709677419355,64,19,19,64,29.6875,1.0831765884233846e-05,2.0558841518081294e-06,1.2998884857395865e-06,<=-4,<=-5,"(0,5]","(0,1]","(20,30]",<=25,<=25,10+,>10
COVID_2020,CAH,yfinance,MACD_FAIL,2020-03-02,2020-03-03,45.80284464540796,GREEN,281.7414855957031,296.8803271484375,275.85561630249026,-0.7501324906204521,-0.7933408591029073,-0.6456144557010834,False,2020-02-27,41.99302407195751,9.07250825023247,True,4.0,3.9088666552661744,-27.658383472974705,3.9088666552661744,-12.726914114363586,-7.910315492548059,-11.52277601325432,-19.3404958412431,-10.298592425262608,True,1.0,True,1.0,False,,MACD_FAIL,yfinance,-4.134365690797837,-5.099299429115101,2.1336872626915415,0.3491398269173551,29.71257053845862,281.74151611328125,296.8803332519531,275.8556198883057,11.290322580645162,4.838709677419355,64,19,19,64,29.6875,1.0831765884233846e-05,2.0558841518081294e-06,1.2998884857395865e-06,<=-4,<=-5,"(0,5]","(0,1]","(20,30]",<=25,<=25,10+,>10
COVID_2020,CAT,yfinance,MACD_FAIL,2020-03-02,2020-03-03,112.20533842941076,GREEN,281.7414855957031,296.8803271484375,275.85561630249026,-0.8217221043597589,-1.0030724692827349,-0.8756851529145016,False,2020-02-26,105.1637922646328,6.695789504298899,True,4.0,2.0157461091289357,-31.102361780296903,2.0157461091289357,-18.08662066378296,-16.149599866560738,-21.10237122533367,-20.2047293104874,-8.629917773610208,True,0.0,False,,False,,MACD_FAIL,yfinance,-4.134365690797837,-5.099299429115101,2.1336872626915415,0.3491398269173551,29.71257053845862,281.74151611328125,296.8803332519531,275.8556198883057,11.290322580645162,4.838709677419355,64,19,19,64,29.6875,1.0831765884233846e-05,2.0558841518081294e-06,1.2998884857395865e-06,<=-4,<=-5,"(0,5]","(0,1]","(20,30]",<=25,<=25,10+,>10
COVID_2020,CL,yfinance,MACD_FAIL,2020-03-02,2020-03-03,62.24508351346909,GREEN,281.7414855957031,296.8803271484375,275.85561630249026,-0.7505544635468664,-0.901363637549936,-0.6535013783754753,False,2020-02-28,56.90000227415144,9.393815510875324,True,7.0,4.024823029651925,-19.379707311200832,4.024823029651925,-12.887643507040636,-1.0199631418725708,-3.2391156371466945,-15.671917139530525,-8.532017079135535,True,0.0,True,1.0,False,,MACD_FAIL,yfinance,-4.134365690797837,-5.099299429115101,2.1336872626915415,0.3491398269173551,29.71257053845862,281.74151611328125,296.8803332519531,275.8556198883057,11.290322580645162,4.838709677419355,64,19,19,64,29.6875,1.0831765884233846e-05,2.0558841518081294e-06,1.2998884857395865e-06,<=-4,<=-5,"(0,5]","(0,1]","(20,30]",<=25,<=25,10+,>10
COVID_2020,CTAS,yfinance,MACD_FAIL,2020-03-02,2020-03-03,65.05550109554619,GREEN,281.7414855957031,296.8803271484375,275.85561630249026,-0.8004201716476904,-0.9315909955971732,-0.7655546900931537,False,2020-02-26,59.80441238100272,8.780436936809565,True,4.0,3.3310464495579284,-44.3635529608433,3.3310464495579284,-10.371696469694458,-3.233723541990285,-24.61157269267473,-37.34454766310936,-37.55361996094025,True,0.0,True,0.0,False,,MACD_FAIL,yfinance,-4.134365690797837,-5.099299429115101,2.1336872626915415,0.3491398269173551,29.71257053845862,281.74151611328125,296.8803332519531,275.8556198883057,11.290322580645162,4.838709677419355,64,19,19,64,29.6875,1.0831765884233846e-05,2.0558841518081294e-06,1.2998884857395865e-06,<=-4,<=-5,"(0,5]","(0,1]","(20,30]",<=25,<=25,10+,>10
COVID_2020,ECL,yfinance,MACD_FAIL,2020-03-02,2020-03-03,179.30285571312783,GREEN,281.7414855957031,296.8803271484375,275.85561630249026,-2.685732753646986,-3.0927897730661487,-2.479945149597258,False,2020-02-26,162.33346264481145,10.453416561097908,True,7.0,6.415205795624623,-35.0020290059057,6.415205795624623,-14.1519321470284,-0.702360763024068,-11.579797834665529,-20.202731541071596,-18.71079805509127,True,0.0,True,1.0,True,1.0,MACD_FAIL,yfinance,-4.134365690797837,-5.099299429115101,2.1336872626915415,0.3491398269173551,29.71257053845862,281.74151611328125,296.8803332519531,275.8556198883057,11.290322580645162,4.838709677419355,64,19,19,64,29.6875,1.0831765884233846e-05,2.0558841518081294e-06,1.2998884857395865e-06,<=-4,<=-5,"(0,5]","(0,1]","(20,30]",<=25,<=25,10+,>10
COVID_2020,GWW,yfinance,MACD_FAIL,2020-03-02,2020-03-03,267.6081365159694,GREEN,281.7414855957031,296.8803271484375,275.85561630249026,-1.4260914201951351,-2.1028688627167087,-1.829084734127281,False,2020-02-26,249.62907955966963,7.202308716602146,True,4.0,2.823342711319987,-30.418633055720555,2.823342711319987,-12.722391104084483,-3.0141055670396155,-14.526027211252934,-17.210625742185037,-13.808036344998232,True,1.0,False,,False,,MACD_FAIL,yfinance,-4.134365690797837,-5.099299429115101,2.1336872626915415,0.3491398269173551,29.71257053845862,281.74151611328125,296.8803332519531,275.8556198883057,11.290322580645162,4.838709677419355,64,19,19,64,29.6875,1.0831765884233846e-05,2.0558841518081294e-06,1.2998884857395865e-06,<=-4,<=-5,"(0,5]","(0,1]","(20,30]",<=25,<=25,10+,>10
COVID_2020,JNJ,yfinance,MACD_FAIL,2020-03-02,2020-03-03,117.69563582190736,GREEN,281.7414855957031,296.8803271484375,275.85561630249026,-1.276525374800447,-1.4209258513677077,-1.0573134532626307,False,2020-02-19,109.97815605521056,7.0172841985298495,True,7.0,2.599979013045117,-22.02859059301079,2.599979013045117,-11.071431365035131,1.171415565902012,-2.435729976251688,-14.871423545951856,-6.3357073351060444,True,1.0,False,,False,,MACD_FAIL,yfinance,-4.134365690797837,-5.099299429115101,2.1336872626915415,0.3491398269173551,29.71257053845862,281.74151611328125,296.8803332519531,275.8556198883057,11.290322580645162,4.838709677419355,64,19,19,64,29.6875,1.0831765884233846e-05,2.0558841518081294e-06,1.2998884857395865e-06,<=-4,<=-5,"(0,5]","(0,1]","(20,30]",<=25,<=25,10+,>10
COVID_2020,KMB,yfinance,MACD_FAIL,2020-03-02,2020-03-03,111.61853105876592,GREEN,281.7414855957031,296.8803271484375,275.85561630249026,-0.7894602566399375,-1.2076727630054322,-0.9769938951846396,False,2020-02-20,99.95714633023232,11.66638420229349,True,7.0,5.252027930084013,-21.3154575471578,5.252027930084013,-13.40860937436692,0.2719666625209838,2.440651623623502,-16.53722147703558,-9.07830679065964,True,1.0,True,1.0,True,1.0,MACD_FAIL,yfinance,-4.134365690797837,-5.099299429115101,2.1336872626915415,0.3491398269173551,29.71257053845862,281.74151611328125,296.8803332519531,275.8556198883057,11.290322580645162,4.838709677419355,64,19,19,64,29.6875,1.0831765884233846e-05,2.0558841518081294e-06,1.2998884857395865e-06,<=-4,<=-5,"(0,5]","(0,1]","(20,30]",<=25,<=25,10+,>10
COVID_2020,KO,yfinance,MACD_FAIL,2020-03-02,2020-03-03,46.59425375625285,GREEN,281.7414855957031,296.8803271484375,275.85561630249026,-0.5619455670041574,-0.614095464116998,-0.4485519801933447,False,2020-02-26,42.3420016724164,10.04263359284352,True,7.0,3.946437698776517,-35.5389537760044,3.946437698776517,-17.741352335944484,-5.461601348568113,-16.149073237842714,-29.88728749875382,-21.35644149787822,True,1.0,True,1.0,False,,MACD_FAIL,yfinance,-4.134365690797837,-5.099299429115101,2.1336872626915415,0.3491398269173551,29.71257053845862,281.74151611328125,296.8803332519531,275.8556198883057,11.290322580645162,4.838709677419355,64,19,19,64,29.6875,1.0831765884233846e-05,2.0558841518081294e-06,1.2998884857395865e-06,<=-4,<=-5,"(0,5]","(0,1]","(20,30]",<=25,<=25,10+,>10
COVID_2020,MCD,yfinance,MACD_FAIL,2020-03-02,2020-03-03,174.75018820142458,GREEN,281.7414855957031,296.8803271484375,275.85561630249026,-1.905024215135222,-2.0787885459819786,-1.4594812490128954,False,2020-02-27,163.3395491041355,6.985839718471576,True,4.0,2.5544360359391893,-38.49999619498239,2.5544360359391893,-8.861376195452586,-1.0594026911192045,-26.920791329677705,-19.8267325300234,-18.143569847151557,True,1.0,False,,False,,MACD_FAIL,yfinance,-4.134365690797837,-5.099299429115101,2.1336872626915415,0.3491398269173551,29.71257053845862,281.74151611328125,296.8803332519531,275.8556198883057,11.290322580645162,4.838709677419355,64,19,19,64,29.6875,1.0831765884233846e-05,2.0558841518081294e-06,1.2998884857395865e-06,<=-4,<=-5,"(0,5]","(0,1]","(20,30]",<=25,<=25,10+,>10
COVID_2020,PEP,yfinance,MACD_FAIL,2020-03-02,2020-03-03,112.06422784089204,GREEN,281.7414855957031,296.8803271484375,275.85561630249026,-1.1712868366842666,-1.2821323090045469,-0.8995843056166029,False,2020-02-26,104.84324838330645,6.88740531119918,True,7.0,4.02361960451858,-25.57415151815883,4.02361960451858,-16.64335554254056,-1.5629897234509582,-6.274211603177515,-16.459892819032618,-11.866069043796346,True,1.0,True,1.0,False,,MACD_FAIL,yfinance,-4.134365690797837,-5.099299429115101,2.1336872626915415,0.3491398269173551,29.71257053845862,281.74151611328125,296.8803332519531,275.8556198883057,11.290322580645162,4.838709677419355,64,19,19,64,29.6875,1.0831765884233846e-05,2.0558841518081294e-06,1.2998884857395865e-06,<=-4,<=-5,"(0,5]","(0,1]","(20,30]",<=25,<=25,10+,>10
COVID_2020,PG,yfinance,MACD_FAIL,2020-03-02,2020-03-03,101.4585286360292,GREEN,281.7414855957031,296.8803271484375,275.85561630249026,-0.9293381757713424,-1.1862300569569608,-0.944232475922735,False,2020-02-26,90.39155116858085,12.243375984120863,True,7.0,4.142644157452846,-21.20604979347499,4.142644157452846,-15.643541430738706,0.6848788167516995,-1.2444550511826913,-13.747594283706544,-8.12661312087737,True,1.0,True,1.0,False,,MACD_FAIL,yfinance,-4.134365690797837,-5.099299429115101,2.1336872626915415,0.3491398269173551,29.71257053845862,281.74151611328125,296.8803332519531,275.8556198883057,11.290322580645162,4.838709677419355,64,19,19,64,29.6875,1.0831765884233846e-05,2.0558841518081294e-06,1.2998884857395865e-06,<=-4,<=-5,"(0,5]","(0,1]","(20,30]",<=25,<=25,10+,>10
COVID_2020,SHW,yfinance,MACD_FAIL,2020-03-02,2020-03-03,170.43932760349793,GREEN,281.7414855957031,296.8803271484375,275.85561630249026,-1.81488700745034,-2.096978117422551,-1.6598332525619484,False,2020-02-26,156.92763520237085,8.610142110217023,True,7.0,6.353137405919052,-39.79317936078187,6.353137405919052,-12.859858343688735,1.0175391576818127,-22.22674470572964,-16.00310557521143,-14.985550537163885,True,0.0,True,1.0,True,1.0,MACD_FAIL,yfinance,-4.134365690797837,-5.099299429115101,2.1336872626915415,0.3491398269173551,29.71257053845862,281.74151611328125,296.8803332519531,275.8556198883057,11.290322580645162,4.838709677419355,64,19,19,64,29.6875,1.0831765884233846e-05,2.0558841518081294e-06,1.2998884857395865e-06,<=-4,<=-5,"(0,5]","(0,1]","(20,30]",<=25,<=25,10+,>10
COVID_2020,SPGI,yfinance,MACD_FAIL,2020-03-02,2020-03-03,260.2519744232535,GREEN,281.7414855957031,296.8803271484375,275.85561630249026,-2.9070684987320456,-4.099247679712566,-3.53109090283636,False,2020-02-25,230.77234718034452,12.774332628281115,True,4.0,2.6946899522804824,-35.803748706558004,2.6946899522804824,-16.520028447788583,-10.578633846135354,-21.450495737748376,-24.555772071063263,-15.450433611045078,True,0.0,False,,False,,MACD_FAIL,yfinance,-4.134365690797837,-5.099299429115101,2.1336872626915415,0.3491398269173551,29.71257053845862,281.74151611328125,296.8803332519531,275.8556198883057,11.290322580645162,4.838709677419355,64,19,19,64,29.6875,1.0831765884233846e-05,2.0558841518081294e-06,1.2998884857395865e-06,<=-4,<=-5,"(0,5]","(0,1]","(20,30]",<=25,<=25,10+,>10
COVID_2020,SWK,yfinance,MACD_PASS,2020-03-02,2020-03-03,115.79582443322084,GREEN,281.7414855957031,296.8803271484375,275.85561630249026,-1.9853068765011088,-2.267021608149728,-2.5400516641217448,True,2020-02-24,106.76691773830368,8.456652009986755,True,2.0,2.2198652933144825,-50.51255289070672,2.2198652933144825,-10.47715979390482,-7.677590955282221,-35.72991623098047,-36.182385948782105,-29.30361942948585,True,0.0,False,,False,,MACD_PASS,yfinance,-4.134365690797837,-5.099299429115101,2.1336872626915415,0.3491398269173551,29.71257053845862,281.74151611328125,296.8803332519531,275.8556198883057,11.290322580645162,4.838709677419355,64,19,19,64,29.6875,1.0831765884233846e-05,2.0558841518081294e-06,1.2998884857395865e-06,<=-4,<=-5,"(0,5]","(0,1]","(20,30]",<=25,<=25,10+,>10
COVID_2020,T,yfinance,MACD_FAIL,2020-03-02,2020-03-03,18.0920052874345,GREEN,281.7414855957031,296.8803271484375,275.85561630249026,-0.1100286886665945,-0.1503134100215467,-0.1042427043679293,False,2020-02-27,16.02836816759172,12.874904658200425,True,7.0,2.5764839108932014,-30.005375505141014,2.5764839108932014,-16.63985355545441,-3.784241711479664,-9.447121459417485,-24.610839119816973,-21.765973379310346,True,1.0,False,,False,,MACD_FAIL,yfinance,-4.134365690797837,-5.099299429115101,2.1336872626915415,0.3491398269173551,29.71257053845862,281.74151611328125,296.8803332519531,275.8556198883057,11.290322580645162,4.838709677419355,64,19,19,64,29.6875,1.0831765884233846e-05,2.0558841518081294e-06,1.2998884857395865e-06,<=-4,<=-5,"(0,5]","(0,1]","(20,30]",<=25,<=25,10+,>10
COVID_2020,TROW,yfinance,MACD_FAIL,2020-03-02,2020-03-03,94.37272364624415,GREEN,281.7414855957031,296.8803271484375,275.85561630249026,-1.6434226037751591,-1.9356611509799648,-1.66874063668703,False,2020-02-26,86.22014707636517,9.455535447716468,True,4.0,3.616202510929023,-33.037955644609106,3.616202510929023,-16.827385317822507,-9.36192446339571,-12.26194849501958,-27.365134795408,-20.750898529951023,True,1.0,True,1.0,False,,MACD_FAIL,yfinance,-4.134365690797837,-5.099299429115101,2.1336872626915415,0.3491398269173551,29.71257053845862,281.74151611328125,296.8803332519531,275.8556198883057,11.290322580645162,4.838709677419355,64,19,19,64,29.6875,1.0831765884233846e-05,2.0558841518081294e-06,1.2998884857395865e-06,<=-4,<=-5,"(0,5]","(0,1]","(20,30]",<=25,<=25,10+,>10
COVID_2020,WMT,yfinance,MACD_FAIL,2020-03-02,2020-03-03,35.41733430411764,GREEN,281.7414855957031,296.8803271484375,275.85561630249026,-0.1574521250046464,-0.2658094013580613,-0.1601258262453027,False,2020-02-26,31.844482492288535,11.219688725336653,True,7.0,10.337739503097843,-12.129553279879534,3.962801143426553,-11.285321615091693,3.1960921968906097,2.739511161179209,-0.4660666229831633,-1.686139987194435,True,4.0,True,4.0,False,,MACD_FAIL,yfinance,-4.134365690797837,-5.099299429115101,2.1336872626915415,0.3491398269173551,29.71257053845862,281.74151611328125,296.8803332519531,275.8556198883057,11.290322580645162,4.838709677419355,64,19,19,64,29.6875,1.0831765884233846e-05,2.0558841518081294e-06,1.2998884857395865e-06,<=-4,<=-5,"(0,5]","(0,1]","(20,30]",<=25,<=25,10+,>10
COVID_2020,ADM,yfinance,MACD_PASS,2020-03-03,2020-03-04,32.42032619883642,YELLOW,273.6745300292969,296.55607360839844,275.93146774291995,-0.596167742675449,-0.6339438628509502,-0.6980635145058014,True,2020-02-21,29.92002695974571,8.356607574099462,True,3.0,1.5991718456650483,-25.4062224114437,1.5991718456650483,-9.775579052659722,-9.54345983583339,-14.831063000144706,-15.656409514882233,-12.638634283837046,False,,False,,False,,MACD_PASS,yfinance,-3.969272373952948,-7.715737688786328,-0.8179134319452719,0.07430928771063883,30.972798217315344,273.6745910644531,296.55608032226564,275.93147163391114,4.838709677419355,6.451612903225806,64,20,20,64,31.25,2.230209594777932e-05,2.263945275693402e-06,1.4101295686685944e-06,"(-4,-2]",<=-5,"(-5,0]","(0,1]","(30,40]",<=25,<=25,10+,>10
COVID_2020,ADP,yfinance,MACD_FAIL,2020-03-03,2020-03-04,137.22808363031118,YELLOW,273.6745300292969,296.55607360839844,275.93146774291995,-2.356534095549492,-2.236464057792563,-2.532281837244164,False,2020-02-26,130.39352743438974,5.2414842441933285,True,5.0,3.913645385622488,-34.510892616307686,3.913645385622488,-8.035619793110204,-6.571163558593007,-25.307740444135074,-22.1383924363434,-17.609855733869082,True,0.0,True,0.0,False,,MACD_FAIL,yfinance,-3.969272373952948,-7.715737688786328,-0.8179134319452719,0.07430928771063883,30.972798217315344,273.6745910644531,296.55608032226564,275.93147163391114,4.838709677419355,6.451612903225806,64,20,20,64,31.25,2.230209594777932e-05,2.263945275693402e-06,1.4101295686685944e-06,"(-4,-2]",<=-5,"(-5,0]","(0,1]","(30,40]",<=25,<=25,10+,>10
COVID_2020,ALB,yfinance,MACD_FAIL,2020-03-03,2020-03-04,78.44230569043783,YELLOW,273.6745300292969,296.55607360839844,275.93146774291995,-1.1227896937003017,-1.1055575901820849,-1.1603891393114942,False,2020-02-27,70.70504590773254,10.943009347313248,True,3.0,2.022111922258163,-42.20538193304949,2.022111922258163,-18.18717215957346,-17.6228376212766,-18.85817672097687,-29.048191213487662,-35.17166050808698,True,1.0,False,,False,,MACD_FAIL,yfinance,-3.969272373952948,-7.715737688786328,-0.8179134319452719,0.07430928771063883,30.972798217315344,273.6745910644531,296.55608032226564,275.93147163391114,4.838709677419355,6.451612903225806,64,20,20,64,31.25,2.230209594777932e-05,2.263945275693402e-06,1.4101295686685944e-06,"(-4,-2]",<=-5,"(-5,0]","(0,1]","(30,40]",<=25,<=25,10+,>10
COVID_2020,AMCR,yfinance,MACD_PASS,2020-03-03,2020-03-04,37.17790572320751,YELLOW,273.6745300292969,296.55607360839844,275.93146774291995,-0.2631095306151135,-0.3428341971687804,-0.4637615119130189,True,2020-02-14,34.546554604298294,7.61682647965658,True,3.0,0.8238960497728876,-40.26776754066389,0.8238960497728876,-11.328528694077333,-17.71370441456194,-34.19155974779551,-20.597338845501657,-19.05251489766037,False,,False,,False,,MACD_PASS,yfinance,-3.969272373952948,-7.715737688786328,-0.8179134319452719,0.07430928771063883,30.972798217315344,273.6745910644531,296.55608032226564,275.93147163391114,4.838709677419355,6.451612903225806,64,20,20,64,31.25,2.230209594777932e-05,2.263945275693402e-06,1.4101295686685944e-06,"(-4,-2]",<=-5,"(-5,0]","(0,1]","(30,40]",<=25,<=25,10+,>10
COVID_2020,APD,yfinance,MACD_PASS,2020-03-03,2020-03-04,197.5878581502074,YELLOW,273.6745300292969,296.55607360839844,275.93146774291995,-3.0835263917663878,-3.287357357139787,-3.6360060869680826,True,2020-02-26,182.5523452961812,8.236274822781331,True,3.0,2.601332780266508,-27.65101842609331,2.601332780266508,-11.5288223321101,-10.206524373503267,-12.89860736674714,-17.401277014019524,-17.675187564153816,True,0.0,False,,False,,MACD_PASS,yfinance,-3.969272373952948,-7.715737688786328,-0.8179134319452719,0.07430928771063883,30.972798217315344,273.6745910644531,296.55608032226564,275.93147163391114,4.838709677419355,6.451612903225806,64,20,20,64,31.25,2.230209594777932e-05,2.263945275693402e-06,1.4101295686685944e-06,"(-4,-2]",<=-5,"(-5,0]","(0,1]","(30,40]",<=25,<=25,10+,>10
COVID_2020,ATO,yfinance,MACD_PASS,2020-03-03,2020-03-04,92.44536872862444,YELLOW,273.6745300292969,296.55607360839844,275.93146774291995,-1.4045279120025416,-1.4559000154385342,-1.5345460145369585,True,2020-02-26,87.12681595022964,6.1043809766134105,True,6.0,4.826754647611597,-27.811738433940548,4.826754647611597,-16.147843661884252,-4.715576460398408,-1.9455259738805688,-16.342415391233487,-12.321650966616126,True,0.0,True,0.0,False,,MACD_PASS,yfinance,-3.969272373952948,-7.715737688786328,-0.8179134319452719,0.07430928771063883,30.972798217315344,273.6745910644531,296.55608032226564,275.93147163391114,4.838709677419355,6.451612903225806,64,20,20,64,31.25,2.230209594777932e-05,2.263945275693402e-06,1.4101295686685944e-06,"(-4,-2]",<=-5,"(-5,0]","(0,1]","(30,40]",<=25,<=25,10+,>10
COVID_2020,BF-B,yfinance,MACD_PASS,2020-03-03,2020-03-04,55.14758759620556,YELLOW,273.6745300292969,296.55607360839844,275.93146774291995,-0.7453464666036478,-0.8396752061236135,-0.96028350447222,True,2020-02-26,52.251594191102576,5.542402006934588,True,3.0,3.5222616232532644,-28.26429729023548,3.5222616232532644,-15.05067127477392,-10.523049917701243,-12.35334771636064,-16.367221176306003,-14.151549468603452,True,0.0,True,0.0,False,,MACD_PASS,yfinance,-3.969272373952948,-7.715737688786328,-0.8179134319452719,0.07430928771063883,30.972798217315344,273.6745910644531,296.55608032226564,275.93147163391114,4.838709677419355,6.451612903225806,64,20,20,64,31.25,2.230209594777932e-05,2.263945275693402e-06,1.4101295686685944e-06,"(-4,-2]",<=-5,"(-5,0]","(0,1]","(30,40]",<=25,<=25,10+,>10
COVID_2020,CB,yfinance,MACD_FAIL,2020-03-03,2020-03-04,133.56926614534035,YELLOW,273.6745300292969,296.55607360839844,275.93146774291995,-1.9174433299760565,-1.740280839756375,-1.842363724201864,False,2020-02-27,128.45771328709372,3.979171610211263,True,3.0,2.954706258497297,-40.939821090644735,2.954706258497297,-10.7775337877566,-11.230550171072984,-32.515209894373484,-30.648576904770263,-29.03400034370852,True,0.0,False,,False,,MACD_FAIL,yfinance,-3.969272373952948,-7.715737688786328,-0.8179134319452719,0.07430928771063883,30.972798217315344,273.6745910644531,296.55608032226564,275.93147163391114,4.838709677419355,6.451612903225806,64,20,20,64,31.25,2.230209594777932e-05,2.263945275693402e-06,1.4101295686685944e-06,"(-4,-2]",<=-5,"(-5,0]","(0,1]","(30,40]",<=25,<=25,10+,>10
COVID_2020,ED,yfinance,MACD_PASS,2020-03-03,2020-03-04,67.6761849080935,YELLOW,273.6745300292969,296.55607360839844,275.93146774291995,-0.9681847460934712,-1.0816808800355355,-1.223206735853393,True,2020-02-25,62.08237811756872,9.01029722142972,True,12.0,11.578790045203746,-26.860064988185503,11.578790045203746,-16.200942235213954,1.992650133585672,8.71356964203529,-16.366012235063764,-8.489604939689531,True,0.0,True,0.0,True,3.0,MACD_PASS,yfinance,-3.969272373952948,-7.715737688786328,-0.8179134319452719,0.07430928771063883,30.972798217315344,273.6745910644531,296.55608032226564,275.93147163391114,4.838709677419355,6.451612903225806,64,20,20,64,31.25,2.230209594777932e-05,2.263945275693402e-06,1.4101295686685944e-06,"(-4,-2]",<=-5,"(-5,0]","(0,1]","(30,40]",<=25,<=25,10+,>10
COVID_2020,ESS,yfinance,MACD_FAIL,2020-03-03,2020-03-04,233.9937049434766,YELLOW,273.6745300292969,296.55607360839844,275.93146774291995,-3.413202414234117,-3.3374690393287687,-3.0834054647887426,False,2020-02-28,220.46617051785168,6.135877624149844,True,5.0,2.6924552114448552,-40.45789338029924,2.6924552114448552,-7.024083252330571,-6.004674012455813,-30.14867294427208,-32.00460895697338,-31.534651694481266,True,0.0,False,,False,,MACD_FAIL,yfinance,-3.969272373952948,-7.715737688786328,-0.8179134319452719,0.07430928771063883,30.972798217315344,273.6745910644531,296.55608032226564,275.93147163391114,4.838709677419355,6.451612903225806,64,20,20,64,31.25,2.230209594777932e-05,2.263945275693402e-06,1.4101295686685944e-06,"(-4,-2]",<=-5,"(-5,0]","(0,1]","(30,40]",<=25,<=25,10+,>10
COVID_2020,HRL,yfinance,MACD_PASS,2020-03-03,2020-03-04,35.86483917127575,YELLOW,273.6745300292969,296.55607360839844,275.93146774291995,-0.4489651886236556,-0.5111094572596622,-0.580685625865468,True,2020-02-24,32.83791902890537,9.217758712742883,True,6.0,17.54101342394263,-11.017382203058055,2.760034398405975,-11.017382203058055,-3.5812196003493946,10.104888534544877,-4.333940976017036,5.725343291335916,True,0.0,False,,False,,MACD_PASS,yfinance,-3.969272373952948,-7.715737688786328,-0.8179134319452719,0.07430928771063883,30.972798217315344,273.6745910644531,296.55608032226564,275.93147163391114,4.838709677419355,6.451612903225806,64,20,20,64,31.25,2.230209594777932e-05,2.263945275693402e-06,1.4101295686685944e-06,"(-4,-2]",<=-5,"(-5,0]","(0,1]","(30,40]",<=25,<=25,10+,>10
COVID_2020,ITW,yfinance,MACD_FAIL,2020-03-03,2020-03-04,147.22695349544014,YELLOW,273.6745300292969,296.55607360839844,275.93146774291995,-1.9172623992676567,-1.8577721759361063,-1.9987910874827943,False,2020-02-26,139.27636645413065,5.708496885527192,True,3.0,3.4370230517399625,-32.459514122581915,3.4370230517399625,-12.61798295096278,-7.707082546275668,-17.41816111907256,-16.387065174057337,-19.43219090896445,True,0.0,True,0.0,False,,MACD_FAIL,yfinance,-3.969272373952948,-7.715737688786328,-0.8179134319452719,0.07430928771063883,30.972798217315344,273.6745910644531,296.55608032226564,275.93147163391114,4.838709677419355,6.451612903225806,64,20,20,64,31.25,2.230209594777932e-05,2.263945275693402e-06,1.4101295686685944e-06,"(-4,-2]",<=-5,"(-5,0]","(0,1]","(30,40]",<=25,<=25,10+,>10
COVID_2020,LIN,yfinance,MACD_PASS,2020-03-03,2020-03-04,180.880168492414,YELLOW,273.6745300292969,296.55607360839844,275.93146774291995,-2.6275445270150444,-2.752462757607653,-2.972045542375564,True,2020-02-26,169.52958929175426,6.6953381106384935,True,3.0,3.704640287111349,-25.70533768138531,3.704640287111349,-12.736268097563777,-11.926052943891907,-20.23616326611044,-16.29127900094385,-18.53463440468999,True,0.0,True,0.0,False,,MACD_PASS,yfinance,-3.969272373952948,-7.715737688786328,-0.8179134319452719,0.07430928771063883,30.972798217315344,273.6745910644531,296.55608032226564,275.93147163391114,4.838709677419355,6.451612903225806,64,20,20,64,31.25,2.230209594777932e-05,2.263945275693402e-06,1.4101295686685944e-06,"(-4,-2]",<=-5,"(-5,0]","(0,1]","(30,40]",<=25,<=25,10+,>10
COVID_2020,MDT,yfinance,MACD_PASS,2020-03-03,2020-03-04,84.7954644623071,YELLOW,273.6745300292969,296.55607360839844,275.93146774291995,-1.3706915899867118,-1.413350775082791,-1.5254639498836875,True,2020-02-20,79.84249541477722,6.2034246572573615,True,3.0,1.3944419918291429,-29.66358339526166,1.3944419918291429,-10.570427649400171,-9.85860577745228,-27.313506755143145,-15.338855462143597,-17.468137227674298,False,,False,,False,,MACD_PASS,yfinance,-3.969272373952948,-7.715737688786328,-0.8179134319452719,0.07430928771063883,30.972798217315344,273.6745910644531,296.55608032226564,275.93147163391114,4.838709677419355,6.451612903225806,64,20,20,64,31.25,2.230209594777932e-05,2.263945275693402e-06,1.4101295686685944e-06,"(-4,-2]",<=-5,"(-5,0]","(0,1]","(30,40]",<=25,<=25,10+,>10
COVID_2020,O,yfinance,MACD_FAIL,2020-03-03,2020-03-04,53.40971949096061,YELLOW,273.6745300292969,296.55607360839844,275.93146774291995,-0.6314787525058233,-0.6402748341265982,-0.6357305098158229,False,2020-02-28,48.71899448856228,9.628123592533443,True,6.0,2.984479633465531,-50.03943715360919,2.984479633465531,-13.147518078403651,-3.286867177045494,-44.1230337643608,-28.346017246722237,-38.634354802836725,True,0.0,False,,False,,MACD_FAIL,yfinance,-3.969272373952948,-7.715737688786328,-0.8179134319452719,0.07430928771063883,30.972798217315344,273.6745910644531,296.55608032226564,275.93147163391114,4.838709677419355,6.451612903225806,64,20,20,64,31.25,2.230209594777932e-05,2.263945275693402e-06,1.4101295686685944e-06,"(-4,-2]",<=-5,"(-5,0]","(0,1]","(30,40]",<=25,<=25,10+,>10
COVID_2020,PPG,yfinance,MACD_PASS,2020-03-03,2020-03-04,92.85472656016664,YELLOW,273.6745300292969,296.55607360839844,275.93146774291995,-1.1743278176403191,-1.266219706858502,-1.3436884527358657,True,2020-02-18,87.89982269595552,5.636989600479714,True,3.0,1.9644898800633024,-34.10464262424454,1.9644898800633024,-9.831881923424268,-8.415181789989179,-31.12956785770493,-19.04987671651261,-24.54663112626068,False,,False,,False,,MACD_PASS,yfinance,-3.969272373952948,-7.715737688786328,-0.8179134319452719,0.07430928771063883,30.972798217315344,273.6745910644531,296.55608032226564,275.93147163391114,4.838709677419355,6.451612903225806,64,20,20,64,31.25,2.230209594777932e-05,2.263945275693402e-06,1.4101295686685944e-06,"(-4,-2]",<=-5,"(-5,0]","(0,1]","(30,40]",<=25,<=25,10+,>10
COVID_2020,ROP,yfinance,MACD_PASS,2020-03-03,2020-03-04,345.0134924675058,YELLOW,273.6745300292969,296.55607360839844,275.93146774291995,-4.279876908404253,-4.281916161566727,-4.760095543792595,True,2020-02-26,327.7667260156424,5.261902775036509,True,3.0,2.3170345425375998,-33.16251632242473,2.3170345425375998,-16.450353504849204,-10.022837834780518,-19.998325552175967,-20.58037472915084,-18.21879575001899,True,0.0,False,,False,,MACD_PASS,yfinance,-3.969272373952948,-7.715737688786328,-0.8179134319452719,0.07430928771063883,30.972798217315344,273.6745910644531,296.55608032226564,275.93147163391114,4.838709677419355,6.451612903225806,64,20,20,64,31.25,2.230209594777932e-05,2.263945275693402e-06,1.4101295686685944e-06,"(-4,-2]",<=-5,"(-5,0]","(0,1]","(30,40]",<=25,<=25,10+,>10
COVID_2020,SYY,yfinance,MACD_PASS,2020-03-03,2020-03-04,57.98771044846604,YELLOW,273.6745300292969,296.55607360839844,275.93146774291995,-0.6095496886208664,-0.6262065949056694,-0.6753517979741788,True,2020-02-26,54.92778659936674,5.570812221904786,True,3.0,2.1685702467944434,-62.41145508006719,2.1685702467944434,-12.895778612458876,-20.268916148030204,-54.83591789633208,-34.003184254973526,-39.46797522709437,True,0.0,False,,False,,MACD_PASS,yfinance,-3.969272373952948,-7.715737688786328,-0.8179134319452719,0.07430928771063883,30.972798217315344,273.6745910644531,296.55608032226564,275.93147163391114,4.838709677419355,6.451612903225806,64,20,20,64,31.25,2.230209594777932e-05,2.263945275693402e-06,1.4101295686685944e-06,"(-4,-2]",<=-5,"(-5,0]","(0,1]","(30,40]",<=25,<=25,10+,>10
COVID_2020,TGT,yfinance,MACD_FAIL,2020-03-03,2020-03-04,89.34400962682128,YELLOW,273.6745300292969,296.55607360839844,275.93146774291995,-0.7834972626867138,-0.768415779942625,-0.9344187358602684,False,2020-02-26,84.11694785693064,6.214041168946149,True,6.0,2.4205432762732126,-15.401883988976694,2.4205432762732126,-13.635518692895666,-1.3271427859954388,-3.906563398433605,-14.915898754782065,-10.962608307000476,True,4.0,False,,False,,MACD_FAIL,yfinance,-3.969272373952948,-7.715737688786328,-0.8179134319452719,0.07430928771063883,30.972798217315344,273.6745910644531,296.55608032226564,275.93147163391114,4.838709677419355,6.451612903225806,64,20,20,64,31.25,2.230209594777932e-05,2.263945275693402e-06,1.4101295686685944e-06,"(-4,-2]",<=-5,"(-5,0]","(0,1]","(30,40]",<=25,<=25,10+,>10
COVID_2020,UTX,yfinance,MACD_PASS,2020-03-03,2020-03-04,72.89577104979885,YELLOW,273.6745300292969,296.55607360839844,275.93146774291995,-1.2028103811612163,-1.2906837381705882,-1.3905772782299763,True,2020-02-25,68.23268277475303,6.834097803891748,True,3.0,4.016658541912266,-48.66112354591326,4.016658541912266,-16.312145886255568,-20.031237353196296,-40.940209464619,-28.4513696753382,-32.03659770245161,True,0.0,True,0.0,False,,MACD_PASS,yfinance,-3.969272373952948,-7.715737688786328,-0.8179134319452719,0.07430928771063883,30.972798217315344,273.6745910644531,296.55608032226564,275.93147163391114,4.838709677419355,6.451612903225806,64,20,20,64,31.25,2.230209594777932e-05,2.263945275693402e-06,1.4101295686685944e-06,"(-4,-2]",<=-5,"(-5,0]","(0,1]","(30,40]",<=25,<=25,10+,>10
COVID_2020,GD,yfinance,MACD_FAIL,2020-03-04,2020-03-05,141.9794435815749,GREEN,285.1778869628906,296.4381219482422,276.07319213867186,-2.0763486872714707,-2.5925555453464035,-2.5423223376615107,False,2020-02-26,134.05526995276264,5.9111242934384745,True,2.0,1.985903644446663,-38.93477993807875,1.985903644446663,-10.974161495518208,-19.695138470282117,-28.318972774446248,-19.130331072702845,-22.312646863603742,False,,False,,False,,MACD_FAIL,yfinance,0.4366037341216211,-3.7984928936265927,3.2979484368939493,-0.13656978224559913,34.28922192669095,285.1779479980469,296.4381292724609,276.0731963348389,25.806451612903224,59.67741935483871,64,3,3,64,4.6875,2.1402485628208012e-05,2.470741167215351e-06,1.5199473013538523e-06,"(0,2]","(-5,-2]","(0,5]","(-1,0]","(30,40]","(25,50]","(50,75]",2-4,"(2,5]"
COVID_2020,LEG,yfinance,MACD_PASS,2020-03-04,2020-03-05,30.11012365983304,GREEN,285.1778869628906,296.4381219482422,276.07319213867186,-0.2244731140063649,-0.3314008597255746,-0.3450210713317303,True,2020-01-31,29.356987460245684,2.5654410235628866,True,1.0,0.7401758888935905,-43.10888723195131,0.7401758888935905,-5.997931789542454,-23.22411675828384,-32.46922122392388,-21.72630628987271,-37.4791739469591,False,,False,,False,,MACD_PASS,yfinance,0.4366037341216211,-3.7984928936265927,3.2979484368939493,-0.13656978224559913,34.28922192669095,285.1779479980469,296.4381292724609,276.0731963348389,25.806451612903224,59.67741935483871,64,3,3,64,4.6875,2.1402485628208012e-05,2.470741167215351e-06,1.5199473013538523e-06,"(0,2]","(-5,-2]","(0,5]","(-1,0]","(30,40]","(25,50]","(50,75]",2-4,"(2,5]"
COVID_2020,VFC,yfinance,MACD_FAIL,2020-03-04,2020-03-05,59.52874227162491,GREEN,285.1778869628906,296.4381219482422,276.07319213867186,-0.498771382178313,-0.6663266920231266,-0.6081755769630295,False,2020-02-26,57.02765888637966,4.385737437036186,True,2.0,0.0,-37.89433435173783,0.0,-14.537536823474897,-23.72868481312187,-21.34477866908284,-14.661560840955143,-32.31351782020243,False,,False,,False,,MACD_FAIL,yfinance,0.4366037341216211,-3.7984928936265927,3.2979484368939493,-0.13656978224559913,34.28922192669095,285.1779479980469,296.4381292724609,276.0731963348389,25.806451612903224,59.67741935483871,64,3,3,64,4.6875,2.1402485628208012e-05,2.470741167215351e-06,1.5199473013538523e-06,"(0,2]","(-5,-2]","(0,5]","(-1,0]","(30,40]","(25,50]","(50,75]",2-4,"(2,5]"
COVID_2020,ABBV,yfinance,MACD_FAIL,2020-03-19,2020-03-20,56.355745077117085,YELLOW,219.2295379638672,285.1708309936523,275.53876892089846,-1.5374946693077216,-1.5217610188140749,-1.3471259113103886,False,2020-03-18,49.94044238697119,12.845906811229144,True,1.0,18.633741444960503,-14.315064881968132,0.0,-14.315064881968132,-0.4520205039775127,0.5068296109937531,10.000017049346832,16.770742724945563,False,,False,,False,,MACD_FAIL,yfinance,-3.06315901615708,-23.123438248123986,-20.43604771705748,-3.6926818690172447,82.89046973566339,219.2295379638672,285.17084136962893,275.53877311706543,4.838709677419355,37.096774193548384,64,1,1,64,1.5625,0.0,3.6385126023219527e-06,1.5228952987556e-06,"(-4,-2]",<=-5,<=-5,<=-1,>40,<=25,"(25,50]",1,<=2
COVID_2020,LOW,yfinance,MACD_PASS,2020-03-24,2020-03-25,71.01521589557082,YELLOW,222.9392242431641,280.1059936523437,274.88145111083986,-1.8646588941076008,-2.9104560715991514,-3.349349556046505,True,2020-03-09,53.18828748762967,33.51664294904639,False,,24.603675636565647,-2.2344287877786417,24.603675636565647,-2.2344287877786417,0.3869812040546039,17.77554483122894,15.391332715564232,19.15100182325975,True,0.0,True,0.0,True,0.0,MACD_PASS,yfinance,-3.251662721498927,-20.40898648338877,-18.89623499981975,-4.786009588912766,90.9850027109233,222.939208984375,280.106005859375,274.88145462036135,1.6129032258064515,17.741935483870968,64,1,1,64,1.5625,-6.84437165832108e-06,4.3580043129765045e-06,1.276740024813705e-06,"(-4,-2]",<=-5,<=-5,<=-1,>40,<=25,<=25,1,<=2
COVID_2020,DOV,yfinance,MACD_PASS,2020-03-25,2020-03-26,75.83551531844465,YELLOW,226.2766265869141,278.6528707885742,274.7146071624756,-0.9511521344299004,-2.015630866533172,-2.872740006684211,True,2020-03-09,57.9631640189209,30.833981550230227,False,,13.040322608728385,-6.714399910809298,13.040322608728385,-6.714399910809298,-2.136946983370813,8.559998110223855,7.442956102358389,10.45412944082711,True,0.0,True,2.0,True,3.0,MACD_PASS,yfinance,3.4338025424212937,-18.796231831619348,-17.63210519528441,-4.994417935521822,91.45417345964944,226.27664184570312,278.6528839111328,274.7146110534668,0.0,50.0,64,2,2,64,3.125,6.743422531485521e-06,4.709285272852526e-06,1.416375794427438e-06,>2,<=-5,<=-5,<=-1,>40,<=25,"(25,50]",2-4,"(2,5]"
COVID_2020,PNR,yfinance,MACD_PASS,2020-03-25,2020-03-26,26.8169320691348,YELLOW,226.2766265869141,278.6528707885742,274.7146071624756,-0.5202408678546147,-0.9302382772263922,-1.271097040683694,True,2020-03-09,20.117271325071748,33.30302920214332,False,,16.257664678877504,-8.111815803766776,16.257664678877504,-8.111815803766776,-5.453327331897717,11.92910165575336,8.570162374370117,8.604458747585774,True,0.0,True,0.0,True,0.0,MACD_PASS,yfinance,3.4338025424212937,-18.796231831619348,-17.63210519528441,-4.994417935521822,91.45417345964944,226.27664184570312,278.6528839111328,274.7146110534668,0.0,50.0,64,2,2,64,3.125,6.743422531485521e-06,4.709285272852526e-06,1.416375794427438e-06,>2,<=-5,<=-5,<=-1,>40,<=25,"(25,50]",2-4,"(2,5]"
COVID_2020,CLX,yfinance,MACD_FAIL,2020-03-26,2020-03-27,138.35987743218115,YELLOW,239.48892211914065,277.47310943603514,274.6141396331787,-1.1227038264297002,-1.177927774469496,-0.5970159824113823,False,2020-03-25,130.77829239166795,5.797280956848039,False,,16.60313077022444,-1.138165137072622,16.60313077022444,-1.138165137072622,4.159590527065338,8.811981347144894,12.89528808893805,11.526627756942087,True,0.0,True,0.0,True,1.0,MACD_FAIL,yfinance,9.241195378963818,-13.68930945434743,-12.790738031344695,-4.965624095400067,93.54250754015064,239.4889678955078,277.47312225341796,274.6141436004639,1.6129032258064515,70.96774193548387,64,1,1,64,1.5625,1.9114189808711046e-05,4.619324323051899e-06,1.444676223094632e-06,>2,<=-5,<=-5,<=-1,>40,<=25,"(50,75]",1,<=2
COVID_2020,TGT,yfinance,MACD_PASS,2020-07-13,2020-07-14,99.67221488898622,GREEN,289.9405212402344,278.63780029296873,275.87898536682127,-0.2009871859477002,-0.2445331501982632,-0.3093371102391251,True,2020-07-09,98.26200593204702,1.4351518102677652,False,,13.348499117421865,-1.1116723248880689,13.348499117421865,-1.1116723248880689,1.2295969187090972,3.831922731631132,9.861888562311584,10.931457376883902,True,1.0,True,1.0,True,8.0,MACD_PASS,yfinance,-0.6970291598754175,4.056450884231766,5.09702592907435,2.043373476934196,19.65174918799229,289.94061279296875,278.63780700683594,275.87898918151853,70.96774193548387,38.70967741935484,64,1,1,64,1.5625,3.157638468476165e-05,2.409532084968191e-06,1.3827429645729694e-06,"(-2,0]",>2,>5,>1,"(10,20]","(50,75]","(25,50]",1,<=2
COVID_2020,CAH,yfinance,MACD_PASS,2020-07-14,2020-07-15,44.54479769165052,GREEN,293.69793701171875,279.3260723876953,276.00049140930173,-0.172617587642649,-0.2819174977626465,-0.3332398806350276,True,2020-07-09,41.74181644660027,6.715043770642004,False,,14.527099599626505,-0.5826433132226416,14.527099599626505,-0.5826433132226416,9.069708128821908,12.060583100450728,11.866383341162567,4.525149445564058,True,1.0,True,2.0,True,4.0,MACD_PASS,yfinance,1.6380552993629838,5.145179225228214,6.4120941451654145,2.163979434049801,19.869579613245268,293.6979064941406,279.3260791015625,276.0004949188232,79.03225806451613,80.64516129032258,64,1,1,64,1.5625,-1.0390804383586527e-05,2.4035949008904822e-06,1.2715634989390878e-06,"(0,2]",>2,>5,>1,"(10,20]",>75,>75,1,<=2
COVID_2020,MMM,yfinance,MACD_FAIL,2020-08-05,2020-08-06,105.515998103375,GREEN,305.8447570800781,289.9389978027344,278.5564655303955,-0.4805863300925985,-0.6932053567306946,-0.6892860089876038,False,2020-08-03,101.0362915067568,4.433759919146096,False,,10.287414343219602,-0.8016419762420512,10.287414343219602,-0.8016419762420512,6.368205438244878,4.514847341288153,6.184455289729285,7.6276311108767425,True,2.0,True,2.0,True,3.0,MACD_FAIL,yfinance,2.149956762764371,5.485887358651587,9.796311303385895,2.3053724116710583,11.88648140581636,305.8447265625,289.9389996337891,278.5564678192139,74.19354838709677,50.0,64,1,1,64,1.5625,-9.97812694691902e-06,6.315310274729313e-07,8.216712421571515e-07,>2,>2,>5,>1,"(10,20]","(50,75]","(25,50]",1,<=2
COVID_2020,ECL,yfinance,MACD_PASS,2020-08-06,2020-08-07,181.87467155240216,GREEN,307.88922119140625,290.530775756836,278.7353673553467,-1.359912136134907,-1.8570967763157613,-2.256494447646992,True,2020-07-30,171.59963593547548,5.987795697183351,False,,8.077272051007522,-0.9485019271778694,8.077272051007522,-0.9485019271778694,0.3659475333616768,0.4381159680289404,3.350500751230001,5.546360870078693,True,2.0,True,2.0,True,18.0,MACD_PASS,yfinance,3.2010076939569476,5.974735067468995,10.459329667190808,2.2646477090903394,11.566000962662306,307.88922119140625,290.53077697753906,278.7353699493408,72.58064516129032,69.35483870967742,64,1,1,64,1.5625,0.0,4.2016308210435227e-07,9.306297066302704e-07,>2,>2,>5,>1,"(10,20]","(50,75]","(50,75]",1,<=2
COVID_2020,AOS,yfinance,MACD_PASS,2020-08-07,2020-08-10,43.84044204954561,GREEN,308.1102294921875,291.1372430419922,278.9198188018799,-0.3681811448059324,-0.4210919790304879,-0.4509567278238765,True,2020-08-03,42.4098106033004,3.373350236404682,True,20.0,3.2225446158731907,-3.6915878779256617,3.2225446158731907,-3.6915878779256617,1.386922225374554,1.386922225374554,-0.1223565788034286,-3.610011063634044,True,1.0,True,2.0,False,,MACD_PASS,yfinance,2.4653519990078365,5.829882049124202,10.465508486507002,2.209660599628882,11.281228413574556,308.1101989746094,291.1372412109375,278.919821395874,83.87096774193549,80.64516129032258,64,1,1,64,1.5625,-9.904759790124729e-06,-6.289317955321394e-07,9.300142655987997e-07,>2,>2,>5,>1,"(10,20]",>75,>75,1,<=2
COVID_2020,ABBV,yfinance,MACD_PASS,2020-08-12,2020-08-13,75.45297053577056,GREEN,310.7532653808594,292.82954833984377,279.4609828948975,-0.3147279982587815,-0.5224091362862793,-0.5776692681667086,True,2020-07-31,72.78823603350915,3.660941173288856,True,17.0,2.3964635660240763,-6.411605232489615,2.3964635660240763,-5.98065824272731,0.0630474200066233,-0.8828995879367363,-3.4370333564555766,-5.717894893096132,True,2.0,False,,False,,MACD_PASS,yfinance,1.6049020546961001,6.120860163451303,11.197358965507863,2.0970309959418287,11.091713095840614,310.75323486328125,292.82954772949216,279.4609851837158,91.93548387096774,90.3225806451613,64,2,2,64,3.125,-9.820517277159269e-06,-2.084323824647072e-07,8.190117695150434e-07,"(0,2]",>2,>5,>1,"(10,20]",>75,>75,2-4,"(2,5]"
COVID_2020,CAH,yfinance,MACD_FAIL,2020-08-12,2020-08-13,46.214464126214544,GREEN,310.7532653808594,292.82954833984377,279.4609828948975,-0.4205492702577669,-0.4475000183208678,-0.3946797883102969,False,2020-08-10,45.288792108335485,2.0439317870627915,True,3.0,0.6739206182338364,-10.408063587396466,0.6739206182338364,-2.8079453471439697,-6.102575108452724,-5.147878577649689,-6.364650284425377,-9.434644294618376,False,,False,,False,,MACD_FAIL,yfinance,1.6049020546961001,6.120860163451303,11.197358965507863,2.0970309959418287,11.091713095840614,310.75323486328125,292.82954772949216,279.4609851837158,91.93548387096774,90.3225806451613,64,2,2,64,3.125,-9.820517277159269e-06,-2.084323824647072e-07,8.190117695150434e-07,"(0,2]",>2,>5,>1,"(10,20]",>75,>75,2-4,"(2,5]"
COVID_2020,CLX,yfinance,MACD_PASS,2020-08-18,2020-08-19,187.56355999720603,GREEN,311.8583679199219,294.48142578125,280.17240364074706,-1.1741554209430405,-1.3608033510601234,-1.4630629602782523,True,2020-08-13,182.40450281700703,2.828360649284334,True,4.0,0.4154330232020609,-10.5037554332044,0.4154330232020609,-4.351054224517714,-3.6688854307386665,-2.160209026380744,-5.995269669097492,-9.54608421952866,False,,False,,False,,MACD_PASS,yfinance,1.754799285932207,5.900851057841194,11.309440170749884,1.7887313945143202,10.831005261325368,311.85833740234375,294.48142700195314,280.17240669250486,83.87096774193549,53.225806451612904,64,1,1,64,1.5625,-9.785717258736781e-06,4.145263687860279e-07,1.089242829266368e-06,"(0,2]",>2,>5,>1,"(10,20]",>75,"(50,75]",1,<=2
COVID_2020,BDX,yfinance,MACD_PASS,2020-08-19,2020-08-20,180.4851719863622,GREEN,310.5599060058594,294.810107421875,280.3367665863037,-1.2071342316324938,-1.43588713269338,-1.833163878635715,True,2020-08-10,176.79597373380463,2.0866981157117603,True,4.0,0.6570115810578425,-13.56313440131075,0.6570115810578425,-3.926698497430458,-5.263795155973428,-9.686121704417484,-9.10271463266341,-10.598503169727202,False,,False,,False,,MACD_PASS,yfinance,-0.06223262411514385,5.342332091231827,10.780988716071938,1.6800465738119552,10.957644801985184,310.5598449707031,294.81010986328124,280.3367694854736,83.87096774193549,30.64516129032258,64,1,1,64,1.5625,-1.9653263372276797e-05,8.281284102906739e-07,1.0341739686836604e-06,"(-2,0]",>2,>5,>1,"(10,20]",>75,"(25,50]",1,<=2
COVID_2020,TROW,yfinance,MACD_PASS,2020-08-26,2020-08-27,104.86967553044924,GREEN,320.0821228027344,298.0389093017578,281.24339378356933,-0.5370064704799602,-0.582975644230519,-0.5946474894988372,True,2020-08-21,103.5191131780885,1.304650234046445,True,6.0,4.24606616261396,-9.885601848202484,4.24606616261396,-3.5469962293365187,-0.5960804743540771,-7.469315383769204,-5.149359705095091,-7.187659120618495,True,0.0,True,4.0,False,,MACD_PASS,yfinance,3.0661455275305505,7.39606423872472,13.809627123090307,1.7789750605480936,8.448736309571622,320.0820617675781,298.0389123535156,281.2433972930908,77.41935483870968,62.903225806451616,64,1,1,64,1.5625,-1.9068592682636165e-05,1.0239461056826826e-06,1.247859171549237e-06,>2,>2,>5,>1,<=10,>75,"(50,75]",1,<=2
COVID_2020,KMB,yfinance,MACD_FAIL,2020-08-28,2020-08-31,125.08927659358116,GREEN,322.8540954589844,299.47924743652345,281.66170738220217,-0.5524715913811957,-0.5564480770715625,-0.526027118989437,False,2020-08-27,123.6738220008816,1.1445062259735517,True,1.0,0.9525671337463848,-7.074704717822544,0.9525671337463848,-1.59186200536805,-4.107214656436476,-5.71006158194689,-5.401053763645159,-5.800158366487263,False,,False,,False,,MACD_FAIL,yfinance,3.269673697388553,7.805144378242601,14.62475100058831,1.9319315155128525,7.977798988656593,322.8540344238281,299.4792468261719,281.6617105865478,82.25806451612904,82.25806451612904,64,1,1,64,1.5625,-1.890487285605147e-05,-2.0380428455979427e-07,1.1376575459465244e-06,>2,>2,>5,>1,<=10,>75,>75,1,<=2
COVID_2020,ROP,yfinance,MACD_PASS,2020-09-02,2020-09-03,427.8470882648118,GREEN,329.4110107421875,301.8423138427734,282.3209336090088,-1.1355217196271177,-2.0657790922778814,-2.7129202600449167,True,2020-08-21,409.9132409021457,4.375034903287567,True,1.0,0.1126176826945934,-14.394801674506253,0.1126176826945934,-6.121900725373575,-9.9959489088024,-11.849634241304742,-10.32930855302352,-10.86985532463447,False,,False,,False,,MACD_PASS,yfinance,2.91452053587713,9.133447525063065,16.679593207620226,2.385332145035335,9.378693246524213,329.4109191894531,301.8423101806641,282.3209355926514,82.25806451612904,88.70967741935483,64,1,1,64,1.5625,-2.779285798171216e-05,-1.2132524762620278e-06,7.026197179627047e-07,>2,>2,>5,>1,<=10,>75,>75,1,<=2
COVID_2020,CL,yfinance,MACD_FAIL,2020-09-09,2020-09-10,66.95236087539294,GREEN,312.9173889160156,304.5131506347656,282.941169052124,-0.312979711412828,-0.3445425139252264,-0.2061064045207794,False,2020-09-08,65.61523143400943,2.037833917766929,True,7.0,2.2435050428737613,-3.579311292024545,0.8688862192219649,-3.579311292024545,-0.5187331830523556,-1.7507429409693298,-0.0648600407067934,2.113822204619153,False,,False,,False,,MACD_FAIL,yfinance,-3.6329833285652646,2.7599046361345136,10.594516149977395,2.3999716596879495,20.723576967767297,312.91741943359375,304.5131469726563,282.9411713409424,67.74193548387096,33.87096774193548,64,4,4,64,6.25,9.752598995049766e-06,-1.202611232820061e-06,8.089379166520416e-07,"(-4,-2]",>2,>5,>1,"(20,30]","(50,75]","(25,50]",2-4,"(5,10]"
COVID_2020,DOV,yfinance,MACD_FAIL,2020-09-09,2020-09-10,103.66554132330285,GREEN,312.9173889160156,304.5131506347656,282.941169052124,-0.4360613801614028,-0.5584936157125928,-0.413505703342317,False,2020-09-08,99.97515537532536,3.691303038362936,True,7.0,4.348990713294754,-5.487829625835072,4.348990713294754,-5.0035898724620775,3.4612620539653305,-3.927558031840428,-3.927558031840428,1.264355276975948,True,2.0,True,4.0,False,,MACD_FAIL,yfinance,-3.6329833285652646,2.7599046361345136,10.594516149977395,2.3999716596879495,20.723576967767297,312.91741943359375,304.5131469726563,282.9411713409424,67.74193548387096,33.87096774193548,64,4,4,64,6.25,9.752598995049766e-06,-1.202611232820061e-06,8.089379166520416e-07,"(-4,-2]",>2,>5,>1,"(20,30]","(50,75]","(25,50]",2-4,"(5,10]"
COVID_2020,ITW,yfinance,MACD_FAIL,2020-09-09,2020-09-10,170.0713488225828,GREEN,312.9173889160156,304.5131506347656,282.941169052124,-1.0577275587456496,-1.1138824419673077,-0.7778228381779737,False,2020-09-08,164.818545114769,3.187022251747273,False,,3.8964936105190473,-3.23049168194518,3.8964936105190473,-3.23049168194518,2.751055966411764,-1.6465662731734,-1.8108703761490648,3.373748150266032,True,3.0,True,5.0,False,,MACD_FAIL,yfinance,-3.6329833285652646,2.7599046361345136,10.594516149977395,2.3999716596879495,20.723576967767297,312.91741943359375,304.5131469726563,282.9411713409424,67.74193548387096,33.87096774193548,64,4,4,64,6.25,9.752598995049766e-06,-1.202611232820061e-06,8.089379166520416e-07,"(-4,-2]",>2,>5,>1,"(20,30]","(50,75]","(25,50]",2-4,"(5,10]"
COVID_2020,SPGI,yfinance,MACD_FAIL,2020-09-09,2020-09-10,316.96988952494684,GREEN,312.9173889160156,304.5131506347656,282.941169052124,-2.2253838244679303,-2.303454910590363,-1.2669360866463313,False,2020-09-08,302.0671142028,4.933597409793356,False,,4.710165402185096,-2.699257290512058,4.710165402185096,-2.699257290512058,0.0426579995715936,-1.6241162846797883,3.455829390126053,1.5984706122214032,True,3.0,True,14.0,False,,MACD_FAIL,yfinance,-3.6329833285652646,2.7599046361345136,10.594516149977395,2.3999716596879495,20.723576967767297,312.91741943359375,304.5131469726563,282.9411713409424,67.74193548387096,33.87096774193548,64,4,4,64,6.25,9.752598995049766e-06,-1.202611232820061e-06,8.089379166520416e-07,"(-4,-2]",>2,>5,>1,"(20,30]","(50,75]","(25,50]",2-4,"(5,10]"
COVID_2020,AOS,yfinance,MACD_PASS,2020-09-10,2020-09-11,43.4559569457864,GREEN,307.4840393066406,304.9833703613281,283.06829246520994,-0.1474455950395301,-0.1687845288838001,-0.1738331281163367,True,2020-09-08,42.22203360521556,2.922463072499726,False,,18.580288395164214,0.0,18.580288395164214,0.0,9.547362271022596,7.325133880107804,10.14404134740916,17.674933277525717,True,1.0,True,1.0,True,3.0,MACD_PASS,yfinance,-6.656382071118793,0.8199475818700508,8.625400780280712,2.3300493484268436,21.138977845258914,307.48406982421875,304.9833660888672,283.0682949066162,59.67741935483871,16.129032258064516,64,1,1,64,1.5625,9.92493081053425e-06,-1.4008832538436877e-06,8.624795988509959e-07,<=-4,"(0,2]",>5,>1,"(20,30]","(50,75]",<=25,1,<=2
COVID_2020,CTAS,yfinance,MACD_FAIL,2020-09-11,2020-09-14,76.06654621785881,GREEN,307.6405639648437,305.4169372558593,283.18526863098145,-0.6440371098476607,-0.6087391494286458,-0.4480003022814918,False,2020-09-10,73.83617709539155,3.020699622064371,False,,8.315332860583169,-5.145833045368309,8.315332860583169,-5.145833045368309,-2.389465416648995,3.5949715893089262,3.718309205140824,7.603118132266218,True,1.0,True,7.0,True,13.0,MACD_FAIL,yfinance,-3.2803600076640627,0.7280644819902093,8.635792498159134,2.2352156971280346,21.13636755590457,307.64056396484375,305.4169317626953,283.18527153015134,62.903225806451616,32.25806451612903,64,5,5,64,7.8125,2.220446049250313e-14,-1.7985787081897797e-06,1.023771423191988e-06,"(-4,-2]","(0,2]",>5,>1,"(20,30]","(50,75]","(25,50]",5-9,"(5,10]"
COVID_2020,MKC,yfinance,MACD_FAIL,2020-09-11,2020-09-14,87.9790028088067,GREEN,307.6405639648437,305.4169372558593,283.18526863098145,-0.5868109657726999,-0.556408536630113,-0.4584949901185382,False,2020-09-10,86.5889174493383,1.6053848464865128,True,3.0,1.579997611774031,-8.390001540325265,1.579997611774031,-4.445012908335677,-4.799998534983796,-2.4099972703017225,-2.1459572183903264,0.7733815662839705,False,,False,,False,,MACD_FAIL,yfinance,-3.2803600076640627,0.7280644819902093,8.635792498159134,2.2352156971280346,21.13636755590457,307.64056396484375,305.4169317626953,283.18527153015134,62.903225806451616,32.25806451612903,64,5,5,64,7.8125,2.220446049250313e-14,-1.7985787081897797e-06,1.023771423191988e-06,"(-4,-2]","(0,2]",>5,>1,"(20,30]","(50,75]","(25,50]",5-9,"(5,10]"
COVID_2020,PNR,yfinance,MACD_FAIL,2020-09-11,2020-09-14,41.31799978679255,GREEN,307.6405639648437,305.4169372558593,283.18526863098145,-0.3911891719961674,-0.3854248845928812,-0.3291281725436642,False,2020-09-08,39.90470916486294,3.541663757254088,False,,12.944334327365391,-1.5202332039679245,12.944334327365391,-1.5202332039679245,-0.2012205834474811,2.503901856889379,3.2640438569653263,12.340711570162613,True,1.0,True,2.0,True,4.0,MACD_FAIL,yfinance,-3.2803600076640627,0.7280644819902093,8.635792498159134,2.2352156971280346,21.13636755590457,307.64056396484375,305.4169317626953,283.18527153015134,62.903225806451616,32.25806451612903,64,5,5,64,7.8125,2.220446049250313e-14,-1.7985787081897797e-06,1.023771423191988e-06,"(-4,-2]","(0,2]",>5,>1,"(20,30]","(50,75]","(25,50]",5-9,"(5,10]"
COVID_2020,SWK,yfinance,MACD_FAIL,2020-09-11,2020-09-14,133.59621524603614,GREEN,307.6405639648437,305.4169372558593,283.18526863098145,-0.7627489815745863,-0.8382142127258696,-0.7687520737021307,False,2020-09-10,129.4959810265167,3.1663022952657105,True,5.0,11.069873570704436,-5.828862080122721,3.551751592407704,-5.828862080122721,-4.4428155204499165,1.5221808566839856,4.764502695456163,10.123150612599495,True,2.0,True,2.0,False,,MACD_FAIL,yfinance,-3.2803600076640627,0.7280644819902093,8.635792498159134,2.2352156971280346,21.13636755590457,307.64056396484375,305.4169317626953,283.18527153015134,62.903225806451616,32.25806451612903,64,5,5,64,7.8125,2.220446049250313e-14,-1.7985787081897797e-06,1.023771423191988e-06,"(-4,-2]","(0,2]",>5,>1,"(20,30]","(50,75]","(25,50]",5-9,"(5,10]"
COVID_2020,TGT,yfinance,MACD_FAIL,2020-09-11,2020-09-14,125.31161898522323,GREEN,307.6405639648437,305.4169372558593,283.18526863098145,-1.141764437088442,-1.2107464456748414,-1.1484445745546186,False,2020-09-10,122.57845304290502,2.229727879957455,False,,11.403551586747197,-1.4136757571724168,11.403551586747197,-1.4136757571724168,0.8818499082924536,5.324808250760027,8.710861611568621,10.784232835935704,True,6.0,True,6.0,True,10.0,MACD_FAIL,yfinance,-3.2803600076640627,0.7280644819902093,8.635792498159134,2.2352156971280346,21.13636755590457,307.64056396484375,305.4169317626953,283.18527153015134,62.903225806451616,32.25806451612903,64,5,5,64,7.8125,2.220446049250313e-14,-1.7985787081897797e-06,1.023771423191988e-06,"(-4,-2]","(0,2]",>5,>1,"(20,30]","(50,75]","(25,50]",5-9,"(5,10]"
COVID_2020,EMR,yfinance,MACD_PASS,2020-09-15,2020-09-16,61.01860101720355,GREEN,313.2674255371094,306.3258801269531,283.4548264312744,-0.3703324636965921,-0.4097742054096813,-0.4321729904370848,True,2020-09-10,59.487164490053296,2.574398259319155,True,3.0,3.2932224328112047,-8.37080582067652,1.0010215396557332,-6.934547045627626,-7.311746651578243,-4.874491818300541,-0.0725330805268154,0.6528011598101013,False,,False,,False,,MACD_PASS,yfinance,2.0887474506761095,2.266027793273606,10.517540151234828,2.030972818564769,21.71744179805979,313.2673034667969,306.3258740234375,283.4548281097412,69.35483870967742,72.58064516129032,64,3,3,64,4.6875,-3.896680680348652e-05,-1.992491005520236e-06,5.921461321278798e-07,>2,>2,>5,>1,"(20,30]","(50,75]","(50,75]",2-4,"(2,5]"
COVID_2020,JNJ,yfinance,MACD_PASS,2020-09-15,2020-09-16,127.3019028190582,GREEN,313.2674255371094,306.3258801269531,283.4548264312744,-0.4770380643967467,-0.5619335824496168,-0.6129607558793733,True,2020-09-08,124.85628550052732,1.9587458562673188,True,3.0,2.5102393830417125,-4.304140140376534,0.4484893042925764,-4.304140140376534,-3.313469072741926,-0.3413758791762311,-1.0107568434191916,-0.8634871579983217,False,,False,,False,,MACD_PASS,yfinance,2.0887474506761095,2.266027793273606,10.517540151234828,2.030972818564769,21.71744179805979,313.2673034667969,306.3258740234375,283.4548281097412,69.35483870967742,72.58064516129032,64,3,3,64,4.6875,-3.896680680348652e-05,-1.992491005520236e-06,5.921461321278798e-07,>2,>2,>5,>1,"(20,30]","(50,75]","(50,75]",2-4,"(2,5]"
COVID_2020,PEP,yfinance,MACD_FAIL,2020-09-15,2020-09-16,113.7546003652526,GREEN,313.2674255371094,306.3258801269531,283.4548264312744,-0.3540582300109694,-0.3317404080697632,-0.3656652415509113,False,2020-09-10,111.75131674268022,1.7926264145818882,True,1.0,5.745539714135495,-5.077788466956578,0.2348160603794724,-3.368082498908398,-3.874395130081976,1.702382892402432,0.5356525198331186,4.578826646467493,False,,False,,False,,MACD_FAIL,yfinance,2.0887474506761095,2.266027793273606,10.517540151234828,2.030972818564769,21.71744179805979,313.2673034667969,306.3258740234375,283.4548281097412,69.35483870967742,72.58064516129032,64,3,3,64,4.6875,-3.896680680348652e-05,-1.992491005520236e-06,5.921461321278798e-07,>2,>2,>5,>1,"(20,30]","(50,75]","(50,75]",2-4,"(2,5]"
COVID_2020,BEN,yfinance,MACD_PASS,2020-09-16,2020-09-17,15.53584261984066,GREEN,312.02410888671875,306.7870745849609,283.5894571685791,-0.0476829488652985,-0.0950875235163076,-0.1100671375579153,True,2020-09-09,14.97484888827703,3.746239683278541,True,3.0,15.778436461811095,-7.992297824584105,3.0332241862400355,-5.825720823464509,-7.221956755058912,-2.468981441951168,8.89905924860679,15.241769768289103,True,1.0,True,1.0,False,,MACD_PASS,yfinance,-0.2854878025231544,1.7070514143476379,10.02668410240739,1.9220997259790762,21.758210015359122,312.0240783691406,306.7870654296875,283.5894591522217,70.96774193548387,58.064516129032256,64,1,1,64,1.5625,-9.780519283353328e-06,-2.984243518966423e-06,6.994768542156748e-07,"(-2,0]","(0,2]",>5,>1,"(20,30]","(50,75]","(50,75]",1,<=2
COVID_2020,BDX,yfinance,MACD_PASS,2020-09-18,2020-09-21,161.0015610136242,GREEN,305.7192077636719,307.4732220458984,283.84716987609863,-0.3083528800562503,-0.6362849532786079,-0.7463565892104373,True,2020-09-04,156.00572553541502,3.202341107073714,True,1.0,4.045127641275892,-5.13849565929676,0.0,-3.7339476747573097,-2.761579974830275,2.91715551421845,3.0122613922473285,2.588706156075116,False,,False,,False,,MACD_PASS,yfinance,-0.6245755530879249,-0.5704876412474635,7.705535530470309,1.609444069732091,22.26245261382559,305.7191162109375,307.473212890625,283.8471715545654,66.12903225806451,51.61290322580645,64,2,2,64,3.125,-2.9946673962832904e-05,-2.977583979379972e-06,5.913276535096657e-07,"(-2,0]","(-2,0]",>5,>1,"(20,30]","(50,75]","(50,75]",2-4,"(2,5]"
COVID_2020,CAH,yfinance,MACD_PASS,2020-09-18,2020-09-21,40.6863789799791,GREEN,305.7192077636719,307.4732220458984,283.84716987609863,-0.1044215699124122,-0.16944273050483,-0.2099204715570846,True,2020-09-10,39.700147372549104,2.48420137632015,True,2.0,6.032013922742729,-5.0605777409353125,1.0631695256189122,-3.806060313933324,1.1056562418402027,1.3051557560582516,3.818982772394275,2.9165845326657447,False,,False,,False,,MACD_PASS,yfinance,-0.6245755530879249,-0.5704876412474635,7.705535530470309,1.609444069732091,22.26245261382559,305.7191162109375,307.473212890625,283.8471715545654,66.12903225806451,51.61290322580645,64,2,2,64,3.125,-2.9946673962832904e-05,-2.977583979379972e-06,5.913276535096657e-07,"(-2,0]","(-2,0]",>5,>1,"(20,30]","(50,75]","(50,75]",2-4,"(2,5]"
COVID_2020,CLX,yfinance,MACD_PASS,2020-09-22,2020-09-23,174.90786708755417,GREEN,305.3955078125,307.97919311523435,284.05806282043454,-0.3358678146930609,-0.686939792574504,-0.8258082738645394,True,2020-09-17,167.82130213803333,4.222684998411053,False,,4.740912813147857,-2.686979447761728,4.740912813147857,-2.686979447761728,-1.4443201191444488,0.881594006303632,2.663520564683064,-0.8909718063662475,True,13.0,True,14.0,False,,MACD_PASS,yfinance,-2.5127949995435994,-0.838901697999872,7.5116594070183895,1.354807739750341,22.48574709875159,305.3955383300781,307.97918090820315,284.0580640411377,48.38709677419355,12.903225806451612,64,1,1,64,1.5625,9.992805183323128e-06,-3.96358957877041e-06,4.2973720137950977e-07,"(-4,-2]","(-2,0]",>5,>1,"(20,30]","(25,50]",<=25,1,<=2
COVID_2020,GWW,yfinance,MACD_PASS,2020-09-25,2020-09-28,329.319903811733,GREEN,303.9439697265625,308.2962139892578,284.29136756896975,-2.0216940390549367,-2.5440300265497964,-2.708003629239484,True,2020-09-21,316.0410625058755,4.201618992345546,False,,11.69825181574593,-0.6658921404844143,11.69825181574593,-0.6658921404844143,5.617215338958981,10.597006839643196,6.635920046585486,2.8057645626704764,True,2.0,True,4.0,True,5.0,MACD_PASS,yfinance,-0.580646217474412,-1.411705703534527,6.912837533953087,0.9427352487209939,24.21567045778587,303.9439697265625,308.29620483398435,284.29136924743653,38.70967741935484,24.193548387096776,64,2,2,64,3.125,0.0,-2.969635382044089e-06,5.904037037041121e-07,"(-2,0]","(-2,0]",>5,"(0,1]","(20,30]","(25,50]",<=25,2-4,"(2,5]"
COVID_2020,HRL,yfinance,MACD_PASS,2020-09-25,2020-09-28,40.4766893295869,GREEN,303.9439697265625,308.2962139892578,284.29136756896975,-0.1461976148519441,-0.2078514965371437,-0.2359418193120405,True,2020-09-10,39.16299850502655,3.3544183916145887,False,,4.306980761098234,-1.2247495247256324,4.306980761098234,-1.2247495247256324,1.041020207835519,2.265753163940709,0.5253342452785636,1.4071404657654885,True,10.0,True,11.0,False,,MACD_PASS,yfinance,-0.580646217474412,-1.411705703534527,6.912837533953087,0.9427352487209939,24.21567045778587,303.9439697265625,308.29620483398435,284.29136924743653,38.70967741935484,24.193548387096776,64,2,2,64,3.125,0.0,-2.969635382044089e-06,5.904037037041121e-07,"(-2,0]","(-2,0]",>5,"(0,1]","(20,30]","(25,50]",<=25,2-4,"(2,5]"
COVID_2020,ABT,yfinance,MACD_PASS,2020-09-28,2020-09-29,94.77199759367632,GREEN,308.9921875,308.55052673339844,284.4103398895264,-0.481273742930826,-0.5915115867769692,-0.6392593528969684,True,2020-09-24,89.70307011328792,5.650784832655953,False,,5.24479822514099,-1.0282086079806183,5.24479822514099,-1.0282086079806183,0.2264034187335228,2.226201313900389,2.557469613537755,2.7656896516937923,True,1.0,True,1.0,True,9.0,MACD_PASS,yfinance,2.2081681061699054,0.14317195470106014,8.64312352977925,0.866452281724972,24.967958710428,308.9922790527344,308.5505212402344,284.41034187316893,54.83870967741935,72.58064516129032,64,14,14,64,21.875,2.962946574758263e-05,-1.7803126528548319e-06,6.974579358498545e-07,>2,"(0,2]",>5,"(0,1]","(20,30]","(50,75]","(50,75]",10+,>10
COVID_2020,ALB,yfinance,MACD_FAIL,2020-09-28,2020-09-29,79.4497770036343,GREEN,308.9921875,308.55052673339844,284.4103398895264,-1.7114102484255698,-1.7437367804756454,-1.6340801530106954,False,2020-09-25,77.19578749316429,2.9198348558457266,False,,16.69216123689583,-0.4473359941079668,16.69216123689583,-0.4473359941079668,10.34726289145489,11.995283955124702,10.135367747030678,12.042376032903013,True,0.0,True,0.0,True,1.0,MACD_FAIL,yfinance,2.2081681061699054,0.14317195470106014,8.64312352977925,0.866452281724972,24.967958710428,308.9922790527344,308.5505212402344,284.41034187316893,54.83870967741935,72.58064516129032,64,14,14,64,21.875,2.962946574758263e-05,-1.7803126528548319e-06,6.974579358498545e-07,>2,"(0,2]",>5,"(0,1]","(20,30]","(50,75]","(50,75]",10+,>10
COVID_2020,AMCR,yfinance,MACD_PASS,2020-09-28,2020-09-29,42.34309911882947,GREEN,308.9921875,308.55052673339844,284.4103398895264,-0.2133582579302164,-0.2629584391887976,-0.287062764587793,True,2020-09-25,40.895126036614045,3.5406984219073845,False,,7.11644561540854,-3.142333407285114,7.11644561540854,-3.142333407285114,1.7559892897323517,5.4528486841133095,3.419567458637029,-2.3105461341672906,True,1.0,True,2.0,True,6.0,MACD_PASS,yfinance,2.2081681061699054,0.14317195470106014,8.64312352977925,0.866452281724972,24.967958710428,308.9922790527344,308.5505212402344,284.41034187316893,54.83870967741935,72.58064516129032,64,14,14,64,21.875,2.962946574758263e-05,-1.7803126528548319e-06,6.974579358498545e-07,>2,"(0,2]",>5,"(0,1]","(20,30]","(50,75]","(50,75]",10+,>10
COVID_2020,APD,yfinance,MACD_PASS,2020-09-28,2020-09-29,254.62965042326115,GREEN,308.9921875,308.55052673339844,284.4103398895264,-1.4866578294056332,-1.736439029739782,-1.848012385020628,True,2020-09-25,246.30718004489825,3.378898811169795,True,20.0,4.614496732919293,-3.493629537658949,4.614496732919293,-3.493629537658949,0.9934510033565936,2.6641837326878197,0.410394632291311,-3.3367898983528543,True,1.0,True,4.0,False,,MACD_PASS,yfinance,2.2081681061699054,0.14317195470106014,8.64312352977925,0.866452281724972,24.967958710428,308.9922790527344,308.5505212402344,284.41034187316893,54.83870967741935,72.58064516129032,64,14,14,64,21.875,2.962946574758263e-05,-1.7803126528548319e-06,6.974579358498545e-07,>2,"(0,2]",>5,"(0,1]","(20,30]","(50,75]","(50,75]",10+,>10
COVID_2020,CAT,yfinance,MACD_PASS,2020-09-28,2020-09-29,133.28011121042414,GREEN,308.9921875,308.55052673339844,284.4103398895264,-0.8794898489575029,-1.0132651305288016,-1.013422416598341,True,2020-09-24,128.2136907444832,3.9515440484727993,False,,15.719022325546428,-3.1138316165436164,15.719022325546428,-3.1138316165436164,2.1297903219869463,9.267378326001264,13.897697966320544,7.079928327244356,True,4.0,True,4.0,True,6.0,MACD_PASS,yfinance,2.2081681061699054,0.14317195470106014,8.64312352977925,0.866452281724972,24.967958710428,308.9922790527344,308.5505212402344,284.41034187316893,54.83870967741935,72.58064516129032,64,14,14,64,21.875,2.962946574758263e-05,-1.7803126528548319e-06,6.974579358498545e-07,>2,"(0,2]",>5,"(0,1]","(20,30]","(50,75]","(50,75]",10+,>10
COVID_2020,ECL,yfinance,MACD_FAIL,2020-09-28,2020-09-29,186.9937795607648,GREEN,308.9921875,308.55052673339844,284.4103398895264,-0.9625631541967103,-1.1247179336866688,-1.086745358953139,False,2020-09-23,180.8107786793265,3.4195975077371044,True,20.0,4.391974445214886,-5.005015871273111,4.391974445214886,-5.005015871273111,-1.2914533324859143,1.0301548127583438,2.015081211357783,-4.638176130885108,True,2.0,True,9.0,False,,MACD_FAIL,yfinance,2.2081681061699054,0.14317195470106014,8.64312352977925,0.866452281724972,24.967958710428,308.9922790527344,308.5505212402344,284.41034187316893,54.83870967741935,72.58064516129032,64,14,14,64,21.875,2.962946574758263e-05,-1.7803126528548319e-06,6.974579358498545e-07,>2,"(0,2]",>5,"(0,1]","(20,30]","(50,75]","(50,75]",10+,>10
COVID_2020,KMB,yfinance,MACD_PASS,2020-09-28,2020-09-29,118.84846836888194,GREEN,308.9921875,308.55052673339844,284.4103398895264,-0.1448255573907488,-0.2991546763146502,-0.4100708320800503,True,2020-09-10,116.23957964092496,2.244406540367816,True,17.0,5.318410039857091,-8.827896261032919,5.318410039857091,-7.832011339371125,1.6260003026196346,4.485079728352703,0.6232788779926501,-8.699203895898632,True,5.0,True,8.0,True,10.0,MACD_PASS,yfinance,2.2081681061699054,0.14317195470106014,8.64312352977925,0.866452281724972,24.967958710428,308.9922790527344,308.5505212402344,284.41034187316893,54.83870967741935,72.58064516129032,64,14,14,64,21.875,2.962946574758263e-05,-1.7803126528548319e-06,6.974579358498545e-07,>2,"(0,2]",>5,"(0,1]","(20,30]","(50,75]","(50,75]",10+,>10
COVID_2020,LEG,yfinance,MACD_FAIL,2020-09-28,2020-09-29,33.46678977175439,GREEN,308.9921875,308.55052673339844,284.4103398895264,-0.3370722177523394,-0.3877446969607842,-0.3548275811859667,False,2020-09-24,32.061094303104696,4.384427603625407,False,,9.4684888787961,-3.749402086478304,9.4684888787961,-3.749402086478304,0.3797265869383226,5.315668326146827,5.030866507600873,-0.3084551866433527,True,4.0,True,4.0,True,7.0,MACD_FAIL,yfinance,2.2081681061699054,0.14317195470106014,8.64312352977925,0.866452281724972,24.967958710428,308.9922790527344,308.5505212402344,284.41034187316893,54.83870967741935,72.58064516129032,64,14,14,64,21.875,2.962946574758263e-05,-1.7803126528548319e-06,6.974579358498545e-07,>2,"(0,2]",>5,"(0,1]","(20,30]","(50,75]","(50,75]",10+,>10
COVID_2020,LIN,yfinance,MACD_FAIL,2020-09-28,2020-09-29,219.6348159079781,GREEN,308.9921875,308.55052673339844,284.4103398895264,-1.8462021889670288,-2.190214451292436,-2.1472860291649623,False,2020-09-22,211.0530082314554,4.066185906770525,True,19.0,2.132410704900556,-5.291045452644106,2.132410704900556,-4.828391696112289,-2.388950943818413,-0.7486549288542199,-1.901080567395963,-5.169070112948204,True,9.0,False,,False,,MACD_FAIL,yfinance,2.2081681061699054,0.14317195470106014,8.64312352977925,0.866452281724972,24.967958710428,308.9922790527344,308.5505212402344,284.41034187316893,54.83870967741935,72.58064516129032,64,14,14,64,21.875,2.962946574758263e-05,-1.7803126528548319e-06,6.974579358498545e-07,>2,"(0,2]",>5,"(0,1]","(20,30]","(50,75]","(50,75]",10+,>10
COVID_2020,MDT,yfinance,MACD_PASS,2020-09-28,2020-09-29,88.5373529751032,GREEN,308.9921875,308.55052673339844,284.4103398895264,-0.5595491259285801,-0.6338162932531004,-0.6741195807851079,True,2020-09-23,84.47770692288523,4.805582679846876,False,,7.001534348436955,-3.919323967730437,7.001534348436955,-3.919323967730437,-1.6552414518361758,1.7313751733244898,3.833735181637144,0.0856464421171709,True,7.0,True,7.0,True,13.0,MACD_PASS,yfinance,2.2081681061699054,0.14317195470106014,8.64312352977925,0.866452281724972,24.967958710428,308.9922790527344,308.5505212402344,284.41034187316893,54.83870967741935,72.58064516129032,64,14,14,64,21.875,2.962946574758263e-05,-1.7803126528548319e-06,6.974579358498545e-07,>2,"(0,2]",>5,"(0,1]","(20,30]","(50,75]","(50,75]",10+,>10
COVID_2020,NUE,yfinance,MACD_FAIL,2020-09-28,2020-09-29,41.619523243186826,GREEN,308.9921875,308.55052673339844,284.4103398895264,-0.242369188997681,-0.3110179859752711,-0.3068396703291423,False,2020-09-23,39.84592600985532,4.451138198903526,False,,11.159846451713108,-3.0914367003800125,11.159846451713108,-3.0914367003800125,2.8940951091849465,6.709056048093376,6.358250196014259,5.722447814579734,True,3.0,True,4.0,True,5.0,MACD_FAIL,yfinance,2.2081681061699054,0.14317195470106014,8.64312352977925,0.866452281724972,24.967958710428,308.9922790527344,308.5505212402344,284.41034187316893,54.83870967741935,72.58064516129032,64,14,14,64,21.875,2.962946574758263e-05,-1.7803126528548319e-06,6.974579358498545e-07,>2,"(0,2]",>5,"(0,1]","(20,30]","(50,75]","(50,75]",10+,>10
COVID_2020,PPG,yfinance,MACD_PASS,2020-09-28,2020-09-29,108.3001419958097,GREEN,308.9921875,308.55052673339844,284.4103398895264,-1.0212362269286517,-1.1806245325511264,-1.2270953298680132,True,2020-09-23,103.647316170845,4.489094360432167,False,,13.256984309812816,-1.800308204536727,13.256984309812816,-1.800308204536727,1.923089492572916,9.304459143764944,10.17182787934976,4.247163456325809,True,4.0,True,4.0,True,5.0,MACD_PASS,yfinance,2.2081681061699054,0.14317195470106014,8.64312352977925,0.866452281724972,24.967958710428,308.9922790527344,308.5505212402344,284.41034187316893,54.83870967741935,72.58064516129032,64,14,14,64,21.875,2.962946574758263e-05,-1.7803126528548319e-06,6.974579358498545e-07,>2,"(0,2]",>5,"(0,1]","(20,30]","(50,75]","(50,75]",10+,>10
COVID_2020,TROW,yfinance,MACD_PASS,2020-09-28,2020-09-29,99.20527065711582,GREEN,308.9921875,308.55052673339844,284.4103398895264,-0.0366741762980944,-0.3272822272241735,-0.4755704839255297,True,2020-09-21,94.5026769480072,4.976148677455838,False,,16.649690742629875,-1.3476402583943117,16.649690742629875,-1.3476402583943117,4.889126659243459,12.967141849781406,14.972958456375473,11.494193219025938,True,4.0,True,4.0,True,5.0,MACD_PASS,yfinance,2.2081681061699054,0.14317195470106014,8.64312352977925,0.866452281724972,24.967958710428,308.9922790527344,308.5505212402344,284.41034187316893,54.83870967741935,72.58064516129032,64,14,14,64,21.875,2.962946574758263e-05,-1.7803126528548319e-06,6.974579358498545e-07,>2,"(0,2]",>5,"(0,1]","(20,30]","(50,75]","(50,75]",10+,>10
COVID_2020,WMT,yfinance,MACD_PASS,2020-09-28,2020-09-29,42.420545528693005,GREEN,308.9921875,308.55052673339844,284.4103398895264,-0.1395755489776521,-0.1614051789968836,-0.1884947464196956,True,2020-09-18,41.64786891587372,1.8552608643194857,False,,6.8123803308631325,-0.6265942516222478,6.8123803308631325,-0.6265942516222478,2.462655886715126,6.542791740414744,4.845165376758343,4.094726414821026,True,1.0,True,1.0,True,2.0,MACD_PASS,yfinance,2.2081681061699054,0.14317195470106014,8.64312352977925,0.866452281724972,24.967958710428,308.9922790527344,308.5505212402344,284.41034187316893,54.83870967741935,72.58064516129032,64,14,14,64,21.875,2.962946574758263e-05,-1.7803126528548319e-06,6.974579358498545e-07,>2,"(0,2]",>5,"(0,1]","(20,30]","(50,75]","(50,75]",10+,>10
COVID_2020,ABBV,yfinance,MACD_PASS,2020-09-29,2020-09-30,68.99734560818968,GREEN,307.3094787597656,308.7232989501953,284.508607711792,-0.1759985421786156,-0.2261655297793656,-0.3003383542219573,True,2020-09-10,67.66499541531964,1.969039064722056,True,15.0,2.0689747435687744,-6.5141214624030885,2.0689747435687744,-3.811126647746344,0.080464641107536,0.2783057692696156,-3.426648628463436,-6.222851892903858,True,9.0,False,,False,,MACD_PASS,yfinance,0.6266887214516847,-0.45797468065235103,8.014101302030685,0.782636537162773,24.990382922709518,307.3094177246094,308.7232922363281,284.50860954284667,48.38709677419355,48.38709677419355,64,1,1,64,1.5625,-1.9861136890675368e-05,-2.1747199596688915e-06,6.435849631003521e-07,"(0,2]","(-2,0]",>5,"(0,1]","(20,30]","(25,50]","(25,50]",1,<=2
COVID_2020,BF-B,yfinance,MACD_PASS,2020-09-30,2020-10-01,67.54743930851973,GREEN,309.6395263671875,308.9299652099609,284.6176641082764,-0.541193507820084,-0.594831504457703,-0.6377023065367793,True,2020-09-24,65.53668191757103,3.068140363709193,True,17.0,4.478363947278519,-9.483664447225282,4.478363947278519,-4.899885827071104,2.73970631886149,0.4478306410158117,-0.9747354729015112,-8.298204047525504,True,4.0,True,6.0,False,,MACD_PASS,yfinance,3.7967694738666236,0.2296574291746234,8.791362015618187,0.6984938530390616,24.8858425907895,309.6394348144531,308.9299542236328,284.61766548156737,54.83870967741935,91.93548387096774,64,2,2,64,3.125,-2.9567521775408778e-05,-3.5562520150911325e-06,4.825037702715917e-07,>2,"(0,2]",>5,"(0,1]","(20,30]","(50,75]",>75,2-4,"(2,5]"
COVID_2020,GPC,yfinance,MACD_PASS,2020-09-30,2020-10-01,81.10712418737282,GREEN,309.6395263671875,308.9299652099609,284.6176641082764,-0.7031261495047024,-0.7724161205369017,-0.7953472959140149,True,2020-09-23,78.67451432819144,3.0919922162261138,True,19.0,8.255856723527732,-6.5524031071859,8.255856723527732,-6.5524031071859,5.705937974886832,5.841796996296944,1.1390881889337343,-5.622303855272925,True,2.0,True,3.0,True,5.0,MACD_PASS,yfinance,3.7967694738666236,0.2296574291746234,8.791362015618187,0.6984938530390616,24.8858425907895,309.6394348144531,308.9299542236328,284.61766548156737,54.83870967741935,91.93548387096774,64,2,2,64,3.125,-2.9567521775408778e-05,-3.5562520150911325e-06,4.825037702715917e-07,>2,"(0,2]",>5,"(0,1]","(20,30]","(50,75]",>75,2-4,"(2,5]"
GFC_2007_2009,ABT,legacy,MACD_PASS,2007-08-01,2007-08-02,20.72,GREEN,127.57,132.15339999999998,126.3529,-0.0902699753852841,-0.1065359927457245,-0.1089472322595981,True,2007-07-26,20.072,3.228377839776808,False,,11.192084942084946,-1.6505791505791456,11.192084942084946,-1.6505791505791456,7.326254826254841,1.3175675675675569,1.9015444015444196,0.419884169884166,True,2.0,True,2.0,True,3.0,MACD_PASS,legacy,-3.4145972138098224,-3.4682422094323595,0.9632545038538831,-0.17554752851137723,17.287046694266643,127.57,132.15339999999998,126.3529,14.285714285714286,10.204081632653061,52,6,6,52,11.538461538461538,0.0,0.0,0.0,"(-4,-2]","(-5,-2]","(0,5]","(-1,0]","(10,20]",<=25,<=25,5-9,>10
GFC_2007_2009,ADP,legacy,MACD_PASS,2007-08-01,2007-08-02,34.697,GREEN,127.57,132.15339999999998,126.3529,-0.1378457367111726,-0.2018407107158875,-0.2392706243190292,True,2007-07-24,33.311,4.160787727777615,False,,4.579646655330438,-3.7496037121365062,4.579646655330438,-3.7496037121365062,1.1931867308412558,-0.7781652592443233,-0.3775542554111277,-2.510303484451115,True,1.0,True,3.0,False,,MACD_PASS,legacy,-3.4145972138098224,-3.4682422094323595,0.9632545038538831,-0.17554752851137723,17.287046694266643,127.57,132.15339999999998,126.3529,14.285714285714286,10.204081632653061,52,6,6,52,11.538461538461538,0.0,0.0,0.0,"(-4,-2]","(-5,-2]","(0,5]","(-1,0]","(10,20]",<=25,<=25,5-9,>10
GFC_2007_2009,FITB,legacy,MACD_FAIL,2007-08-01,2007-08-02,31.348,GREEN,127.57,132.15339999999998,126.3529,-0.1471006616924468,-0.1735942379680839,-0.1656178536589334,False,2007-07-24,30.444,2.9693864144002102,True,18.0,11.005486793415864,-5.467653438815868,11.005486793415864,-4.89664412402705,4.10552507336992,-1.891667729998725,-0.2073497511802968,-4.497894602526475,True,0.0,True,2.0,True,3.0,MACD_FAIL,legacy,-3.4145972138098224,-3.4682422094323595,0.9632545038538831,-0.17554752851137723,17.287046694266643,127.57,132.15339999999998,126.3529,14.285714285714286,10.204081632653061,52,6,6,52,11.538461538461538,0.0,0.0,0.0,"(-4,-2]","(-5,-2]","(0,5]","(-1,0]","(10,20]",<=25,<=25,5-9,>10
GFC_2007_2009,KO,legacy,MACD_FAIL,2007-08-01,2007-08-02,21.683,GREEN,127.57,132.15339999999998,126.3529,-0.0434145229248907,-0.0648650958947307,-0.0469807700293954,False,2007-07-31,21.227,2.1482074716163257,False,,6.940921459207661,-0.6226075727528535,6.940921459207661,-0.6226075727528535,5.059263017110194,0.4058478992759351,1.5449891620163303,0.4473550707927876,True,1.0,True,3.0,True,4.0,MACD_FAIL,legacy,-3.4145972138098224,-3.4682422094323595,0.9632545038538831,-0.17554752851137723,17.287046694266643,127.57,132.15339999999998,126.3529,14.285714285714286,10.204081632653061,52,6,6,52,11.538461538461538,0.0,0.0,0.0,"(-4,-2]","(-5,-2]","(0,5]","(-1,0]","(10,20]",<=25,<=25,5-9,>10
GFC_2007_2009,PPG,legacy,MACD_FAIL,2007-08-01,2007-08-02,35.216,GREEN,127.57,132.15339999999998,126.3529,-0.1765716881120063,-0.228388757056451,-0.1769360096509099,False,2007-07-30,33.696,4.5109211775878455,True,5.0,0.8632439800090985,-14.19809177646524,0.8632439800090985,-8.88232621535665,-8.6579963652885,-9.717174011812812,-7.908337119491149,-6.993980009086787,False,,False,,False,,MACD_FAIL,legacy,-3.4145972138098224,-3.4682422094323595,0.9632545038538831,-0.17554752851137723,17.287046694266643,127.57,132.15339999999998,126.3529,14.285714285714286,10.204081632653061,52,6,6,52,11.538461538461538,0.0,0.0,0.0,"(-4,-2]","(-5,-2]","(0,5]","(-1,0]","(10,20]",<=25,<=25,5-9,>10
GFC_2007_2009,STT,legacy,MACD_FAIL,2007-08-01,2007-08-02,59.961,GREEN,127.57,132.15339999999998,126.3529,-0.3433886973817263,-0.3496061695836086,-0.316130960190065,False,2007-07-27,57.134,4.948016942626099,True,9.0,7.137973015793597,-13.133536798919298,7.137973015793597,-8.904121011991128,3.657377295241915,-8.817397975350637,-6.449191974783608,-12.616534080485645,True,3.0,True,3.0,True,4.0,MACD_FAIL,legacy,-3.4145972138098224,-3.4682422094323595,0.9632545038538831,-0.17554752851137723,17.287046694266643,127.57,132.15339999999998,126.3529,14.285714285714286,10.204081632653061,52,6,6,52,11.538461538461538,0.0,0.0,0.0,"(-4,-2]","(-5,-2]","(0,5]","(-1,0]","(10,20]",<=25,<=25,5-9,>10
GFC_2007_2009,WMT,legacy,MACD_PASS,2007-08-02,2007-08-03,39.697,GREEN,128.58,132.0692,126.4006,-0.1594356063941053,-0.2119638764226354,-0.229782021647161,True,2007-07-27,38.653,2.700954647763454,True,7.0,3.6778597878932784,-8.096329697458259,3.6778597878932784,-6.806559689649106,-1.3502279769252112,-6.872055822858158,-6.343048593092682,-6.574804141370882,True,3.0,True,3.0,False,,MACD_PASS,legacy,-0.2791996277338171,-2.641948311945541,1.7242006762626216,-0.29608625607158157,17.63793895503173,128.58,132.0692,126.4006,18.367346938775512,44.89795918367347,52,1,1,52,1.9230769230769231,0.0,0.0,0.0,"(-2,0]","(-5,-2]","(0,5]","(-1,0]","(10,20]",<=25,"(25,50]",1,<=2
GFC_2007_2009,TGT,legacy,MACD_FAIL,2007-08-03,2007-08-06,50.126,YELLOW,125.27,131.9184,126.43085,-0.6182749908190438,-0.6156246450151466,-0.7776331351295138,False,2007-07-26,48.781,2.7572210491789706,True,7.0,9.5439492478953,-7.638750349120215,9.164904440809174,-4.508638231656226,4.23732194868931,-2.6493237042652384,2.5575549614970328,5.837290029126607,True,0.0,True,1.0,True,2.0,MACD_FAIL,legacy,-0.9018273870738058,-5.039782168370744,-0.9181698928702908,-0.4407467336440707,19.45696647105058,125.27,131.9184,126.43084999999999,10.204081632653061,28.571428571428573,52,1,1,52,1.9230769230769231,0.0,0.0,-1.1102230246251565e-14,"(-2,0]",<=-5,"(-5,0]","(-1,0]","(10,20]",<=25,"(25,50]",1,<=2
GFC_2007_2009,LLY,legacy,MACD_FAIL,2007-08-06,2007-08-07,43.859,GREEN,127.37,131.8338,126.47345,-0.0724681707919964,-0.1855850786190426,-0.1789815007285233,False,2007-07-30,42.045,4.31442502081103,False,,5.693244260015051,-3.8669372306710303,5.693244260015051,-3.8669372306710303,-0.5358079299573659,-0.9986547800907464,0.4674069176223705,2.601518502473832,True,0.0,True,1.0,True,2.0,MACD_FAIL,legacy,-0.8099057705786117,-3.385929860172421,0.70888395943971,-0.561929961652996,20.662489183524592,127.37,131.8338,126.47345,24.489795918367346,57.142857142857146,52,3,3,52,5.769230769230769,0.0,0.0,0.0,"(-2,0]","(-5,-2]","(0,5]","(-1,0]","(20,30]",<=25,"(50,75]",2-4,"(5,10]"
GFC_2007_2009,MCD,legacy,MACD_PASS,2007-08-06,2007-08-07,39.67,GREEN,127.37,131.8338,126.47345,-0.1917617890780725,-0.2794886308248303,-0.3137593861812189,True,2007-07-27,38.456,3.1568545870605424,False,,5.87849760524326,-4.812200655407106,5.87849760524326,-4.812200655407106,-1.8351399042097367,-1.076380136123012,-0.7335518023695586,0.4965969246281787,True,0.0,True,1.0,True,2.0,MACD_PASS,legacy,-0.8099057705786117,-3.385929860172421,0.70888395943971,-0.561929961652996,20.662489183524592,127.37,131.8338,126.47345,24.489795918367346,57.142857142857146,52,3,3,52,5.769230769230769,0.0,0.0,0.0,"(-2,0]","(-5,-2]","(0,5]","(-1,0]","(20,30]",<=25,"(50,75]",2-4,"(5,10]"
GFC_2007_2009,VFC,legacy,MACD_PASS,2007-08-06,2007-08-07,18.87,GREEN,127.37,131.8338,126.47345,-0.0513868525625501,-0.1035634506428314,-0.1216634111581765,True,2007-07-23,17.999,4.839157730985066,True,6.0,5.728669846316903,-11.547429782723906,5.728669846316903,-8.108108108108114,-3.529411764705881,-7.23900370959194,-11.494435612082675,-8.404875463699002,True,0.0,True,0.0,True,0.0,MACD_PASS,legacy,-0.8099057705786117,-3.385929860172421,0.70888395943971,-0.561929961652996,20.662489183524592,127.37,131.8338,126.47345,24.489795918367346,57.142857142857146,52,3,3,52,5.769230769230769,0.0,0.0,0.0,"(-2,0]","(-5,-2]","(0,5]","(-1,0]","(20,30]",<=25,"(50,75]",2-4,"(5,10]"
GFC_2007_2009,EMR,legacy,MACD_PASS,2007-08-07,2007-08-08,39.741,GREEN,128.73,131.7652,126.52205,-0.1351105727419494,-0.2068639857712196,-0.2788291954934024,True,2007-07-30,37.892,4.879657975298213,True,1.0,2.2898266274125056,-11.46674718804258,1.6959814800835415,-6.346090938828919,-5.087944440250613,-3.711532170805976,-1.0669082307943945,-0.2491130067184932,False,,False,,False,,MACD_PASS,legacy,1.4101150149677055,-2.303491361907395,1.7451108324596287,-0.6195196196297492,20.68953622547405,128.73,131.7652,126.52205,32.6530612244898,81.63265306122449,52,3,3,52,5.769230769230769,0.0,0.0,0.0,"(0,2]","(-5,-2]","(0,5]","(-1,0]","(20,30]","(25,50]",>75,2-4,"(5,10]"
GFC_2007_2009,GE,legacy,MACD_PASS,2007-08-07,2007-08-08,31.802,GREEN,128.73,131.7652,126.52205,-0.1253439186178576,-0.1738780854920733,-0.2088774362515674,True,2007-08-03,30.602,3.9213123325272825,True,4.0,2.427520281743289,-8.354820451543931,2.427520281743289,-5.848688761713095,-6.581347085088984,-0.9087478774919776,-2.003018678070567,-0.2547009622036356,True,0.0,False,,False,,MACD_PASS,legacy,1.4101150149677055,-2.303491361907395,1.7451108324596287,-0.6195196196297492,20.68953622547405,128.73,131.7652,126.52205,32.6530612244898,81.63265306122449,52,3,3,52,5.769230769230769,0.0,0.0,0.0,"(0,2]","(-5,-2]","(0,5]","(-1,0]","(20,30]","(25,50]",>75,2-4,"(5,10]"
GFC_2007_2009,SLM,legacy,MACD_PASS,2007-08-07,2007-08-08,16.18,GREEN,128.73,131.7652,126.52205,-0.0141083438945981,-0.0558219802836832,-0.0940470874075264,True,2007-08-01,15.604,3.691361189438602,True,3.0,4.153275648949317,-8.992583436341162,4.153275648949317,-5.426452410383186,-5.302843016069225,1.378244746600732,0.6118665018541414,-1.4153275648949304,True,0.0,True,0.0,False,,MACD_PASS,legacy,1.4101150149677055,-2.303491361907395,1.7451108324596287,-0.6195196196297492,20.68953622547405,128.73,131.7652,126.52205,32.6530612244898,81.63265306122449,52,3,3,52,5.769230769230769,0.0,0.0,0.0,"(0,2]","(-5,-2]","(0,5]","(-1,0]","(20,30]","(25,50]",>75,2-4,"(5,10]"
GFC_2007_2009,MMM,legacy,MACD_PASS,2007-08-08,2007-08-09,74.674,GREEN,130.53,131.7232,126.57875,-0.3169505984441738,-0.342702658408974,-0.3503519873326451,True,2007-08-03,73.578,1.4895756883851252,True,1.0,4.105846747194453,-5.337868602190865,0.2611350670916224,-3.572863379489521,-2.8430243458231863,0.9668693253341188,1.660551195864679,1.1610466829150567,False,,False,,False,,MACD_PASS,legacy,2.320294740142681,-0.9058389106854303,3.121574513889569,-0.6655817468014247,21.17763112343935,130.53,131.7232,126.57875,44.89795918367347,75.51020408163265,52,3,3,52,5.769230769230769,0.0,0.0,0.0,>2,"(-2,0]","(0,5]","(-1,0]","(20,30]","(25,50]",>75,2-4,"(5,10]"
GFC_2007_2009,SVU,legacy,MACD_PASS,2007-08-08,2007-08-09,265.69,GREEN,130.53,131.7232,126.57875,-1.6913846219948798,-1.9943304663135404,-2.8946289164794283,True,2007-07-26,250.43,6.093519147067039,False,,5.62309458391359,-9.462155143212014,5.62309458391359,-9.462155143212014,-5.743535699499414,4.034777372125409,1.3436711957544478,-0.9522375701004782,True,1.0,True,1.0,True,2.0,MACD_PASS,legacy,2.320294740142681,-0.9058389106854303,3.121574513889569,-0.6655817468014247,21.17763112343935,130.53,131.7232,126.57875,44.89795918367347,75.51020408163265,52,3,3,52,5.769230769230769,0.0,0.0,0.0,>2,"(-2,0]","(0,5]","(-1,0]","(20,30]","(25,50]",>75,2-4,"(5,10]"
GFC_2007_2009,SWK,legacy,MACD_PASS,2007-08-08,2007-08-09,47.743,GREEN,130.53,131.7232,126.57875,-0.3161522649134929,-0.492917309465281,-0.6072812520708837,True,2007-07-26,44.997,6.102629064159837,False,,6.602014955071955,-5.680413882663437,6.602014955071955,-5.680413882663437,-2.0610351255681447,1.2441614477515015,0.4314768657185164,-3.288440190184949,True,1.0,True,1.0,True,6.0,MACD_PASS,legacy,2.320294740142681,-0.9058389106854303,3.121574513889569,-0.6655817468014247,21.17763112343935,130.53,131.7232,126.57875,44.89795918367347,75.51020408163265,52,3,3,52,5.769230769230769,0.0,0.0,0.0,>2,"(-2,0]","(0,5]","(-1,0]","(20,30]","(25,50]",>75,2-4,"(5,10]"
GFC_2007_2009,SHW,legacy,MACD_FAIL,2007-08-10,2007-08-13,63.222,YELLOW,126.07,131.4312,126.64745,-0.324983428849326,-0.4117724848585647,-0.2337982325918121,False,2007-08-09,58.799,7.522236772734225,False,,3.427604314953636,-9.036411375786912,3.427604314953636,-9.036411375786912,-1.1182816108316729,1.1420075290247134,0.3226724874252573,-2.5639808927272134,True,0.0,True,10.0,False,,MACD_FAIL,legacy,0.638620579548177,-4.079092331196854,-0.4559507514758532,-0.7678473546639308,22.596470446932226,126.07,131.4312,126.64744999999999,20.408163265306122,85.71428571428571,52,1,1,52,1.9230769230769231,0.0,0.0,-1.1102230246251565e-14,"(0,2]","(-5,-2]","(-5,0]","(-1,0]","(20,30]",<=25,>75,1,<=2
GFC_2007_2009,GWW,legacy,MACD_PASS,2007-08-13,2007-08-14,76.297,YELLOW,126.52,131.277,126.67945,-0.2949875856385524,-0.3969057087713503,-0.513415877059813,True,2007-07-24,73.324,4.054606949975459,True,1.0,7.10381797449442,-8.422349502601678,0.3132495379897015,-5.735481080514293,0.8873219130503207,0.5308203468026296,3.918895893678664,0.0930573941308354,False,,False,,False,,MACD_PASS,legacy,-0.6673470990029129,-3.623635518788504,-0.1258688761278992,-0.8333572543326118,22.70503751669218,126.52,131.277,126.67945,20.408163265306122,26.53061224489796,52,1,1,52,1.9230769230769231,0.0,0.0,0.0,"(-2,0]","(-5,-2]","(-5,0]","(-1,0]","(20,30]",<=25,"(25,50]",1,<=2
GFC_2007_2009,CB,legacy,MACD_PASS,2007-08-17,2007-08-20,49.121,YELLOW,126.07,130.6202,126.75785,-0.0385485218400865,-0.1937019407089932,-0.2644590880793664,True,2007-08-15,45.528,7.891846775610611,False,,4.159117281814284,-3.1167932248936325,4.159117281814284,-3.1167932248936325,1.7670650027483026,1.107469310478204,-0.1201115612467274,2.080576535493983,True,0.0,True,2.0,False,,MACD_PASS,legacy,0.0,-3.4835347059643307,-0.5426488379220773,-0.9840931970066191,24.74032767177199,126.07,130.6202,126.75785,26.53061224489796,40.816326530612244,52,1,1,52,1.9230769230769231,0.0,0.0,0.0,"(-2,0]","(-5,-2]","(-5,0]","(-1,0]","(20,30]","(25,50]","(25,50]",1,<=2
GFC_2007_2009,KO,legacy,MACD_PASS,2007-09-04,2007-09-05,22.079,GREEN,129.88,129.60019999999997,127.1622,-0.0299706121287915,-0.0545799365410446,-0.0657792686494486,True,2007-08-29,21.649,1.986234930019859,False,,7.763032746048282,-1.7256216314144646,7.763032746048282,-1.7256216314144646,3.161375062276384,4.592599302504641,5.933239730060236,6.345396077720911,True,4.0,True,4.0,True,12.0,MACD_PASS,legacy,1.4608233731739695,0.21589472855754188,2.137270352353138,-0.6960460843193683,21.595221514113717,129.88,129.60019999999997,127.1622,44.89795918367347,59.183673469387756,52,2,2,52,3.8461538461538463,0.0,0.0,0.0,"(0,2]","(0,2]","(0,5]","(-1,0]","(20,30]","(25,50]","(50,75]",2-4,"(2,5]"
GFC_2007_2009,VFC,legacy,MACD_PASS,2007-09-04,2007-09-05,17.325,GREEN,129.88,129.60019999999997,127.1622,-0.0032899096710501,-0.0501982987611128,-0.0669139800539805,True,2007-08-28,16.691,3.7984542567850887,False,,9.33910533910536,-3.84415584415585,9.33910533910536,-3.84415584415585,-0.3694083694083749,5.645021645021653,-0.5714285714285672,3.405483405483412,True,9.0,True,9.0,True,10.0,MACD_PASS,legacy,1.4608233731739695,0.21589472855754188,2.137270352353138,-0.6960460843193683,21.595221514113717,129.88,129.60019999999997,127.1622,44.89795918367347,59.183673469387756,52,2,2,52,3.8461538461538463,0.0,0.0,0.0,"(0,2]","(0,2]","(0,5]","(-1,0]","(20,30]","(25,50]","(50,75]",2-4,"(2,5]"
GFC_2007_2009,ADP,legacy,MACD_PASS,2007-09-05,2007-09-06,33.884,GREEN,128.75,129.56459999999998,127.19605,-0.0541070923243692,-0.0758725265464546,-0.0926511638288205,True,2007-08-28,33.396,1.4612528446520612,True,1.0,3.7598866721756607,-4.311769566757162,1.1244245071420078,-2.785975681737696,-3.311297367489085,0.5725416125605065,0.3305394876637946,3.2788336678078123,False,,False,,False,,MACD_PASS,legacy,2.8436776100327465,-0.628721116724773,1.2216967429413028,-0.6389678353469153,21.541707463892283,128.75,129.56459999999998,127.19605,30.612244897959183,77.55102040816327,52,1,1,52,1.9230769230769231,0.0,0.0,0.0,>2,"(-2,0]","(0,5]","(-1,0]","(20,30]","(25,50]",>75,1,<=2
GFC_2007_2009,SHW,legacy,MACD_FAIL,2007-09-13,2007-09-14,62.256,GREEN,129.73,129.2278,127.37449999999998,-0.1691813168518605,-0.2363974636109008,-0.2085136426653043,False,2007-09-11,60.882,2.256824677244506,True,5.0,3.924119763556933,-7.093292212798763,3.924119763556933,-3.535402210228733,-2.486507324595222,-2.725841685941921,-2.1042148547931183,-3.671935235158064,True,2.0,True,3.0,False,,MACD_FAIL,legacy,0.5425094939161434,0.38861607177402835,1.8492712434592606,-0.43239411660462856,16.948147203975182,129.73,129.2278,127.37449999999998,40.816326530612244,48.97959183673469,52,2,2,52,3.8461538461538463,0.0,0.0,0.0,"(0,2]","(0,2]","(0,5]","(-1,0]","(10,20]","(25,50]","(25,50]",2-4,"(2,5]"
GFC_2007_2009,SWK,legacy,MACD_FAIL,2007-09-13,2007-09-14,46.234,GREEN,129.73,129.2278,127.37449999999998,-0.0960722325820307,-0.1280394369141497,-0.1210084982485916,False,2007-09-10,45.094,2.5280525125293885,False,,9.07557208980403,-0.4477224553358971,9.07557208980403,-0.4477224553358971,6.019379677293779,4.232815676774671,5.666825280096899,6.979711900333085,True,2.0,True,2.0,True,2.0,MACD_FAIL,legacy,0.5425094939161434,0.38861607177402835,1.8492712434592606,-0.43239411660462856,16.948147203975182,129.73,129.2278,127.37449999999998,40.816326530612244,48.97959183673469,52,2,2,52,3.8461538461538463,0.0,0.0,0.0,"(0,2]","(0,2]","(0,5]","(-1,0]","(10,20]","(25,50]","(25,50]",2-4,"(2,5]"
GFC_2007_2009,GWW,legacy,MACD_FAIL,2007-09-18,2007-09-19,79.202,GREEN,132.82,129.07659999999998,127.51175,-0.1036342223609278,-0.2791483225424556,-0.2423989285603997,False,2007-09-13,75.335,5.133072277162021,False,,6.690487613949148,-0.6552864826645632,6.690487613949148,-0.6552864826645632,1.467134668316472,1.1881013105729643,4.525138254084493,3.0340142925683766,True,0.0,True,8.0,True,12.0,MACD_FAIL,legacy,3.3699120554128603,2.9001383674500225,4.162949688950213,-0.40401172220412285,18.796948776417256,132.82,129.07659999999998,127.51175,65.3061224489796,91.83673469387755,52,1,1,52,1.9230769230769231,0.0,0.0,0.0,>2,>2,"(0,5]","(-1,0]","(10,20]","(50,75]",>75,1,<=2
GFC_2007_2009,MO,legacy,MACD_PASS,2007-09-19,2007-09-20,15.423,GREEN,133.62,129.1194,127.5677,-0.0023859096652126,-0.0247893370262447,-0.0424650989481706,True,2007-09-11,15.029,2.621598243396095,False,,4.499773066199841,-0.7197043376774959,4.499773066199841,-0.7197043376774959,1.543149841146341,1.834921869934503,2.210983595928151,3.5855540426635635,True,7.0,True,17.0,False,,MACD_PASS,legacy,3.734182128716723,3.4856109926161283,4.74438278655176,-0.3436123756025755,18.83317107460123,133.62,129.1194,127.5677,75.51020408163265,95.91836734693878,52,1,1,52,1.9230769230769231,0.0,0.0,0.0,>2,>2,"(0,5]","(-1,0]","(10,20]",>75,>75,1,<=2
GFC_2007_2009,CTL,legacy,MACD_PASS,2007-09-20,2007-09-21,29.272,GREEN,132.67,129.12439999999998,127.62025,-0.108067326627695,-0.1347409444998378,-0.1708240844807226,True,2007-09-13,28.368,3.186689227298367,False,,2.02241049467069,-3.344493030882756,2.02241049467069,-3.344493030882756,0.5431811970483924,0.2801311833834363,-0.9121344629680171,-1.6295435911451106,True,6.0,False,,False,,MACD_PASS,legacy,2.2662452786556653,2.7458791676863603,3.956856376633011,-0.33744566291248335,18.84644432464141,132.67,129.12439999999998,127.62025,61.224489795918366,85.71428571428571,52,2,2,52,3.8461538461538463,0.0,0.0,0.0,>2,>2,"(0,5]","(-1,0]","(10,20]","(50,75]",>75,2-4,"(2,5]"
GFC_2007_2009,SVU,legacy,MACD_FAIL,2007-09-20,2007-09-21,260.3,GREEN,132.67,129.12439999999998,127.62025,-0.3253089019119048,-0.2865521351971347,-0.2476663366031064,False,2007-09-17,256.14,1.624111813851803,True,2.0,0.2766039185555069,-12.604686899731076,0.2766039185555069,-6.661544371878603,-2.6469458317326167,-6.066077602766051,-11.42912024587015,-6.865155589704186,False,,False,,False,,MACD_FAIL,legacy,2.2662452786556653,2.7458791676863603,3.956856376633011,-0.33744566291248335,18.84644432464141,132.67,129.12439999999998,127.62025,61.224489795918366,85.71428571428571,52,2,2,52,3.8461538461538463,0.0,0.0,0.0,>2,>2,"(0,5]","(-1,0]","(10,20]","(50,75]",>75,2-4,"(2,5]"
GFC_2007_2009,KMB,legacy,MACD_FAIL,2007-10-22,2007-10-23,55.935,GREEN,131.13,130.60139999999998,128.76515,-0.1325935765646476,-0.2382643434295273,-0.1403735164049757,False,2007-10-17,53.432,4.684458751310072,False,,1.4409582551175415,-3.507642799678201,1.4409582551175415,-3.507642799678201,-0.2842585143470133,-0.8688656476267154,-1.21212121212122,-1.753821399839106,False,,False,,False,,MACD_FAIL,legacy,-2.895438388625593,0.40474298131567554,1.8365605911226712,1.0327509700896575,13.668618634169572,131.13,130.60139999999998,128.76515,40.816326530612244,28.571428571428573,52,1,1,52,1.9230769230769231,0.0,0.0,0.0,"(-4,-2]","(0,2]","(0,5]",>1,"(10,20]","(25,50]","(25,50]",1,<=2
GFC_2007_2009,CB,legacy,MACD_PASS,2007-10-23,2007-10-24,51.502,GREEN,132.21,130.7152,128.81125,-0.3037826866234505,-0.3114897694765848,-0.3146740999469579,True,2007-10-19,49.564,3.910096037446542,True,6.0,5.046405964816891,-8.20356491010058,5.046405964816891,-5.269698264145095,0.0174750495126385,-6.223059298668021,-2.083414236340342,-4.376529066832369,True,4.0,True,5.0,True,5.0,MACD_PASS,legacy,-1.306360107494775,1.1435548428950781,2.638550592436606,0.9971829157671808,13.986047290894179,132.21,130.7152,128.81125,38.775510204081634,38.775510204081634,52,2,2,52,3.8461538461538463,0.0,0.0,0.0,"(-2,0]","(0,2]","(0,5]","(0,1]","(10,20]","(25,50]","(25,50]",2-4,"(2,5]"
GFC_2007_2009,JNJ,legacy,MACD_FAIL,2007-10-23,2007-10-24,52.356,GREEN,132.21,130.7152,128.81125,-0.2557800272444919,-0.2694496427169423,-0.2582892232722478,False,2007-10-18,51.722,1.225783999071961,False,,5.7204522881809,-0.9320803728321448,5.7204522881809,-0.9320803728321448,1.3045305218122083,-0.655130262052106,3.974711589884628,4.366261746504696,True,12.0,True,13.0,True,17.0,MACD_FAIL,legacy,-1.306360107494775,1.1435548428950781,2.638550592436606,0.9971829157671808,13.986047290894179,132.21,130.7152,128.81125,38.775510204081634,38.775510204081634,52,2,2,52,3.8461538461538463,0.0,0.0,0.0,"(-2,0]","(0,2]","(0,5]","(0,1]","(10,20]","(25,50]","(25,50]",2-4,"(2,5]"
GFC_2007_2009,BDX,legacy,MACD_FAIL,2007-10-24,2007-10-25,71.998,GREEN,131.96,130.8628,128.8566,-0.3289884825260177,-0.3234271100856891,-0.3054686345486783,False,2007-10-23,70.812,1.6748573688075474,True,5.0,4.766799077752171,-3.745937387149645,3.312592016444893,-1.734770410289188,-1.7111586432956516,-1.211144754020943,1.7556043223422746,1.8778299397205436,True,0.0,True,1.0,False,,MACD_FAIL,legacy,-1.8081702507626862,0.838435368951318,2.4084136939823253,0.968461726009906,13.873300030226297,131.96,130.8628,128.8566,40.816326530612244,32.6530612244898,52,1,1,52,1.9230769230769231,0.0,0.0,0.0,"(-2,0]","(0,2]","(0,5]","(0,1]","(10,20]","(25,50]","(25,50]",1,<=2
GFC_2007_2009,BCR,legacy,MACD_FAIL,2007-10-25,2007-10-26,79.064,GREEN,132.28,131.0512,128.9015,-0.837825278675908,-0.7481325567306991,-0.3562199300010936,False,2007-10-16,75.336,4.948497398322171,False,,4.572245269654984,-3.3415966811696785,4.572245269654984,-3.3415966811696785,-1.6138824243650651,1.5342001416573936,3.1341697865020945,-1.0915207932813864,True,9.0,True,11.0,False,,MACD_FAIL,legacy,-1.195100089632506,0.9376487968061342,2.6209935493380687,0.9910207050888742,13.725519785139776,132.28,131.0512,128.9015,34.69387755102041,32.6530612244898,52,2,2,52,3.8461538461538463,0.0,0.0,0.0,"(-2,0]","(0,2]","(0,5]","(0,1]","(10,20]","(25,50]","(25,50]",2-4,"(2,5]"
GFC_2007_2009,TGT,legacy,MACD_PASS,2007-10-25,2007-10-26,52.018,GREEN,132.28,131.0512,128.9015,-0.2989457539325142,-0.3781302227282166,-0.4196550470841875,True,2007-10-18,49.551,4.9787088050695205,True,4.0,1.384136260525204,-20.223768695451582,1.384136260525204,-7.489715098619709,-5.807605059787003,-10.794340420623636,-14.456534276596567,-12.330347187512016,False,,False,,False,,MACD_PASS,legacy,-1.195100089632506,0.9376487968061342,2.6209935493380687,0.9910207050888742,13.725519785139776,132.28,131.0512,128.9015,34.69387755102041,32.6530612244898,52,2,2,52,3.8461538461538463,0.0,0.0,0.0,"(-2,0]","(0,2]","(0,5]","(0,1]","(10,20]","(25,50]","(25,50]",2-4,"(2,5]"
GFC_2007_2009,ADP,legacy,MACD_FAIL,2007-10-29,2007-10-30,35.902,GREEN,134.28,131.416,128.999,-0.1254980766010056,-0.1503677619703269,-0.1349685676869577,False,2007-10-26,34.241,4.850909728103736,True,14.0,2.448331569271911,-8.350509720906906,2.448331569271911,-5.531725252075104,1.935825302211569,-3.0081889588323696,-5.308896440309729,-6.211353127959452,True,0.0,False,,False,,MACD_FAIL,legacy,2.4021962937542884,2.179338893285454,4.0938301847301295,1.0015924643847596,13.781915972448461,134.28,131.416,128.999,44.89795918367347,65.3061224489796,52,1,1,52,1.9230769230769231,0.0,0.0,0.0,>2,>2,"(0,5]",>1,"(10,20]","(25,50]","(50,75]",1,<=2
GFC_2007_2009,LLY,legacy,MACD_PASS,2007-10-30,2007-10-31,42.28,GREEN,133.34,131.5626,129.04305,-0.4058661112618636,-0.4533911969244321,-0.4734157848509044,True,2007-10-18,40.687,3.915255487010594,True,5.0,1.0950804162724648,-8.805581835383158,1.0950804162724648,-4.418164616840114,-4.273888363292344,-1.4853358561967789,-8.805581835383158,-1.9252601702932857,False,,False,,False,,MACD_PASS,legacy,0.8547008547008517,1.3509918472270899,3.3298577490225245,1.011942145778022,13.997476505612166,133.34,131.5626,129.04305,44.89795918367347,55.10204081632653,52,1,1,52,1.9230769230769231,0.0,0.0,0.0,"(0,2]","(0,2]","(0,5]",>1,"(10,20]","(25,50]","(50,75]",1,<=2
GFC_2007_2009,GWW,legacy,MACD_PASS,2007-11-06,2007-11-07,76.578,GREEN,132.48,132.0092,129.24085000000002,-0.257858086657,-0.2950210123006007,-0.3430614903715329,True,2007-10-19,76.076,0.6598664493401518,True,0.0,5.438898900467493,-2.987803285538926,0.0,-1.633628457259273,1.5631121209746857,-2.987803285538926,2.2996160777246644,3.6211444540207305,False,,False,,False,,MACD_PASS,legacy,-0.6449677516124241,0.3566418098132518,2.5062896135393364,0.9899384310317227,16.567464785563114,132.48,132.0092,129.24085000000002,32.6530612244898,28.571428571428573,52,1,1,52,1.9230769230769231,0.0,0.0,0.0,"(-2,0]","(0,2]","(0,5]","(0,1]","(10,20]","(25,50]","(25,50]",1,<=2
GFC_2007_2009,PPG,legacy,MACD_FAIL,2007-11-08,2007-11-09,31.474,YELLOW,128.21,132.0934,129.27935000000002,-0.1568570343250303,-0.1650182663551603,-0.1080708641135909,False,2007-10-19,31.117,1.1472828357489415,True,0.0,0.619559001080261,-8.076507593569303,0.3780898519412767,-2.011183834275909,-5.439410306920001,-6.55779373451103,-3.1200355849272388,0.3050136620702748,False,,False,,False,,MACD_FAIL,legacy,-2.5611795105639157,-2.939889502427828,-0.8271622652805788,0.7952616992442652,19.03214350804807,128.21,132.0934,129.27935000000002,26.53061224489796,32.6530612244898,52,1,1,52,1.9230769230769231,0.0,0.0,0.0,"(-4,-2]","(-5,-2]","(-5,0]","(0,1]","(10,20]","(25,50]","(25,50]",1,<=2
GFC_2007_2009,MCD,legacy,MACD_FAIL,2007-11-16,2007-11-19,46.861,YELLOW,127.01,131.93779999999998,129.34765,-0.2747724451001661,-0.3270679432379568,-0.3144055702352679,False,2007-11-15,45.532,2.918826319950796,False,,10.033930133799984,-1.9568511128656985,10.033930133799984,-1.9568511128656985,-0.7276840016218089,3.717376923241078,9.069375386782186,3.365271761166011,True,8.0,True,9.0,True,14.0,MACD_FAIL,legacy,0.4508067067383825,-3.73494176801491,-1.8072612838346713,0.03654571702391696,21.18697183202815,127.01,131.93779999999998,129.34765,34.69387755102041,57.142857142857146,52,1,1,52,1.9230769230769231,0.0,0.0,0.0,"(0,2]","(-5,-2]","(-5,0]","(0,1]","(20,30]","(25,50]","(50,75]",1,<=2
GFC_2007_2009,MMM,legacy,MACD_PASS,2007-11-19,2007-11-20,69.654,YELLOW,125.23,131.90220000000002,129.3428,-0.0349851559318019,-0.1746945723562283,-0.3411366050366,True,2007-10-23,67.096,3.81244783593655,False,,8.181870387917423,-1.3452206621299534,8.181870387917423,-1.3452206621299534,1.72710827806013,2.1563729290493105,5.695293881184127,3.5848623194647766,True,5.0,True,7.0,True,12.0,MACD_PASS,legacy,0.0479348086602327,-5.058444817448093,-3.179767254149446,-0.01334143926839948,21.487683071978232,125.23,131.90220000000002,129.3428,32.6530612244898,38.775510204081634,52,1,1,52,1.9230769230769231,0.0,0.0,0.0,"(0,2]",<=-5,"(-5,0]","(-1,0]","(20,30]","(25,50]","(25,50]",1,<=2
GFC_2007_2009,GE,legacy,MACD_PASS,2007-11-28,2007-11-29,30.828,YELLOW,128.18,131.3342,129.31635,-0.0405556266097545,-0.1246566899518853,-0.1575546494006624,True,2007-11-21,29.403,4.846444240383629,True,3.0,0.989360321785382,-5.793434540028541,0.989360321785382,-5.793434540028541,-2.6956014013234664,-1.8586998832230472,-4.622421175554692,-2.4815103152977858,False,,False,,False,,MACD_PASS,legacy,1.7220855487659614,-2.4016592783905555,-0.8787365248091206,-0.4967050484203983,27.31891279570847,128.18,131.3342,129.31635,40.816326530612244,83.6734693877551,52,1,1,52,1.9230769230769231,0.0,0.0,0.0,"(0,2]","(-5,-2]","(-5,0]","(-1,0]","(20,30]","(25,50]",>75,1,<=2
GFC_2007_2009,ADP,legacy,MACD_PASS,2007-11-30,2007-12-03,33.226,GREEN,129.51,131.16320000000002,129.33575,-0.1365208052225398,-0.1509497908377994,-0.1800461598694945,True,2007-11-19,32.904,0.978604424993912,True,10.0,3.828327213627869,-4.144344790224519,3.828327213627869,-1.658339854330948,3.500270872208522,-1.658339854330948,1.7275627520616288,-3.948714861855162,True,2.0,True,5.0,False,,MACD_PASS,legacy,3.137692123914948,-1.2604145065079453,0.1347268639954491,-0.59071141541851,26.094590620029447,129.51,131.16320000000002,129.33575,38.775510204081634,83.6734693877551,52,1,1,52,1.9230769230769231,0.0,0.0,0.0,>2,"(-2,0]","(0,5]","(-1,0]","(20,30]","(25,50]",>75,1,<=2
GFC_2007_2009,BDX,legacy,MACD_PASS,2007-12-06,2007-12-07,72.172,GREEN,131.49,130.9282,129.38015,-0.1153659761685516,-0.1660376564290987,-0.2280257344646038,True,2007-12-05,70.898,1.796947727721521,False,,10.975170426204084,-1.607271518040232,10.975170426204084,-1.607271518040232,0.3408524081361275,2.6062739012359337,1.7028764617857295,7.907498752979003,True,1.0,True,11.0,True,16.0,MACD_PASS,legacy,2.542306792482263,0.4290901425361371,1.6307370180047132,-0.6199855782003105,25.00327243483759,131.49,130.9282,129.38015,42.857142857142854,81.63265306122449,52,1,1,52,1.9230769230769231,0.0,0.0,0.0,>2,"(0,2]","(0,5]","(-1,0]","(20,30]","(25,50]",>75,1,<=2
GFC_2007_2009,EMR,legacy,MACD_FAIL,2007-12-20,2007-12-21,45.721,YELLOW,127.89,129.7908,129.69715,-0.3041198862849537,-0.3146130874316414,-0.2977541729964806,False,2007-12-19,44.433,2.898746427205001,True,8.0,4.29343190218936,-20.034557424378285,4.29343190218936,-4.208131930622693,0.9754817261214964,-5.166116226679196,-10.997134795826858,-9.947288991929303,True,1.0,True,2.0,False,,MACD_FAIL,legacy,-1.5170183274295534,-1.4645105816436854,-1.393361380724245,-0.8687204131730297,22.854272889507644,127.89,129.7908,129.69715,34.69387755102041,10.204081632653061,52,1,1,52,1.9230769230769231,0.0,0.0,0.0,"(-2,0]","(-2,0]","(-5,0]","(-1,0]","(20,30]","(25,50]",<=25,1,<=2
GFC_2007_2009,CTL,legacy,MACD_PASS,2009-06-24,2009-06-25,20.026,GREEN,78.508,78.65804,78.31306500000001,-0.1277141313908187,-0.1350003729728202,-0.1399265196016693,True,2009-06-22,19.522,2.581702694396082,True,5.0,2.541695795465904,-8.104464196544503,2.541695795465904,-5.717567162688509,-5.717567162688509,-7.150704084689896,-5.238190352541694,-2.756416658344152,True,0.0,False,,False,,MACD_PASS,legacy,-1.5660067454894344,-0.19074973136885554,0.2489175975936897,1.963937103820168,20.535061968192828,78.508,78.65804,78.31306500000001,36.734693877551024,30.612244897959183,52,1,1,52,1.9230769230769231,0.0,0.0,0.0,"(-2,0]","(-2,0]","(0,5]",>1,"(20,30]","(25,50]","(25,50]",1,<=2
GFC_2007_2009,EMR,legacy,MACD_PASS,2009-06-25,2009-06-26,26.792,GREEN,80.218,78.77706,78.17735499999999,-0.1979087888340873,-0.2659944727891815,-0.2877165667510141,True,2009-06-19,25.528,4.9514258853024185,True,6.0,12.720214989549117,-7.722454464019124,1.985667363392052,-6.901313825022393,-4.378172588832497,-3.557031949835787,6.292923260674832,12.1976709465512,False,,False,,False,,MACD_PASS,legacy,-0.15185461787403653,1.829136553204691,2.6102763389731054,1.7666302542633128,21.375252706067958,80.218,78.77706,78.17735499999999,55.10204081632653,42.857142857142854,52,6,6,52,11.538461538461538,0.0,0.0,0.0,"(-2,0]","(0,2]","(0,5]",>1,"(20,30]","(50,75]","(25,50]",5-9,>10
GFC_2007_2009,GWW,legacy,MACD_PASS,2009-06-25,2009-06-26,72.933,GREEN,80.218,78.77706,78.17735499999999,-0.3129494544982642,-0.5087737394566975,-0.5938650533962613,True,2009-06-22,67.883,7.43927050955322,False,,7.543910164123235,-6.261911617511973,7.543910164123235,-6.261911617511973,-1.287483032372183,-2.0758778605021178,5.938326957618623,7.350582041051368,True,12.0,True,15.0,True,15.0,MACD_PASS,legacy,-0.15185461787403653,1.829136553204691,2.6102763389731054,1.7666302542633128,21.375252706067958,80.218,78.77706,78.17735499999999,55.10204081632653,42.857142857142854,52,6,6,52,11.538461538461538,0.0,0.0,0.0,"(-2,0]","(0,2]","(0,5]",>1,"(20,30]","(50,75]","(25,50]",5-9,>10
GFC_2007_2009,MMM,legacy,MACD_FAIL,2009-06-25,2009-06-26,49.961,GREEN,80.218,78.77706,78.17735499999999,-0.2919117065890984,-0.3783684786543798,-0.3687010884391308,False,2009-06-23,48.093,3.884141143201703,False,,19.53924060767398,-1.7033285963051203,19.53924060767398,-1.7033285963051203,3.1584636016092515,2.8562278577290323,8.556674205880576,18.8767238445988,True,1.0,True,3.0,True,12.0,MACD_FAIL,legacy,-0.15185461787403653,1.829136553204691,2.6102763389731054,1.7666302542633128,21.375252706067958,80.218,78.77706,78.17735499999999,55.10204081632653,42.857142857142854,52,6,6,52,11.538461538461538,0.0,0.0,0.0,"(-2,0]","(0,2]","(0,5]",>1,"(20,30]","(50,75]","(25,50]",5-9,>10
GFC_2007_2009,NUE,legacy,MACD_FAIL,2009-06-25,2009-06-26,35.886,GREEN,80.218,78.77706,78.17735499999999,-0.3771236756983339,-0.4165891387382242,-0.3848920133485456,False,2009-06-24,34.946,2.689864362158767,True,4.0,3.4581731037173213,-12.166304408404404,3.4581731037173213,-5.458953352282236,-7.44301398874213,-4.592320124839777,0.4068438945549646,1.0533355626149543,True,0.0,True,0.0,False,,MACD_FAIL,legacy,-0.15185461787403653,1.829136553204691,2.6102763389731054,1.7666302542633128,21.375252706067958,80.218,78.77706,78.17735499999999,55.10204081632653,42.857142857142854,52,6,6,52,11.538461538461538,0.0,0.0,0.0,"(-2,0]","(0,2]","(0,5]",>1,"(20,30]","(50,75]","(25,50]",5-9,>10
GFC_2007_2009,PPG,legacy,MACD_PASS,2009-06-25,2009-06-26,19.492,GREEN,80.218,78.77706,78.17735499999999,-0.0918253646437839,-0.151671942992304,-0.1944015688042362,True,2009-06-17,18.311,6.449675058707882,False,,21.84998973938026,-5.781859224297159,21.84998973938026,-5.781859224297159,-1.651959778370604,-0.400164169915862,15.339626513441406,20.7264518776934,True,12.0,True,12.0,True,12.0,MACD_PASS,legacy,-0.15185461787403653,1.829136553204691,2.6102763389731054,1.7666302542633128,21.375252706067958,80.218,78.77706,78.17735499999999,55.10204081632653,42.857142857142854,52,6,6,52,11.538461538461538,0.0,0.0,0.0,"(-2,0]","(0,2]","(0,5]",>1,"(20,30]","(50,75]","(25,50]",5-9,>10
GFC_2007_2009,SHW,legacy,MACD_PASS,2009-06-25,2009-06-26,49.243,GREEN,80.218,78.77706,78.17735499999999,-0.1350015781604713,-0.1986385472038406,-0.2043065087833379,True,2009-06-22,47.629,3.3886917634214475,True,4.0,7.91381516154579,-4.140690047316376,1.549458806327797,-4.140690047316376,0.5584550088337359,-0.3756879150336178,7.599049611112241,5.127632353837086,False,,False,,False,,MACD_PASS,legacy,-0.15185461787403653,1.829136553204691,2.6102763389731054,1.7666302542633128,21.375252706067958,80.218,78.77706,78.17735499999999,55.10204081632653,42.857142857142854,52,6,6,52,11.538461538461538,0.0,0.0,0.0,"(-2,0]","(0,2]","(0,5]",>1,"(20,30]","(50,75]","(25,50]",5-9,>10
GFC_2007_2009,ADM,legacy,MACD_PASS,2009-06-26,2009-06-29,22.804,GREEN,80.008,78.87006,78.038445,-0.1810989695615343,-0.19863748637557,-0.2381509507037319,True,2009-06-23,21.921,4.028100907805299,False,,19.847395193825637,-3.017014558849318,19.847395193825637,-3.017014558849318,1.5611296263813523,1.6751447114541351,9.138747588142436,16.07174179968427,True,0.0,True,2.0,True,12.0,MACD_PASS,legacy,-0.21700631064329734,1.4428035175832354,2.5238265575384,1.5662856334875075,20.43710632753889,80.008,78.87006,78.038445,51.02040816326531,46.93877551020408,52,5,5,52,9.615384615384615,0.0,0.0,0.0,"(-2,0]","(0,2]","(0,5]",>1,"(20,30]","(50,75]","(25,50]",5-9,"(5,10]"
GFC_2007_2009,JCI,legacy,MACD_PASS,2009-06-26,2009-06-29,11.363,GREEN,80.008,78.87006,78.038445,-0.0987313026950374,-0.1203714463269367,-0.1469700772394024,True,2009-06-18,10.937,3.89503520160921,False,,12.637507700431216,-4.91067499779988,12.637507700431216,-4.91067499779988,-3.7490099445568914,1.3640763882777571,9.284519933116254,10.419783507876446,True,10.0,True,11.0,True,12.0,MACD_PASS,legacy,-0.21700631064329734,1.4428035175832354,2.5238265575384,1.5662856334875075,20.43710632753889,80.008,78.87006,78.038445,51.02040816326531,46.93877551020408,52,5,5,52,9.615384615384615,0.0,0.0,0.0,"(-2,0]","(0,2]","(0,5]",>1,"(20,30]","(50,75]","(25,50]",5-9,"(5,10]"
GFC_2007_2009,KO,legacy,MACD_PASS,2009-06-26,2009-06-29,19.636,GREEN,80.008,78.87006,78.038445,-0.1095535054470792,-0.1226133263554813,-0.1258443380098394,True,2009-06-23,19.242,2.04760419914769,False,,5.999185170095744,-0.6926054186188635,5.999185170095744,-0.6926054186188635,1.02363006722348,2.3833774699531407,4.593603585251582,2.587084946017515,True,2.0,True,2.0,True,11.0,MACD_PASS,legacy,-0.21700631064329734,1.4428035175832354,2.5238265575384,1.5662856334875075,20.43710632753889,80.008,78.87006,78.038445,51.02040816326531,46.93877551020408,52,5,5,52,9.615384615384615,0.0,0.0,0.0,"(-2,0]","(0,2]","(0,5]",>1,"(20,30]","(50,75]","(25,50]",5-9,"(5,10]"
GFC_2007_2009,LOW,legacy,MACD_PASS,2009-06-26,2009-06-29,17.106,GREEN,80.008,78.87006,78.038445,-0.0642289437108795,-0.1207301068563329,-0.1667943831634973,True,2009-06-18,15.947,7.267824669216805,False,,14.117853384777268,-4.66502981410033,14.117853384777268,-4.66502981410033,-3.624459254062906,1.2334853267859105,6.360341400678116,11.791184379749795,True,0.0,True,11.0,True,13.0,MACD_PASS,legacy,-0.21700631064329734,1.4428035175832354,2.5238265575384,1.5662856334875075,20.43710632753889,80.008,78.87006,78.038445,51.02040816326531,46.93877551020408,52,5,5,52,9.615384615384615,0.0,0.0,0.0,"(-2,0]","(0,2]","(0,5]",>1,"(20,30]","(50,75]","(25,50]",5-9,"(5,10]"
GFC_2007_2009,PGR,legacy,MACD_PASS,2009-06-26,2009-06-29,11.614,GREEN,80.008,78.87006,78.038445,-0.0866051586699795,-0.1164346956003362,-0.1479349954566594,True,2009-06-15,11.007,5.514672481148364,False,,4.374031341484397,-6.552436714310328,4.374031341484397,-6.552436714310328,-4.632340278973657,-3.573273635267793,-1.5929051145169626,3.8488031685896207,True,8.0,True,8.0,False,,MACD_PASS,legacy,-0.21700631064329734,1.4428035175832354,2.5238265575384,1.5662856334875075,20.43710632753889,80.008,78.87006,78.038445,51.02040816326531,46.93877551020408,52,5,5,52,9.615384615384615,0.0,0.0,0.0,"(-2,0]","(0,2]","(0,5]",>1,"(20,30]","(50,75]","(25,50]",5-9,"(5,10]"
GFC_2007_2009,DOV,legacy,MACD_PASS,2009-06-29,2009-06-30,24.071,GREEN,80.757,78.96798,77.89543,-0.2029308493390367,-0.2678969205541817,-0.3149008147773136,True,2009-06-22,22.8,5.574561403508782,True,4.0,9.633999418387273,-9.633999418387283,0.5649952224668686,-7.660670516389024,-8.437538947280965,-0.8433384570645241,4.918781936770378,-0.2451082215113698,False,,False,,False,,MACD_PASS,legacy,3.8301319139088186,2.2655005231234426,3.6736044720466987,1.4768165097507335,18.725220967502263,80.757,78.96798,77.89543,57.142857142857146,91.83673469387755,52,3,3,52,5.769230769230769,0.0,0.0,0.0,>2,>2,"(0,5]",>1,"(10,20]","(50,75]",>75,2-4,"(5,10]"
GFC_2007_2009,FHN,legacy,MACD_PASS,2009-06-29,2009-06-30,10.842,GREEN,80.757,78.96798,77.89543,-0.1074308919285658,-0.1291193709701679,-0.1319632346596461,True,2009-06-24,10.38,4.450867052023111,True,2.0,6.862202545655771,-8.356391809629226,2.6102195166943343,-5.939863493820329,-6.530160486995018,2.776240546024722,-3.5878989116399307,3.836930455635468,True,0.0,False,,False,,MACD_PASS,legacy,3.8301319139088186,2.2655005231234426,3.6736044720466987,1.4768165097507335,18.725220967502263,80.757,78.96798,77.89543,57.142857142857146,91.83673469387755,52,3,3,52,5.769230769230769,0.0,0.0,0.0,>2,>2,"(0,5]",>1,"(10,20]","(50,75]",>75,2-4,"(5,10]"
GFC_2007_2009,SWK,legacy,MACD_PASS,2009-06-29,2009-06-30,29.285,GREEN,80.757,78.96798,77.89543,-0.2056233597880473,-0.2493676346684144,-0.2859738873727983,True,2009-06-19,28.493,2.779630084582174,True,2.0,16.83455694041318,-8.533378862899088,0.2322007853850172,-4.954754994024246,-6.9694382789824205,5.224517671162721,11.053440327812858,14.512549086563077,False,,False,,False,,MACD_PASS,legacy,3.8301319139088186,2.2655005231234426,3.6736044720466987,1.4768165097507335,18.725220967502263,80.757,78.96798,77.89543,57.142857142857146,91.83673469387755,52,3,3,52,5.769230769230769,0.0,0.0,0.0,>2,>2,"(0,5]",>1,"(10,20]","(50,75]",>75,2-4,"(5,10]"
GFC_2007_2009,VFC,legacy,MACD_FAIL,2009-07-01,2009-07-02,11.773,GREEN,80.434,79.24306,77.62592,-0.0381634748567032,-0.0479509348786877,-0.0474294854204444,False,2009-06-25,11.578,1.6842287096217046,True,0.0,20.130807780514747,-3.2362184659814885,0.9513293128344592,-3.2362184659814885,-1.1466915824343782,8.451541663127493,18.02429287352416,16.945553384863675,False,,False,,False,,MACD_FAIL,legacy,2.453253171651304,1.5028950169263977,3.6174514904300015,1.4819064645473778,18.49125579002859,80.434,79.24306,77.62592,52.0,76.0,52,1,1,52,1.9230769230769231,0.0,0.0,0.0,>2,"(0,2]","(0,5]",>1,"(10,20]","(50,75]",>75,1,<=2
GFC_2007_2009,TGT,legacy,MACD_PASS,2009-07-09,2009-07-10,31.836,YELLOW,76.812,79.51938,76.92755,-0.1290357193361317,-0.2065662310782505,-0.2127346550954356,True,2009-07-07,30.028,6.021047022778747,False,,15.281442392260349,-2.7233320768940694,15.281442392260349,-2.7233320768940694,2.622816936801109,10.79281316748335,13.14863676341249,11.358210830506344,True,3.0,True,3.0,True,8.0,MACD_PASS,legacy,-4.503070840689261,-3.4046794630441024,-0.15020626550565908,1.0950438124316397,21.142527470413267,76.812,79.51938,76.92755,34.0,4.0,52,1,1,52,1.9230769230769231,0.0,0.0,0.0,<=-4,"(-5,-2]","(-5,0]",>1,"(20,30]","(25,50]",<=25,1,<=2
GFC_2007_2009,LEG,legacy,MACD_PASS,2009-07-13,2009-07-14,11.456,GREEN,78.491,79.57598,76.66879,-0.0431736569456244,-0.0718615984206069,-0.0815961527490485,True,2009-07-07,10.837,5.711912891021509,False,,23.30656424581006,-0.6983240223463638,23.30656424581006,-0.6983240223463638,8.379888268156432,14.10614525139664,21.03701117318435,20.015712290502808,True,1.0,True,1.0,True,1.0,MACD_PASS,legacy,0.33491416226718584,-1.363451634525903,2.3767298270913173,0.8950417940597477,23.075864110989937,78.491,79.57598,76.66879,46.0,64.0,52,1,1,52,1.9230769230769231,0.0,0.0,0.0,"(0,2]","(-2,0]","(0,5]","(0,1]","(20,30]","(25,50]","(50,75]",1,<=2
GFC_2007_2009,MCD,legacy,MACD_PASS,2009-08-11,2009-08-12,45.266,GREEN,86.881,82.08858000000001,76.25475,-0.0012168787583973,-0.0509820695332425,-0.1411069635202691,True,2009-07-27,44.261,2.270621992273103,True,3.0,2.343922590907077,-2.644368841956424,1.3232890027835564,-2.52728317059161,-0.4661335218486218,1.9440639773781632,-0.9631953342464584,-1.8954623779437016,False,,False,,False,,MACD_PASS,legacy,-0.9632264095023158,5.838108053519742,13.935197479501271,1.9079676550507685,15.774288660752392,86.881,82.08858000000001,76.25475,84.0,40.0,52,1,1,52,1.9230769230769231,0.0,0.0,0.0,"(-2,0]",>2,>5,>1,"(10,20]",>75,"(25,50]",1,<=2
GFC_2007_2009,BDX,legacy,MACD_PASS,2009-08-12,2009-08-13,59.113,GREEN,87.813,82.19224,76.31468,-0.2577071023638346,-0.4422423863341178,-0.5777783711180432,True,2009-08-03,55.688,6.150337595173094,False,,6.359007324953891,-4.293471825148442,6.359007324953891,-4.293471825148442,0.639453250554034,3.850252905452267,2.513829445299676,5.986838766430402,True,6.0,True,7.0,True,11.0,MACD_PASS,legacy,0.3886913676220072,6.83855312861652,15.066983180693416,1.8951308372702647,13.216279583265383,87.813,82.19224,76.31468,82.0,62.0,52,1,1,52,1.9230769230769231,0.0,0.0,0.0,"(0,2]",>2,>5,>1,"(10,20]",>75,"(50,75]",1,<=2
GFC_2007_2009,CLX,legacy,MACD_PASS,2009-08-13,2009-08-14,47.733,GREEN,88.484,82.33022000000001,76.39143,-0.2666702506747703,-0.3015330679930848,-0.3359201737490016,True,2009-08-06,46.524,2.5986587567707,False,,1.9944273353864397,-2.807282173758185,1.9944273353864397,-2.807282173758185,0.691345609955385,0.9134141998198286,0.5174617141181059,-0.7981899314939311,False,,False,,False,,MACD_PASS,legacy,1.6800349336949072,7.474509359989545,15.829746870820461,1.9000414381667774,13.126985471841735,88.484,82.33022000000001,76.39143,80.0,68.0,52,1,1,52,1.9230769230769231,0.0,0.0,0.0,"(0,2]",>2,>5,>1,"(10,20]",>75,"(50,75]",1,<=2
GFC_2007_2009,GWW,legacy,MACD_FAIL,2009-08-17,2009-08-18,76.112,GREEN,85.646,82.50484,76.44485,-0.5849586863420524,-0.4976843603600662,-0.4061720685929275,False,2009-08-14,74.387,2.318953580598748,False,,5.575993273071256,-1.020863989909604,5.575993273071256,-1.020863989909604,3.2964578515871423,-0.220727349169636,2.8103321421063754,4.996583981500957,True,2.0,True,3.0,True,20.0,MACD_FAIL,legacy,-2.652875653557629,3.8072433083925716,12.036324225896177,1.6879204548843951,16.689820663370206,85.646,82.50484,76.44485,70.0,18.0,52,3,3,52,5.769230769230769,0.0,0.0,0.0,"(-4,-2]",>2,>5,>1,"(10,20]","(50,75]",<=25,2-4,"(5,10]"
GFC_2007_2009,KO,legacy,MACD_PASS,2009-08-17,2009-08-18,19.885,GREEN,85.646,82.50484,76.44485,-0.0690005365191841,-0.0801270253147988,-0.0823571773302996,True,2009-08-12,19.342,2.807362216937248,False,,8.34297208951471,-0.8800603469952262,8.34297208951471,-0.8800603469952262,-0.0251445813427286,-0.4626602967060744,3.85214986170479,8.03620819713351,True,3.0,True,11.0,True,17.0,MACD_PASS,legacy,-2.652875653557629,3.8072433083925716,12.036324225896177,1.6879204548843951,16.689820663370206,85.646,82.50484,76.44485,70.0,18.0,52,3,3,52,5.769230769230769,0.0,0.0,0.0,"(-4,-2]",>2,>5,>1,"(10,20]","(50,75]",<=25,2-4,"(5,10]"
GFC_2007_2009,PFE,legacy,MACD_FAIL,2009-08-17,2009-08-18,12.428,GREEN,85.646,82.50484,76.44485,-0.0479978815983757,-0.0518505995233785,-0.0477174294001662,False,2009-08-13,12.163,2.1787387979939288,False,,6.927904731251999,-0.5069198583843026,6.927904731251999,-0.5069198583843026,5.801416157064687,3.1541680077244783,1.8265207595751451,3.403604763437396,True,1.0,True,1.0,True,3.0,MACD_FAIL,legacy,-2.652875653557629,3.8072433083925716,12.036324225896177,1.6879204548843951,16.689820663370206,85.646,82.50484,76.44485,70.0,18.0,52,3,3,52,5.769230769230769,0.0,0.0,0.0,"(-4,-2]",>2,>5,>1,"(10,20]","(50,75]",<=25,2-4,"(5,10]"
GFC_2007_2009,TGT,legacy,MACD_FAIL,2009-08-18,2009-08-19,36.338,GREEN,86.323,82.59074000000001,76.457005,-0.0414324734887125,-0.1713071768548151,-0.124830500702386,False,2009-08-17,34.033,6.772838127699576,False,,11.679233859871218,-0.118333425064665,11.679233859871218,-0.118333425064665,7.771478892619288,5.154383840607624,9.469425945291432,10.605977213935812,True,0.0,True,0.0,True,4.0,MACD_FAIL,legacy,-0.6422578009000923,4.518981183604831,12.903977863114036,1.5390921387391066,16.80677610875915,86.323,82.59074000000001,76.457005,74.0,34.0,52,1,1,52,1.9230769230769231,0.0,0.0,0.0,"(-2,0]",>2,>5,>1,"(10,20]","(50,75]","(25,50]",1,<=2
GFC_2007_2009,EMR,legacy,MACD_FAIL,2009-08-20,2009-08-21,28.793,GREEN,87.98,82.7982,76.48754,-0.1916513390555811,-0.2223576974813308,-0.2175250929641232,False,2009-08-18,27.474,4.800902671616791,False,,17.875872607925537,-0.6980863404299709,17.875872607925537,-0.6980863404299709,5.275587816483185,5.866009099433889,12.013336574861968,13.822804153787382,True,0.0,True,1.0,True,2.0,MACD_FAIL,legacy,-0.5695945029609795,6.258348611443254,15.025270782666045,1.3744370719193766,15.637987780574186,87.98,82.7982,76.48754,82.0,44.0,52,3,3,52,5.769230769230769,0.0,0.0,0.0,"(-2,0]",>2,>5,>1,"(10,20]",>75,"(25,50]",2-4,"(5,10]"
GFC_2007_2009,JNJ,legacy,MACD_PASS,2009-08-20,2009-08-21,49.719,GREEN,87.98,82.7982,76.48754,-0.1327864492123729,-0.1872265365992803,-0.2182273129553423,True,2009-08-17,48.426,2.670053277165163,False,,0.6536736458898851,-2.962650093525609,0.6536736458898851,-2.962650093525609,-1.3073472917798037,-1.2570647036344251,-1.224883847221392,-0.6898771093545752,False,,False,,False,,MACD_PASS,legacy,-0.5695945029609795,6.258348611443254,15.025270782666045,1.3744370719193766,15.637987780574186,87.98,82.7982,76.48754,82.0,44.0,52,3,3,52,5.769230769230769,0.0,0.0,0.0,"(-2,0]",>2,>5,>1,"(10,20]",>75,"(25,50]",2-4,"(5,10]"
GFC_2007_2009,MTB,legacy,MACD_FAIL,2009-08-20,2009-08-21,50.199,GREEN,87.98,82.7982,76.48754,-0.3508062101876015,-0.4040286161510797,-0.3784723275209838,False,2009-08-19,48.028,4.520279836761887,True,8.0,12.607820872925757,-5.155481184884159,4.589732863204454,-5.155481184884159,2.8845196119444694,-2.4183748680252526,-0.9880674913842812,9.283053447279844,True,0.0,True,3.0,False,,MACD_FAIL,legacy,-0.5695945029609795,6.258348611443254,15.025270782666045,1.3744370719193766,15.637987780574186,87.98,82.7982,76.48754,82.0,44.0,52,3,3,52,5.769230769230769,0.0,0.0,0.0,"(-2,0]",>2,>5,>1,"(10,20]",>75,"(25,50]",2-4,"(5,10]"
GFC_2007_2009,ADM,legacy,MACD_PASS,2009-08-21,2009-08-24,24.498,GREEN,89.705,82.94026,76.4987,-0.118597694606062,-0.1993219255211418,-0.2503439759291699,True,2009-08-11,22.992,6.550104384133615,False,,2.424687729610575,-4.473834598742754,2.424687729610575,-4.473834598742754,0.102049146869132,-0.2163441913625607,1.236835660053881,0.3347212017307477,True,0.0,False,,False,,MACD_PASS,legacy,2.1638858834918118,8.156159626217718,17.26343062038962,1.3261541115395348,16.851110804528133,89.705,82.94026,76.4987,90.0,78.0,52,5,5,52,9.615384615384615,0.0,0.0,0.0,>2,>2,>5,>1,"(10,20]",>75,>75,5-9,"(5,10]"
GFC_2007_2009,LOW,legacy,MACD_FAIL,2009-08-21,2009-08-24,18.733,GREEN,89.705,82.94026,76.4987,-0.3265361050879087,-0.3780586773731338,-0.3655346688700807,False,2009-08-19,17.413,7.580543272267848,False,,5.679816366839274,-2.919980782576204,5.679816366839274,-2.919980782576204,1.5640847701916316,2.839908183419637,0.2028505845299788,-0.4697592483852042,True,2.0,True,2.0,True,19.0,MACD_FAIL,legacy,2.1638858834918118,8.156159626217718,17.26343062038962,1.3261541115395348,16.851110804528133,89.705,82.94026,76.4987,90.0,78.0,52,5,5,52,9.615384615384615,0.0,0.0,0.0,>2,>2,>5,>1,"(10,20]",>75,>75,5-9,"(5,10]"
GFC_2007_2009,PEP,legacy,MACD_PASS,2009-08-21,2009-08-24,47.387,GREEN,89.705,82.94026,76.4987,-0.0868698550562014,-0.1470388532005947,-0.1809249182124784,True,2009-08-17,45.886,3.271150241903853,False,,4.007428197606933,-3.460864794141849,4.007428197606933,-3.460864794141849,-1.7641969316479211,1.023487454365113,1.0424800050646832,1.5426171734864047,True,13.0,True,18.0,False,,MACD_PASS,legacy,2.1638858834918118,8.156159626217718,17.26343062038962,1.3261541115395348,16.851110804528133,89.705,82.94026,76.4987,90.0,78.0,52,5,5,52,9.615384615384615,0.0,0.0,0.0,>2,>2,>5,>1,"(10,20]",>75,>75,5-9,"(5,10]"
GFC_2007_2009,PPG,legacy,MACD_FAIL,2009-08-21,2009-08-24,24.454,GREEN,89.705,82.94026,76.4987,-0.2657656588321548,-0.3072567524109577,-0.2970746388017056,False,2009-08-20,23.462,4.228113545307299,False,,10.145579455303832,-3.3164308497587336,10.145579455303832,-3.3164308497587336,0.944630735258034,0.9282734930890602,8.256317984787763,9.55262942667865,True,4.0,True,11.0,True,13.0,MACD_FAIL,legacy,2.1638858834918118,8.156159626217718,17.26343062038962,1.3261541115395348,16.851110804528133,89.705,82.94026,76.4987,90.0,78.0,52,5,5,52,9.615384615384615,0.0,0.0,0.0,>2,>2,>5,>1,"(10,20]",>75,>75,5-9,"(5,10]"
GFC_2007_2009,SLM,legacy,MACD_PASS,2009-08-21,2009-08-24,2.8841,GREEN,89.705,82.94026,76.4987,-0.0223778159742248,-0.0313269939223922,-0.0371760648716762,True,2009-08-18,2.6776,7.712130265909778,False,,11.362296730349165,-7.728580839776711,11.362296730349165,-7.728580839776711,1.1372698588814512,-1.1372698588814512,-1.4770639020838416,0.4542144863215691,True,0.0,True,0.0,True,0.0,MACD_PASS,legacy,2.1638858834918118,8.156159626217718,17.26343062038962,1.3261541115395348,16.851110804528133,89.705,82.94026,76.4987,90.0,78.0,52,5,5,52,9.615384615384615,0.0,0.0,0.0,>2,>2,>5,>1,"(10,20]",>75,>75,5-9,"(5,10]"
GFC_2007_2009,CMA,legacy,MACD_FAIL,2009-08-28,2009-08-31,23.489,GREEN,90.061,83.85814,76.728515,-0.196330478138385,-0.2085045375109377,-0.1896800172220545,False,2009-08-27,23.427,0.2646518973833611,True,1.0,21.401507088424367,-6.432798331133716,3.129124270935324,-2.626761462812388,-0.1915790369960479,10.11537315339095,13.546766571586687,13.738345608582735,True,0.0,True,0.0,False,,MACD_FAIL,legacy,0.3968563625216026,7.396849011914641,17.37618015935798,1.7210723526279281,16.36930620571258,90.061,83.85814,76.728515,88.0,48.0,52,1,1,52,1.9230769230769231,0.0,0.0,0.0,"(0,2]",>2,>5,>1,"(10,20]",>75,"(25,50]",1,<=2
GFC_2007_2009,BAC,legacy,MACD_FAIL,2009-09-04,2009-09-08,16.46,GREEN,88.912,84.76974,77.02921,-0.2077188810953335,-0.2210271978296815,-0.211726737568641,False,2009-09-03,15.566,5.743286650391877,True,17.0,3.560145808019421,-10.540704738760642,3.560145808019421,-7.314702308626975,-3.839611178614832,0.8748481166463984,-1.7132442284325644,-2.6306196840826246,True,10.0,True,10.0,False,,MACD_FAIL,legacy,-1.2758019564517387,4.8864842572361455,15.426342812031946,2.2057804014600446,18.188066058702727,88.912,84.76974,77.02921,88.0,26.0,52,3,3,52,5.769230769230769,0.0,0.0,0.0,"(-2,0]",>2,>5,>1,"(10,20]",>75,"(25,50]",2-4,"(5,10]"
GFC_2007_2009,FHN,legacy,MACD_FAIL,2009-09-04,2009-09-08,11.723,GREEN,88.912,84.76974,77.02921,-0.1231388575556444,-0.1301601243042229,-0.1265778403028916,False,2009-09-03,11.206,4.613599857219364,False,,14.603770365947288,-3.96656146037705,14.603770365947288,-3.96656146037705,5.8688049134180575,7.276294463874433,3.241491085899506,-0.7847820523756766,True,1.0,True,1.0,True,5.0,MACD_FAIL,legacy,-1.2758019564517387,4.8864842572361455,15.426342812031946,2.2057804014600446,18.188066058702727,88.912,84.76974,77.02921,88.0,26.0,52,3,3,52,5.769230769230769,0.0,0.0,0.0,"(-2,0]",>2,>5,>1,"(10,20]",>75,"(25,50]",2-4,"(5,10]"
GFC_2007_2009,GE,legacy,MACD_FAIL,2009-09-04,2009-09-08,11.689,GREEN,88.912,84.76974,77.02921,-0.0957569271896461,-0.1204568029887342,-0.1185882197484142,False,2009-09-03,10.7,9.242990654205618,False,,20.660449995722477,-1.0864915732740288,20.660449995722477,-1.0864915732740288,10.189066643853195,17.1528787749166,15.09111130122336,10.753700059885364,True,1.0,True,1.0,True,4.0,MACD_FAIL,legacy,-1.2758019564517387,4.8864842572361455,15.426342812031946,2.2057804014600446,18.188066058702727,88.912,84.76974,77.02921,88.0,26.0,52,3,3,52,5.769230769230769,0.0,0.0,0.0,"(-2,0]",>2,>5,>1,"(10,20]",>75,"(25,50]",2-4,"(5,10]"
GFC_2007_2009,NUE,legacy,MACD_PASS,2009-09-08,2009-09-09,36.569,GREEN,89.678,84.96314000000001,77.12260500000001,-0.1756246657882549,-0.2777386939466497,-0.3166602522676227,True,2009-09-02,34.591,5.718250411956882,False,,12.31370833219394,-3.029888703546735,12.31370833219394,-3.029888703546735,5.786321747928569,7.23563674150236,3.3662391643194844,-0.415652601930605,True,1.0,True,1.0,True,2.0,MACD_PASS,legacy,0.4682948689222366,5.5493005555114605,16.27978593306072,2.269637608606323,18.385782305228297,89.678,84.96314000000001,77.12260500000001,90.0,42.0,52,3,3,52,5.769230769230769,0.0,0.0,0.0,"(0,2]",>2,>5,>1,"(10,20]",>75,"(25,50]",2-4,"(5,10]"
GFC_2007_2009,SWK,legacy,MACD_PASS,2009-09-08,2009-09-09,35.004,GREEN,89.678,84.96314000000001,77.12260500000001,-0.2940805197459128,-0.3321483003403964,-0.3647915997732495,True,2009-09-02,33.905,3.241409821560226,False,,6.336418695006296,-1.34841732373443,6.336418695006296,-1.34841732373443,4.070963318477894,4.242372300308528,4.710890183978966,3.8281339275511472,True,5.0,True,5.0,True,7.0,MACD_PASS,legacy,0.4682948689222366,5.5493005555114605,16.27978593306072,2.269637608606323,18.385782305228297,89.678,84.96314000000001,77.12260500000001,90.0,42.0,52,3,3,52,5.769230769230769,0.0,0.0,0.0,"(0,2]",>2,>5,>1,"(10,20]",>75,"(25,50]",2-4,"(5,10]"
GFC_2007_2009,USB,legacy,MACD_FAIL,2009-09-08,2009-09-09,17.997,GREEN,89.678,84.96314000000001,77.12260500000001,-0.2160326332615394,-0.2126080633383682,-0.2345898780710843,False,2009-09-03,17.792,1.1522032374100544,False,,9.473801189087071,-1.183530588431414,9.473801189087071,-1.183530588431414,8.612546535533694,5.045285325332016,4.045118630882927,5.556481635828203,True,0.0,True,0.0,True,2.0,MACD_FAIL,legacy,0.4682948689222366,5.5493005555114605,16.27978593306072,2.269637608606323,18.385782305228297,89.678,84.96314000000001,77.12260500000001,90.0,42.0,52,3,3,52,5.769230769230769,0.0,0.0,0.0,"(0,2]",>2,>5,>1,"(10,20]",>75,"(25,50]",2-4,"(5,10]"
GFC_2007_2009,BBT,legacy,MACD_FAIL,2009-09-09,2009-09-10,22.346,GREEN,90.365,85.15530000000001,77.24579,-0.2483287511016976,-0.2780898404283993,-0.2741526623284548,False,2009-09-04,21.787,2.5657502180199243,True,15.0,10.932605387988904,-5.884722097914619,10.932605387988904,-5.249261612816625,7.549449565917832,3.450281929651844,-4.994182404009662,-0.5996598943882603,True,3.0,True,3.0,True,3.0,MACD_FAIL,legacy,3.522740290984072,6.117881094893662,16.98372170185585,2.280834761452466,17.80382772588522,90.365,85.15530000000001,77.24579,90.0,82.0,52,1,1,52,1.9230769230769231,0.0,0.0,0.0,>2,>2,>5,>1,"(10,20]",>75,>75,1,<=2
GFC_2007_2009,KMB,legacy,MACD_PASS,2009-09-11,2009-09-14,46.503,GREEN,91.271,85.59573999999999,77.441835,-0.2141690144720551,-0.2475759157415507,-0.282449223115529,True,2009-09-04,45.881,1.3556810008500175,True,2.0,2.789067371997489,-2.0944885276218628,0.2386942777885314,-1.6127991742468262,-1.4085112788422285,0.2558974689804927,0.0301055845859377,2.072984538631917,False,,False,,False,,MACD_PASS,legacy,4.09320042882233,6.630306601707048,17.857486202386607,2.3092685814113834,17.65775524839237,91.271,85.59573999999999,77.441835,94.0,80.0,52,1,1,52,1.9230769230769231,0.0,0.0,0.0,>2,>2,>5,>1,"(10,20]",>75,>75,1,<=2
GFC_2007_2009,SHW,legacy,MACD_PASS,2009-09-14,2009-09-15,55.16,GREEN,91.718,85.86532000000001,77.52731,-0.2626095153450676,-0.3232048289062524,-0.3395857482641797,True,2009-09-11,53.842,2.447903123955264,False,,5.928208846990568,-2.1573604060913687,5.928208846990568,-2.1573604060913687,2.1374184191443213,0.6870920957215532,0.1522842639593902,5.681653372008699,True,1.0,True,2.0,True,20.0,MACD_PASS,legacy,3.1559294583408226,6.816116215487211,18.30411760707291,2.393542236925361,17.345394728698253,91.718,85.86532000000001,77.52731,92.0,70.0,52,1,1,52,1.9230769230769231,0.0,0.0,0.0,>2,>2,>5,>1,"(10,20]",>75,"(50,75]",1,<=2
GFC_2007_2009,MO,legacy,MACD_FAIL,2009-09-16,2009-09-17,13.332,GREEN,93.493,86.47832,77.67532499999999,-0.045163648675643,-0.050199636290641,-0.0326372775343042,False,2009-09-15,12.987,2.6565026565026573,True,4.0,0.3225322532253161,-5.288028802880285,0.3225322532253161,-2.7902790279027867,-4.035403540354032,-3.862886288628864,-2.1452145214521545,0.0600060006000546,False,,False,,False,,MACD_FAIL,legacy,3.461517180324236,8.111489677412798,20.363834975907746,2.6693358679823254,14.594535314923931,93.493,86.47832,77.67532499999999,94.0,82.0,52,1,1,52,1.9230769230769231,0.0,0.0,0.0,>2,>2,>5,>1,"(10,20]",>75,>75,1,<=2
GFC_2007_2009,CLX,legacy,MACD_FAIL,2009-09-18,2009-09-21,47.275,GREEN,92.971,87.13532,77.877875,-0.114491755311269,-0.1580631203581218,-0.1416556720023221,False,2009-09-15,46.679,1.2768054157115571,True,10.0,4.173453199365418,-2.371232152300362,4.173453199365418,-2.371232152300362,2.1195134849286035,-1.455314648334205,1.5060814383923926,0.8672659968270935,True,1.0,True,1.0,False,,MACD_FAIL,legacy,1.8625850489202511,6.697261225413542,19.380504411554632,3.0018726684733377,14.608884787357635,92.971,87.13532,77.877875,92.0,82.0,52,1,1,52,1.9230769230769231,0.0,0.0,0.0,"(0,2]",>2,>5,>1,"(10,20]",>75,>75,1,<=2
GFC_2007_2009,CB,legacy,MACD_PASS,2009-09-25,2009-09-28,43.989,GREEN,90.993,88.40843999999998,78.261615,-0.171828014549883,-0.2790191536118884,-0.2947629396719354,True,2009-09-21,41.728,5.418424079754591,False,,7.497328877673959,-0.4251062765691316,7.497328877673959,-0.4251062765691316,3.9759939984996384,4.751187796949252,6.526631657914495,3.2212598604196563,True,0.0,True,0.0,True,3.0,MACD_PASS,legacy,-2.1275451484871755,2.9234312923065,16.267725883244278,3.2860280196187253,14.703296857808795,90.993,88.40843999999998,78.261615,76.0,12.0,52,1,1,52,1.9230769230769231,0.0,0.0,0.0,"(-4,-2]",>2,>5,>1,"(10,20]",>75,<=25,1,<=2
GFC_2007_2009,BDX,legacy,MACD_FAIL,2009-09-28,2009-09-29,61.932,GREEN,92.622,88.62082000000001,78.33223,-0.1475556753541076,-0.2318519845480515,-0.1742108784929134,False,2009-09-25,59.825,3.521938988717088,True,3.0,0.0855777304139993,-5.3316540722082255,0.0855777304139993,-5.189562746237808,-4.196538138603634,-2.425240586449662,-4.253051734160051,-4.367693599431643,False,,False,,False,,MACD_FAIL,legacy,-0.1175442947881411,4.5149435538962335,18.242516522253993,3.2090953600359295,15.918644024377853,92.622,88.62082000000001,78.33223,88.0,40.0,52,2,2,52,3.8461538461538463,0.0,0.0,0.0,"(-2,0]",>2,>5,>1,"(10,20]",>75,"(25,50]",2-4,"(2,5]"
GFC_2007_2009,PGR,legacy,MACD_FAIL,2009-09-28,2009-09-29,13.005,GREEN,92.622,88.62082000000001,78.33223,-0.0563454840277982,-0.0742636369702383,-0.0519945157629602,False,2009-09-25,12.528,3.8074712643678232,True,2.0,1.5378700499807607,-5.859284890426764,0.2921953094963347,-4.429065743944638,-1.7839292579777122,-2.7758554402153024,-1.3610149942330008,-3.6063052672049354,False,,False,,False,,MACD_FAIL,legacy,-0.1175442947881411,4.5149435538962335,18.242516522253993,3.2090953600359295,15.918644024377853,92.622,88.62082000000001,78.33223,88.0,40.0,52,2,2,52,3.8461538461538463,0.0,0.0,0.0,"(-2,0]",>2,>5,>1,"(10,20]",>75,"(25,50]",2-4,"(2,5]"
GFC_2007_2009,ADM,legacy,MACD_FAIL,2009-09-29,2009-09-30,24.573,GREEN,92.341,88.81013999999999,78.410885,-0.1064478315488974,-0.1312574360405285,-0.1161880811386674,False,2009-09-28,23.147,6.160625567028144,False,,9.481951735644811,-4.248565498718104,9.481951735644811,-4.248565498718104,2.112074227811012,3.528262727383713,8.525617547714969,2.392870223415944,True,4.0,True,6.0,True,13.0,MACD_FAIL,legacy,-0.9928484887473665,3.97573970720011,17.765537272025433,3.096488456252966,15.544105237648626,92.341,88.81013999999999,78.410885,88.0,32.0,52,2,2,52,3.8461538461538463,0.0,0.0,0.0,"(-2,0]",>2,>5,>1,"(10,20]",>75,"(25,50]",2-4,"(2,5]"
GFC_2007_2009,FITB,legacy,MACD_PASS,2009-09-29,2009-09-30,8.4439,GREEN,92.341,88.81013999999999,78.410885,-0.0796985158623168,-0.0991503015937785,-0.1134638262393507,True,2009-09-25,7.9703,5.942059897368979,True,2.0,9.213751939269766,-12.315399282322147,1.8013003469960598,-9.41389642226932,1.5987872902331943,3.5990478333471465,1.2008668979973658,-11.51363706344224,False,,False,,False,,MACD_PASS,legacy,-0.9928484887473665,3.97573970720011,17.765537272025433,3.096488456252966,15.544105237648626,92.341,88.81013999999999,78.410885,88.0,32.0,52,2,2,52,3.8461538461538463,0.0,0.0,0.0,"(-2,0]",>2,>5,>1,"(10,20]",>75,"(25,50]",2-4,"(2,5]"
GFC_2007_2009,BAC,legacy,MACD_FAIL,2009-10-05,2009-10-06,16.224,GREEN,90.618,89.30254,78.65260500000001,-0.1260723278295629,-0.1613157797743056,-0.1472755594413399,False,2009-10-02,14.725,10.17996604414262,True,14.0,10.996055226824453,-17.948717948717952,10.996055226824453,-12.432199211045358,3.500986193293887,-1.152613412228809,-10.219428007889542,-13.97928994082841,True,2.0,True,4.0,True,6.0,MACD_FAIL,legacy,-2.1636328302131247,1.4730376090086539,15.212967199242788,2.109758579605625,16.12476953162337,90.618,89.30254,78.65260500000001,60.0,14.0,52,2,2,52,3.8461538461538463,0.0,0.0,0.0,"(-4,-2]","(0,2]",>5,>1,"(10,20]","(50,75]",<=25,2-4,"(2,5]"
GFC_2007_2009,TGT,legacy,MACD_FAIL,2009-10-05,2009-10-06,39.301,GREEN,90.618,89.30254,78.65260500000001,-0.2839651164060476,-0.3256129071631715,-0.2965987853470414,False,2009-10-02,37.767,4.061747027828533,False,,8.783491514210828,-0.1475789420116502,8.783491514210828,-0.1475789420116502,5.274674944657898,4.997328312256677,1.8116587364189085,3.4884608534133887,True,1.0,True,2.0,True,4.0,MACD_FAIL,legacy,-2.1636328302131247,1.4730376090086539,15.212967199242788,2.109758579605625,16.12476953162337,90.618,89.30254,78.65260500000001,60.0,14.0,52,2,2,52,3.8461538461538463,0.0,0.0,0.0,"(-4,-2]","(0,2]",>5,>1,"(10,20]","(50,75]",<=25,2-4,"(2,5]"
GFC_2007_2009,DOV,legacy,MACD_PASS,2009-10-06,2009-10-07,27.201,GREEN,91.918,89.42730000000002,78.723255,-0.1491857690133849,-0.1665239435621643,-0.172710694058269,True,2009-10-05,26.475,2.742209631728043,False,,9.584206462997692,-1.613911253262745,9.584206462997692,-1.613911253262745,5.911547369581993,5.069666556376595,-1.0551082680783752,2.135950884158677,True,1.0,True,2.0,True,5.0,MACD_PASS,legacy,-0.4580847077679362,2.7851673929549348,16.760924075103368,1.9080618627847379,16.598700782154413,91.918,89.42730000000002,78.723255,66.0,32.0,52,8,8,52,15.384615384615385,0.0,0.0,0.0,"(-2,0]",>2,>5,>1,"(10,20]","(50,75]","(25,50]",5-9,>10
GFC_2007_2009,GWW,legacy,MACD_PASS,2009-10-06,2009-10-07,77.637,GREEN,91.918,89.42730000000002,78.723255,-0.2441331764069638,-0.3433501083000108,-0.3979475504401344,True,2009-10-02,75.03,3.4746101559376186,False,,11.673557710885271,-0.5577237657302669,11.673557710885271,-0.5577237657302669,5.722786815564751,8.749694089158533,5.641639939719467,7.229800224119942,True,1.0,True,2.0,True,3.0,MACD_PASS,legacy,-0.4580847077679362,2.7851673929549348,16.760924075103368,1.9080618627847379,16.598700782154413,91.918,89.42730000000002,78.723255,66.0,32.0,52,8,8,52,15.384615384615385,0.0,0.0,0.0,"(-2,0]",>2,>5,>1,"(10,20]","(50,75]","(25,50]",5-9,>10
GFC_2007_2009,JNJ,legacy,MACD_FAIL,2009-10-06,2009-10-07,48.97,GREEN,91.918,89.42730000000002,78.723255,-0.0905967157341289,-0.1088046331158357,-0.0910637623754203,False,2009-10-05,48.296,1.3955607089614075,True,17.0,4.272003267306501,-2.311619358791095,4.272003267306501,-2.311619358791095,0.6309985705534205,0.2348376557075759,-1.0006126199714194,-1.0782111496834723,True,2.0,True,3.0,False,,MACD_FAIL,legacy,-0.4580847077679362,2.7851673929549348,16.760924075103368,1.9080618627847379,16.598700782154413,91.918,89.42730000000002,78.723255,66.0,32.0,52,8,8,52,15.384615384615385,0.0,0.0,0.0,"(-2,0]",>2,>5,>1,"(10,20]","(50,75]","(25,50]",5-9,>10
GFC_2007_2009,LEG,legacy,MACD_FAIL,2009-10-06,2009-10-07,14.616,GREEN,91.918,89.42730000000002,78.723255,-0.1168391889399202,-0.1254924570393817,-0.1130223371479077,False,2009-10-05,14.241,2.633242047609019,False,,14.538861521620138,-1.388888888888884,14.538861521620138,-1.388888888888884,5.890804597701149,2.8872468527640915,4.0161466885604735,3.0582922824302194,True,3.0,True,4.0,True,5.0,MACD_FAIL,legacy,-0.4580847077679362,2.7851673929549348,16.760924075103368,1.9080618627847379,16.598700782154413,91.918,89.42730000000002,78.723255,66.0,32.0,52,8,8,52,15.384615384615385,0.0,0.0,0.0,"(-2,0]",>2,>5,>1,"(10,20]","(50,75]","(25,50]",5-9,>10
GFC_2007_2009,MMM,legacy,MACD_PASS,2009-10-06,2009-10-07,62.473,GREEN,91.918,89.42730000000002,78.723255,-0.2692892591681576,-0.3429081664865296,-0.3626579377949286,True,2009-10-02,60.844,2.6773387679968508,False,,7.766555151825605,-1.0964736766283067,7.766555151825605,-1.0964736766283067,4.120179917724465,3.7968402349815022,1.2549421350023238,0.7235125574247991,True,3.0,True,5.0,True,6.0,MACD_PASS,legacy,-0.4580847077679362,2.7851673929549348,16.760924075103368,1.9080618627847379,16.598700782154413,91.918,89.42730000000002,78.723255,66.0,32.0,52,8,8,52,15.384615384615385,0.0,0.0,0.0,"(-2,0]",>2,>5,>1,"(10,20]","(50,75]","(25,50]",5-9,>10
GFC_2007_2009,MTB,legacy,MACD_FAIL,2009-10-06,2009-10-07,51.909,GREEN,91.918,89.42730000000002,78.723255,-0.3695397171214744,-0.4726015614603254,-0.4483635203166717,False,2009-10-05,50.452,2.8878934432728043,False,,12.81280702768306,-2.0015796875301084,12.81280702768306,-2.0015796875301084,8.584253212352388,6.973742510932612,4.679342695871624,-1.6124371496272216,True,1.0,True,2.0,True,2.0,MACD_FAIL,legacy,-0.4580847077679362,2.7851673929549348,16.760924075103368,1.9080618627847379,16.598700782154413,91.918,89.42730000000002,78.723255,66.0,32.0,52,8,8,52,15.384615384615385,0.0,0.0,0.0,"(-2,0]",>2,>5,>1,"(10,20]","(50,75]","(25,50]",5-9,>10
GFC_2007_2009,SLM,legacy,MACD_PASS,2009-10-06,2009-10-07,2.812,GREEN,91.918,89.42730000000002,78.723255,-0.013311477603001,-0.019444280374129,-0.0203810920849975,True,2009-10-02,2.6252,7.115648331555691,False,,34.72972972972974,-0.7005689900426715,34.72972972972974,-0.7005689900426715,11.536273115220496,25.174253200568984,17.599573257468016,13.75177809388337,True,0.0,True,0.0,True,1.0,MACD_PASS,legacy,-0.4580847077679362,2.7851673929549348,16.760924075103368,1.9080618627847379,16.598700782154413,91.918,89.42730000000002,78.723255,66.0,32.0,52,8,8,52,15.384615384615385,0.0,0.0,0.0,"(-2,0]",>2,>5,>1,"(10,20]","(50,75]","(25,50]",5-9,>10
GFC_2007_2009,VFC,legacy,MACD_PASS,2009-10-06,2009-10-07,15.231,GREEN,91.918,89.42730000000002,78.723255,-0.0707611859933685,-0.0906217262515546,-0.0988198189280379,True,2009-10-05,14.7,3.6122448979591937,False,,11.49629046024554,-1.9237082266430283,11.49629046024554,-1.9237082266430283,6.604950430043988,5.863042479154346,-1.1686691615783509,0.0262622283500713,True,1.0,True,1.0,True,1.0,MACD_PASS,legacy,-0.4580847077679362,2.7851673929549348,16.760924075103368,1.9080618627847379,16.598700782154413,91.918,89.42730000000002,78.723255,66.0,32.0,52,8,8,52,15.384615384615385,0.0,0.0,0.0,"(-2,0]",>2,>5,>1,"(10,20]","(50,75]","(25,50]",5-9,>10
GFC_2007_2009,LOW,legacy,MACD_FAIL,2009-10-07,2009-10-08,18.317,GREEN,92.167,89.5651,78.799955,-0.1053845303155612,-0.1004494052563595,-0.1255909561729826,False,2009-09-29,17.645,3.808444318503823,True,13.0,6.22918600207456,-7.47939072992303,6.22918600207456,-3.9580717366381024,4.574984986624453,2.2711142654364918,-3.483103128241538,-3.040890975596433,True,2.0,True,2.0,True,4.0,MACD_FAIL,legacy,0.19785834646952605,2.905037788156317,16.963264763285714,1.7505182096473115,16.43818856933167,92.167,89.5651,78.799955,72.0,38.0,52,2,2,52,3.8461538461538463,0.0,0.0,0.0,"(0,2]",>2,>5,>1,"(10,20]","(50,75]","(25,50]",2-4,"(2,5]"
GFC_2007_2009,WMT,legacy,MACD_PASS,2009-10-07,2009-10-08,42.102,GREEN,92.167,89.5651,78.799955,-0.0628641628091552,-0.0974511668952343,-0.1400089505775096,True,2009-09-28,41.42,1.6465475615644598,False,,4.985511377131746,-0.2636454325210091,4.985511377131746,-0.2636454325210091,2.8668471806565066,1.916773549950124,1.7576362168068016,3.5342739062277584,True,3.0,True,6.0,False,,MACD_PASS,legacy,0.19785834646952605,2.905037788156317,16.963264763285714,1.7505182096473115,16.43818856933167,92.167,89.5651,78.799955,72.0,38.0,52,2,2,52,3.8461538461538463,0.0,0.0,0.0,"(0,2]",>2,>5,>1,"(10,20]","(50,75]","(25,50]",2-4,"(2,5]"
GFC_2007_2009,BCR,legacy,MACD_PASS,2009-10-08,2009-10-09,74.876,GREEN,92.872,89.72116,78.8851,-0.3095525736090831,-0.4071765642198364,-0.443137332003947,True,2009-09-23,73.299,2.1514618207615355,True,5.0,1.3088305999251926,-5.055024306854017,0.5889737699663389,-2.2957957155831044,-2.2330252684438445,-1.526523852769912,-3.670067845504577,0.5889737699663389,False,,False,,False,,MACD_PASS,legacy,3.5004624934526607,3.5118137126180837,17.730724813684716,1.6912814114549146,16.27310551792494,92.872,89.72116,78.8851,82.0,94.0,52,2,2,52,3.8461538461538463,0.0,0.0,0.0,>2,>2,>5,>1,"(10,20]",>75,>75,2-4,"(2,5]"
GFC_2007_2009,EMR,legacy,MACD_FAIL,2009-10-08,2009-10-09,31.869,GREEN,92.872,89.72116,78.8851,-0.2212608982439596,-0.2421091142801995,-0.2405272131010956,False,2009-10-05,31.175,2.2261427425821934,True,15.0,6.084282531613794,-4.242367190686879,3.548903322978436,-3.583419624086104,0.0282406099971765,1.4559603376321784,-3.473595029652643,5.415921428347303,True,3.0,True,10.0,False,,MACD_FAIL,legacy,3.5004624934526607,3.5118137126180837,17.730724813684716,1.6912814114549146,16.27310551792494,92.872,89.72116,78.8851,82.0,94.0,52,2,2,52,3.8461538461538463,0.0,0.0,0.0,>2,>2,>5,>1,"(10,20]",>75,>75,2-4,"(2,5]"
GFC_2007_2009,FHN,legacy,MACD_PASS,2009-10-09,2009-10-12,12.005,GREEN,93.437,89.87078,78.976995,-0.056995998216657,-0.0946697211431153,-0.1057270476673378,True,2009-10-01,11.258,6.635281577544872,True,10.0,8.74635568513118,-12.927946688879643,8.74635568513118,-7.246980424823002,2.107455226988741,-6.29737609329446,-10.73719283631821,-3.706788837984176,True,2.0,True,2.0,True,4.0,MACD_PASS,legacy,4.647933069763788,3.968164068454727,18.309135464067715,1.654072846438659,16.370701659148207,93.437,89.87078,78.976995,86.0,94.0,52,1,1,52,1.9230769230769231,0.0,0.0,0.0,>2,>2,>5,>1,"(10,20]",>75,>75,1,<=2
GFC_2007_2009,NUE,legacy,MACD_PASS,2009-10-14,2009-10-15,36.594,GREEN,95.217,90.29724,79.25444499999999,-0.1442320235313453,-0.2261780558935636,-0.2440139334728919,True,2009-10-01,35.461,3.1950593609881395,True,7.0,3.2710280373831724,-15.915177351478391,3.2710280373831724,-5.00628518336339,-2.92397660818714,-9.359457834617713,-12.586762857299016,-10.769525058752803,True,4.0,True,4.0,False,,MACD_PASS,legacy,3.309210454935063,5.448405732002426,20.140895567434747,1.475017615387797,16.581516314582796,95.217,90.29724,79.25444499999999,94.0,96.0,52,1,1,52,1.9230769230769231,0.0,0.0,0.0,>2,>2,>5,>1,"(10,20]",>75,>75,1,<=2
GFC_2007_2009,SNV,legacy,MACD_FAIL,2009-10-22,2009-10-23,20.286,GREEN,95.237,91.20504,79.71601,-0.2101520786023729,-0.2852772412538109,-0.2130823949414191,False,2009-10-21,20.286,0.0,True,0.0,1.552795031055898,-51.70068027210885,1.552795031055898,-13.92586019915214,-31.262939958592128,-34.358671004633734,-40.25929212264616,-47.98876072167998,False,,False,,False,,MACD_FAIL,legacy,-0.33800753453328003,4.4207644665250845,19.470354825837365,1.6538796422159496,16.689907045720915,95.237,91.20504,79.71601,76.0,46.0,52,1,1,52,1.9230769230769231,0.0,0.0,0.0,"(-2,0]",>2,>5,>1,"(10,20]",>75,"(25,50]",1,<=2
GFC_2007_2009,KO,legacy,MACD_PASS,2009-10-28,2009-10-29,21.83,GREEN,90.957,91.65906,80.02803,-0.1176744296954128,-0.1230797123278295,-0.1231573375378494,True,2009-10-27,21.653,0.8174386920980936,False,,9.166284928996804,-1.4154832798900507,9.166284928996804,-1.4154832798900507,1.6399450297755358,4.516720109940442,6.2803481447549325,6.839212093449398,True,7.0,True,7.0,True,9.0,MACD_PASS,legacy,-3.532793144408619,-0.7659471960545949,13.65642762916941,1.508152408645036,18.00130055339802,90.957,91.65906,80.02803,46.0,12.0,52,1,1,52,1.9230769230769231,0.0,0.0,0.0,"(-4,-2]","(-2,0]",>5,>1,"(10,20]","(25,50]",<=25,1,<=2
GFC_2007_2009,BDX,legacy,MACD_FAIL,2009-10-29,2009-10-30,59.535,GREEN,92.909,91.77566,80.12507000000001,-0.0584563897967967,-0.1244809559734498,-0.0838477411138916,False,2009-10-27,58.139,2.4011420905072134,False,,12.23985890652559,-0.3812883177962467,12.23985890652559,-0.3812883177962467,4.058117073990086,7.269673301419344,8.717561098513471,10.338456370202408,True,1.0,True,2.0,True,6.0,MACD_FAIL,legacy,-2.444428110923269,1.2349025874616393,15.954968900495192,1.4555547718977158,17.17604038552005,92.909,91.77566,80.12507000000001,62.0,12.0,52,3,3,52,5.769230769230769,0.0,0.0,0.0,"(-4,-2]","(0,2]",>5,>1,"(10,20]","(50,75]",<=25,2-4,"(5,10]"
GFC_2007_2009,CINF,legacy,MACD_FAIL,2009-10-29,2009-10-30,19.836,GREEN,92.909,91.77566,80.12507000000001,-0.0689512727003397,-0.0911906889264271,-0.0798057274493382,False,2009-10-27,19.365,2.4322230828814906,False,,3.5944746924783333,-2.374470659407135,3.5944746924783333,-2.374470659407135,0.4688445251058715,1.7090139140955918,-0.8923169993950375,-0.5444646098003436,True,6.0,True,8.0,False,,MACD_FAIL,legacy,-2.444428110923269,1.2349025874616393,15.954968900495192,1.4555547718977158,17.17604038552005,92.909,91.77566,80.12507000000001,62.0,12.0,52,3,3,52,5.769230769230769,0.0,0.0,0.0,"(-4,-2]","(0,2]",>5,>1,"(10,20]","(50,75]",<=25,2-4,"(5,10]"
GFC_2007_2009,PGR,legacy,MACD_FAIL,2009-10-29,2009-10-30,12.652,GREEN,92.909,91.77566,80.12507000000001,-0.0301844124374663,-0.0452259650933489,-0.0300740368269571,False,2009-10-28,12.351,2.4370496316087564,True,0.0,5.951628201074932,-3.4065760354094143,0.5374644325008004,-2.86120771419538,-2.0075877331647174,3.8808093582042513,2.36326272526084,1.873221625039512,False,,False,,False,,MACD_FAIL,legacy,-2.444428110923269,1.2349025874616393,15.954968900495192,1.4555547718977158,17.17604038552005,92.909,91.77566,80.12507000000001,62.0,12.0,52,3,3,52,5.769230769230769,0.0,0.0,0.0,"(-4,-2]","(0,2]",>5,>1,"(10,20]","(50,75]",<=25,2-4,"(5,10]"
GFC_2007_2009,CTL,legacy,MACD_FAIL,2009-11-02,2009-11-03,20.733,GREEN,90.881,91.84395999999998,80.29243000000001,-0.1017538075399734,-0.113389285654521,-0.1062648299923704,False,2009-10-28,20.535,0.9642074506939436,False,,12.8153185742536,-0.7958327304297463,12.8153185742536,-0.7958327304297463,6.694641392948419,6.82486856701876,9.55963922249554,12.255824048618136,True,1.0,True,2.0,True,2.0,MACD_FAIL,legacy,-2.415951723915777,-1.0484739551735123,13.187507215810989,1.188517185000415,19.805776447544588,90.881,91.84395999999998,80.29243000000001,54.0,32.0,52,2,2,52,3.8461538461538463,0.0,0.0,0.0,"(-4,-2]","(-2,0]",>5,>1,"(10,20]","(50,75]","(25,50]",2-4,"(2,5]"
GFC_2007_2009,TGT,legacy,MACD_FAIL,2009-11-02,2009-11-03,40.564,GREEN,90.881,91.84395999999998,80.29243000000001,-0.1548047107708974,-0.1963129002131322,-0.1760548194494614,False,2009-10-30,39.895,1.6769018674019254,True,11.0,3.870426979587816,-6.37018045557638,3.870426979587816,-3.3354698747658063,2.7881865693718533,-0.709989152943491,-3.379844196824777,-2.847352332117148,True,4.0,True,5.0,False,,MACD_FAIL,legacy,-2.415951723915777,-1.0484739551735123,13.187507215810989,1.188517185000415,19.805776447544588,90.881,91.84395999999998,80.29243000000001,54.0,32.0,52,2,2,52,3.8461538461538463,0.0,0.0,0.0,"(-4,-2]","(-2,0]",>5,>1,"(10,20]","(50,75]","(25,50]",2-4,"(2,5]"
GFC_2007_2009,PPG,legacy,MACD_PASS,2009-11-03,2009-11-04,26.082,GREEN,91.168,91.8734,80.397325,-0.2004903387645546,-0.2330279467152773,-0.2457012556498531,True,2009-10-28,24.905,4.725958642842798,False,,5.46353807223372,-1.7253278122843274,5.46353807223372,-1.7253278122843274,4.524192929990023,3.373974388467138,3.6500268384326295,1.8096771719960048,True,3.0,True,3.0,True,5.0,MACD_PASS,legacy,-1.6664329705650682,-0.7677956840608902,13.396807667419308,1.061485833765441,19.138652957149112,91.168,91.8734,80.397325,54.0,30.0,52,2,2,52,3.8461538461538463,0.0,0.0,0.0,"(-2,0]","(-2,0]",>5,>1,"(10,20]","(50,75]","(25,50]",2-4,"(2,5]"
GFC_2007_2009,SWK,legacy,MACD_FAIL,2009-11-03,2009-11-04,42.484,GREEN,91.168,91.8734,80.397325,-0.0112328744045593,-0.2361404526856365,-0.1915044608938623,False,2009-11-02,38.29,10.953251501697569,False,,3.469541474437432,-2.7516241408530373,3.469541474437432,-2.7516241408530373,1.610017889087656,0.7202711609076262,1.0474531588362757,-1.70181715469353,True,4.0,True,5.0,False,,MACD_FAIL,legacy,-1.6664329705650682,-0.7677956840608902,13.396807667419308,1.061485833765441,19.138652957149112,91.168,91.8734,80.397325,54.0,30.0,52,2,2,52,3.8461538461538463,0.0,0.0,0.0,"(-2,0]","(-2,0]",>5,>1,"(10,20]","(50,75]","(25,50]",2-4,"(2,5]"
GFC_2007_2009,AVY,legacy,MACD_PASS,2009-11-04,2009-11-05,30.701,GREEN,91.403,91.90406,80.488235,-0.2580515009948759,-0.2812359524856522,-0.3207277963247912,True,2009-10-30,29.59,3.754646840148701,False,,9.08765186801732,-0.736132373538323,9.08765186801732,-0.736132373538323,5.1594410605517504,4.374450343636993,2.4364027230383334,5.863001205172469,True,0.0,True,2.0,True,2.0,MACD_PASS,legacy,0.49034158998209065,-0.5451989825041248,13.560696168825181,0.930740190492596,19.135882837689238,91.403,91.90405999999999,80.488235,52.0,52.0,52,3,3,52,5.769230769230769,0.0,-1.1102230246251565e-14,0.0,"(0,2]","(-2,0]",>5,"(0,1]","(10,20]","(50,75]","(50,75]",2-4,"(5,10]"
GFC_2007_2009,JCI,legacy,MACD_PASS,2009-11-04,2009-11-05,14.55,GREEN,91.403,91.90406,80.488235,-0.102753856812951,-0.1170581779693526,-0.1251705113551977,True,2009-10-28,14.101,3.184171335366281,False,,9.828178694158062,-0.4398625429553271,9.828178694158062,-0.4398625429553271,4.646048109965628,7.704467353951871,5.92439862542955,4.9140893470790425,True,2.0,True,2.0,True,5.0,MACD_PASS,legacy,0.49034158998209065,-0.5451989825041248,13.560696168825181,0.930740190492596,19.135882837689238,91.403,91.90405999999999,80.488235,52.0,52.0,52,3,3,52,5.769230769230769,0.0,-1.1102230246251565e-14,0.0,"(0,2]","(-2,0]",>5,"(0,1]","(10,20]","(50,75]","(50,75]",2-4,"(5,10]"
GFC_2007_2009,WMT,legacy,MACD_FAIL,2009-11-04,2009-11-05,42.935,GREEN,91.403,91.90406,80.488235,-0.0303229339127252,-0.0546171492949762,-0.0473660067044198,False,2009-11-03,42.094,1.9979094407754028,False,,9.067194596483064,-0.0372656340980714,9.067194596483064,-0.0372656340980714,5.403516944218012,7.977174799114928,8.158844765342966,7.387911959939442,True,2.0,True,2.0,True,5.0,MACD_FAIL,legacy,0.49034158998209065,-0.5451989825041248,13.560696168825181,0.930740190492596,19.135882837689238,91.403,91.90405999999999,80.488235,52.0,52.0,52,3,3,52,5.769230769230769,0.0,-1.1102230246251565e-14,0.0,"(0,2]","(-2,0]",>5,"(0,1]","(10,20]","(50,75]","(50,75]",2-4,"(5,10]"
GFC_2007_2009,BAC,legacy,MACD_PASS,2009-11-05,2009-11-06,14.084,GREEN,93.085,91.96818,80.59322,-0.1552795284892758,-0.2123556778484844,-0.2385429133366094,True,2009-10-23,13.312,5.799278846153855,False,,12.042033513206473,-0.6461232604373701,12.042033513206473,-0.6461232604373701,6.9653507526270975,7.703777335984108,6.106219823913661,6.368929281454139,True,0.0,True,1.0,True,1.0,MACD_PASS,legacy,0.18943267067774716,1.2143547909722718,15.49979018086136,0.8367300754431817,20.075015237228605,93.085,91.96817999999999,80.59322,62.0,58.0,52,5,5,52,9.615384615384615,0.0,-1.1102230246251565e-14,0.0,"(0,2]","(0,2]",>5,"(0,1]","(20,30]","(50,75]","(50,75]",5-9,"(5,10]"
GFC_2007_2009,JNJ,legacy,MACD_PASS,2009-11-05,2009-11-06,48.782,GREEN,93.085,91.96818,80.59322,-0.0746275998937836,-0.1261538891352658,-0.1572563880875554,True,2009-10-27,47.838,1.9733266440904675,False,,8.909023820261574,-0.6190808084949317,8.909023820261574,-0.6190808084949317,2.4906727891435443,3.952277479398147,4.841949899553111,7.394120782255764,True,2.0,True,6.0,True,11.0,MACD_PASS,legacy,0.18943267067774716,1.2143547909722718,15.49979018086136,0.8367300754431817,20.075015237228605,93.085,91.96817999999999,80.59322,62.0,58.0,52,5,5,52,9.615384615384615,0.0,-1.1102230246251565e-14,0.0,"(0,2]","(0,2]",>5,"(0,1]","(20,30]","(50,75]","(50,75]",5-9,"(5,10]"
GFC_2007_2009,MMM,legacy,MACD_PASS,2009-11-05,2009-11-06,63.606,GREEN,93.085,91.96818,80.59322,-0.2559789895432752,-0.346246020697394,-0.3469711352195239,True,2009-10-30,62.134,2.369073293205015,False,,5.700720057856179,-0.2546929534949504,5.700720057856179,-0.2546929534949504,3.2701317485771764,2.361412445366784,3.430493978555482,4.05622111121593,True,1.0,True,1.0,True,3.0,MACD_PASS,legacy,0.18943267067774716,1.2143547909722718,15.49979018086136,0.8367300754431817,20.075015237228605,93.085,91.96817999999999,80.59322,62.0,58.0,52,5,5,52,9.615384615384615,0.0,-1.1102230246251565e-14,0.0,"(0,2]","(0,2]",>5,"(0,1]","(20,30]","(50,75]","(50,75]",5-9,"(5,10]"
GFC_2007_2009,PEP,legacy,MACD_PASS,2009-11-05,2009-11-06,50.097,GREEN,93.085,91.96818,80.59322,-0.1558267760034671,-0.2104787865998171,-0.2148806710792723,True,2009-11-03,48.972,2.297231070815986,False,,5.7268898337225815,-0.3253687845579667,5.7268898337225815,-0.3253687845579667,1.564963969898403,1.7905263788250858,2.0180849152643843,5.313691438609092,True,1.0,True,2.0,True,20.0,MACD_PASS,legacy,0.18943267067774716,1.2143547909722718,15.49979018086136,0.8367300754431817,20.075015237228605,93.085,91.96817999999999,80.59322,62.0,58.0,52,5,5,52,9.615384615384615,0.0,-1.1102230246251565e-14,0.0,"(0,2]","(0,2]",>5,"(0,1]","(20,30]","(50,75]","(50,75]",5-9,"(5,10]"
GFC_2007_2009,VFC,legacy,MACD_PASS,2009-11-05,2009-11-06,15.708,GREEN,93.085,91.96818,80.59322,-0.1069000738933108,-0.1581290139399852,-0.1642486240136784,True,2009-10-29,14.938,5.154639175257736,False,,4.679144385026746,-3.692386045327223,4.679144385026746,-3.692386045327223,0.91036414565826,-1.8143621084797608,-1.4769544181308825,-2.2536287242169606,True,1.0,True,1.0,False,,MACD_PASS,legacy,0.18943267067774716,1.2143547909722718,15.49979018086136,0.8367300754431817,20.075015237228605,93.085,91.96817999999999,80.59322,62.0,58.0,52,5,5,52,9.615384615384615,0.0,-1.1102230246251565e-14,0.0,"(0,2]","(0,2]",>5,"(0,1]","(20,30]","(50,75]","(50,75]",5-9,"(5,10]"
GFC_2007_2009,GE,legacy,MACD_PASS,2009-11-06,2009-11-09,12.64,GREEN,93.325,92.03310000000002,80.69783000000001,-0.0450643087006081,-0.1167395183394658,-0.1444001361326082,True,2009-10-23,11.392,10.9550561797753,False,,5.023734177215178,-2.547468354430382,5.023734177215178,-2.547468354430382,1.8987341772152,2.033227848101271,2.990506329113929,0.1344936708860711,True,5.0,True,5.0,True,18.0,MACD_PASS,legacy,3.4427337922167345,1.4037340913214846,15.647471561502947,0.7825137770520296,19.975780833232736,93.325,92.03310000000002,80.69783000000001,66.0,84.0,52,4,4,52,7.6923076923076925,0.0,0.0,0.0,>2,"(0,2]",>5,"(0,1]","(10,20]","(50,75]",>75,2-4,"(5,10]"
GFC_2007_2009,LOW,legacy,MACD_FAIL,2009-11-06,2009-11-09,18.609,GREEN,93.325,92.03310000000002,80.69783000000001,0.0109272253448498,-0.0761919086276274,-0.1263906887981085,False,2009-10-27,16.947,9.807045494777844,False,,10.081143532699222,-0.6663442420334342,10.081143532699222,-0.6663442420334342,3.374711161266042,4.051802891074208,7.378150357353963,7.990757160513717,True,1.0,True,3.0,True,5.0,MACD_FAIL,legacy,3.4427337922167345,1.4037340913214846,15.647471561502947,0.7825137770520296,19.975780833232736,93.325,92.03310000000002,80.69783000000001,66.0,84.0,52,4,4,52,7.6923076923076925,0.0,0.0,0.0,>2,"(0,2]",>5,"(0,1]","(10,20]","(50,75]",>75,2-4,"(5,10]"
GFC_2007_2009,SHW,legacy,MACD_PASS,2009-11-06,2009-11-09,55.26,GREEN,93.325,92.03310000000002,80.69783000000001,-0.0055301591373171,-0.1350652487775016,-0.2473340178795339,True,2009-10-22,51.833,6.61161808114521,False,,5.025334781035107,-1.48389431777054,5.025334781035107,-1.48389431777054,1.735432500904821,0.903003981179884,3.724212812160688,2.756062251176261,True,5.0,True,12.0,True,16.0,MACD_PASS,legacy,3.4427337922167345,1.4037340913214846,15.647471561502947,0.7825137770520296,19.975780833232736,93.325,92.03310000000002,80.69783000000001,66.0,84.0,52,4,4,52,7.6923076923076925,0.0,0.0,0.0,>2,"(0,2]",>5,"(0,1]","(10,20]","(50,75]",>75,2-4,"(5,10]"
GFC_2007_2009,USB,legacy,MACD_PASS,2009-11-06,2009-11-09,20.488,GREEN,93.325,92.03310000000002,80.69783000000001,-0.1063019215630173,-0.1139072383984908,-0.1438035777904144,True,2009-11-04,19.726,3.862922031836158,True,13.0,4.221983600156198,-5.061499414291292,4.221983600156198,-4.846739554861379,-2.2549785240140507,-1.53748535728232,1.7522452167122229,-3.919367434595866,True,0.0,True,2.0,False,,MACD_PASS,legacy,3.4427337922167345,1.4037340913214846,15.647471561502947,0.7825137770520296,19.975780833232736,93.325,92.03310000000002,80.69783000000001,66.0,84.0,52,4,4,52,7.6923076923076925,0.0,0.0,0.0,>2,"(0,2]",>5,"(0,1]","(10,20]","(50,75]",>75,2-4,"(5,10]"
GFC_2007_2009,BBT,legacy,MACD_PASS,2009-11-09,2009-11-10,20.838,GREEN,95.447,92.14082,80.81056000000001,-0.0554030207200362,-0.1253765787356373,-0.1550647790734419,True,2009-10-23,19.751,5.503518809174213,False,,6.555331605720327,-3.186486227085139,6.555331605720327,-3.186486227085139,-0.6046645551396557,0.0767828006526416,4.515788463384207,3.124100201554847,True,1.0,True,15.0,True,15.0,MACD_PASS,legacy,5.024152463111098,3.5881816549928836,18.112038822648913,0.7829146150770017,21.496091641185522,95.447,92.14081999999999,80.81056000000001,78.0,100.0,52,7,7,52,13.461538461538462,0.0,-1.1102230246251565e-14,0.0,>2,>2,>5,"(0,1]","(20,30]",>75,>75,5-9,>10
GFC_2007_2009,CB,legacy,MACD_PASS,2009-11-09,2009-11-10,44.853,GREEN,95.447,92.14082,80.81056000000001,-0.2045234216072461,-0.3342524238630137,-0.3749331978750825,True,2009-10-27,43.069,4.142190438598514,True,7.0,0.4213764965554034,-9.14543062894344,0.4213764965554034,-5.297304528125224,-2.612980179698132,-5.6049762557688565,-5.413238802309772,-5.827926783046856,False,,False,,False,,MACD_PASS,legacy,5.024152463111098,3.5881816549928836,18.112038822648913,0.7829146150770017,21.496091641185522,95.447,92.14081999999999,80.81056000000001,78.0,100.0,52,7,7,52,13.461538461538462,0.0,-1.1102230246251565e-14,0.0,>2,>2,>5,"(0,1]","(20,30]",>75,>75,5-9,>10
GFC_2007_2009,FITB,legacy,MACD_PASS,2009-11-09,2009-11-10,8.2071,GREEN,95.447,92.14082,80.81056000000001,-0.0140789899491634,-0.0610680654903031,-0.0803462856112431,True,2009-10-28,7.404,10.846839546191257,False,,12.141925893433726,-4.22317261883004,12.141925893433726,-4.22317261883004,1.9592791607266904,3.088788975399326,8.230678315117391,5.976532514530097,True,4.0,True,4.0,True,14.0,MACD_PASS,legacy,5.024152463111098,3.5881816549928836,18.112038822648913,0.7829146150770017,21.496091641185522,95.447,92.14081999999999,80.81056000000001,78.0,100.0,52,7,7,52,13.461538461538462,0.0,-1.1102230246251565e-14,0.0,>2,>2,>5,"(0,1]","(20,30]",>75,>75,5-9,>10
GFC_2007_2009,LEG,legacy,MACD_PASS,2009-11-09,2009-11-10,15.242,GREEN,95.447,92.14082,80.81056000000001,-0.0617017540079657,-0.0718920227831371,-0.0740512406940692,True,2009-11-02,14.905,2.2609862462261043,False,,3.739666710405442,-1.8960766303634744,3.739666710405442,-1.8960766303634744,3.063902375016392,1.3187245768271794,2.657131610024921,2.3028473953549344,True,1.0,True,1.0,False,,MACD_PASS,legacy,5.024152463111098,3.5881816549928836,18.112038822648913,0.7829146150770017,21.496091641185522,95.447,92.14081999999999,80.81056000000001,78.0,100.0,52,7,7,52,13.461538461538462,0.0,-1.1102230246251565e-14,0.0,>2,>2,>5,"(0,1]","(20,30]",>75,>75,5-9,>10
GFC_2007_2009,MTB,legacy,MACD_PASS,2009-11-09,2009-11-10,54.17,GREEN,95.447,92.14082,80.81056000000001,-0.4004310461753932,-0.5676209052599115,-0.638554972249245,True,2009-10-30,50.603,7.048989190364208,False,,4.336348532397993,-5.305519660328595,4.336348532397993,-5.305519660328595,-1.7611223924681618,2.739523721617143,1.223924681558053,-1.0688573010891655,True,8.0,True,9.0,False,,MACD_PASS,legacy,5.024152463111098,3.5881816549928836,18.112038822648913,0.7829146150770017,21.496091641185522,95.447,92.14081999999999,80.81056000000001,78.0,100.0,52,7,7,52,13.461538461538462,0.0,-1.1102230246251565e-14,0.0,>2,>2,>5,"(0,1]","(20,30]",>75,>75,5-9,>10
GFC_2007_2009,PFE,legacy,MACD_PASS,2009-11-09,2009-11-10,13.556,GREEN,95.447,92.14082,80.81056000000001,-0.0393556414915322,-0.0673587006090218,-0.0703264247057674,True,2009-11-03,13.086,3.591624637016655,False,,9.634110357037471,-0.5163765122454866,9.634110357037471,-0.5163765122454866,3.5851283564473317,5.7096488639716725,8.195632930067864,5.318678076128647,True,0.0,True,2.0,True,6.0,MACD_PASS,legacy,5.024152463111098,3.5881816549928836,18.112038822648913,0.7829146150770017,21.496091641185522,95.447,92.14081999999999,80.81056000000001,78.0,100.0,52,7,7,52,13.461538461538462,0.0,-1.1102230246251565e-14,0.0,>2,>2,>5,"(0,1]","(20,30]",>75,>75,5-9,>10
GFC_2007_2009,STT,legacy,MACD_PASS,2009-11-09,2009-11-10,38.353,GREEN,95.447,92.14082,80.81056000000001,-0.130569127759752,-0.3465608536097435,-0.4269336076586345,True,2009-10-21,35.393,8.363235668069958,False,,0.4823612233723517,-8.81808463483953,0.4823612233723517,-8.81808463483953,-3.856282429014679,-4.54983964748521,-1.1498448622011326,-5.835267123823429,False,,False,,False,,MACD_PASS,legacy,5.024152463111098,3.5881816549928836,18.112038822648913,0.7829146150770017,21.496091641185522,95.447,92.14081999999999,80.81056000000001,78.0,100.0,52,7,7,52,13.461538461538462,0.0,-1.1102230246251565e-14,0.0,>2,>2,>5,"(0,1]","(20,30]",>75,>75,5-9,>10
GFC_2007_2009,CMA,legacy,MACD_PASS,2009-11-10,2009-11-11,25.22,GREEN,95.467,92.26496000000002,80.91969999999999,-0.1699530319361965,-0.2269167405966672,-0.3302717524818991,True,2009-10-28,23.735,6.256583105119029,False,,4.940523394131646,-3.271213322759714,4.940523394131646,-3.271213322759714,3.4853291038858147,2.061855670103085,-1.740681998413962,-0.2180808881839802,True,0.0,True,0.0,False,,MACD_PASS,legacy,4.715470340470329,3.4704832690546583,17.97745172065641,0.7629219370690388,21.471139120690946,95.467,92.26496000000002,80.91969999999999,76.0,96.0,52,1,1,52,1.9230769230769231,0.0,0.0,0.0,>2,>2,>5,"(0,1]","(20,30]",>75,>75,1,<=2
GFC_2007_2009,RF,legacy,MACD_FAIL,2009-11-13,2009-11-16,4.4026,GREEN,95.492,92.75496,81.24213,0.0042107241666878,-0.005823441508206,-0.012343858487365,False,2009-10-26,4.142,6.291646547561536,False,,22.24140280743199,-1.0221232907827171,22.24140280743199,-1.0221232907827171,16.12229137327943,17.96211329668833,16.12229137327943,8.976513878162894,True,0.0,True,1.0,True,1.0,MACD_FAIL,legacy,2.321993035092418,2.9508287211810647,17.540000489893615,1.0177690283339924,20.897867428733946,95.492,92.75496,81.24213,74.0,80.0,52,1,1,52,1.9230769230769231,0.0,0.0,0.0,>2,>2,>5,>1,"(20,30]","(50,75]",>75,1,<=2
GFC_2007_2009,ADM,legacy,MACD_FAIL,2009-12-01,2009-12-02,26.369,GREEN,96.944,93.80136,82.532955,-0.1614542748405116,-0.2088933020817232,-0.1983388486777049,False,2009-11-25,25.543,3.2337626747054093,False,,3.159012476771972,-3.52307633964124,3.159012476771972,-3.52307633964124,-1.6762107019606345,0.7698433766923252,1.065645265273618,0.9935909590807368,True,0.0,True,2.0,False,,MACD_FAIL,legacy,0.40183934711464087,3.350313897367796,17.460958474102874,0.9547946482250103,15.451589779912227,96.944,93.80136,82.532955,78.0,62.0,52,1,1,52,1.9230769230769231,0.0,0.0,0.0,"(0,2]",>2,>5,"(0,1]","(10,20]",>75,"(50,75]",1,<=2
GFC_2007_2009,SWK,legacy,MACD_PASS,2009-12-02,2009-12-03,42.655,GREEN,96.905,93.87412,82.673235,-0.2417027515258689,-0.2890815423160716,-0.2941015415152427,True,2009-12-01,41.845,1.935715139204208,True,0.0,7.52080647051927,-3.4087445785957127,0.9635447192591684,-2.175594889227528,-0.1453522447544153,2.37017934591488,6.937053100457158,6.097761106552579,False,,False,,False,,MACD_PASS,legacy,0.20059765693665188,3.2286640876101114,17.214476970690697,0.8744865695712312,15.505358742446958,96.905,93.87411999999999,82.673235,84.0,66.0,52,2,2,52,3.8461538461538463,0.0,-1.1102230246251565e-14,0.0,"(0,2]",>2,>5,"(0,1]","(10,20]",>75,"(50,75]",2-4,"(2,5]"
GFC_2007_2009,TGT,legacy,MACD_PASS,2009-12-02,2009-12-03,38.882,GREEN,96.905,93.87412,82.673235,-0.1510705697315147,-0.2177266062595343,-0.2235634014800451,True,2009-11-19,37.98,2.374934175882037,True,1.0,5.174630934622715,-4.189599300447499,0.3574918985648878,-4.058433208168289,-2.319839514428268,0.8873000360063665,3.325446221902162,3.117123604752847,False,,False,,False,,MACD_PASS,legacy,0.20059765693665188,3.2286640876101114,17.214476970690697,0.8744865695712312,15.505358742446958,96.905,93.87411999999999,82.673235,84.0,66.0,52,2,2,52,3.8461538461538463,0.0,-1.1102230246251565e-14,0.0,"(0,2]",>2,>5,"(0,1]","(10,20]",>75,"(50,75]",2-4,"(2,5]"
GFC_2007_2009,SVU,legacy,MACD_PASS,2009-12-04,2009-12-07,94.129,GREEN,96.73,94.0524,82.959955,-0.7188691372498739,-1.031601012771162,-1.1285664125699706,True,2009-11-16,89.124,5.615771284951321,True,1.0,1.3088421209191736,-14.42700974194987,1.3088421209191736,-9.593217818100698,-8.693388859968776,-12.62735182568604,-12.835576708559538,-11.177214248531277,False,,False,,False,,MACD_PASS,legacy,1.3442014940228564,2.846923629806386,16.59842390223092,0.8292984775539525,14.921744114671768,96.73,94.05239999999999,82.959955,80.0,88.0,52,1,1,52,1.9230769230769231,0.0,-1.1102230246251565e-14,0.0,"(0,2]",>2,>5,"(0,1]","(10,20]",>75,>75,1,<=2
GFC_2007_2009,MTB,legacy,MACD_FAIL,2009-12-08,2009-12-09,53.058,GREEN,95.482,94.22126,83.257605,-0.2374708935531915,-0.2854283749470563,-0.1418349161070539,False,2009-12-07,51.296,3.434965689332503,False,,17.41490444419316,-1.9111161370575669,17.41490444419316,-1.9111161370575669,-0.4617588299596575,4.64208978853331,5.63345772550794,16.61012476912058,True,2.0,True,8.0,True,9.0,MACD_FAIL,legacy,-1.5080871430929177,1.3380631929566622,14.682616681082772,0.8181763902867623,13.493301367396782,95.482,94.22126,83.257605,68.0,22.0,52,1,1,52,1.9230769230769231,0.0,0.0,0.0,"(-2,0]","(0,2]",>5,"(0,1]","(10,20]","(50,75]",<=25,1,<=2
GFC_2007_2009,MCD,legacy,MACD_PASS,2009-12-11,2009-12-14,50.399,GREEN,96.809,94.52102,83.71659000000001,-0.3550049773900403,-0.4204022959407883,-0.446554528672435,True,2009-12-04,48.61,3.6803126928615537,False,,2.682592908589454,-1.9107521974642383,2.682592908589454,-1.9107521974642383,0.6607273953848303,2.1528204924700978,-1.2857397964245345,0.5396932478819005,True,7.0,False,,False,,MACD_PASS,legacy,0.0816706295875047,2.4206044327494514,15.638967139010296,0.918118621284636,13.095573673123113,96.809,94.52102000000001,83.71659000000001,70.0,44.0,52,2,2,52,3.8461538461538463,0.0,2.220446049250313e-14,0.0,"(0,2]",>2,>5,"(0,1]","(10,20]","(50,75]","(25,50]",2-4,"(2,5]"
GFC_2007_2009,VFC,legacy,MACD_PASS,2009-12-11,2009-12-14,15.727,GREEN,96.809,94.52102,83.71659000000001,-0.0204361313346023,-0.045934450220391,-0.051633735758746,True,2009-12-09,15.049,4.505282743039407,False,,3.0457175557957683,-3.37000063584918,3.0457175557957683,-3.37000063584918,-1.4688115978889749,0.3242830800534113,0.7884529789534023,1.6722833343930876,True,16.0,True,18.0,False,,MACD_PASS,legacy,0.0816706295875047,2.4206044327494514,15.638967139010296,0.918118621284636,13.095573673123113,96.809,94.52102000000001,83.71659000000001,70.0,44.0,52,2,2,52,3.8461538461538463,0.0,2.220446049250313e-14,0.0,"(0,2]",>2,>5,"(0,1]","(10,20]","(50,75]","(25,50]",2-4,"(2,5]"
GFC_2007_2009,BAC,legacy,MACD_PASS,2009-12-14,2009-12-15,14.566,GREEN,97.447,94.68421999999998,83.89630500000001,-0.0201674579336929,-0.0318557416767653,-0.0463692464947546,True,2009-12-10,14.227,2.382793280382378,True,2.0,11.190443498558288,-3.995606206233704,0.3913222573115327,-3.995606206233704,-0.7757792118632478,-2.464643690786761,9.577097349993124,8.856240560208706,False,,False,,False,,MACD_PASS,legacy,0.9018803843605205,2.9178885351751616,16.151718481523105,1.0319568147114655,13.159412696088458,97.447,94.68421999999998,83.89630500000001,80.0,58.0,52,1,1,52,1.9230769230769231,0.0,0.0,0.0,"(0,2]",>2,>5,>1,"(10,20]",>75,"(50,75]",1,<=2
GFC_2007_2009,LLY,legacy,MACD_PASS,2009-12-15,2009-12-16,28.23,GREEN,96.993,94.81172,84.076055,-0.2246685227719714,-0.2429940249314365,-0.2470175110476653,True,2009-12-14,27.578,2.364203350496785,True,15.0,2.061636556854407,-3.0712008501594057,2.061636556854407,-3.0712008501594057,0.0,-0.6376195536663132,-2.624867162592981,-0.340063761955367,True,4.0,False,,False,,MACD_PASS,legacy,1.5824972246077706,2.3006438444529653,15.36340519307191,1.0771272399461962,12.302600557097639,96.993,94.81172000000001,84.076055,66.0,58.0,52,1,1,52,1.9230769230769231,0.0,2.220446049250313e-14,0.0,"(0,2]",>2,>5,>1,"(10,20]","(50,75]","(50,75]",1,<=2
GFC_2007_2009,FITB,legacy,MACD_PASS,2009-12-21,2009-12-22,8.6126,GREEN,96.973,95.1258,84.79754500000001,-0.0392451927108247,-0.065213767231028,-0.0710240124738266,True,2009-12-17,7.9703,8.058667804223196,False,,24.74746301929729,-4.316931008057967,24.74746301929729,-4.316931008057967,-3.923321645031708,8.745326614495031,15.5168009660265,18.74462996075517,True,8.0,True,9.0,True,10.0,MACD_PASS,legacy,-0.48641825813006134,1.9418496349045133,14.358263555861184,1.0213450864374307,12.55363110974621,96.973,95.1258,84.79754500000001,68.0,26.0,52,4,4,52,7.6923076923076925,0.0,0.0,0.0,"(-2,0]","(0,2]",>5,>1,"(10,20]","(50,75]","(25,50]",2-4,"(5,10]"
GFC_2007_2009,RF,legacy,MACD_PASS,2009-12-21,2009-12-22,4.9325,GREEN,96.973,95.1258,84.79754500000001,-0.0281729711158918,-0.0346072487640072,-0.039817211734265,True,2009-12-15,4.69,5.1705756929637525,False,,32.42777496198681,-5.650278763304605,32.42777496198681,-5.650278763304605,-3.097820577800303,12.387227572225036,19.31677648251393,20.22301064368981,True,8.0,True,9.0,True,10.0,MACD_PASS,legacy,-0.48641825813006134,1.9418496349045133,14.358263555861184,1.0213450864374307,12.55363110974621,96.973,95.1258,84.79754500000001,68.0,26.0,52,4,4,52,7.6923076923076925,0.0,0.0,0.0,"(-2,0]","(0,2]",>5,>1,"(10,20]","(50,75]","(25,50]",2-4,"(5,10]"
GFC_2007_2009,USB,legacy,MACD_PASS,2009-12-21,2009-12-22,19.642,GREEN,96.973,95.1258,84.79754500000001,-0.0728949637947959,-0.1309623943444235,-0.152537137345872,True,2009-12-09,18.647,5.335978977851674,False,,17.045107422869354,-3.243050605844622,17.045107422869354,-3.243050605844622,-2.092454943488431,5.401690255574798,10.452092454943497,7.585785561551783,True,8.0,True,9.0,True,10.0,MACD_PASS,legacy,-0.48641825813006134,1.9418496349045133,14.358263555861184,1.0213450864374307,12.55363110974621,96.973,95.1258,84.79754500000001,68.0,26.0,52,4,4,52,7.6923076923076925,0.0,0.0,0.0,"(-2,0]","(0,2]",>5,>1,"(10,20]","(50,75]","(25,50]",2-4,"(5,10]"
GFC_2007_2009,WMT,legacy,MACD_FAIL,2009-12-21,2009-12-22,45.442,GREEN,96.973,95.1258,84.79754500000001,-0.2591180258621359,-0.2881612339634281,-0.269143524215509,False,2009-12-17,44.464,2.1995322058294464,False,,3.2546982967298854,-1.4413978257999285,3.2546982967298854,-1.4413978257999285,1.5734342678579205,0.2596716693807455,1.406188107917794,-0.9704678491263664,True,7.0,True,14.0,False,,MACD_FAIL,legacy,-0.48641825813006134,1.9418496349045133,14.358263555861184,1.0213450864374307,12.55363110974621,96.973,95.1258,84.79754500000001,68.0,26.0,52,4,4,52,7.6923076923076925,0.0,0.0,0.0,"(-2,0]","(0,2]",>5,>1,"(10,20]","(50,75]","(25,50]",2-4,"(5,10]"
GFC_2007_2009,ADP,legacy,MACD_PASS,2009-12-22,2009-12-23,31.694,GREEN,97.32,95.1962,84.96978500000002,-0.1224750421244479,-0.1509370149787745,-0.1756818556844134,True,2009-12-17,30.993,2.261801051850409,True,19.0,1.438758124566153,-4.335205401653308,1.438758124566153,-4.243705433205025,-0.2397930207610255,-1.1642582192213036,-1.5239477503628418,-3.846153846153844,False,,False,,False,,MACD_PASS,legacy,0.33713773158887683,2.2309714043207585,14.534831410953885,1.0347346235870747,11.785002326825332,97.32,95.19619999999999,84.96978500000002,72.0,58.0,52,5,5,52,9.615384615384615,0.0,-1.1102230246251565e-14,0.0,"(0,2]",>2,>5,>1,"(10,20]","(50,75]","(50,75]",5-9,"(5,10]"
GFC_2007_2009,AVY,legacy,MACD_PASS,2009-12-22,2009-12-23,31.008,GREEN,97.32,95.1962,84.96978500000002,-0.1476702936306145,-0.1835468119240467,-0.2112616524450219,True,2009-12-17,30.165,2.794629537543502,False,,8.262383900928793,-2.231682146542824,8.262383900928793,-2.231682146542824,-1.8027605779153637,2.450980392156876,6.25,3.82481940144479,True,7.0,True,7.0,True,11.0,MACD_PASS,legacy,0.33713773158887683,2.2309714043207585,14.534831410953885,1.0347346235870747,11.785002326825332,97.32,95.19619999999999,84.96978500000002,72.0,58.0,52,5,5,52,9.615384615384615,0.0,-1.1102230246251565e-14,0.0,"(0,2]",>2,>5,>1,"(10,20]","(50,75]","(50,75]",5-9,"(5,10]"
GFC_2007_2009,CTL,legacy,MACD_PASS,2009-12-22,2009-12-23,22.906,GREEN,97.32,95.1962,84.96978500000002,-0.1146252732678832,-0.1390672255675565,-0.1457890606763086,True,2009-12-18,22.288,2.772792534099056,True,9.0,2.868244128176034,-5.592421199685671,2.868244128176034,-3.178206583427912,0.6592159259582564,-3.1520125731249404,-2.5015279839343374,-3.344101982013437,True,3.0,False,,False,,MACD_PASS,legacy,0.33713773158887683,2.2309714043207585,14.534831410953885,1.0347346235870747,11.785002326825332,97.32,95.19619999999999,84.96978500000002,72.0,58.0,52,5,5,52,9.615384615384615,0.0,-1.1102230246251565e-14,0.0,"(0,2]",>2,>5,>1,"(10,20]","(50,75]","(50,75]",5-9,"(5,10]"
GFC_2007_2009,KO,legacy,MACD_FAIL,2009-12-22,2009-12-23,23.331,GREEN,97.32,95.1962,84.96978500000002,-0.108666716806844,-0.1059715568337414,-0.0934152560431644,False,2009-12-21,23.208,0.5299896587383612,True,7.0,1.3415627277013398,-5.8034374866058,1.3415627277013398,-1.8558998757018497,-0.3557498607003495,-3.591787750203601,-1.5987313017016058,-4.993356478504984,False,,False,,False,,MACD_FAIL,legacy,0.33713773158887683,2.2309714043207585,14.534831410953885,1.0347346235870747,11.785002326825332,97.32,95.19619999999999,84.96978500000002,72.0,58.0,52,5,5,52,9.615384615384615,0.0,-1.1102230246251565e-14,0.0,"(0,2]",>2,>5,>1,"(10,20]","(50,75]","(50,75]",5-9,"(5,10]"
GFC_2007_2009,PEP,legacy,MACD_PASS,2009-12-22,2009-12-23,50.001,GREEN,97.32,95.1962,84.96978500000002,-0.2498242050981527,-0.3057772427829052,-0.3559883404939106,True,2009-12-14,48.275,3.5753495598135565,False,,3.367932641347182,-1.2999740005199878,3.367932641347182,-1.2999740005199878,-0.117997640047196,-0.1659966800663936,2.3359532809343886,-1.0519789604207852,True,7.0,True,14.0,False,,MACD_PASS,legacy,0.33713773158887683,2.2309714043207585,14.534831410953885,1.0347346235870747,11.785002326825332,97.32,95.19619999999999,84.96978500000002,72.0,58.0,52,5,5,52,9.615384615384615,0.0,-1.1102230246251565e-14,0.0,"(0,2]",>2,>5,>1,"(10,20]","(50,75]","(50,75]",5-9,"(5,10]"
GFC_2007_2009,PPG,legacy,MACD_PASS,2009-12-23,2009-12-24,26.446,GREEN,97.525,95.27446,85.141,-0.0294067433843356,-0.0621320527273945,-0.0885765390981056,True,2009-12-18,25.688,2.9507941451261344,False,,8.273462905543362,-1.436890266959101,8.273462905543362,-1.436890266959101,2.1023973379717065,3.924979202904022,8.224306133252647,1.0398547984572293,True,5.0,True,6.0,True,13.0,MACD_PASS,legacy,0.4015030627477323,2.362165054517229,14.54528370585264,1.042812275761107,11.793148920617663,97.525,95.27446,85.141,76.0,58.0,52,1,1,52,1.9230769230769231,0.0,0.0,0.0,"(0,2]",>2,>5,>1,"(10,20]",>75,"(50,75]",1,<=2
