window,signal_date,signals,stocks,macd_pass_share_pct,stop_rate_pct,avg_ret20_pct,spy_roc5_pct,spy_dist_ma50_pct,spy_dist_ma200_pct,spy_ma50_slope10_pct,spy_rv20_ann_pct,breadth_above_ma50_pct,breadth_5d_positive_pct
COVID_2020,2020-03-03,20,20,65.0,100.0,-20.562794628318095,-3.969272373952948,-7.715737688786328,-0.8179134319452719,0.07430928771063883,30.972798217315344,4.838709677419355,6.451612903225806
COVID_2020,2020-03-02,19,19,5.263157894736842,100.0,-14.718691426253415,-4.134365690797837,-5.099299429115101,2.1336872626915415,0.3491398269173551,29.71257053845862,11.290322580645162,4.838709677419355
BULL_2013_2014,2013-06-07,18,18,38.88888888888889,88.88888888888889,0.844018757522419,0.8105573419078249,2.4882113699328023,10.794982899259331,1.1112595422475557,12.151983895504895,61.53846153846154,78.84615384615384
BULL_2013_2014,2013-10-10,18,18,27.77777777777778,5.555555555555555,4.333210382854667,0.9246686065308873,1.035078747548246,6.565654151847866,-0.014756918600056235,12.71848043450477,63.46153846153846,78.84615384615384
COVID_2020,2020-09-28,14,14,64.28571428571429,28.57142857142857,1.647852142843957,2.2081681061699054,0.14317195470106014,8.64312352977925,0.866452281724972,24.967958710428,54.83870967741935,72.58064516129032
BEAR_2022,2022-02-25,12,12,25.0,25.0,3.560814124556694,0.15788713236939422,-3.6699295716412617,-1.1928221100107939,-1.0784006082271036,24.59877866549694,29.032258064516128,59.67741935483871
CHOP_2015_2016,2015-03-13,11,11,81.81818181818183,54.54545454545454,0.5737044940699012,0.26496815286625175,1.028097075694312,4.436882349147853,0.24251607338068304,10.56720657602604,43.13725490196079,39.21568627450981
CHOP_2015_2016,2015-08-26,11,11,0.0,9.090909090909092,-0.491721499468895,-6.662978980187062,-6.4761758878741915,-5.765892644906323,-0.6753341387563117,25.433335873312284,7.8431372549019605,0.0
BULL_2013_2014,2014-10-16,9,9,66.66666666666666,0.0,11.825561397153624,-3.3539276257722905,-5.1314568277735395,-1.4978012701273857,-0.2923042036951151,15.964862752766956,15.384615384615385,11.538461538461538
BULL_2013_2014,2014-12-18,9,9,100.0,55.55555555555556,-2.4611833845467146,1.2756430282203413,3.0516556291390717,6.577580791378668,0.7543632644520626,15.67041956051249,76.92307692307692,90.38461538461539
CHOP_2015_2016,2016-06-29,9,9,11.11111111111111,11.11111111111111,5.661829885618665,-0.699645250295633,-0.07625420315350295,3.238615975553416,0.04493976286092938,19.040764913598267,58.8235294117647,49.01960784313726
GFC_2007_2009,2009-10-06,8,8,62.5,12.5,3.029368496382048,-0.4580847077679362,2.7851673929549348,16.760924075103368,1.9080618627847379,16.598700782154413,66.0,32.0
BULL_2013_2014,2014-12-17,8,8,0.0,12.5,0.6225677126684537,-0.6699115507405651,0.6529528189614942,4.048283578857448,0.7341415907077931,12.806011810194518,71.15384615384616,59.61538461538461
CHOP_2015_2016,2016-09-21,8,8,87.5,100.0,-5.089134323830536,1.7606311333461688,-0.033646612277615784,5.863265536938056,0.484350723107152,13.285705150653456,25.49019607843137,88.23529411764706
GFC_2007_2009,2009-11-09,7,7,100.0,14.285714285714285,0.5700152828012964,5.024152463111098,3.5881816549928836,18.112038822648913,0.7829146150770017,21.496091641185522,78.0,100.0
BULL_2013_2014,2013-06-10,7,7,100.0,42.857142857142854,3.653470723002328,0.2731876332622507,2.3848756944605087,10.702029917280619,1.0955225810534097,12.108795136435702,59.61538461538461,59.61538461538461
BULL_2013_2014,2013-08-23,7,7,100.0,57.14285714285714,2.778745979761283,0.4926755567233876,0.4398923248637665,7.754096951921308,0.5078513716474387,9.198839477228917,46.15384615384615,44.23076923076923
BULL_2013_2014,2013-12-18,7,7,28.57142857142857,0.0,2.658472549531102,1.6677785190126748,2.6049062331684913,9.417945352380741,1.291751291379306,10.017226433203481,71.15384615384616,71.15384615384616
CHOP_2015_2016,2015-06-10,7,7,28.57142857142857,42.857142857142854,0.3791051853591664,-0.4570066067259515,0.33898644554934965,3.619012555641743,0.2563222129853937,9.211938095921283,31.372549019607842,27.45098039215686
CHOP_2015_2016,2016-06-16,7,7,14.285714285714285,57.14285714285714,5.939662285620274,-1.749611197511658,0.25738813039015707,3.907772086505168,0.487083855766568,8.159066954556717,72.54901960784314,33.333333333333336
BEAR_2022,2022-01-25,7,7,28.57142857142857,85.71428571428571,-7.105455405114934,-4.823753797288655,-6.27291387982678,-1.1850447681042708,-0.3931759219421238,13.620969833569829,37.096774193548384,9.67741935483871
GFC_2007_2009,2007-08-01,6,6,33.33333333333333,50.0,-4.291912155978845,-3.4145972138098224,-3.4682422094323595,0.9632545038538831,-0.17554752851137723,17.287046694266643,14.285714285714286,10.204081632653061
GFC_2007_2009,2009-06-25,6,6,66.66666666666666,50.0,10.888732771057802,-0.15185461787403653,1.829136553204691,2.6102763389731054,1.7666302542633128,21.375252706067958,55.10204081632653,42.857142857142854
BULL_2013_2014,2013-09-04,6,6,100.0,16.666666666666664,2.9545043468380676,1.4803947719391752,-0.3627221181924156,6.489133461995467,0.4083811487264777,10.510971706034752,36.53846153846154,76.92307692307692
BULL_2013_2014,2013-12-06,6,6,33.33333333333333,16.666666666666664,1.505839169071347,-0.029941912689390726,3.246443211363914,9.747358871365375,1.18829478321818,8.365243407455917,82.6923076923077,46.15384615384615
BULL_2013_2014,2014-01-29,6,6,50.0,50.0,3.967888540116983,-3.766963032288251,-1.9527213304679658,4.888852052973602,0.6254737528905041,12.360650294443678,11.538461538461538,3.8461538461538463
BULL_2013_2014,2014-02-06,6,6,33.33333333333333,0.0,6.169188914211735,-0.9683628052447935,-1.7427898960675647,4.54495957097516,-0.0771616901153016,15.815765924279718,13.461538461538462,21.153846153846153
BULL_2013_2014,2014-10-03,6,6,66.66666666666666,83.33333333333334,1.7303444391385387,-0.6930639875355915,-0.19201320117756548,4.184926553685053,0.04343241397788411,11.309047443333341,61.53846153846154,50.0
BULL_2013_2014,2014-10-17,6,6,66.66666666666666,0.0,8.186020896673947,-1.082528876736788,-3.994254927829155,-0.355251767827236,-0.2971992855121841,16.873374462137154,19.23076923076923,38.46153846153846
CHOP_2015_2016,2015-03-16,6,6,50.0,16.666666666666664,2.0293188730092413,0.10150223304914441,1.2398857637955008,4.636327224596215,0.12395725838614258,10.486701493195136,52.94117647058823,56.86274509803921
CHOP_2015_2016,2015-06-11,6,6,100.0,83.33333333333334,0.00745505983566308,0.7163969740994869,0.6146784123860494,3.91847176163882,0.25418303185265056,9.273445939681608,31.372549019607842,66.66666666666667
CHOP_2015_2016,2016-09-22,6,6,50.0,83.33333333333334,-2.6554182276370892,1.395570373898547,0.5684137326338989,6.499293481645907,0.37318068488849665,13.379616016449129,39.21568627450981,88.23529411764706
GFC_2007_2009,2009-06-26,5,5,100.0,0.0,8.94371956038353,-0.21700631064329734,1.4428035175832354,2.5238265575384,1.5662856334875075,20.43710632753889,51.02040816326531,46.93877551020408
GFC_2007_2009,2009-08-21,5,5,60.0,0.0,2.282884607966433,2.1638858834918118,8.156159626217718,17.26343062038962,1.3261541115395348,16.851110804528133,90.0,78.0
GFC_2007_2009,2009-11-05,5,5,100.0,0.0,4.175866777863592,0.18943267067774716,1.2143547909722718,15.49979018086136,0.8367300754431817,20.075015237228605,62.0,58.0
GFC_2007_2009,2009-12-22,5,5,80.0,60.0,-1.8821543731296522,0.33713773158887683,2.2309714043207585,14.534831410953885,1.0347346235870747,11.785002326825332,72.0,58.0
BULL_2013_2014,2013-06-25,5,5,20.0,0.0,2.886645150136471,-3.817953629698112,-1.653273248690701,6.203003748577296,0.6419537581212609,17.54538208682209,26.923076923076923,0.0
BULL_2013_2014,2013-09-03,5,5,100.0,0.0,2.380686675002952,-0.9646302250803873,-1.0843234513784772,5.7172197463963625,0.32364076795312613,9.981127842446165,25.0,11.538461538461538
BULL_2013_2014,2013-09-06,5,5,100.0,20.0,2.34966275180039,1.1278444901479556,-0.3575700922360703,6.4552321283469105,0.4776360954168668,10.372329243699934,38.46153846153846,76.92307692307692
BULL_2013_2014,2013-10-11,5,5,80.0,0.0,7.056917016612374,0.7956878850102767,1.6770104317971768,7.145268876100186,-0.02006210191288771,12.88567987207157,73.07692307692308,80.76923076923077
BULL_2013_2014,2014-01-28,5,5,0.0,60.0,1.4061114453395418,-2.7802165642376364,-1.021250934070972,5.973363107105811,0.7348597991711392,12.022165759994163,23.076923076923077,5.769230769230769
BULL_2013_2014,2014-02-10,5,5,100.0,0.0,5.352675372394162,3.3547907897994556,-0.35601629344430563,5.87418484549711,-0.12337320214849123,16.5290870601058,21.153846153846153,96.15384615384616
BULL_2013_2014,2014-03-18,5,5,60.0,20.0,3.1929075790456762,0.23032187482006083,2.4838211328504167,8.42463189379654,0.45076853018233276,9.424914258523785,86.53846153846153,57.69230769230769
BULL_2013_2014,2014-04-01,5,5,100.0,100.0,-3.4400874240838997,1.0426867907137538,2.884762027662746,8.436267418425514,0.37138389366693225,8.931603839489915,96.15384615384616,82.6923076923077
BULL_2013_2014,2014-04-16,5,5,60.0,0.0,2.729123088472194,-0.5105845906718032,0.8915128258233818,6.303649490962937,0.763843863983027,13.831242907263,71.15384615384616,50.0
BULL_2013_2014,2014-08-11,5,5,100.0,20.0,1.9623675858696352,-0.03856749311293983,-0.784948929649909,4.680202644440135,0.44502985907575177,11.643754066654262,34.61538461538461,67.3076923076923
CHOP_2015_2016,2015-01-21,5,5,100.0,60.0,1.428226318154422,0.5023285019098767,-0.46608425999147274,4.0659234083039175,0.357391375800753,14.075130577598083,58.8235294117647,60.78431372549019
CHOP_2015_2016,2015-05-04,5,5,100.0,20.0,2.2824320411505017,0.2647088202976766,1.2479599103470074,5.0092690622554725,0.30291870366174756,9.076003246158438,47.05882352941177,43.13725490196079
CHOP_2015_2016,2015-07-13,5,5,80.0,60.0,0.7689251872421087,1.4849728853073785,0.15926243087289738,2.858214235722767,-0.23244974484422087,13.617245875307043,50.98039215686274,84.31372549019608
CHOP_2015_2016,2016-08-04,5,5,80.0,0.0,0.6067443569246732,-0.16555508254103568,2.429161979397687,6.721815878826809,1.1452895964783272,7.182625350283899,68.62745098039215,33.333333333333336
BULL_2017,2017-11-03,5,5,40.0,20.0,4.214390213199897,0.2871724357846217,2.7208026877063807,7.392302097234205,1.076653803428318,4.792968962508517,64.70588235294117,33.333333333333336
COVID_2020,2020-09-11,5,5,0.0,40.0,8.3249189434496,-3.2803600076640627,0.7280644819902093,8.635792498159134,2.2352156971280346,21.13636755590457,62.903225806451616,32.25806451612903
BEAR_2022,2022-01-26,5,5,40.0,100.0,-3.9184953614127993,-4.066425260202622,-6.3777710718926794,-1.460537561580244,-0.5835215971078056,13.570148390024766,32.25806451612903,12.903225806451612
BEAR_2022,2022-01-31,5,5,100.0,60.0,-5.365999875860683,2.289456863732342,-2.483125773291328,2.192376147050479,-0.9920657690443146,18.67031932211118,40.32258064516129,53.225806451612904
GFC_2007_2009,2009-11-06,4,4,75.0,25.0,1.7404864119950458,3.4427337922167345,1.4037340913214846,15.647471561502947,0.7825137770520296,19.975780833232736,66.0,84.0
GFC_2007_2009,2009-12-21,4,4,75.0,0.0,11.395739579217599,-0.48641825813006134,1.9418496349045133,14.358263555861184,1.0213450864374307,12.55363110974621,68.0,26.0
BULL_2013_2014,2013-04-23,4,4,25.0,0.0,7.784540811335816,0.22954924874791782,2.2178775229917402,9.36095300150619,0.8919433084211281,14.88853104486566,82.6923076923077,73.07692307692308
BULL_2013_2014,2013-06-04,4,4,75.0,75.0,0.07910092732255625,-1.639452199104563,2.0108545722222315,10.247464562919607,1.2624862224570155,9.812912385149739,55.76923076923077,15.384615384615385
BULL_2013_2014,2013-08-22,4,4,50.0,75.0,0.9631262793981743,-0.20293270489657456,0.13149442560844715,7.471394421074962,0.5209268668856737,9.092685981271453,44.23076923076923,34.61538461538461
BULL_2013_2014,2013-08-30,4,4,75.0,25.0,4.4738324616338945,-1.7910838018041497,-1.4669772712963436,5.34501122235691,0.2701458577196725,9.694271663822667,21.153846153846153,9.615384615384615
BULL_2013_2014,2013-09-05,4,4,100.0,0.0,1.6636450042523898,1.2494184887352988,-0.339375987775159,6.499101555823583,0.46886275478885686,10.50535179834313,38.46153846153846,82.6923076923077
BULL_2013_2014,2013-12-16,4,4,25.0,0.0,5.071935075282119,-1.201075590080669,1.5119347435555985,8.099166961693594,1.2097140009420082,8.032544584118336,61.53846153846154,21.153846153846153
BULL_2013_2014,2014-01-22,4,4,75.0,100.0,-3.326684364548613,0.3463051006632689,2.0169471297290853,9.38205791311626,0.9445100354191327,8.737674944617416,63.46153846153846,38.46153846153846
BULL_2013_2014,2014-03-28,4,4,25.0,50.0,-0.8786090095687038,-0.38044731381139396,1.4692550857926312,7.0087247218822535,0.36417292674819635,9.902418438729127,86.53846153846153,53.84615384615385
BULL_2013_2014,2014-08-05,4,4,75.0,0.0,4.516183379414517,-2.5058306665943553,-1.6444931312562971,3.9397051408375683,0.8015346752549002,10.994485275837363,17.307692307692307,9.615384615384615
BULL_2013_2014,2014-08-08,4,4,50.0,0.0,1.5608126655151544,0.39400665926747624,-1.0486404648761272,4.441581616526591,0.5410149612248727,11.759960294156281,30.76923076923077,73.07692307692308
BULL_2013_2014,2014-11-28,4,4,50.0,75.0,2.1350209326297884,0.7965654580251336,4.345376932748168,7.620381213735006,0.6855607408110531,5.4395327697289275,90.38461538461539,80.76923076923077
CHOP_2015_2016,2015-05-08,4,4,75.0,25.0,-1.3653308542864506,0.42963481041116136,1.436243967714801,5.006879274735376,0.037050086265111304,10.942227269329855,58.8235294117647,76.47058823529412
CHOP_2015_2016,2015-12-15,4,4,25.0,100.0,-8.904371367120955,-0.9265787088327149,-0.5132613587519819,-0.07793555346811143,1.3115090038166688,15.134996046214525,50.98039215686274,25.49019607843137
CHOP_2015_2016,2016-01-12,4,4,75.0,75.0,0.8922814872479756,-3.8277511961722466,-5.340683402489221,-4.946610331952083,-0.519275351951598,18.427127725765516,21.568627450980394,13.72549019607843
CHOP_2015_2016,2016-04-25,4,4,25.0,50.0,1.5684741208904311,-0.305388631661907,3.625139131084798,4.452763508415569,2.1078230976007806,10.235651744871038,80.3921568627451,39.21568627450981
BULL_2017,2017-01-05,4,4,75.0,50.0,-3.2905152684547025,0.8912636829434106,3.243806160582241,6.909689982139944,1.1976334784093101,8.343598605621743,76.47058823529412,58.8235294117647
BULL_2017,2017-02-03,4,4,25.0,25.0,2.940431296127638,0.1615952942509269,1.9672637519754455,7.053663613949768,1.0782145965182677,6.216904829030078,60.78431372549019,47.05882352941177
BULL_2017,2017-03-28,4,4,75.0,75.0,-1.329331642848061,0.6802463324727448,1.276221995699367,7.529194729615818,0.8791078334104752,8.874518646609424,72.54901960784314,60.78431372549019
BULL_2017,2017-04-11,4,4,100.0,100.0,-0.9083568000040704,-0.1783537869050611,0.39323464311440404,6.649361127853681,0.7680803567645889,6.803655159412479,66.66666666666667,64.70588235294117
BULL_2017,2017-11-02,4,4,50.0,25.0,7.082142911112143,0.7706943555039425,2.5066363855794194,7.1126104136491675,1.0689766204292406,4.741579828516392,64.70588235294117,23.529411764705884
COVID_2020,2020-01-15,4,4,50.0,100.0,-7.104548280663886,1.1526907071805814,4.051967380801114,10.826937500382371,1.5967677151150772,6.871927510440001,74.19354838709677,64.51612903225806
COVID_2020,2020-09-09,4,4,0.0,50.0,2.087599061020634,-3.6329833285652646,2.7599046361345136,10.594516149977395,2.3999716596879495,20.723576967767297,67.74193548387096,33.87096774193548
BEAR_2022,2022-01-12,4,4,75.0,100.0,-5.770280683863939,0.5636548109743345,1.1050853317377873,7.594091408955084,0.7708673086363804,15.042042564384403,75.80645161290323,38.70967741935484
BEAR_2022,2022-02-01,4,4,100.0,75.0,-8.917601561992688,4.253435233490177,-1.7597656759730906,2.833982813533331,-1.019705026970652,18.73123655227675,38.70967741935484,70.96774193548387
BEAR_2022,2022-02-28,4,4,100.0,25.0,8.012687255075557,0.5526883119511883,-3.7795223383703114,-1.4794566371816642,-1.1827135051493687,22.94920688058887,24.193548387096776,45.16129032258065
GFC_2007_2009,2007-08-06,3,3,66.66666666666666,33.33333333333333,-1.768920012198997,-0.8099057705786117,-3.385929860172421,0.70888395943971,-0.561929961652996,20.662489183524592,24.489795918367346,57.142857142857146
GFC_2007_2009,2007-08-07,3,3,100.0,100.0,-0.6397138446056864,1.4101150149677055,-2.303491361907395,1.7451108324596287,-0.6195196196297492,20.68953622547405,32.6530612244898,81.63265306122449
GFC_2007_2009,2007-08-08,3,3,100.0,33.33333333333333,-1.0265436924567901,2.320294740142681,-0.9058389106854303,3.121574513889569,-0.6655817468014247,21.17763112343935,44.89795918367347,75.51020408163265
GFC_2007_2009,2009-06-29,3,3,100.0,100.0,6.034790440229059,3.8301319139088186,2.2655005231234426,3.6736044720466987,1.4768165097507335,18.725220967502263,57.142857142857146,91.83673469387755
GFC_2007_2009,2009-08-17,3,3,33.33333333333333,0.0,5.4787989806906205,-2.652875653557629,3.8072433083925716,12.036324225896177,1.6879204548843951,16.689820663370206,70.0,18.0
GFC_2007_2009,2009-08-20,3,3,33.33333333333333,33.33333333333333,7.471993497237551,-0.5695945029609795,6.258348611443254,15.025270782666045,1.3744370719193766,15.637987780574186,82.0,44.0
GFC_2007_2009,2009-09-04,3,3,0.0,33.33333333333333,2.4460994411423544,-1.2758019564517387,4.8864842572361455,15.426342812031946,2.2057804014600446,18.188066058702727,88.0,26.0
GFC_2007_2009,2009-09-08,3,3,66.66666666666666,0.0,2.989654320482915,0.4682948689222366,5.5493005555114605,16.27978593306072,2.269637608606323,18.385782305228297,90.0,42.0
GFC_2007_2009,2009-10-29,3,3,0.0,33.33333333333333,3.8890711284805253,-2.444428110923269,1.2349025874616393,15.954968900495192,1.4555547718977158,17.17604038552005,62.0,12.0
GFC_2007_2009,2009-11-04,3,3,66.66666666666666,0.0,6.055000837396984,0.49034158998209065,-0.5451989825041248,13.560696168825181,0.930740190492596,19.135882837689238,52.0,52.0
BULL_2013_2014,2013-02-20,3,3,66.66666666666666,0.0,5.319402618244062,-0.43409058023440306,2.932707050912886,8.357469417675055,1.5790841251293486,9.35252487315912,88.46153846153847,65.38461538461539
BULL_2013_2014,2013-02-27,3,3,33.33333333333333,0.0,2.3595990767687334,0.3560528992879064,2.6867633631829646,8.434680882803235,1.3942267823621846,13.190509405904432,82.6923076923077,65.38461538461539
BULL_2013_2014,2013-02-28,3,3,100.0,0.0,3.6975413165377673,0.7823353074504658,2.3406792320588288,8.153319727859131,1.3855057103370205,13.115279477687771,84.61538461538461,73.07692307692308
BULL_2013_2014,2013-03-28,3,3,33.33333333333333,66.66666666666666,5.166182716797189,1.489572989076482,3.150309061626322,10.221486796031321,1.3030395980310416,7.512884453746849,90.38461538461539,82.6923076923077
BULL_2013_2014,2013-04-08,3,3,66.66666666666666,66.66666666666666,3.8091664577708073,0.09121526803255176,2.194769691030074,9.302052947707429,1.1423826423920813,8.700180044044897,80.76923076923077,61.53846153846154
BULL_2013_2014,2013-04-10,3,3,33.33333333333333,33.33333333333333,8.638854923863507,2.2007476899202683,3.5767543138513602,10.829280531405328,1.1154850900006785,9.553576493493756,88.46153846153847,88.46153846153847
BULL_2013_2014,2013-05-03,3,3,100.0,33.33333333333333,-2.2623471030480755,1.9719089462395312,3.704308323646388,11.047274960301223,0.980992645752643,15.013370058275896,94.23076923076923,90.38461538461539
BULL_2013_2014,2013-06-05,3,3,66.66666666666666,33.33333333333333,3.874855703867682,-2.392471336735358,0.4911292424546243,8.607241908472885,1.1905896194172927,10.96646986626425,38.46153846153846,7.6923076923076925
BULL_2013_2014,2013-06-26,3,3,0.0,0.0,7.185157653838373,-1.5139335476956006,-0.7446514045759356,7.161339698968638,0.6245771163205349,17.93865521895353,32.69230769230769,32.69230769230769
BULL_2013_2014,2013-07-29,3,3,33.33333333333333,100.0,-4.07785032636997,-0.5461671914155364,2.640346316671782,10.895373747071435,0.7397906353755479,7.306320397669724,82.6923076923077,44.23076923076923
BULL_2013_2014,2013-08-20,3,3,0.0,33.33333333333333,2.2268397308751777,-2.388596378579688,-0.0610073576976955,7.348749975284785,0.5427928582948383,8.278511902741702,46.15384615384615,0.0
BULL_2013_2014,2013-08-26,3,3,100.0,100.0,8.461584784433736,0.7204230006609302,0.008400206855085912,7.239379420440084,0.4728999076882401,9.228916703207778,38.46153846153846,53.84615384615385
BULL_2013_2014,2013-10-09,3,3,66.66666666666666,0.0,6.691670957069603,-2.126978025498105,-1.092341438275446,4.400690355288317,0.00025897208797420745,9.996072650374122,36.53846153846154,11.538461538461538
BULL_2013_2014,2013-11-08,3,3,0.0,33.33333333333333,2.248574041918694,0.6089309878213767,3.7477832212364115,9.460683458400808,1.4416364368687207,10.418228341963536,92.3076923076923,69.23076923076923
BULL_2013_2014,2013-12-19,3,3,100.0,66.66666666666666,-1.2738940722042402,1.8863332116344056,2.298790181173449,9.192190384644249,1.3590301877351774,9.952378697031614,65.38461538461539,88.46153846153847
BULL_2013_2014,2014-01-16,3,3,66.66666666666666,100.0,-1.822199252296634,0.42855465539508586,2.3839106380635577,9.752525921632182,0.9454947928309032,10.38167610694099,67.3076923076923,50.0
BULL_2013_2014,2014-02-07,3,3,100.0,0.0,6.47790817116091,0.8470986869970165,-0.5375638237688385,5.752090121820808,-0.10468182923745184,16.553676471922728,23.076923076923077,51.92307692307692
BULL_2013_2014,2014-05-09,3,3,100.0,66.66666666666666,2.231460394303545,-0.057071110603812425,0.8457173394513351,6.2047157756334625,0.46863772221239497,8.460146098726364,80.76923076923077,67.3076923076923
BULL_2013_2014,2014-06-27,3,3,0.0,33.33333333333333,-0.5491660653249649,-0.059968380308572655,2.8884189352406775,8.262069564226282,1.178546969815697,5.7626552106854545,76.92307692307692,34.61538461538461
BULL_2013_2014,2014-07-14,3,3,33.33333333333333,100.0,-3.9488874283596007,0.04867495943754463,2.699419744669873,8.365984011931449,1.0966832347777844,6.203784150569926,76.92307692307692,40.38461538461539
BULL_2013_2014,2014-07-15,3,3,66.66666666666666,100.0,-6.2252516745504805,0.5171475231355638,2.4034446156252054,8.07783008514531,1.0940499470747822,6.291759261774693,69.23076923076923,51.92307692307692
BULL_2013_2014,2014-07-18,3,3,0.0,100.0,-1.1501541480898212,0.5595697289074719,2.3237610035357292,8.067492264942278,1.071637694827987,8.145568810161825,69.23076923076923,61.53846153846154
BULL_2013_2014,2014-08-07,3,3,100.0,0.0,0.9087793898280072,-1.0731275583582223,-2.1628765996183685,3.303380320659821,0.6218072925840978,10.864746187428448,15.384615384615385,40.38461538461539
BULL_2013_2014,2014-09-11,3,3,0.0,66.66666666666666,2.5397473996321005,0.04802305106450522,1.495419985341373,6.658384287598773,0.4732763646805749,5.371095280602268,65.38461538461539,38.46153846153846
BULL_2013_2014,2014-10-06,3,3,66.66666666666666,100.0,5.091649360816905,-0.6190117343094048,-0.3002386789498046,4.016754905978992,0.0033480973626431876,11.2908773740731,59.61538461538461,46.15384615384615
BULL_2013_2014,2014-10-15,3,3,66.66666666666666,33.33333333333333,15.300647312059304,-5.190592051905918,-5.097613882863339,-1.4027407057955799,-0.2762296754220128,16.269200211624668,15.384615384615385,3.8461538461538463
BULL_2013_2014,2014-12-19,3,3,100.0,33.33333333333333,0.23569105199847673,3.349915325994912,3.3115343474217296,6.94440413364299,0.7860052464330858,15.717666974169466,82.6923076923077,94.23076923076923
CHOP_2015_2016,2015-02-02,3,3,0.0,33.33333333333333,3.6348022721042095,-1.7240491997323804,-1.0207879151648114,3.015395935757792,-0.002280574995172646,17.543082613978978,37.254901960784316,25.49019607843137
CHOP_2015_2016,2015-02-03,3,3,33.33333333333333,33.33333333333333,2.0776365676427857,1.0379179053877863,0.40239738452068075,4.447792683101093,-0.00300596944071696,17.063265398443754,62.745098039215684,50.98039215686274
CHOP_2015_2016,2015-02-04,3,3,66.66666666666666,0.0,1.659624519533235,1.9655500369861523,0.022494435996067708,3.9963247231080246,-0.01699751359540702,16.736461468943293,54.90196078431372,72.54901960784314
CHOP_2015_2016,2015-03-12,3,3,33.33333333333333,66.66666666666666,1.0798753750887347,-2.4920866201075254,-0.35387288508066383,3.054353245917407,0.35781862553125876,9.905665504492472,52.94117647058823,15.686274509803921
CHOP_2015_2016,2015-03-18,3,3,100.0,0.0,-0.9875182986907003,2.9217085531078713,2.0470945572490296,5.483884730382216,0.08754698080943868,11.38517786342711,62.745098039215684,98.03921568627452
CHOP_2015_2016,2015-08-28,3,3,100.0,66.66666666666666,-9.024408282516061,0.8321848828580558,-3.9380210111277014,-3.4118618641871157,-0.8744820433346678,27.378891915037794,11.764705882352942,39.21568627450981
CHOP_2015_2016,2015-12-16,3,3,33.33333333333333,100.0,-8.558510545278496,1.3145873515379103,0.8378824297277099,1.3776975667778135,1.266551937940097,15.995033677656975,62.745098039215684,78.43137254901961
CHOP_2015_2016,2016-04-26,3,3,66.66666666666666,33.33333333333333,-0.5000225216770532,-0.4566882734236777,3.5445531202814795,4.60019489661887,2.2071261208959747,9.799864493067194,82.3529411764706,35.294117647058826
CHOP_2015_2016,2016-05-10,3,3,66.66666666666666,33.33333333333333,2.9234951662555964,1.1149442527873754,1.8305737435827307,4.3795111855466695,1.447406865579537,9.23059500578494,78.43137254901961,78.43137254901961
CHOP_2015_2016,2016-05-23,3,3,33.33333333333333,0.0,2.606776358316143,-0.7675821163335428,-0.3444820305719021,2.769416123220081,0.7473668179218684,10.589336065979039,45.09803921568628,19.607843137254903
CHOP_2015_2016,2016-05-24,3,3,66.66666666666666,33.33333333333333,0.5849438968718664,1.4590460857315302,0.8792290637831046,4.087576848850016,0.6535605454864202,11.630421963576303,54.90196078431372,72.54901960784314
CHOP_2015_2016,2016-08-05,3,3,33.33333333333333,0.0,1.0906650407473888,0.49589118730517523,3.1712092253359137,7.547859277525437,1.1266398498467556,5.775322106355644,68.62745098039215,43.13725490196079
CHOP_2015_2016,2016-08-29,3,3,0.0,100.0,0.4812214162783546,-0.07976352460938863,1.7961553022336485,7.063657529019451,0.8995973708529004,5.711914160433549,58.8235294117647,52.94117647058823
CHOP_2015_2016,2016-08-30,3,3,66.66666666666666,100.0,-2.5289296881194816,-0.4355155942680433,1.532854314370291,6.844618746981634,0.921887304964053,5.194886174763406,50.98039215686274,45.09803921568628
CHOP_2015_2016,2016-09-14,3,3,0.0,66.66666666666666,0.4425463674496329,-2.6687892124730883,-1.6237662745751225,4.157011132694977,0.9126065782171899,12.004252276976041,7.8431372549019605,0.0
CHOP_2015_2016,2016-09-20,3,3,100.0,100.0,-3.9882691378877975,0.5914598961338724,-1.1263251927230655,4.7144792207909125,0.6469628424502716,12.598664628280174,13.72549019607843,64.70588235294117
CHOP_2015_2016,2016-10-17,3,3,66.66666666666666,33.33333333333333,9.27601253404353,-1.7416340208618486,-1.5462786403946827,3.552562202170706,-0.12271538250072656,9.885556338489303,7.8431372549019605,21.568627450980394
CHOP_2015_2016,2016-10-20,3,3,66.66666666666666,33.33333333333333,6.9005408483687605,0.40710762009674717,-0.7753757841556852,4.152305606830997,-0.1983956405864462,8.996721946990242,9.803921568627452,37.254901960784316
CHOP_2015_2016,2016-10-24,3,3,33.33333333333333,66.66666666666666,4.557138203651742,1.176866173503699,-0.2508055518195884,4.5199688568900775,-0.24970688021342946,8.486803706987013,11.764705882352942,58.8235294117647
CHOP_2015_2016,2016-10-26,3,3,100.0,100.0,-1.5760689001406736,-0.25234490310908075,-0.7220045530452301,3.8379394587639393,-0.28455887703673355,8.032138633241637,13.72549019607843,35.294117647058826
CHOP_2015_2016,2016-10-28,3,3,66.66666666666666,0.0,7.8499864744973875,-0.677028702202731,-1.195594021650448,3.1258539367225335,-0.33137658845675544,6.887973988306026,11.764705882352942,39.21568627450981
CHOP_2015_2016,2016-11-07,3,3,66.66666666666666,33.33333333333333,5.309904287167288,0.28800460807372197,-0.5499668230157684,3.0411261976379445,-0.5087147352050625,10.684604556795186,23.529411764705884,58.8235294117647
BULL_2017,2017-01-04,3,3,100.0,100.0,-3.8080164094820588,0.13698482101995868,3.4463519241782814,7.058139713734701,1.1872408505907206,8.327358911358317,84.31372549019608,50.98039215686274
BULL_2017,2017-02-07,3,3,66.66666666666666,0.0,4.77220331649962,0.6196958556165422,1.616154796050262,6.750834861272392,1.0164760240017223,6.0208310738501885,54.90196078431372,54.90196078431372
BULL_2017,2017-03-13,3,3,33.33333333333333,33.33333333333333,1.9394140185582278,0.042010574201656325,2.912018452013232,8.989028100324203,1.0674624224772389,6.87533155909597,78.43137254901961,62.745098039215684
BULL_2017,2017-04-20,3,3,66.66666666666666,66.66666666666666,-2.235102339514372,0.559740197083558,0.1742648918813483,6.329606127297827,0.5921698377661544,6.42507455308714,60.78431372549019,74.50980392156863
BULL_2017,2017-05-23,3,3,100.0,33.33333333333333,0.886262367061785,-0.01250700855429665,1.4084709591852596,6.9936706195316,0.19304633747561084,7.980263266730114,62.745098039215684,62.745098039215684
BULL_2017,2017-08-15,3,3,100.0,0.0,2.5684331167807217,-0.3033577608613003,0.8274589411689348,6.033539228385276,0.482875668866356,6.923876863702764,56.86274509803921,50.98039215686274
BULL_2017,2017-08-22,3,3,0.0,33.33333333333333,7.396216064679159,-0.43403674829750605,0.31131677779869804,5.161127619508332,0.2391001543965876,9.524452825240473,58.8235294117647,43.13725490196079
BULL_2017,2017-08-30,3,3,66.66666666666666,66.66666666666666,2.070477163025323,0.5928824670882626,0.4685046928191161,4.950599013647494,0.11352116148417579,9.80733813540137,49.01960784313726,64.70588235294117
BULL_2017,2017-09-08,3,3,0.0,33.33333333333333,0.06896760325406308,-0.36772177853993115,0.4984293373181181,4.766959651289282,0.2599112066236531,8.954138752058633,60.78431372549019,60.78431372549019
BULL_2017,2017-12-28,3,3,100.0,0.0,4.727814479824333,0.3145529730092189,2.94195948025342,9.101067456776924,1.0681653736102081,5.951717466636708,91.83673469387755,73.46938775510205
COVID_2020,2020-01-09,3,3,100.0,66.66666666666666,3.449806339439417,0.5479091781228407,4.214175548878951,10.674509746007166,1.6176357857892842,6.979690537797664,70.96774193548387,48.38709677419355
COVID_2020,2020-01-10,3,3,66.66666666666666,33.33333333333333,-0.9285268539865186,1.0235248194773838,3.755493282895106,10.262530047441976,1.6050023390387302,7.21215706382662,66.12903225806451,50.0
COVID_2020,2020-01-14,3,3,100.0,66.66666666666666,-0.040786239987940696,1.4625215622859011,3.9726182074061756,10.663832833341957,1.6109946823534838,7.11988843722685,69.35483870967742,75.80645161290323
COVID_2020,2020-02-04,3,3,66.66666666666666,66.66666666666666,-5.799737014699173,0.663842006094173,2.6091995586171146,10.064102364541917,1.1797632198051522,13.102555799219756,59.67741935483871,50.0
COVID_2020,2020-02-05,3,3,100.0,100.0,-15.844168616871109,1.9104929609371046,3.6382949074754922,11.248164775361191,1.1744033381669627,13.55010099084537,70.96774193548387,79.03225806451613
COVID_2020,2020-03-04,3,3,33.33333333333333,100.0,-30.701779543588426,0.4366037341216211,-3.7984928936265927,3.2979484368939493,-0.13656978224559913,34.28922192669095,25.806451612903224,59.67741935483871
COVID_2020,2020-09-15,3,3,66.66666666666666,100.0,1.4560468827597575,2.0887474506761095,2.266027793273606,10.517540151234828,2.030972818564769,21.71744179805979,69.35483870967742,72.58064516129032
GFC_2007_2009,2007-09-04,2,2,100.0,0.0,4.875439741602161,1.4608233731739695,0.21589472855754188,2.137270352353138,-0.6960460843193683,21.595221514113717,44.89795918367347,59.183673469387756
GFC_2007_2009,2007-09-13,2,2,0.0,50.0,1.6538883325875107,0.5425094939161434,0.38861607177402835,1.8492712434592606,-0.43239411660462856,16.948147203975182,40.816326530612244,48.97959183673469
GFC_2007_2009,2007-09-20,2,2,50.0,50.0,-4.247349590424648,2.2662452786556653,2.7458791676863603,3.956856376633011,-0.33744566291248335,18.84644432464141,61.224489795918366,85.71428571428571
GFC_2007_2009,2007-10-23,2,2,50.0,50.0,-0.005133660163836318,-1.306360107494775,1.1435548428950781,2.638550592436606,0.9971829157671808,13.986047290894179,38.775510204081634,38.775510204081634
GFC_2007_2009,2007-10-25,2,2,50.0,50.0,-6.710933990396701,-1.195100089632506,0.9376487968061342,2.6209935493380687,0.9910207050888742,13.725519785139776,34.69387755102041,32.6530612244898
GFC_2007_2009,2009-09-28,2,2,0.0,100.0,-3.986999433318289,-0.1175442947881411,4.5149435538962335,18.242516522253993,3.2090953600359295,15.918644024377853,88.0,40.0
GFC_2007_2009,2009-09-29,2,2,50.0,50.0,-4.560383420013148,-0.9928484887473665,3.97573970720011,17.765537272025433,3.096488456252966,15.544105237648626,88.0,32.0
GFC_2007_2009,2009-10-05,2,2,0.0,50.0,-5.245414543707511,-2.1636328302131247,1.4730376090086539,15.212967199242788,2.109758579605625,16.12476953162337,60.0,14.0
GFC_2007_2009,2009-10-07,2,2,50.0,50.0,0.24669146531566266,0.19785834646952605,2.905037788156317,16.963264763285714,1.7505182096473115,16.43818856933167,72.0,38.0
GFC_2007_2009,2009-10-08,2,2,50.0,100.0,3.002447599156821,3.5004624934526607,3.5118137126180837,17.730724813684716,1.6912814114549146,16.27310551792494,82.0,94.0
GFC_2007_2009,2009-11-02,2,2,0.0,50.0,4.7042358582504935,-2.415951723915777,-1.0484739551735123,13.187507215810989,1.188517185000415,19.805776447544588,54.0,32.0
GFC_2007_2009,2009-11-03,2,2,50.0,0.0,0.05393000865123743,-1.6664329705650682,-0.7677956840608902,13.396807667419308,1.061485833765441,19.138652957149112,54.0,30.0
GFC_2007_2009,2009-12-02,2,2,100.0,100.0,4.607442355652713,0.20059765693665188,3.2286640876101114,17.214476970690697,0.8744865695712312,15.505358742446958,84.0,66.0
GFC_2007_2009,2009-12-11,2,2,100.0,0.0,1.105988291137494,0.0816706295875047,2.4206044327494514,15.638967139010296,0.918118621284636,13.095573673123113,70.0,44.0
BULL_2013_2014,2013-05-01,2,2,50.0,0.0,3.2074384350984086,0.24967057354881028,1.983798298553241,9.11954005981761,0.8267414067835377,14.58798984747243,69.23076923076923,48.07692307692308
BULL_2013_2014,2013-05-02,2,2,50.0,50.0,0.01928819108678037,0.766733439248446,2.80232890825729,10.023919719042285,0.8953088716064928,14.844188245994044,86.53846153846153,57.69230769230769
BULL_2013_2014,2013-05-24,2,2,50.0,100.0,-6.490505514720507,-0.97081010167267,3.836667542461125,12.013830150321247,1.4842383436614703,8.988782783655472,84.61538461538461,17.307692307692307
BULL_2013_2014,2013-05-28,2,2,50.0,100.0,-3.230594593228026,-0.3673576489110486,4.325081018852406,12.580967604804316,1.4613211268508675,8.951306747711744,90.38461538461539,34.61538461538461
BULL_2013_2014,2013-08-21,2,2,50.0,0.0,5.178223624182499,-2.4722437387038387,-0.7002051849622215,6.604332048963646,0.5252364555062172,8.42616827858555,36.53846153846154,3.8461538461538463
BULL_2013_2014,2013-08-28,2,2,100.0,0.0,-0.20820562064104986,-0.4103514461579194,-1.2371123194018119,5.698124274497607,0.3101054885379595,10.81446141591754,23.076923076923077,25.0
BULL_2013_2014,2013-10-02,2,2,100.0,50.0,13.937241409137236,0.08335470633495934,1.001669449081799,7.102459568975883,0.2869568941685996,8.427646243478343,55.76923076923077,50.0
BULL_2013_2014,2013-12-09,2,2,100.0,100.0,-0.4719767969333766,0.48033623536474224,3.353124926661577,9.901764831238236,1.1882324121105459,7.156152716505505,82.6923076923077,73.07692307692308
BULL_2013_2014,2013-12-10,2,2,50.0,50.0,7.256024138863715,0.5547515677761572,2.839368064540393,9.40519943683482,1.2051817196838455,7.341297710391209,78.84615384615384,59.61538461538461
BULL_2013_2014,2013-12-17,2,2,50.0,0.0,1.723896256943358,-1.163348524826091,1.0641102838649275,7.672814966011732,1.224365658672255,8.014721568658022,48.07692307692308,21.153846153846153
BULL_2013_2014,2013-12-24,2,2,100.0,100.0,-3.7655704541489365,2.9547385026089,3.2127390394627975,10.362024381233837,1.3889111582811031,9.789634551118427,75.0,98.07692307692308
BULL_2013_2014,2014-01-30,2,2,50.0,100.0,3.689149293135896,-1.9462137296532234,-0.9175230453469574,5.922208400957518,0.5221412824690796,12.915404921274554,17.307692307692307,11.538461538461538
BULL_2013_2014,2014-01-31,2,2,50.0,100.0,8.469271969890425,-0.39775809076115776,-1.5044602203649338,5.212363200691605,0.4234924602063206,12.668968864023261,15.384615384615385,42.30769230769231
BULL_2013_2014,2014-03-25,2,2,0.0,0.0,3.7658066194646844,-0.2757511346010211,2.0042402361745815,7.718747275461579,0.33500185719086417,9.51999596391208,80.76923076923077,36.53846153846154
BULL_2013_2014,2014-03-26,2,2,50.0,100.0,-1.601499081969693,-0.46782950213698493,1.218641192750658,6.864458622345815,0.3420661170662864,9.924942562125166,80.76923076923077,48.07692307692308
BULL_2013_2014,2014-03-31,2,2,50.0,100.0,0.1572220722057649,0.8450541181918014,2.2591747426940145,7.80081814281024,0.36403735093906153,9.935801004242387,94.23076923076923,84.61538461538461
BULL_2013_2014,2014-05-12,2,2,50.0,50.0,4.206294831759438,0.7176624708093771,1.7832063177768198,7.171125918042565,0.4647009976383121,8.036055610171765,90.38461538461539,84.61538461538461
BULL_2013_2014,2014-05-21,2,2,50.0,50.0,3.045335070668209,0.03406381287611726,1.2734475044888782,6.33915975768915,0.2627811931649404,8.635776909280983,75.0,28.846153846153847
BULL_2013_2014,2014-05-27,2,2,50.0,50.0,-0.6801647732768036,1.4728461757179456,2.376859754488314,7.479116592013346,0.3253286671424771,8.261983917915309,82.6923076923077,67.3076923076923
BULL_2013_2014,2014-05-29,2,2,50.0,0.0,3.767754301942572,1.7196367763904652,2.7049514754489135,7.802914883033574,0.3605881209505446,8.295724469241234,88.46153846153847,84.61538461538461
BULL_2013_2014,2014-05-30,2,2,100.0,100.0,-1.1833592074675492,1.6361886429258954,2.795967869388649,7.900177910275508,0.42888837515826506,8.29007272273398,90.38461538461539,90.38461538461539
BULL_2013_2014,2014-06-18,2,2,0.0,50.0,0.5547526406508518,0.6938708078638722,3.5491565429928595,8.655605999381976,0.8953477343188299,5.898567022383346,86.53846153846153,65.38461538461539
BULL_2013_2014,2014-07-01,2,2,50.0,100.0,-3.465328942544499,1.1960278707412009,3.293636171196934,8.74605393910397,1.2519803175992994,6.103066621063701,80.76923076923077,75.0
BULL_2013_2014,2014-07-02,2,2,50.0,50.0,-1.8055322517487318,0.8465319497542367,3.294573860235417,8.773288838293624,1.2333024507483303,6.09907612220058,76.92307692307692,65.38461538461539
BULL_2013_2014,2014-07-22,2,2,50.0,50.0,3.2769342090096076,0.47657730842134427,2.3319077209212002,8.130633321579793,1.0721433389638824,8.284862596865459,59.61538461538461,42.30769230769231
BULL_2013_2014,2014-08-04,2,2,0.0,0.0,4.747790551556951,-1.9872556431580146,-0.6609467805389513,5.012145826287928,0.891028968381069,10.719170352646794,30.76923076923077,7.6923076923076925
BULL_2013_2014,2014-08-12,2,2,100.0,0.0,4.995699956460831,0.7899860917941481,-0.9428391465239105,4.471178450693047,0.3599680418616469,11.640633670122112,32.69230769230769,86.53846153846153
BULL_2013_2014,2014-09-17,2,2,100.0,100.0,-9.568010054000137,0.3417160553152998,1.6235542990878482,6.657661709683782,0.3800737566724832,5.4239465001444715,61.53846153846154,65.38461538461539
BULL_2013_2014,2014-10-02,2,2,50.0,0.0,11.447584595902615,-0.9964258637495949,-1.2946905808290943,3.104527981808669,0.10928796351448167,10.621867344739579,46.15384615384615,32.69230769230769
BULL_2013_2014,2014-10-20,2,2,50.0,0.0,12.999835291553618,1.5545217292636027,-3.0372629423586317,0.5907599800504482,-0.3126586243020424,17.36923565444424,38.46153846153846,82.6923076923077
BULL_2013_2014,2014-12-03,2,2,0.0,100.0,-9.979320421134796,0.3696288310488294,4.447694949263981,7.758311847075894,0.7542116249352748,5.223733474853841,90.38461538461539,75.0
CHOP_2015_2016,2015-01-08,2,2,50.0,100.0,1.385205479958296,0.17489711934155494,1.1015573813897062,5.902195727639836,1.4980882644307858,18.974698349505896,72.54901960784314,64.70588235294117
CHOP_2015_2016,2015-01-16,2,2,50.0,50.0,2.1836132605603407,-1.2787326568647783,-1.162989585028662,3.4128014082666303,0.497660153433932,16.670418590698088,52.94117647058823,39.21568627450981
CHOP_2015_2016,2015-01-29,2,2,0.0,0.0,3.949589781339447,-1.990764494612618,-1.050618446584839,3.1438852339339185,0.05950239823691028,16.642088384175047,43.13725490196079,21.568627450980394
CHOP_2015_2016,2015-04-22,2,2,50.0,100.0,-4.619376912908696,0.09504752376188197,1.1053933656186343,5.013999942268277,0.7151246938887468,10.77196874022909,50.98039215686274,29.41176470588235
CHOP_2015_2016,2015-04-23,2,2,100.0,100.0,-1.5786807929910163,0.3753002401921446,1.3066481888134973,5.229776685091525,0.6973446790851101,9.14986422121566,54.90196078431372,43.13725490196079
CHOP_2015_2016,2015-04-24,2,2,50.0,100.0,-3.16277952520928,1.7870703184326375,1.488969270638263,5.43065401771492,0.6469318745275121,9.052445268081302,56.86274509803921,68.62745098039215
CHOP_2015_2016,2015-04-30,2,2,50.0,0.0,2.236097864139508,-1.276235106436019,-0.09807067142089121,3.6742775442551334,0.36800447195306507,8.613767870595849,27.45098039215686,17.647058823529413
CHOP_2015_2016,2015-07-09,2,2,50.0,50.0,-0.4267597088107917,-1.2621163166397387,-2.1693024298107932,0.5274375192266811,-0.2260819744292819,12.409390178951698,35.294117647058826,31.372549019607842
CHOP_2015_2016,2015-07-10,2,2,100.0,50.0,1.5812069774590765,0.08590631158724715,-0.9092573747707444,1.7712336203731693,-0.2500269490124607,13.270113296602768,47.05882352941177,62.745098039215684
CHOP_2015_2016,2015-07-14,2,2,100.0,100.0,1.522065589858712,1.2791458931359356,0.5849743223480752,3.261483482064942,-0.20872575472179467,13.588582724178755,60.78431372549019,70.58823529411765
CHOP_2015_2016,2015-08-25,2,2,0.0,0.0,0.9735496131416221,-10.81175472733623,-10.055598882990768,-9.256580116246615,-0.5477392869080888,20.651179428770845,7.8431372549019605,0.0
CHOP_2015_2016,2015-08-27,2,2,100.0,0.0,0.7022642836552739,-2.3059935288377686,-4.058281240070183,-3.421401689440051,-0.752467595137174,27.363180095349353,17.647058823529413,9.803921568627452
CHOP_2015_2016,2015-12-23,2,2,100.0,100.0,-6.97497899067432,-0.37072290967387067,0.29634501095410215,1.0017133266953637,0.6421774342544762,18.302502669944,66.66666666666667,54.90196078431372
CHOP_2015_2016,2016-01-14,2,2,50.0,100.0,3.003545278879361,-1.1052378664103801,-5.8835724608076845,-5.7528084742075825,-0.9486439746410613,20.60808994053144,19.607843137254903,39.21568627450981
CHOP_2015_2016,2016-05-03,2,2,50.0,50.0,4.8070607638578515,-1.331952049726215,1.354535642074195,3.2109115312559666,2.061852470954295,10.363009398468316,74.50980392156863,49.01960784313726
CHOP_2015_2016,2016-05-04,2,2,50.0,0.0,1.1544596827819165,-2.072666404096102,0.6615290876444968,2.6539538364276583,1.9375074156422256,9.804365537852899,66.66666666666667,37.254901960784316
CHOP_2015_2016,2016-05-20,2,2,50.0,50.0,-0.06588736653362881,0.3473096088991934,-0.17555402667659425,2.9093201950507463,0.8296165850614434,10.593198396882148,45.09803921568628,37.254901960784316
CHOP_2015_2016,2016-06-20,2,2,100.0,100.0,5.53152712230035,0.2373417721518889,0.45689253610046165,4.103224057129418,0.416598660037204,8.194641748665356,76.47058823529412,80.3921568627451
CHOP_2015_2016,2016-08-09,2,2,50.0,0.0,0.7432528411065009,1.222528779373988,2.9874541059949467,7.45328049628784,1.0732626499705855,5.283271409466959,66.66666666666667,58.8235294117647
CHOP_2015_2016,2016-08-12,2,2,100.0,100.0,-3.0968524843576812,0.12688566192020634,2.8558849342631865,7.474079180037241,0.974234884881775,5.275574863308621,74.50980392156863,60.78431372549019
CHOP_2015_2016,2016-08-23,2,2,50.0,100.0,-5.571966432192681,0.45632027096955685,2.4918861790022673,7.487749446931891,0.8376835639205771,5.079925377561549,62.745098039215684,60.78431372549019
CHOP_2015_2016,2016-09-02,2,2,100.0,100.0,-3.550606823532876,0.5002123543013548,1.461054428898656,6.896042005521719,0.9464487013261857,4.639211885361593,50.98039215686274,82.3529411764706
CHOP_2015_2016,2016-09-12,2,2,0.0,50.0,-2.424407998882433,-0.9297084096351549,-0.07710056414121924,5.752109816992568,1.0438749034556771,11.113881771022108,21.568627450980394,11.764705882352942
CHOP_2015_2016,2016-09-15,2,2,50.0,100.0,-3.081852734336432,-1.4828023086668973,-0.695580279310537,5.16861542099003,0.8808319328773573,12.593763200251779,17.647058823529413,5.882352941176471
CHOP_2015_2016,2016-09-19,2,2,50.0,50.0,-3.1208870212363573,-0.8578605621119451,-1.1211438522385597,4.740721898812383,0.7854096554983592,12.597731441471954,13.72549019607843,19.607843137254903
CHOP_2015_2016,2016-09-23,2,2,100.0,100.0,-4.621595313223476,1.2240604379841313,0.0021729333750331037,5.874218727533909,0.32044477469348465,13.52825699544071,25.49019607843137,88.23529411764706
CHOP_2015_2016,2016-10-18,2,2,100.0,100.0,0.08462076561004395,0.12906309751434808,-0.9063049646664934,4.15423598017457,-0.14473844572450156,10.14522867788553,11.764705882352942,56.86274509803921
CHOP_2015_2016,2016-10-19,2,2,100.0,100.0,-0.9082652473753896,0.2673413854012541,-0.6154338273775761,4.392040498326222,-0.17053109334521643,9.326887570890738,7.8431372549019605,39.21568627450981
CHOP_2015_2016,2016-11-08,2,2,50.0,0.0,7.945728459141999,1.4698061209688973,-0.0731346382025655,3.437636770115793,-0.5028306132600524,9.835065987949251,33.333333333333336,82.3529411764706
CHOP_2015_2016,2016-11-09,2,2,50.0,50.0,9.178364518265315,3.1666504523786276,0.9888902221384166,4.453262840883476,-0.47880900524869263,10.49934235909501,45.09803921568628,80.3921568627451
CHOP_2015_2016,2016-12-07,2,2,50.0,50.0,1.440040315345098,1.9119485209018183,3.9789151504846076,6.819975539225176,0.6082609439449493,7.6393294865061465,60.78431372549019,78.43137254901961
BULL_2017,2017-02-08,2,2,0.0,50.0,-4.247557092661547,0.7117349905582993,1.6679211345592693,6.831036619433717,0.9712962291561045,6.023064579808998,60.78431372549019,64.70588235294117
BULL_2017,2017-03-15,2,2,50.0,100.0,-11.62823533832994,1.0102940909907376,3.1556619487107307,9.353724339731917,1.0803584204484462,7.3862319792178415,84.31372549019608,84.31372549019608
BULL_2017,2017-03-29,2,2,100.0,50.0,1.4853086693428663,0.5378396711710254,1.2813936505885248,7.552812459035163,0.833858520986408,7.213841870592436,68.62745098039215,49.01960784313726
BULL_2017,2017-04-07,2,2,100.0,100.0,-1.4723409989178315,-0.22906119633885336,0.5892972980431566,6.864706446530788,0.781875771891194,6.918299428349273,68.62745098039215,43.13725490196079
BULL_2017,2017-04-12,2,2,100.0,50.0,3.034415231000631,-0.31944061110534827,-0.11053650633674472,6.091909576047705,0.7434555917509078,6.105983006316194,64.70588235294117,64.70588235294117
BULL_2017,2017-05-05,2,2,50.0,0.0,4.3700593038984215,0.680414766827786,1.5188280901949236,7.5735733361130375,0.44939622274264845,7.269416712036403,68.62745098039215,56.86274509803921
BULL_2017,2017-05-16,2,2,100.0,50.0,3.132736759467769,0.2672985122706306,1.5042327337476458,7.302647621984892,0.26470755349052855,5.996567176068151,58.8235294117647,43.13725490196079
BULL_2017,2017-05-19,2,2,0.0,0.0,6.351517151008268,-0.2803554313632661,0.7255920096572055,6.340332618276978,0.20309958293556196,8.864871304954457,64.70588235294117,50.98039215686274
BULL_2017,2017-05-22,2,2,0.0,50.0,2.5881188259378627,-0.3246128249633884,1.2125443862971208,6.817373691296269,0.19383679609707993,8.192512919805225,68.62745098039215,49.01960784313726
BULL_2017,2017-06-28,2,2,50.0,50.0,0.6652508003188673,0.22226150156479108,1.5826423893630093,7.3357277422546385,0.7992872921494643,7.02749743214839,72.54901960784314,58.8235294117647
BULL_2017,2017-06-30,2,2,50.0,50.0,0.5053893120586239,-0.5470500363975561,0.7376814926047137,6.4376365869922125,0.7930550409930737,7.170339748820101,62.745098039215684,41.1764705882353
BULL_2017,2017-07-11,2,2,0.0,50.0,-1.5424211324161052,-0.008255983921201526,0.6173997546061072,6.179140669486127,0.5768402655919713,8.209338305125694,54.90196078431372,25.49019607843137
BULL_2017,2017-07-12,2,2,50.0,50.0,-0.4973311448389861,0.5107625482067002,1.3188898894920698,6.903808975942027,0.5646834809081458,8.46312767187976,56.86274509803921,45.09803921568628
BULL_2017,2017-07-13,2,2,50.0,0.0,4.067923495688264,1.6088311498740904,1.4317851392352088,7.005181363478208,0.5312494890731712,8.463072115948323,58.8235294117647,66.66666666666667
BULL_2017,2017-07-19,2,2,0.0,0.0,6.367541453122927,1.221261452608835,2.2286370994045734,7.815304403611134,0.5267313191862355,7.8211387079159405,62.745098039215684,74.50980392156863
BULL_2017,2017-08-03,2,2,100.0,50.0,3.227528117878109,-0.09705773585878541,1.3563648883522683,6.88116923857951,0.7747814904278005,4.268164716527725,62.745098039215684,45.09803921568628
BULL_2017,2017-08-16,2,2,50.0,100.0,1.4457688604917807,-0.12534859093074058,0.962808253439551,6.132742818789172,0.4482470668254246,6.674983014865317,58.8235294117647,58.8235294117647
BULL_2017,2017-08-29,2,2,100.0,0.0,5.906174624620597,-0.24039998758229597,0.01927517526734146,4.528925510320514,0.12919349887148268,9.63362955027305,50.98039215686274,27.45098039215686
BULL_2017,2017-08-31,2,2,50.0,100.0,-3.2331388481329713,1.4344724108980023,1.0354629124532666,5.505151345998871,0.1456295126301299,10.03233803375318,56.86274509803921,88.23529411764706
BULL_2017,2017-09-15,2,2,50.0,100.0,3.6082629615037494,1.5600469406752415,1.7240714925988554,6.035804382174081,0.5016183743882241,6.7495472392751665,70.58823529411765,68.62745098039215
BULL_2017,2017-10-03,2,2,50.0,0.0,8.331198059120359,1.517586338174004,2.566742919837206,6.753967490192014,0.49465566848538867,4.559859287345508,70.58823529411765,68.62745098039215
BULL_2017,2017-11-08,2,2,0.0,0.0,3.7877611997210736,0.6291465606652391,2.6056805122089743,7.4368098421053075,1.168584944071993,4.703987130276217,64.70588235294117,58.8235294117647
BULL_2017,2017-11-09,2,2,0.0,50.0,9.520632226268743,0.22516939587040596,2.125291296981091,6.975962518378109,1.195483879861281,4.8995989274308345,68.62745098039215,52.94117647058823
BULL_2017,2017-11-16,2,2,0.0,0.0,5.789568962137249,0.17430522191621556,1.8187732485547503,6.795606791020292,1.0781444482387048,6.124772092847477,65.3061224489796,65.3061224489796
BULL_2017,2017-11-17,2,2,100.0,0.0,4.793664116643582,-0.08915948704459886,1.4197478708369182,6.412015574652852,1.0516266086910697,5.991196680548703,63.265306122448976,63.265306122448976
BULL_2017,2017-11-20,2,2,100.0,0.0,7.380744380773163,-0.011604587084990126,1.5103915870007922,6.521963006956377,1.0092317593590527,5.817300037152182,61.224489795918366,53.06122448979592
BULL_2017,2017-12-19,2,2,100.0,0.0,3.9481830391033257,0.6580532765737113,3.3264803678018318,9.27640167927375,1.1069563338740096,6.93267077055564,91.83673469387755,73.46938775510205
BULL_2017,2017-12-27,2,2,50.0,50.0,2.182166248510098,0.056182103397839356,2.8389215138973745,8.951382653577976,1.070248051145084,5.977657566527796,91.83673469387755,63.265306122448976
COVID_2020,2020-01-08,2,2,50.0,50.0,9.133836284592311,0.8047305838189578,3.676607270753318,10.021481206389172,1.6327467015652353,6.870674964345383,64.51612903225806,32.25806451612903
COVID_2020,2020-01-13,2,2,50.0,0.0,8.12686482283199,1.331716786347359,4.300945160380021,10.924626625626232,1.598294943544798,7.026955058464196,70.96774193548387,66.12903225806451
COVID_2020,2020-01-16,2,2,0.0,100.0,-2.0680628167223434,1.3072280617457022,4.751112063979934,11.656421104754443,1.585739908837569,7.245175085046624,80.64516129032258,75.80645161290323
COVID_2020,2020-02-07,2,2,100.0,100.0,-3.8844207922708485,3.2542926139006667,3.1443928838143176,10.861945015946839,1.1627288782569023,13.547607732531617,64.51612903225806,82.25806451612904
COVID_2020,2020-02-11,2,2,50.0,100.0,-16.717594787191373,1.8841471076457061,3.8143157598144573,11.710094611068556,1.2112157052483141,13.512950118849362,62.903225806451616,74.19354838709677
COVID_2020,2020-03-25,2,2,100.0,0.0,9.529294094206442,3.4338025424212937,-18.796231831619348,-17.63210519528441,-4.994417935521822,91.45417345964944,0.0,50.0
COVID_2020,2020-08-12,2,2,50.0,100.0,-7.576269593857255,1.6049020546961001,6.120860163451303,11.197358965507863,2.0970309959418287,11.091713095840614,91.93548387096774,90.3225806451613
COVID_2020,2020-09-18,2,2,100.0,100.0,2.75264534437043,-0.6245755530879249,-0.5704876412474635,7.705535530470309,1.609444069732091,22.26245261382559,66.12903225806451,51.61290322580645
COVID_2020,2020-09-25,2,2,100.0,0.0,2.1064525142179824,-0.580646217474412,-1.411705703534527,6.912837533953087,0.9427352487209939,24.21567045778587,38.70967741935484,24.193548387096776
COVID_2020,2020-09-30,2,2,100.0,100.0,-6.960253951399214,3.7967694738666236,0.2296574291746234,8.791362015618187,0.6984938530390616,24.8858425907895,54.83870967741935,91.93548387096774
BEAR_2022,2022-01-24,2,2,50.0,0.0,4.211735984529586,-5.353753950932227,-5.227626469292268,0.06692386226265779,-0.23652913575725742,14.829776642213389,40.32258064516129,6.451612903225806
BEAR_2022,2022-02-24,2,2,50.0,0.0,7.240989043144297,-4.097611082513463,-5.848885656221725,-3.286165043233469,-0.9939873014779166,23.361178771666697,20.967741935483872,11.290322580645162
BEAR_2022,2022-03-10,2,2,0.0,0.0,6.711312454065044,-2.347893865240336,-4.934308685263056,-4.14106105504951,-1.6141200605094608,25.00338465984033,30.64516129032258,20.967741935483872
GFC_2007_2009,2007-08-02,1,1,100.0,100.0,-6.574804141370882,-0.2791996277338171,-2.641948311945541,1.7242006762626216,-0.29608625607158157,17.63793895503173,18.367346938775512,44.89795918367347
GFC_2007_2009,2007-08-03,1,1,0.0,100.0,5.837290029126607,-0.9018273870738058,-5.039782168370744,-0.9181698928702908,-0.4407467336440707,19.45696647105058,10.204081632653061,28.571428571428573
GFC_2007_2009,2007-08-10,1,1,0.0,0.0,-2.5639808927272134,0.638620579548177,-4.079092331196854,-0.4559507514758532,-0.7678473546639308,22.596470446932226,20.408163265306122,85.71428571428571
GFC_2007_2009,2007-08-13,1,1,100.0,100.0,0.0930573941308354,-0.6673470990029129,-3.623635518788504,-0.1258688761278992,-0.8333572543326118,22.70503751669218,20.408163265306122,26.53061224489796
GFC_2007_2009,2007-08-17,1,1,100.0,0.0,2.080576535493983,0.0,-3.4835347059643307,-0.5426488379220773,-0.9840931970066191,24.74032767177199,26.53061224489796,40.816326530612244
GFC_2007_2009,2007-09-05,1,1,100.0,100.0,3.2788336678078123,2.8436776100327465,-0.628721116724773,1.2216967429413028,-0.6389678353469153,21.541707463892283,30.612244897959183,77.55102040816327
GFC_2007_2009,2007-09-18,1,1,0.0,0.0,3.0340142925683766,3.3699120554128603,2.9001383674500225,4.162949688950213,-0.40401172220412285,18.796948776417256,65.3061224489796,91.83673469387755
GFC_2007_2009,2007-09-19,1,1,100.0,0.0,3.5855540426635635,3.734182128716723,3.4856109926161283,4.74438278655176,-0.3436123756025755,18.83317107460123,75.51020408163265,95.91836734693878
GFC_2007_2009,2007-10-22,1,1,0.0,0.0,-1.753821399839106,-2.895438388625593,0.40474298131567554,1.8365605911226712,1.0327509700896575,13.668618634169572,40.816326530612244,28.571428571428573
GFC_2007_2009,2007-10-24,1,1,0.0,100.0,1.8778299397205436,-1.8081702507626862,0.838435368951318,2.4084136939823253,0.968461726009906,13.873300030226297,40.816326530612244,32.6530612244898
GFC_2007_2009,2007-10-29,1,1,0.0,100.0,-6.211353127959452,2.4021962937542884,2.179338893285454,4.0938301847301295,1.0015924643847596,13.781915972448461,44.89795918367347,65.3061224489796
GFC_2007_2009,2007-10-30,1,1,100.0,100.0,-1.9252601702932857,0.8547008547008517,1.3509918472270899,3.3298577490225245,1.011942145778022,13.997476505612166,44.89795918367347,55.10204081632653
GFC_2007_2009,2007-11-06,1,1,100.0,100.0,3.6211444540207305,-0.6449677516124241,0.3566418098132518,2.5062896135393364,0.9899384310317227,16.567464785563114,32.6530612244898,28.571428571428573
GFC_2007_2009,2007-11-08,1,1,0.0,100.0,0.3050136620702748,-2.5611795105639157,-2.939889502427828,-0.8271622652805788,0.7952616992442652,19.03214350804807,26.53061224489796,32.6530612244898
GFC_2007_2009,2007-11-16,1,1,0.0,0.0,3.365271761166011,0.4508067067383825,-3.73494176801491,-1.8072612838346713,0.03654571702391696,21.18697183202815,34.69387755102041,57.142857142857146
GFC_2007_2009,2007-11-19,1,1,100.0,0.0,3.5848623194647766,0.0479348086602327,-5.058444817448093,-3.179767254149446,-0.01334143926839948,21.487683071978232,32.6530612244898,38.775510204081634
GFC_2007_2009,2007-11-28,1,1,100.0,100.0,-2.4815103152977858,1.7220855487659614,-2.4016592783905555,-0.8787365248091206,-0.4967050484203983,27.31891279570847,40.816326530612244,83.6734693877551
GFC_2007_2009,2007-11-30,1,1,100.0,100.0,-3.948714861855162,3.137692123914948,-1.2604145065079453,0.1347268639954491,-0.59071141541851,26.094590620029447,38.775510204081634,83.6734693877551
GFC_2007_2009,2007-12-06,1,1,100.0,0.0,7.907498752979003,2.542306792482263,0.4290901425361371,1.6307370180047132,-0.6199855782003105,25.00327243483759,42.857142857142854,81.63265306122449
GFC_2007_2009,2007-12-20,1,1,0.0,100.0,-9.947288991929303,-1.5170183274295534,-1.4645105816436854,-1.393361380724245,-0.8687204131730297,22.854272889507644,34.69387755102041,10.204081632653061
GFC_2007_2009,2009-06-24,1,1,100.0,100.0,-2.756416658344152,-1.5660067454894344,-0.19074973136885554,0.2489175975936897,1.963937103820168,20.535061968192828,36.734693877551024,30.612244897959183
GFC_2007_2009,2009-07-01,1,1,0.0,100.0,16.945553384863675,2.453253171651304,1.5028950169263977,3.6174514904300015,1.4819064645473778,18.49125579002859,52.0,76.0
GFC_2007_2009,2009-07-09,1,1,100.0,0.0,11.358210830506344,-4.503070840689261,-3.4046794630441024,-0.15020626550565908,1.0950438124316397,21.142527470413267,34.0,4.0
GFC_2007_2009,2009-07-13,1,1,100.0,0.0,20.015712290502808,0.33491416226718584,-1.363451634525903,2.3767298270913173,0.8950417940597477,23.075864110989937,46.0,64.0
GFC_2007_2009,2009-08-11,1,1,100.0,100.0,-1.8954623779437016,-0.9632264095023158,5.838108053519742,13.935197479501271,1.9079676550507685,15.774288660752392,84.0,40.0
GFC_2007_2009,2009-08-12,1,1,100.0,0.0,5.986838766430402,0.3886913676220072,6.83855312861652,15.066983180693416,1.8951308372702647,13.216279583265383,82.0,62.0
GFC_2007_2009,2009-08-13,1,1,100.0,0.0,-0.7981899314939311,1.6800349336949072,7.474509359989545,15.829746870820461,1.9000414381667774,13.126985471841735,80.0,68.0
GFC_2007_2009,2009-08-18,1,1,0.0,0.0,10.605977213935812,-0.6422578009000923,4.518981183604831,12.903977863114036,1.5390921387391066,16.80677610875915,74.0,34.0
GFC_2007_2009,2009-08-28,1,1,0.0,100.0,13.738345608582735,0.3968563625216026,7.396849011914641,17.37618015935798,1.7210723526279281,16.36930620571258,88.0,48.0
GFC_2007_2009,2009-09-09,1,1,0.0,100.0,-0.5996598943882603,3.522740290984072,6.117881094893662,16.98372170185585,2.280834761452466,17.80382772588522,90.0,82.0
GFC_2007_2009,2009-09-11,1,1,100.0,100.0,2.072984538631917,4.09320042882233,6.630306601707048,17.857486202386607,2.3092685814113834,17.65775524839237,94.0,80.0
GFC_2007_2009,2009-09-14,1,1,100.0,0.0,5.681653372008699,3.1559294583408226,6.816116215487211,18.30411760707291,2.393542236925361,17.345394728698253,92.0,70.0
GFC_2007_2009,2009-09-16,1,1,0.0,100.0,0.0600060006000546,3.461517180324236,8.111489677412798,20.363834975907746,2.6693358679823254,14.594535314923931,94.0,82.0
GFC_2007_2009,2009-09-18,1,1,0.0,100.0,0.8672659968270935,1.8625850489202511,6.697261225413542,19.380504411554632,3.0018726684733377,14.608884787357635,92.0,82.0
GFC_2007_2009,2009-09-25,1,1,100.0,0.0,3.2212598604196563,-2.1275451484871755,2.9234312923065,16.267725883244278,3.2860280196187253,14.703296857808795,76.0,12.0
GFC_2007_2009,2009-10-09,1,1,100.0,100.0,-3.706788837984176,4.647933069763788,3.968164068454727,18.309135464067715,1.654072846438659,16.370701659148207,86.0,94.0
GFC_2007_2009,2009-10-14,1,1,100.0,100.0,-10.769525058752803,3.309210454935063,5.448405732002426,20.140895567434747,1.475017615387797,16.581516314582796,94.0,96.0
GFC_2007_2009,2009-10-22,1,1,0.0,100.0,-47.98876072167998,-0.33800753453328003,4.4207644665250845,19.470354825837365,1.6538796422159496,16.689907045720915,76.0,46.0
GFC_2007_2009,2009-10-28,1,1,100.0,0.0,6.839212093449398,-3.532793144408619,-0.7659471960545949,13.65642762916941,1.508152408645036,18.00130055339802,46.0,12.0
GFC_2007_2009,2009-11-10,1,1,100.0,0.0,-0.2180808881839802,4.715470340470329,3.4704832690546583,17.97745172065641,0.7629219370690388,21.471139120690946,76.0,96.0
GFC_2007_2009,2009-11-13,1,1,0.0,0.0,8.976513878162894,2.321993035092418,2.9508287211810647,17.540000489893615,1.0177690283339924,20.897867428733946,74.0,80.0
GFC_2007_2009,2009-12-01,1,1,0.0,0.0,0.9935909590807368,0.40183934711464087,3.350313897367796,17.460958474102874,0.9547946482250103,15.451589779912227,78.0,62.0
GFC_2007_2009,2009-12-04,1,1,100.0,100.0,-11.177214248531277,1.3442014940228564,2.846923629806386,16.59842390223092,0.8292984775539525,14.921744114671768,80.0,88.0
GFC_2007_2009,2009-12-08,1,1,0.0,0.0,16.61012476912058,-1.5080871430929177,1.3380631929566622,14.682616681082772,0.8181763902867623,13.493301367396782,68.0,22.0
GFC_2007_2009,2009-12-14,1,1,100.0,100.0,8.856240560208706,0.9018803843605205,2.9178885351751616,16.151718481523105,1.0319568147114655,13.159412696088458,80.0,58.0
GFC_2007_2009,2009-12-15,1,1,100.0,100.0,-0.340063761955367,1.5824972246077706,2.3006438444529653,15.36340519307191,1.0771272399461962,12.302600557097639,66.0,58.0
GFC_2007_2009,2009-12-23,1,1,100.0,0.0,1.0398547984572293,0.4015030627477323,2.362165054517229,14.54528370585264,1.042812275761107,11.793148920617663,76.0,58.0
BULL_2013_2014,2013-01-28,1,1,0.0,0.0,3.910821171565004,1.1641702506302698,4.847113649567936,8.358186431995174,1.319334352837842,12.032039651179856,86.53846153846153,67.3076923076923
BULL_2013_2014,2013-01-31,1,1,100.0,0.0,9.916980605553238,0.19876325088339364,3.942499049236581,7.929970410646936,1.6958182346280326,5.508041919637316,90.38461538461539,50.0
BULL_2013_2014,2013-02-05,1,1,0.0,100.0,-1.3649268399213654,0.2627929045915689,4.352966025075111,8.739410574600882,1.8740025108475722,8.250541809542465,90.38461538461539,63.46153846153846
BULL_2013_2014,2013-02-07,1,1,0.0,100.0,1.4631240936399337,0.852251855117192,3.9798206278027104,8.553737144483954,1.8278977710106226,8.157802091900079,90.38461538461539,71.15384615384616
BULL_2013_2014,2013-02-11,1,1,100.0,100.0,-2.463305904533686,1.4857310973815707,4.176261583738894,8.981064954626095,1.7873885283747226,7.931912811530485,88.46153846153847,82.6923076923077
BULL_2013_2014,2013-02-12,1,1,0.0,100.0,5.206875874475303,0.6334182744812455,4.201376585976302,9.11085938024212,1.7164512156407241,7.884895691060438,90.38461538461539,78.84615384615384
BULL_2013_2014,2013-02-15,1,1,0.0,0.0,5.336389462809921,0.21012970074634207,3.768219463406508,9.003938092383802,1.5946847905794703,7.740359787938958,90.38461538461539,82.6923076923077
BULL_2013_2014,2013-03-05,1,1,100.0,0.0,5.714377078536703,2.8521152577168474,3.7461930886161676,9.819738430489,1.2766065813698324,12.222487175047851,84.61538461538461,98.07692307692308
BULL_2013_2014,2013-03-08,1,1,0.0,0.0,19.226919851767697,2.197961101872603,4.040618163938858,10.35045931866103,1.348272698111952,11.810039709987127,90.38461538461539,86.53846153846153
BULL_2013_2014,2013-03-20,1,1,0.0,0.0,5.520517013158921,0.2962753950338737,3.2921559567710146,10.181864396797312,1.657407968142799,11.054450902849057,86.53846153846153,59.61538461538461
BULL_2013_2014,2013-03-22,1,1,100.0,0.0,7.891699024031906,-0.14054813773718422,2.963702577643046,9.889175104263238,1.5820651197847146,11.149868038476765,82.6923076923077,55.76923076923077
BULL_2013_2014,2013-04-03,1,1,100.0,100.0,2.907740645529855,-0.6099270891755326,1.8478740324918919,8.904395813744825,1.2648116677530519,8.25980232086631,80.76923076923077,48.07692307692308
BULL_2013_2014,2013-04-04,1,1,100.0,0.0,9.749636401412864,-0.21733034212000346,2.1514019711136756,9.237696176757403,1.2234068830440537,8.344785189210171,88.46153846153847,67.3076923076923
BULL_2013_2014,2013-04-05,1,1,100.0,100.0,-0.3713167037370679,-0.964495387195996,1.6133358001637843,8.665560839293839,1.181966199684803,8.523749640952156,76.92307692307692,34.61538461538461
BULL_2013_2014,2013-04-09,1,1,0.0,100.0,2.294018058690761,-0.04887585532746819,2.456816402251949,9.595732235768262,1.1232913594865668,8.69533682894986,84.61538461538461,48.07692307692308
BULL_2013_2014,2013-04-18,1,1,0.0,100.0,10.649902930572242,-3.1778786628146927,0.08233542513660375,7.079445402110851,0.9414895602171569,14.714666142185557,67.3076923076923,25.0
BULL_2013_2014,2013-04-19,1,1,100.0,0.0,6.33689408985989,-2.0893669838642936,0.8917469002025058,7.934012706704396,0.9213324900215314,14.743236712088779,71.15384615384616,38.46153846153846
BULL_2013_2014,2013-04-22,1,1,100.0,0.0,7.970310765815758,0.6705724571186789,1.2624075204839436,8.330396315156218,0.8995145658889481,14.557032221040473,71.15384615384616,75.0
BULL_2013_2014,2013-05-07,1,1,0.0,0.0,-0.977694252410688,1.8100788481316465,4.152930647012121,11.671343767473319,1.139017448476043,14.943384913481275,98.07692307692308,86.53846153846153
BULL_2013_2014,2013-05-14,1,1,0.0,100.0,-14.104062790753147,1.6230049161559679,4.993049167917918,12.892275407775667,1.4752065882299714,10.64345952901631,100.0,80.76923076923077
BULL_2013_2014,2013-05-21,1,1,100.0,100.0,-8.223632964636229,1.1795891318754137,5.415926172948948,13.621606858672886,1.5898244501617587,8.068230100103255,96.15384615384616,61.53846153846154
BULL_2013_2014,2013-06-13,1,1,100.0,100.0,0.802003744370805,0.9219380888290774,1.7659241244344148,10.053610498866416,0.953722339517471,13.473358835979221,61.53846153846154,86.53846153846153
BULL_2013_2014,2013-06-18,1,1,100.0,100.0,-2.7675949149998824,1.6313104189043859,2.3973659006422787,10.813239177336676,0.9562621376460356,13.736900313290878,75.0,96.15384615384616
BULL_2013_2014,2013-06-27,1,1,100.0,0.0,2.7482018907629024,1.586647434576549,-0.23460719147264664,7.730913090507796,0.5972818991420104,18.03769696904214,40.38461538461539,90.38461538461539
BULL_2013_2014,2013-07-01,1,1,100.0,0.0,14.3206974238417,2.739251040221924,-0.2366307657705513,7.766420012620667,0.5624673259710056,17.414776556651283,46.15384615384615,90.38461538461539
BULL_2013_2014,2013-07-03,1,1,0.0,0.0,15.898670473379228,0.7141885457760733,-0.4161712247324756,7.572072816565512,0.48699653033559276,16.573539232447285,40.38461538461539,55.76923076923077
BULL_2013_2014,2013-07-08,1,1,100.0,0.0,2.2114246558275763,2.193101575230849,1.0721667761262488,9.201125313569602,0.6202895495400318,16.207863717999018,63.46153846153846,88.46153846153847
BULL_2013_2014,2013-07-09,1,1,100.0,0.0,7.113993045766365,2.3354708066149144,1.714132367247001,9.91966823270114,0.7271302009068892,16.41229139517888,71.15384615384616,96.15384615384616
BULL_2013_2014,2013-08-01,1,1,0.0,100.0,-8.147614545345395,1.0187632987297635,3.7729725290083227,11.939165454117395,0.5959512098262731,7.826127991428701,94.23076923076923,80.76923076923077
BULL_2013_2014,2013-08-05,1,1,0.0,100.0,-5.140467825320272,1.2469311280527196,3.648430028215466,11.749770649480041,0.567912731142739,7.258783170191754,92.3076923076923,75.0
BULL_2013_2014,2013-08-12,1,1,0.0,100.0,1.8185768604019656,-0.9252759874928351,2.3737307134379604,10.228863689933586,0.5713588473087228,6.226328348433977,73.07692307692308,38.46153846153846
BULL_2013_2014,2013-08-14,1,1,100.0,100.0,2.268961594579233,-0.2575328354365247,1.999028204456299,9.770510760230922,0.6559571619812354,6.424674357130406,67.3076923076923,36.53846153846154
BULL_2013_2014,2013-09-09,1,1,100.0,100.0,-4.061237847416221,2.442758253461119,0.5309045495280218,7.38295303469696,0.5168406539294734,11.02223603451765,44.23076923076923,94.23076923076923
BULL_2013_2014,2013-09-10,1,1,0.0,100.0,-3.1521547933157423,2.7299231380863986,1.1664417653491688,8.061503890778688,0.5743641437170544,11.359773093744487,50.0,96.15384615384616
BULL_2013_2014,2013-10-03,1,1,0.0,100.0,1.972435421308916,-1.207359141433495,0.07079045894737845,6.023927883161839,0.1959304557100916,9.221281030706015,42.30769230769231,17.307692307692307
BULL_2013_2014,2013-10-04,1,1,0.0,100.0,6.455624646693048,-0.012832028743747781,0.831027798410422,6.749669832258354,0.15656388921287956,9.541038310220912,51.92307692307692,40.38461538461539
BULL_2013_2014,2013-10-07,1,1,100.0,0.0,6.289004643112728,-0.3483870967741831,-0.05150783359085809,5.716789743979356,0.10766103486739009,9.607454301896453,40.38461538461539,28.846153846153847
BULL_2013_2014,2013-10-14,1,1,100.0,0.0,1.1988506885960426,2.1170529586947984,2.087311090255972,7.482258919603302,-0.005824714912572304,12.806238433416842,76.92307692307692,94.23076923076923
BULL_2013_2014,2013-11-11,1,1,0.0,0.0,8.706261401056615,0.2881137742904327,3.59124767932808,9.381320264627902,1.4781401804302652,10.406627385793028,92.3076923076923,61.53846153846154
BULL_2013_2014,2013-11-26,1,1,100.0,100.0,-0.9878419452887588,0.9324856191341047,3.9101743327095484,10.298654666088325,1.4176703018808023,9.150257229539479,88.46153846153847,65.38461538461539
BULL_2013_2014,2013-12-03,1,1,0.0,100.0,-0.9393131356443264,-0.4860486048604895,2.934604498733795,9.331010115293981,1.2074894245736711,9.052975538821435,75.0,19.23076923076923
BULL_2013_2014,2013-12-05,1,1,100.0,0.0,1.621738192797073,-1.202944520916871,2.2276056645042175,8.627596134073624,1.1956775129907893,9.019736159067445,69.23076923076923,9.615384615384615
BULL_2013_2014,2013-12-11,1,1,100.0,0.0,4.583567284297208,-0.5668455647349857,1.5776601839474047,8.083412155762293,1.1916413057436515,8.480445215839495,65.38461538461539,38.46153846153846
BULL_2013_2014,2014-01-10,1,1,100.0,100.0,-1.9714953691214896,0.6837606837606813,2.605720354509633,9.976180734112416,1.0835046676195947,8.53418511657329,76.92307692307692,61.53846153846154
BULL_2013_2014,2014-01-14,1,1,0.0,100.0,-4.930588798468172,0.10576414595453443,2.1687088014891387,9.504990778171884,0.9788224579319715,10.512895332190284,65.38461538461539,46.15384615384615
BULL_2013_2014,2014-01-15,1,1,100.0,100.0,5.716554188169898,0.6285613581624938,2.6190932617655704,10.003477342847699,0.956781536898399,10.475012160893524,65.38461538461539,61.53846153846154
BULL_2013_2014,2014-01-17,1,1,0.0,100.0,-3.9531376056683887,-0.2751595339851254,1.8531363160185998,9.186078486547888,0.943397365247467,8.917730400567194,57.69230769230769,36.53846153846154
BULL_2013_2014,2014-01-23,1,1,0.0,100.0,-1.171796531482261,-1.0157618213660347,1.109244018180111,8.394743276869754,0.9205019913317791,9.107546160278924,42.30769230769231,19.23076923076923
BULL_2013_2014,2014-02-05,1,1,0.0,0.0,16.47528799702713,-1.2338925358619024,-3.056908202069275,3.240850312203669,0.020169471297282193,14.838040707360037,7.6923076923076925,13.461538461538462
BULL_2013_2014,2014-02-11,1,1,100.0,0.0,14.824407239539973,3.749001290639775,0.715346844777498,6.952176582282088,-0.12084822583124932,16.383207347546673,36.53846153846154,94.23076923076923
BULL_2013_2014,2014-03-17,1,1,0.0,0.0,5.575625383409455,-0.9626403850561571,1.8126468225076353,7.741673069101096,0.4741905853164363,9.14146646325163,78.84615384615384,38.46153846153846
BULL_2013_2014,2014-03-19,1,1,0.0,100.0,-6.583767607450596,-0.3338705963619737,1.888533450086749,7.767957176646334,0.41814597525633435,9.292917069271201,71.15384615384616,28.846153846153847
BULL_2013_2014,2014-03-27,1,1,0.0,100.0,-0.9733696607488128,-1.2517944300890038,0.9882128545187108,6.565188994109383,0.3459041297535492,9.78068326576997,69.23076923076923,40.38461538461539
BULL_2013_2014,2014-04-02,1,1,100.0,100.0,0.1293479177797207,2.1180293622700574,3.1628880918910696,8.708073912594937,0.3847448490797545,8.990460673369915,96.15384615384616,92.3076923076923
BULL_2013_2014,2014-04-17,1,1,100.0,0.0,6.216031982903147,1.7698077824660263,0.9000005810203993,6.367144888025389,0.8382929009925988,13.676055695081676,76.92307692307692,94.23076923076923
BULL_2013_2014,2014-04-21,1,1,100.0,100.0,4.436761740132522,3.0453550943172925,1.135672465746418,6.649106019652273,0.9024245412626364,13.658725130620256,78.84615384615384,98.07692307692308
BULL_2013_2014,2014-04-28,1,1,0.0,0.0,-0.5087121970759001,-0.0860782738436705,0.6832885749246564,6.1830543164347995,0.9100839826152729,13.582861185602491,69.23076923076923,50.0
BULL_2013_2014,2014-04-29,1,1,100.0,0.0,-0.1216586124159424,-0.07426449585834494,1.102229312248193,6.608385140770667,0.8985713136006934,13.373755838183088,73.07692307692308,46.15384615384615
BULL_2013_2014,2014-04-30,1,1,100.0,0.0,0.4748420823349919,0.46953733394412556,1.3610315186246336,6.868848120582838,0.8333265374833809,13.201486021034631,75.0,61.53846153846154
BULL_2013_2014,2014-05-08,1,1,0.0,0.0,5.080317037663784,-0.35331661727830976,0.7280113274368727,6.112675081969421,0.4911205815645747,11.650137598305681,84.61538461538461,63.46153846153846
BULL_2013_2014,2014-05-19,1,1,100.0,100.0,2.8184175017814006,-0.5542046032913084,1.1042411461202217,6.247485043181711,0.3011408984171293,7.968466700885755,76.92307692307692,26.923076923076923
BULL_2013_2014,2014-06-05,1,1,0.0,0.0,2.032428526263508,1.0768286559169837,3.4211884416717186,8.529472377583836,0.679831065313885,7.410397933065618,90.38461538461539,82.6923076923077
BULL_2013_2014,2014-06-13,1,1,0.0,100.0,0.3662574350259406,-0.6317639949458886,2.715416739069454,7.785776365370434,0.8365915165840843,6.3741129036575765,71.15384615384616,9.615384615384615
BULL_2013_2014,2014-06-16,1,1,100.0,100.0,-1.6281645049173843,-0.6640324882010828,2.727753575976899,7.765183707161594,0.8326246962779393,6.348616501518108,76.92307692307692,15.384615384615385
BULL_2013_2014,2014-06-17,1,1,0.0,0.0,-0.4466731979476224,-0.40057067603161967,2.9198131555460805,7.96393905697057,0.8514818872818575,6.318948708264145,82.6923076923077,21.153846153846153
BULL_2013_2014,2014-06-20,1,1,100.0,0.0,2.6492942453854478,1.4097744360902276,3.645885128965487,8.79532149868625,0.9217546412775279,5.450862689606282,82.6923076923077,92.3076923076923
BULL_2013_2014,2014-06-26,1,1,0.0,0.0,-1.6547058554646443,-0.05462391434969405,2.806227370493475,8.144114133797986,1.122385088198774,5.757749166675357,75.0,25.0
BULL_2013_2014,2014-07-03,1,1,100.0,100.0,-2.145917982193213,1.3991364704596387,3.6605534522601735,9.200107593271545,1.234875154981574,5.9259375551586215,80.76923076923077,80.76923076923077
BULL_2013_2014,2014-07-07,1,1,0.0,100.0,-6.251347273119212,0.8618808640628473,3.1943939045544045,8.745995174359722,1.2424171194546751,5.979287776685789,80.76923076923077,73.07692307692308
BULL_2013_2014,2014-07-11,1,1,100.0,100.0,1.0283384060754577,-0.7869347275373251,2.2966876258076585,7.9188149391956175,1.1022859313298827,6.083050799696562,71.15384615384616,26.923076923076923
BULL_2013_2014,2014-07-16,1,1,0.0,100.0,-2.8043116291297854,0.4280914706838779,2.6694158928466827,8.382367002355906,1.0879852336860951,6.334138425720924,67.3076923076923,46.15384615384615
BULL_2013_2014,2014-07-17,1,1,0.0,0.0,1.2128652099189674,-0.3210010881392833,1.3917359177222144,7.054269227959975,1.0822295293258177,7.304271918104216,50.0,25.0
BULL_2013_2014,2014-07-23,1,1,0.0,0.0,3.45511683842763,0.334538390978234,2.460484250454309,8.280408699584019,1.056309010198908,7.923086688568668,65.38461538461539,51.92307692307692
BULL_2013_2014,2014-07-24,1,1,100.0,0.0,6.889045179007991,1.5010097702090386,2.364805354940991,8.187009472181096,1.0562667301569073,7.816295958348619,61.53846153846154,75.0
BULL_2013_2014,2014-07-28,1,1,0.0,100.0,1.1831596047109816,0.23817256685070287,1.716402497704017,7.5303782899894145,1.0701302854198458,8.016430662148425,50.0,46.15384615384615
BULL_2013_2014,2014-08-01,1,1,0.0,0.0,4.42897596495877,-2.652476905623702,-1.31986055543446,4.3286851488232525,0.9473930935054442,10.306861942347831,23.076923076923077,5.769230769230769
BULL_2013_2014,2014-08-13,1,1,0.0,100.0,0.5292943136305128,1.4459707468994942,-0.295162612735711,5.125327994365958,0.29636630568381506,11.857962947809389,36.53846153846154,94.23076923076923
BULL_2013_2014,2014-08-14,1,1,100.0,0.0,7.589408303367118,2.4714828897338226,0.13354052878553624,5.55235571938717,0.2659285970211922,11.295760814024458,42.30769230769231,98.07692307692308
BULL_2013_2014,2014-08-21,1,1,100.0,0.0,2.726184368051987,1.909854851031323,1.8518316532543988,7.220289872545282,0.31226476200478803,11.173048409102444,71.15384615384616,88.46153846153847
BULL_2013_2014,2014-09-04,1,1,0.0,100.0,-2.438276337984968,-0.021339023739663787,1.6708059775337958,6.939574375814894,0.5834301897293948,6.361892392777461,71.15384615384616,61.53846153846154
BULL_2013_2014,2014-09-10,1,1,0.0,100.0,-4.938271604938271,-0.21311737439394518,1.415232265736166,6.601628422547456,0.5050384112188278,5.705853022024854,65.38461538461539,46.15384615384615
BULL_2013_2014,2014-09-16,1,1,100.0,100.0,-12.656746211777516,0.578809153759563,1.5294060364742013,6.573428876702869,0.38122960122948246,5.66000499277887,61.53846153846154,71.15384615384616
BULL_2013_2014,2014-09-24,1,1,0.0,100.0,1.1945837803357673,-0.13302825520140615,1.3033194541452353,6.188231200431149,0.3189362582333155,6.996456810723517,69.23076923076923,46.15384615384615
BULL_2013_2014,2014-09-29,1,1,100.0,0.0,10.995313148891572,-0.8115323011211983,0.24605555675465407,4.942309408655898,0.29027921786961564,9.524021883752123,57.69230769230769,21.153846153846153
BULL_2013_2014,2014-09-30,1,1,0.0,0.0,2.263421120227238,-0.49935567010309656,-0.013704883146992142,4.6148582906470725,0.2663882321754407,9.549565725173288,53.84615384615385,38.46153846153846
BULL_2013_2014,2014-10-08,1,1,0.0,100.0,10.580230869199614,1.1816838995568624,-0.09668933554441983,4.106566397136002,-0.07362410898094085,13.941883868799918,59.61538461538461,84.61538461538461
BULL_2013_2014,2014-10-14,1,1,0.0,0.0,17.203266442995503,-2.8775790921595545,-4.5098692609630735,-0.7313275835259536,-0.25823453047827405,16.310448576868463,26.923076923076923,23.076923076923077
BULL_2013_2014,2014-10-31,1,1,100.0,0.0,7.318680160236113,2.6576454668470806,2.6091040016793077,6.180064953132658,0.10409152255244081,18.353571654619962,86.53846153846153,94.23076923076923
BULL_2013_2014,2014-12-15,1,1,100.0,0.0,4.495527704996305,-3.4527117423073017,-0.3916805313859295,2.9424714367972227,0.8125251539205847,10.4028983492095,69.23076923076923,9.615384615384615
BULL_2013_2014,2014-12-16,1,1,0.0,0.0,1.697769992589082,-4.150360453141088,-1.1985265236361342,2.091017537124129,0.7480245904795346,10.649822704389871,67.3076923076923,7.6923076923076925
BULL_2013_2014,2014-12-30,1,1,100.0,0.0,5.318728771163017,0.06625216593618699,2.567236780658133,7.107702017481454,1.628516126429247,15.545791858130961,80.76923076923077,46.15384615384615
CHOP_2015_2016,2015-01-23,1,1,100.0,100.0,2.6492469606242075,2.991180533418336,0.39734248726452925,4.90371424628695,0.2412025447231736,15.08980402733236,52.94117647058823,76.47058823529412
CHOP_2015_2016,2015-02-18,1,1,100.0,100.0,-5.282776004934164,1.620903001482854,2.856740651339762,6.5432079241041885,0.1433579553818065,14.164468227874218,70.58823529411765,82.3529411764706
CHOP_2015_2016,2015-02-20,1,1,100.0,100.0,-4.010553185657262,1.1135293819912073,3.2999945187969226,6.955565014174536,0.2287677225017326,13.405053162726134,74.50980392156863,76.47058823529412
CHOP_2015_2016,2015-03-05,1,1,0.0,100.0,-0.907246030798603,-0.44019808914010916,2.097243482150546,5.944817457712959,0.8598941636882573,7.630692513639202,68.62745098039215,27.45098039215686
CHOP_2015_2016,2015-03-09,1,1,0.0,100.0,0.1147666411629666,-1.715881883479653,1.0705144316835113,4.767439572890808,0.7514250719642401,8.806334632540388,54.90196078431372,5.882352941176471
CHOP_2015_2016,2015-03-11,1,1,0.0,0.0,2.759788781508421,-2.741035055072183,-0.7417931561214841,2.7305840232108025,0.5052469540222315,9.803408642890933,33.333333333333336,3.9215686274509802
CHOP_2015_2016,2015-04-01,1,1,0.0,0.0,2.1193357346176223,-0.03069838833461569,-0.4332445645693572,3.117538900628447,0.6167022324949034,13.76451769011157,33.333333333333336,52.94117647058823
CHOP_2015_2016,2015-04-09,1,1,100.0,100.0,0.6833280607402514,1.566098572086605,0.924775061587213,4.533305801927701,0.4929804208170463,11.628981515423337,62.745098039215684,88.23529411764706
CHOP_2015_2016,2015-04-15,1,1,100.0,100.0,5.270944188599125,1.1844502935816958,1.2791880641539466,5.116060172239956,0.6224694653492069,10.89693426297034,66.66666666666667,60.78431372549019
CHOP_2015_2016,2015-04-27,1,1,100.0,100.0,2.8758645795413207,0.4464957607986708,1.03793237089429,4.944999794271743,0.5960738924508435,9.270448524818784,47.05882352941177,37.254901960784316
CHOP_2015_2016,2015-04-28,1,1,100.0,0.0,1.2622673813547092,0.8789111546381401,1.3357388336955989,5.234149387854337,0.515222387426939,8.36909003395159,49.01960784313726,50.98039215686274
CHOP_2015_2016,2015-05-01,1,1,0.0,0.0,-2.407654392577552,-0.44265393414901766,0.9654184488741668,4.753935272042553,0.3377725233135953,9.280919219191603,35.294117647058826,35.294117647058826
CHOP_2015_2016,2015-05-06,1,1,100.0,0.0,0.5223171889838563,-1.2048192771084265,-0.2905207880288141,3.3011464691807157,0.14825489736356445,10.090009938208727,27.45098039215686,35.294117647058826
CHOP_2015_2016,2015-05-15,1,1,100.0,0.0,-1.0686122779865803,0.38302740884446074,1.7713664394546136,5.1964875424526324,0.015938987975139263,10.578775739020251,72.54901960784314,70.58823529411765
CHOP_2015_2016,2015-05-26,1,1,0.0,100.0,0.2018329421262787,-1.1213752902237806,0.5291643061197338,3.9853518636034035,0.4569103656493878,10.743063619405815,45.09803921568628,15.686274509803921
CHOP_2015_2016,2015-05-29,1,1,0.0,100.0,-1.698323644720834,-1.1093580514742185,0.6190552634747215,4.033725247123554,0.5568217474255066,10.68585814747697,37.254901960784316,7.8431372549019605
CHOP_2015_2016,2015-06-02,1,1,0.0,100.0,-5.131217690271839,0.3147482014388414,0.6915365752140135,4.050421365600232,0.5039030054754923,9.975119279340943,43.13725490196079,50.98039215686274
CHOP_2015_2016,2015-06-03,1,1,100.0,100.0,-0.6235472912569207,-0.3613145911700588,0.9337790978682925,4.271014512271054,0.46847231681224066,9.023384169354378,45.09803921568628,27.45098039215686
CHOP_2015_2016,2015-06-09,1,1,100.0,100.0,-2.492102492102488,-1.3795507744409519,-0.822191147421425,2.430354393921852,0.27884588340705285,8.170845578288546,21.568627450980394,15.686274509803921
CHOP_2015_2016,2015-06-12,1,1,100.0,100.0,0.5937375156700009,0.11542708019673942,-0.20200726585815065,3.085405242840311,0.2798290323875019,8.9156187742091,25.49019607843137,58.8235294117647
CHOP_2015_2016,2015-06-17,1,1,100.0,0.0,3.9939789262418257,-0.16966914516691745,-0.0018994890374268714,3.27946504283092,0.3039394808460605,9.187006053558301,27.45098039215686,45.09803921568628
CHOP_2015_2016,2015-06-18,1,1,100.0,0.0,1.141982836995803,0.537206526064482,0.9867845811786458,4.309555585144009,0.337189505916613,9.963193269264936,52.94117647058823,78.43137254901961
CHOP_2015_2016,2015-07-02,1,1,0.0,100.0,-6.036199095022621,-1.2179903159786454,-1.1724071802698521,1.8030441111370976,0.04626645681879982,11.67942724385357,35.294117647058826,27.45098039215686
CHOP_2015_2016,2015-07-06,1,1,100.0,0.0,-0.3594452041414286,-1.4878426281891177,-1.4297703974581855,1.4801829225171703,-0.014385556900864405,11.704636450333899,33.333333333333336,19.607843137254903
CHOP_2015_2016,2015-07-16,1,1,100.0,100.0,-1.0469208868563171,3.620002045198878,1.3146001807725183,3.972486743713155,-0.12542340384736894,13.74446394023586,58.8235294117647,88.23529411764706
CHOP_2015_2016,2015-07-28,1,1,0.0,100.0,-7.874643313982088,-1.1379378586978128,-0.17066210501914814,2.154722329794301,0.11063296862465766,12.077039857292649,47.05882352941177,47.05882352941177
CHOP_2015_2016,2015-07-29,1,1,100.0,100.0,-3.896172762584027,-0.2775574940523384,0.5311361717223573,2.8024394630565164,0.09542566950511144,12.255438035476411,56.86274509803921,66.66666666666667
CHOP_2015_2016,2015-08-12,1,1,100.0,100.0,-7.303608396589722,-0.5485737083582798,-0.19628431096800902,1.3533946170176003,-0.16228883214997047,10.257060757707412,52.94117647058823,27.45098039215686
CHOP_2015_2016,2015-08-24,1,1,0.0,0.0,-11.792681095332656,-9.989055815341763,-9.140576510925836,-8.178642120751622,-0.3666280426424917,21.426800497876204,9.803921568627452,0.0
CHOP_2015_2016,2015-12-14,1,1,0.0,100.0,-7.410120246597096,-2.6061727777499932,-1.4820699391283831,-1.121335852276184,1.3886566024803981,15.632775857949246,45.09803921568628,9.803921568627452
CHOP_2015_2016,2016-01-13,1,1,100.0,0.0,2.667137239084405,-5.023187952686148,-7.539017043419671,-7.279549842646871,-0.7445725454734098,20.00491837568269,17.647058823529413,7.8431372549019605
CHOP_2015_2016,2016-04-22,1,1,0.0,100.0,-3.132381969388076,0.5903656298060111,4.085601115393533,4.656966610009294,2.001051421198885,10.175180681335021,82.3529411764706,43.13725490196079
CHOP_2015_2016,2016-04-27,1,1,100.0,0.0,5.325529220995584,-0.34832949026150084,3.5430566203937808,4.803971116991468,2.256560915676853,9.725782953557424,80.3921568627451,52.94117647058823
CHOP_2015_2016,2016-04-28,1,1,100.0,100.0,-9.82662043211524,-0.720027617497665,2.4623330934351095,3.869528191075333,2.2195977232760677,10.272475507094757,76.47058823529412,62.745098039215684
CHOP_2015_2016,2016-05-06,1,1,0.0,100.0,5.179395628320127,-0.2947347387351362,0.7687282207975654,3.019271401506507,1.676683716527405,8.810464528828934,74.50980392156863,56.86274509803921
CHOP_2015_2016,2016-05-09,1,1,100.0,100.0,-13.417490373546093,-1.00604618891863,0.7331456679452231,3.1041976957824735,1.5240677577342598,8.754834838112117,72.54901960784314,49.01960784313726
CHOP_2015_2016,2016-05-12,1,1,100.0,100.0,-2.08465189873418,0.7743362831858391,0.7376638834213578,3.4306494192798853,1.2623668895650253,9.181587193632533,74.50980392156863,82.3529411764706
CHOP_2015_2016,2016-05-19,1,1,0.0,0.0,2.550784340064771,-1.1475900608721612,-0.7293476757679773,2.2661723354311825,0.8719719545677185,10.265485377104984,45.09803921568628,11.764705882352942
CHOP_2015_2016,2016-05-26,1,1,100.0,0.0,-1.327319284892048,2.518675550171623,1.4548640491834464,4.819823027848402,0.6257778242434009,11.402722732490805,56.86274509803921,88.23529411764706
CHOP_2015_2016,2016-05-27,1,1,100.0,0.0,0.7468099670014272,2.2973515248795984,1.8040593832053586,5.235890629805384,0.6313382482071805,11.236296116851523,58.8235294117647,94.11764705882354
CHOP_2015_2016,2016-06-03,1,1,100.0,0.0,5.148258833004826,0.44310964501992345,1.5982008039808537,5.229386238424705,0.6139027015326537,10.249419533951615,66.66666666666667,72.54901960784314
CHOP_2015_2016,2016-06-08,1,1,100.0,100.0,-0.6277570410586963,1.0000000000000009,2.372493975604306,6.182732319175899,0.6816326367266923,9.49509185590281,82.3529411764706,82.3529411764706
CHOP_2015_2016,2016-06-09,1,1,0.0,0.0,5.022695582519954,0.5473025801407294,2.1736733958147347,5.970660815344742,0.6606991474591872,8.734956939969502,78.43137254901961,74.50980392156863
CHOP_2015_2016,2016-06-17,1,1,0.0,100.0,4.394757131842697,-1.1630189419962744,-0.149619407491286,3.4735114027131475,0.4536834514603516,8.172788966792204,72.54901960784314,35.294117647058826
CHOP_2015_2016,2016-06-22,1,1,0.0,100.0,0.2840121917428551,0.6995782684197538,0.49096789398737073,4.130912710323065,0.3494894790450509,6.928675515469175,74.50980392156863,80.3921568627451
CHOP_2015_2016,2016-06-23,1,1,100.0,100.0,9.489298051924932,1.6966759002770226,1.7548618026532736,5.433932248736695,0.32862819329972925,7.936178776744223,82.3529411764706,86.27450980392157
CHOP_2015_2016,2016-06-30,1,1,100.0,0.0,0.343608874926371,-0.6225983754073683,1.2922935359542809,4.617673888926865,0.030946087353256324,19.6703470355291,76.47058823529412,64.70588235294117
CHOP_2015_2016,2016-07-21,1,1,0.0,100.0,-3.3003603013429528,0.07116762347580963,3.5335512125873825,7.14988766585003,0.9394258601741923,19.963419154542038,96.07843137254902,29.41176470588235
CHOP_2015_2016,2016-07-26,1,1,100.0,0.0,3.2281859254782,0.26086131663820566,3.4079268811691765,7.224259190641713,1.0812077722748725,11.049167000591787,84.31372549019608,41.1764705882353
CHOP_2015_2016,2016-07-28,1,1,0.0,100.0,-3.0406314467665285,0.23231556988432267,3.1836054180056195,7.136450109918613,1.1247312549726551,8.510200153115441,74.50980392156863,45.09803921568628
CHOP_2015_2016,2016-08-01,1,1,100.0,100.0,-0.7122078443173807,0.13251928628899012,2.996573758632559,7.109109590029328,1.1477035588264517,7.4549354047255685,70.58823529411765,47.05882352941177
CHOP_2015_2016,2016-08-03,1,1,0.0,0.0,1.0605318975362987,-0.16100771889945298,2.4109787600319788,6.648469536542256,1.1391918753236308,7.227420193237704,66.66666666666667,41.1764705882353
CHOP_2015_2016,2016-08-08,1,1,100.0,0.0,2.277837520774262,0.5151959162452258,3.0127823817430954,7.4306267712716645,1.112509734582634,5.754402158071527,68.62745098039215,47.05882352941177
CHOP_2015_2016,2016-08-10,1,1,100.0,100.0,-5.298697171909761,0.6782715932267536,2.644699237394277,7.15006865358212,1.0539782695170086,5.40045603324219,72.54901960784314,68.62745098039215
CHOP_2015_2016,2016-08-18,1,1,100.0,100.0,-0.8314609764957459,0.0937910335771841,2.7202778221606883,7.529102733518345,0.8410392197019778,5.330261102237323,66.66666666666667,43.13725490196079
CHOP_2015_2016,2016-09-01,1,1,100.0,100.0,-1.34334032696396,-0.1460060286360254,1.074774642488685,6.456481939907133,0.9471210024082133,5.246392747511002,49.01960784313726,47.05882352941177
CHOP_2015_2016,2016-09-06,1,1,100.0,100.0,-3.936014013034184,0.3005259203606281,1.6112229024846325,7.176457306288331,1.0046021039562536,4.744016795066329,52.94117647058823,60.78431372549019
CHOP_2015_2016,2016-09-07,1,1,100.0,100.0,-1.767928694087828,0.45623441982973745,1.4192425894339555,7.130218792329734,1.076563176451728,4.74291651441289,49.01960784313726,50.98039215686274
CHOP_2015_2016,2016-09-08,1,1,100.0,100.0,-8.51762266758811,0.5235849056603792,1.0527773273055319,6.861585889918187,1.116603775394287,4.7222067629338085,37.254901960784316,49.01960784313726
CHOP_2015_2016,2016-09-13,1,1,0.0,0.0,0.5551908200839062,-2.6404494382022414,-1.5428550867631174,4.2148481603292876,0.9638512751287909,12.083213229242496,7.8431372549019605,1.9607843137254901
CHOP_2015_2016,2016-09-28,1,1,0.0,0.0,-0.0590034438744835,0.382906306135955,0.29746807342898585,6.078919019098472,0.19355339423561269,14.002804999996563,35.294117647058826,62.745098039215684
CHOP_2015_2016,2016-09-30,1,1,0.0,0.0,3.7888640769551785,0.14643363249882135,0.13858148109311408,5.827131049488576,0.09455522639829628,14.606729675371549,41.1764705882353,52.94117647058823
CHOP_2015_2016,2016-10-07,1,1,0.0,0.0,-0.7483325199284185,-0.5801613131455996,-0.4278042530998949,5.016037889076985,-0.004629292842428523,11.757127873118074,19.607843137254903,15.686274509803921
CHOP_2015_2016,2016-10-11,1,1,0.0,100.0,-4.3666014001019215,-0.5845174167181555,-1.1532747938960863,4.1674446859416125,-0.023241532429485456,10.460833984479317,7.8431372549019605,17.647058823529413
CHOP_2015_2016,2016-10-14,1,1,100.0,100.0,-5.098190219484011,-0.8919252300977343,-1.2488312002639668,3.9401475910290973,-0.08256320005138873,9.81282878623876,9.803921568627452,23.529411764705884
CHOP_2015_2016,2016-10-25,1,1,0.0,100.0,-4.936734454979829,0.21960185229388252,-0.5471729398109804,4.109299638942621,-0.2626147699309467,8.255103938619596,11.764705882352942,33.333333333333336
CHOP_2015_2016,2016-10-27,1,1,100.0,0.0,-1.648936170212767,-0.3291356611333729,-0.9448989111760953,3.4969025227091333,-0.30332963111752154,7.441132401101703,9.803921568627452,35.294117647058826
CHOP_2015_2016,2016-10-31,1,1,0.0,0.0,10.710326596742558,-1.0919622086122516,-1.145747032189659,3.0616477644457962,-0.33341278489058546,6.870748027416772,15.686274509803921,41.1764705882353
CHOP_2015_2016,2016-11-03,1,1,100.0,100.0,-5.096774193548381,-2.0579085905718997,-2.6880263239231095,1.0507749900689811,-0.4615715203934778,7.071631753728358,7.8431372549019605,31.372549019607842
CHOP_2015_2016,2016-11-04,1,1,100.0,100.0,-8.784440842787689,-1.872119815668205,-2.724309405410563,0.8860720761447505,-0.5033895464285898,7.0424981807668745,9.803921568627452,25.49019607843137
CHOP_2015_2016,2016-11-16,1,1,0.0,0.0,-0.2376665466330529,0.6836720260266826,1.6755467310411776,4.8062968196388445,-0.2083062101288946,10.513226521441652,45.09803921568628,54.90196078431372
CHOP_2015_2016,2016-11-22,1,1,100.0,100.0,3.5108837395927406,1.0563215704604056,2.7438271018267013,5.762544718928986,0.1963588853823861,10.702276591223537,58.8235294117647,60.78431372549019
CHOP_2015_2016,2016-11-25,1,1,100.0,0.0,1.767770748046149,1.155315382465294,3.0326151323281314,6.014830553987771,0.3442434215225276,10.53170974034798,62.745098039215684,78.43137254901961
CHOP_2015_2016,2016-12-06,1,1,0.0,0.0,2.6787923781242284,0.3555925002309168,2.7280050222370233,5.53288863927357,0.603126441592039,6.611248062231311,60.78431372549019,45.09803921568628
CHOP_2015_2016,2016-12-08,1,1,100.0,0.0,0.9453641649283197,2.541585354520959,4.156637537355579,7.003909916759121,0.6067282353220405,7.011358267991745,62.745098039215684,92.15686274509804
CHOP_2015_2016,2016-12-13,1,1,100.0,100.0,-3.356170323475849,2.7380240209838425,5.041483058144003,7.986612678197136,0.7151406825584905,7.215835702600651,74.50980392156863,94.11764705882354
CHOP_2015_2016,2016-12-21,1,1,100.0,100.0,-0.9617776303789016,0.5374644325008004,4.058759073587215,7.206248978085084,1.039883617676507,7.621318128803028,76.47058823529412,58.8235294117647
BULL_2017,2017-01-03,1,1,0.0,0.0,1.5532987001778853,-0.20823616993032035,2.964816516566482,6.488338062483168,1.1690721788809366,8.331547317784716,70.58823529411765,41.1764705882353
BULL_2017,2017-01-06,1,1,0.0,100.0,-3.811541479044822,1.2747925470798949,3.4782729614704078,7.223207792773123,1.202625962616577,7.188433970800754,78.43137254901961,54.90196078431372
BULL_2017,2017-01-12,1,1,0.0,0.0,-0.6597909407178637,0.05742968580999541,2.6120768630382596,6.645376311070983,1.2425493470512583,6.736751409293189,62.745098039215684,37.254901960784316
BULL_2017,2017-01-13,1,1,100.0,100.0,-2.4080850985524926,-0.07041991010270365,2.6868917468248155,6.827775487402965,1.2905253201213496,6.01346273242185,66.66666666666667,39.21568627450981
BULL_2017,2017-01-17,1,1,0.0,0.0,-0.603542217702624,-0.09274103632416208,2.161146600992603,6.394707147499901,1.3554929722599418,6.025522760019595,64.70588235294117,60.78431372549019
BULL_2017,2017-01-24,1,1,100.0,0.0,2.315378405604762,0.5967234288130063,2.0482770551298435,6.7178994432866235,1.4462645401670748,6.46482132050141,68.62745098039215,60.78431372549019
BULL_2017,2017-01-27,1,1,100.0,100.0,-3.929280638359256,0.9835229795158051,2.279595718003047,7.15974860134303,1.4056719839747878,6.310780971383488,62.745098039215684,52.94117647058823
BULL_2017,2017-02-02,1,1,0.0,0.0,2.37828342183084,-0.6802354743870032,1.3636947503636199,6.376914525441135,1.1188855443851065,5.779041181262878,49.01960784313726,21.568627450980394
BULL_2017,2017-02-06,1,1,0.0,0.0,4.275721520006637,0.6064426776919207,1.697783699325739,6.804213289176619,1.0441412705099795,6.1732988137161,52.94117647058823,45.09803921568628
BULL_2017,2017-02-13,1,1,100.0,100.0,-1.7165256134024198,1.6773644268835985,2.8958949153933267,8.276391844558194,0.9555740308406113,6.416668556158399,72.54901960784314,92.15686274509804
BULL_2017,2017-02-16,1,1,100.0,0.0,3.036164075479864,1.7866134271740108,3.328876422082927,8.948299836381391,1.09138265014197,6.1031355365522355,74.50980392156863,82.3529411764706
BULL_2017,2017-03-16,1,1,100.0,0.0,0.9579347072650624,0.6839698754325108,2.8352230572231463,9.058816311672025,1.0792000243688982,7.297095682586309,82.3529411764706,84.31372549019608
BULL_2017,2017-03-17,1,1,100.0,100.0,-2.3470679681067086,0.15616640365596623,2.553063680462042,8.789784339778883,1.0657213778083152,7.330513749282232,80.3921568627451,66.66666666666667
BULL_2017,2017-03-23,1,1,0.0,0.0,3.4136618563723964,-1.4390608601970833,0.9388582108432075,7.138320241344376,0.9877976311508885,8.535311875848693,70.58823529411765,29.41176470588235
BULL_2017,2017-03-24,1,1,0.0,0.0,4.248617307099556,-1.3373911446150855,0.7981822669857142,6.997313410973938,0.955257024317202,8.516210055238409,72.54901960784314,25.49019607843137
BULL_2017,2017-03-30,1,1,0.0,100.0,-4.951434125235021,0.9656596388811778,1.5120029160186288,7.8153458360423755,0.8098613868333882,7.01350045349745,72.54901960784314,47.05882352941177
BULL_2017,2017-04-05,1,1,100.0,0.0,-0.3581466318399062,-0.322671709772826,0.5276965081900897,6.820449016458197,0.8051339776836697,6.9786423646858555,64.70588235294117,31.372549019607842
BULL_2017,2017-04-06,1,1,100.0,0.0,6.271800147938689,-0.35971821935935067,0.751057621267881,7.04728773002723,0.7899913830369476,7.041552976709708,64.70588235294117,37.254901960784316
BULL_2017,2017-04-18,1,1,100.0,100.0,-7.704133544861069,-0.6246396093702922,-0.3420762762946117,5.801149009292472,0.6409867793156332,7.3570611091315605,64.70588235294117,50.98039215686274
BULL_2017,2017-05-04,1,1,0.0,0.0,4.87564542705019,0.06704138961044492,1.1574506041926558,7.214047702167847,0.46716648681290884,7.218071466249025,62.745098039215684,49.01960784313726
BULL_2017,2017-05-08,1,1,100.0,100.0,0.596941237411408,0.41060645000488005,1.4680158597783821,7.491348423383748,0.4182975120470944,7.245860323901511,60.78431372549019,56.86274509803921
BULL_2017,2017-05-18,1,1,100.0,0.0,8.041828361688431,-1.0903042224415183,0.09563133223966513,5.7130532774427145,0.2184937871599235,8.704062292831088,52.94117647058823,35.294117647058826
BULL_2017,2017-05-26,1,1,100.0,0.0,7.0293874313671845,1.4267278707010167,1.999071666710539,7.5415907841051455,0.24402961224521125,8.086463378597166,66.66666666666667,68.62745098039215
BULL_2017,2017-06-02,1,1,0.0,100.0,-6.149606012408482,0.9968403191015662,2.7885180680364163,8.37197855420162,0.4236866483966484,8.499204265152441,74.50980392156863,84.31372549019608
BULL_2017,2017-06-09,1,1,0.0,0.0,0.2106316906138161,-0.3112454572556045,2.076008784520922,7.696890171150672,0.6636337665069103,8.532058270610865,84.31372549019608,49.01960784313726
BULL_2017,2017-06-26,1,1,0.0,0.0,5.934692298897759,-0.5599899595331581,1.6574234761572049,7.398488894316246,0.7918884704585905,5.532079347845197,68.62745098039215,31.372549019607842
BULL_2017,2017-07-03,1,1,100.0,100.0,-1.8144962208527016,-0.4439090290656367,0.8349047734410808,6.54490539706476,0.7789045660466121,7.200055297094655,72.54901960784314,45.09803921568628
BULL_2017,2017-07-05,1,1,0.0,100.0,-0.1946024840725368,0.5966856230628759,1.0112671315462674,6.714746853552067,0.759870901138493,7.1530742957765945,62.745098039215684,60.78431372549019
BULL_2017,2017-07-06,1,1,0.0,100.0,4.209531324246818,-1.2074516613032493,0.06126043723149177,5.668425899490748,0.7124394211116325,7.845145497247022,52.94117647058823,21.568627450980394
BULL_2017,2017-07-14,1,1,100.0,0.0,2.552607639454174,1.4250030963667726,1.8352626302944541,7.426167181462828,0.5241326530006418,8.557311802261742,60.78431372549019,64.70588235294117
BULL_2017,2017-07-17,1,1,100.0,100.0,-1.1019307878784357,1.3037650891828845,1.7558890979306963,7.337581812484761,0.5265217170755898,8.560230369299907,60.78431372549019,70.58823529411765
BULL_2017,2017-07-18,1,1,100.0,0.0,3.278002280155823,1.432767073954433,1.749699092775403,7.314215404614477,0.512523191535319,8.063347999192011,58.8235294117647,76.47058823529412
BULL_2017,2017-07-20,1,1,100.0,0.0,5.742783996164014,1.096485588855689,2.199549450762084,7.782063606703971,0.573717228334214,7.812562401681654,60.78431372549019,68.62745098039215
BULL_2017,2017-07-25,1,1,100.0,100.0,-1.862112452410392,0.7164376736100708,2.10911527791513,7.6757616936997675,0.6670184789037581,7.853720063433554,64.70588235294117,74.50980392156863
BULL_2017,2017-07-27,1,1,100.0,100.0,-1.8692354782856249,0.040448791886316116,1.8788769824491292,7.416658165909018,0.6935400951802562,6.5536727252634694,60.78431372549019,52.94117647058823
BULL_2017,2017-07-31,1,1,0.0,0.0,2.025797547781272,-0.020258007923668053,1.5060415549497996,7.060185490430326,0.7524334065688976,5.581369652259189,54.90196078431372,54.90196078431372
BULL_2017,2017-08-01,1,1,100.0,0.0,0.8226717898064173,-0.0404035759506316,1.6472660506532621,7.211595242927338,0.7771986416537979,5.593114197198797,60.78431372549019,49.01960784313726
BULL_2017,2017-08-04,1,1,100.0,100.0,-3.6914402583222974,0.20251336715499946,1.4746821436947277,6.990489901342745,0.7725518541818133,3.819871773949638,62.745098039215684,54.90196078431372
BULL_2017,2017-08-07,1,1,100.0,100.0,-1.546752426632669,0.44572379069407475,1.6026121549969963,7.104157467462913,0.7611105737151069,3.829736413244369,64.70588235294117,62.745098039215684
BULL_2017,2017-08-23,1,1,100.0,100.0,0.9889403475658254,-0.9637926858200974,-0.058109155101160326,4.6963213403196535,0.19208227024170021,9.589134663097814,52.94117647058823,19.607843137254903
BULL_2017,2017-09-01,1,1,100.0,100.0,-0.4380706465475281,1.3411571689151414,1.137047363337107,5.580467322197036,0.18558677381381727,10.02414967327486,58.8235294117647,82.3529411764706
BULL_2017,2017-09-11,1,1,100.0,0.0,6.757869426461216,0.5527624557325028,1.5053078043493873,5.812620715018069,0.3079724837199205,9.636923288310657,78.43137254901961,76.47058823529412
BULL_2017,2017-09-12,1,1,0.0,100.0,-3.70319630974284,1.6215579076910513,1.7790834601238759,6.095769794162975,0.35955922912256355,9.108482764251535,74.50980392156863,76.47058823529412
BULL_2017,2017-09-26,1,1,0.0,0.0,14.01827078704896,-0.35604866907014143,1.2754426050543666,5.4833665392754805,0.6042403285518194,5.678049675280513,68.62745098039215,49.01960784313726
BULL_2017,2017-09-28,1,1,100.0,0.0,2.7883079043829584,0.38491069921871013,1.7075879240470604,5.894229521551031,0.5624570752616798,5.615660115302503,68.62745098039215,58.8235294117647
BULL_2017,2017-09-29,1,1,100.0,0.0,5.962105964950126,0.7176094709350433,2.0207640252317915,6.20360988175046,0.52544774977481,5.394148336350176,68.62745098039215,64.70588235294117
BULL_2017,2017-10-02,1,1,0.0,100.0,-5.407827650985575,1.3618675540906455,2.4080280558346656,6.594744117793239,0.5075586427317758,5.521776387670995,70.58823529411765,64.70588235294117
BULL_2017,2017-10-04,1,1,100.0,0.0,6.125408755845085,1.2437737082900968,2.6304775566238003,6.810100149552878,0.4771487487647885,4.511660904888812,76.47058823529412,84.31372549019608
BULL_2017,2017-10-05,1,1,100.0,0.0,0.0454000030118528,1.7215907897488725,3.167850368212055,7.369774783783822,0.49209306787532103,4.726794430765248,76.47058823529412,86.27450980392157
BULL_2017,2017-10-10,1,1,0.0,0.0,1.0036283384764255,0.6960134297387954,2.9371340667999846,7.138528986058157,0.5739802557661156,3.501307688492035,78.43137254901961,68.62745098039215
BULL_2017,2017-10-11,1,1,100.0,100.0,0.7501392462152978,0.7347087773922567,3.024560104494456,7.233588347816644,0.6006900956575523,3.4948810494059805,82.3529411764706,62.745098039215684
BULL_2017,2017-10-30,1,1,0.0,100.0,-1.0612403051994843,0.24991511017125045,2.5228149638177877,6.992136574279906,0.9530330430254308,5.117592261768941,66.66666666666667,21.568627450980394
BULL_2017,2017-11-01,1,1,0.0,0.0,2.6951197769023105,0.8617525897571143,2.5830722709814014,7.14866425802172,1.0337785588011794,5.104080705983702,66.66666666666667,29.41176470588235
BULL_2017,2017-11-06,1,1,100.0,100.0,3.747957013850356,0.8179186566668495,2.7532021624015357,7.478396674156507,1.0939907309618357,4.710056690851773,62.745098039215684,47.05882352941177
BULL_2017,2017-11-22,1,1,100.0,0.0,3.1065551752269998,1.2946388852593804,1.9079591154982367,6.9740600482856685,0.9372609479534111,5.864578749413138,65.3061224489796,81.63265306122449
BULL_2017,2017-11-27,1,1,100.0,0.0,1.6413894891363023,0.9191175225201187,1.9120724668128197,7.024428508395331,0.9144317135847846,5.242783562495103,65.3061224489796,77.55102040816327
BULL_2017,2017-12-11,1,1,0.0,0.0,4.650232050182623,0.8215036738165482,3.1356094719621197,8.808157286069672,1.1223138869000282,6.909741926558505,89.79591836734694,46.93877551020408
BULL_2017,2017-12-12,1,1,100.0,0.0,6.199707690739986,1.3640278371944259,3.2020658535594215,8.925369671075467,1.1314085886678704,6.905860147467142,89.79591836734694,48.97959183673469
BULL_2017,2017-12-13,1,1,100.0,100.0,-6.486405407691809,1.333380761776004,3.0796675881705315,8.845682578383407,1.1392709954647806,6.7822272160046975,87.75510204081633,67.34693877551021
BULL_2017,2017-12-15,1,1,100.0,100.0,4.73312108594115,0.8897075209894245,3.308053880687112,9.162101013464552,1.1030114299999338,6.644849498427109,91.83673469387755,55.10204081632653
BULL_2017,2017-12-20,1,1,100.0,0.0,4.4539313887759,0.6166518394638221,3.162989496462587,9.141073767713648,1.102745535666494,6.764593780125308,93.87755102040816,69.38775510204081
COVID_2020,2020-01-07,1,1,0.0,0.0,5.90173580273361,0.5139083719672755,3.2875533054825157,9.52993713032666,1.6489787483121576,6.969114492600426,64.51612903225806,30.64516129032258
COVID_2020,2020-01-17,1,1,0.0,100.0,0.2346901611092633,1.9158203065172685,4.901660180076339,11.910263998246506,1.5932197453596642,7.218298245071667,83.87096774193549,82.25806451612904
COVID_2020,2020-01-21,1,1,100.0,100.0,-8.263580284063831,1.0215071766134232,4.526454842233352,11.600434124423241,1.5936902215015314,7.320510870158594,80.64516129032258,70.96774193548387
COVID_2020,2020-01-27,1,1,0.0,100.0,-11.844395553873788,-2.545582140339653,1.5088811298033855,8.645720420035419,1.5196693638312775,10.067719165198803,54.83870967741935,25.806451612903224
COVID_2020,2020-02-20,1,1,0.0,100.0,-35.52935759230959,-0.1393193109106683,3.3175698843790347,11.73068868387599,1.542977081584418,13.571479823840138,59.67741935483871,43.54838709677419
COVID_2020,2020-03-19,1,1,0.0,100.0,16.770742724945563,-3.06315901615708,-23.123438248123986,-20.43604771705748,-3.6926818690172447,82.89046973566339,4.838709677419355,37.096774193548384
COVID_2020,2020-03-24,1,1,100.0,0.0,19.15100182325975,-3.251662721498927,-20.40898648338877,-18.89623499981975,-4.786009588912766,90.9850027109233,1.6129032258064515,17.741935483870968
COVID_2020,2020-03-26,1,1,0.0,0.0,11.526627756942087,9.241195378963818,-13.68930945434743,-12.790738031344695,-4.965624095400067,93.54250754015064,1.6129032258064515,70.96774193548387
COVID_2020,2020-07-13,1,1,100.0,0.0,10.931457376883902,-0.6970291598754175,4.056450884231766,5.09702592907435,2.043373476934196,19.65174918799229,70.96774193548387,38.70967741935484
COVID_2020,2020-07-14,1,1,100.0,0.0,4.525149445564058,1.6380552993629838,5.145179225228214,6.4120941451654145,2.163979434049801,19.869579613245268,79.03225806451613,80.64516129032258
COVID_2020,2020-08-05,1,1,0.0,0.0,7.6276311108767425,2.149956762764371,5.485887358651587,9.796311303385895,2.3053724116710583,11.88648140581636,74.19354838709677,50.0
COVID_2020,2020-08-06,1,1,100.0,0.0,5.546360870078693,3.2010076939569476,5.974735067468995,10.459329667190808,2.2646477090903394,11.566000962662306,72.58064516129032,69.35483870967742
COVID_2020,2020-08-07,1,1,100.0,100.0,-3.610011063634044,2.4653519990078365,5.829882049124202,10.465508486507002,2.209660599628882,11.281228413574556,83.87096774193549,80.64516129032258
COVID_2020,2020-08-18,1,1,100.0,100.0,-9.54608421952866,1.754799285932207,5.900851057841194,11.309440170749884,1.7887313945143202,10.831005261325368,83.87096774193549,53.225806451612904
COVID_2020,2020-08-19,1,1,100.0,100.0,-10.598503169727202,-0.06223262411514385,5.342332091231827,10.780988716071938,1.6800465738119552,10.957644801985184,83.87096774193549,30.64516129032258
COVID_2020,2020-08-26,1,1,100.0,100.0,-7.187659120618495,3.0661455275305505,7.39606423872472,13.809627123090307,1.7789750605480936,8.448736309571622,77.41935483870968,62.903225806451616
COVID_2020,2020-08-28,1,1,0.0,100.0,-5.800158366487263,3.269673697388553,7.805144378242601,14.62475100058831,1.9319315155128525,7.977798988656593,82.25806451612904,82.25806451612904
COVID_2020,2020-09-02,1,1,100.0,100.0,-10.86985532463447,2.91452053587713,9.133447525063065,16.679593207620226,2.385332145035335,9.378693246524213,82.25806451612904,88.70967741935483
COVID_2020,2020-09-10,1,1,100.0,0.0,17.674933277525717,-6.656382071118793,0.8199475818700508,8.625400780280712,2.3300493484268436,21.138977845258914,59.67741935483871,16.129032258064516
COVID_2020,2020-09-16,1,1,100.0,100.0,15.241769768289103,-0.2854878025231544,1.7070514143476379,10.02668410240739,1.9220997259790762,21.758210015359122,70.96774193548387,58.064516129032256
COVID_2020,2020-09-22,1,1,100.0,0.0,-0.8909718063662475,-2.5127949995435994,-0.838901697999872,7.5116594070183895,1.354807739750341,22.48574709875159,48.38709677419355,12.903225806451612
COVID_2020,2020-09-29,1,1,100.0,100.0,-6.222851892903858,0.6266887214516847,-0.45797468065235103,8.014101302030685,0.782636537162773,24.990382922709518,48.38709677419355,48.38709677419355
BEAR_2022,2022-01-19,1,1,0.0,0.0,-0.1873583633283382,-3.8318068678862227,-2.9560209632579215,2.905486189770201,0.24628119655161207,15.4360836786501,48.38709677419355,22.580645161290324
BEAR_2022,2022-01-27,1,1,0.0,0.0,-3.0361789798215133,-3.4717482588660364,-6.700794005016086,-1.9737334348202573,-0.7855971535458584,13.380026058835353,32.25806451612903,20.967741935483872
BEAR_2022,2022-01-28,1,1,100.0,100.0,-5.512104142380325,0.9064326705873427,-4.2772740758796886,0.42631290681656164,-0.9139388027515905,17.022575032282848,40.32258064516129,45.16129032258065
BEAR_2022,2022-02-02,1,1,100.0,100.0,-11.693020129055498,5.530950519417432,-0.7628124151166427,3.7749116010953765,-0.9978502119993515,19.22595620039745,45.16129032258065,90.3225806451613
BEAR_2022,2022-02-09,1,1,100.0,100.0,-5.645041743986057,0.041528869443197,-0.4209291746068988,3.5929756409208924,-0.7407299879318541,20.748308898964208,40.32258064516129,37.096774193548384
BEAR_2022,2022-02-15,1,1,100.0,100.0,-6.78086310852084,-1.0733130797727974,-2.7599647417159923,0.8674566495982194,-0.4992583814503182,22.232320917447552,27.419354838709676,19.35483870967742
BEAR_2022,2022-02-18,1,1,100.0,100.0,-6.123988064680019,-1.4144041391791928,-5.04179753442201,-1.9050164089801314,-0.6164584960000496,21.95200152031441,27.419354838709676,33.87096774193548
BEAR_2022,2022-02-22,1,1,100.0,100.0,-2.6991472483713586,-2.152523515279392,-5.9162466245130325,-2.9705116114912333,-0.6805745796191975,22.17516682984914,25.806451612903224,37.096774193548384
BEAR_2022,2022-03-09,1,1,0.0,0.0,13.370608873421052,-2.393274888453034,-4.72186958977765,-3.693867345155355,-1.5467650347310347,25.814846489025907,30.64516129032258,30.64516129032258
BEAR_2022,2022-03-14,1,1,100.0,0.0,9.294701480178414,-0.5793511400236317,-6.341127509036815,-6.059004081787689,-1.883715061370117,23.93653582688605,27.419354838709676,40.32258064516129
BEAR_2022,2022-03-15,1,1,100.0,0.0,8.280344981368138,2.383168991718465,-4.071300177858661,-4.0043511345913,-1.948203243310076,25.461815662650643,35.483870967741936,70.96774193548387
