window,sample,window_family,signal_date,signals,stocks,macd_pass_share_pct,stop_rate_pct,hit3_pct,hit5_pct,avg_ret20_pct,regime
COVID_2020,DISCOVERY,CRISIS,2020-03-03,20,20,65.0,100.0,35.0,5.0,-20.562794628318095,YELLOW
COVID_2020,DISCOVERY,CRISIS,2020-03-02,19,19,5.263157894736842,100.0,57.89473684210527,15.789473684210526,-14.718691426253416,GREEN
BULL_2013_2014,DISCOVERY,BULL,2013-06-07,18,18,38.88888888888889,88.88888888888889,5.555555555555555,0.0,0.8440187575224188,GREEN
BULL_2013_2014,DISCOVERY,BULL,2013-10-10,18,18,27.77777777777778,5.555555555555555,88.88888888888889,55.55555555555556,4.333210382854668,GREEN
VALIDATION_2023_2024,VALIDATION,BULL,2024-05-31,15,15,60.0,40.0,46.666666666666664,33.33333333333333,-0.6351676629362174,GREEN
COVID_2020,DISCOVERY,CRISIS,2020-09-28,14,14,64.28571428571429,28.57142857142857,92.85714285714286,78.57142857142857,1.647852142843957,GREEN
VALIDATION_2021,VALIDATION,BULL,2021-02-03,13,13,92.3076923076923,7.6923076923076925,92.3076923076923,76.92307692307693,10.497680836885243,GREEN
VALIDATION_2018,VALIDATION,CORRECTION_BEAR,2018-02-07,12,12,8.333333333333332,33.33333333333333,66.66666666666666,33.33333333333333,3.3296475318457097,GREEN
BEAR_2022,DISCOVERY,CORRECTION_BEAR,2022-02-25,12,12,25.0,25.0,66.66666666666666,50.0,3.560814124556693,YELLOW
CHOP_2015_2016,DISCOVERY,CORRECTION_BEAR,2015-03-13,11,11,81.81818181818183,54.54545454545454,27.27272727272727,9.090909090909092,0.5737044940699012,GREEN
CHOP_2015_2016,DISCOVERY,CORRECTION_BEAR,2015-08-26,11,11,0.0,9.090909090909092,54.54545454545454,36.36363636363637,-0.4917214994688951,YELLOW
VALIDATION_2023_2024,VALIDATION,BULL,2023-06-02,11,11,100.0,9.090909090909092,90.9090909090909,72.72727272727273,4.819780132368172,GREEN
VALIDATION_2023_2024,VALIDATION,BULL,2024-12-24,11,11,81.81818181818183,81.81818181818183,18.181818181818183,18.181818181818183,1.9196849120082833,GREEN
VALIDATION_2018,VALIDATION,CORRECTION_BEAR,2018-02-13,10,10,100.0,10.0,80.0,60.0,4.405859021278967,GREEN
BULL_2013_2014,DISCOVERY,BULL,2014-10-16,9,9,66.66666666666666,0.0,100.0,100.0,11.825561397153624,YELLOW
BULL_2013_2014,DISCOVERY,BULL,2014-12-18,9,9,100.0,55.55555555555556,0.0,0.0,-2.461183384546714,GREEN
CHOP_2015_2016,DISCOVERY,CORRECTION_BEAR,2016-06-29,9,9,11.11111111111111,11.11111111111111,100.0,88.88888888888889,5.661829885618665,GREEN
VALIDATION_2021,VALIDATION,BULL,2021-06-22,9,9,88.88888888888889,22.22222222222222,55.55555555555556,44.44444444444444,1.1035278092168754,GREEN
GFC_2007_2009,DISCOVERY,CRISIS,2009-10-06,8,8,62.5,12.5,100.0,87.5,3.029368496382048,GREEN
BULL_2013_2014,DISCOVERY,BULL,2014-12-17,8,8,0.0,12.5,62.5,12.5,0.6225677126684537,GREEN
CHOP_2015_2016,DISCOVERY,CORRECTION_BEAR,2016-09-21,8,8,87.5,100.0,0.0,0.0,-5.089134323830536,GREEN
VALIDATION_2021,VALIDATION,BULL,2021-09-23,8,8,75.0,62.5,50.0,50.0,0.5833974658976184,GREEN
VALIDATION_2021,VALIDATION,BULL,2021-09-24,8,8,100.0,62.5,37.5,25.0,5.751268191265979,GREEN
VALIDATION_2021,VALIDATION,BULL,2021-12-06,8,8,75.0,0.0,87.5,75.0,4.484084189472947,GREEN
VALIDATION_2023_2024,VALIDATION,BULL,2023-02-27,8,8,37.5,100.0,37.5,25.0,-6.74673523640842,GREEN
VALIDATION_2023_2024,VALIDATION,BULL,2024-04-19,8,8,87.5,37.5,62.5,50.0,1.213624058933381,GREEN
VALIDATION_2023_2024,VALIDATION,BULL,2024-06-03,8,8,75.0,75.0,37.5,25.0,-1.7417353606341157,GREEN
GFC_2007_2009,DISCOVERY,CRISIS,2009-11-09,7,7,100.0,14.285714285714285,71.42857142857143,42.857142857142854,0.5700152828012964,GREEN
BULL_2013_2014,DISCOVERY,BULL,2013-06-10,7,7,100.0,42.857142857142854,85.71428571428571,57.14285714285714,3.653470723002328,GREEN
BULL_2013_2014,DISCOVERY,BULL,2013-08-23,7,7,100.0,57.14285714285714,28.57142857142857,28.57142857142857,2.7787459797612826,GREEN
BULL_2013_2014,DISCOVERY,BULL,2013-12-18,7,7,28.57142857142857,0.0,85.71428571428571,28.57142857142857,2.658472549531102,GREEN
CHOP_2015_2016,DISCOVERY,CORRECTION_BEAR,2015-06-10,7,7,28.57142857142857,42.857142857142854,28.57142857142857,28.57142857142857,0.3791051853591664,GREEN
CHOP_2015_2016,DISCOVERY,CORRECTION_BEAR,2016-06-16,7,7,14.285714285714285,57.14285714285714,71.42857142857143,42.857142857142854,5.939662285620274,GREEN
VALIDATION_2018,VALIDATION,CORRECTION_BEAR,2018-10-16,7,7,28.57142857142857,71.42857142857143,42.857142857142854,28.57142857142857,-0.6491367977224511,GREEN
VALIDATION_2019,VALIDATION,BULL,2019-08-08,7,7,57.14285714285714,57.14285714285714,42.857142857142854,28.57142857142857,2.9666670476736305,GREEN
VALIDATION_2019,VALIDATION,BULL,2019-10-04,7,7,14.285714285714285,28.57142857142857,57.14285714285714,42.857142857142854,7.178487714599837,GREEN
BEAR_2022,DISCOVERY,CORRECTION_BEAR,2022-01-25,7,7,28.57142857142857,85.71428571428571,57.14285714285714,28.57142857142857,-7.105455405114934,YELLOW
VALIDATION_2023_2024,VALIDATION,BULL,2024-11-05,7,7,28.57142857142857,42.857142857142854,57.14285714285714,42.857142857142854,-1.7665661838926974,GREEN
GFC_2007_2009,DISCOVERY,CRISIS,2007-08-01,6,6,33.33333333333333,50.0,83.33333333333334,66.66666666666666,-4.291912155978845,GREEN
GFC_2007_2009,DISCOVERY,CRISIS,2009-06-25,6,6,66.66666666666666,50.0,66.66666666666666,50.0,10.888732771057802,GREEN
BULL_2013_2014,DISCOVERY,BULL,2013-09-04,6,6,100.0,16.666666666666664,83.33333333333334,66.66666666666666,2.9545043468380676,GREEN
BULL_2013_2014,DISCOVERY,BULL,2013-12-06,6,6,33.33333333333333,16.666666666666664,66.66666666666666,33.33333333333333,1.5058391690713473,GREEN
BULL_2013_2014,DISCOVERY,BULL,2014-01-29,6,6,50.0,50.0,50.0,33.33333333333333,3.967888540116983,GREEN
BULL_2013_2014,DISCOVERY,BULL,2014-02-06,6,6,33.33333333333333,0.0,100.0,66.66666666666666,6.169188914211737,GREEN
BULL_2013_2014,DISCOVERY,BULL,2014-10-03,6,6,66.66666666666666,83.33333333333334,16.666666666666664,0.0,1.7303444391385387,GREEN
BULL_2013_2014,DISCOVERY,BULL,2014-10-17,6,6,66.66666666666666,0.0,100.0,100.0,8.186020896673947,YELLOW
CHOP_2015_2016,DISCOVERY,CORRECTION_BEAR,2015-03-16,6,6,50.0,16.666666666666664,33.33333333333333,16.666666666666664,2.0293188730092413,GREEN
CHOP_2015_2016,DISCOVERY,CORRECTION_BEAR,2015-06-11,6,6,100.0,83.33333333333334,16.666666666666664,16.666666666666664,0.00745505983566308,GREEN
CHOP_2015_2016,DISCOVERY,CORRECTION_BEAR,2016-09-22,6,6,50.0,83.33333333333334,33.33333333333333,16.666666666666664,-2.6554182276370892,GREEN
VALIDATION_2018,VALIDATION,CORRECTION_BEAR,2018-03-28,6,6,16.666666666666664,83.33333333333334,0.0,0.0,0.9954687403376221,GREEN
VALIDATION_2018,VALIDATION,CORRECTION_BEAR,2018-04-03,6,6,0.0,50.0,100.0,66.66666666666666,0.9186039775812745,GREEN
VALIDATION_2019,VALIDATION,BULL,2019-08-07,6,6,50.0,50.0,50.0,50.0,8.090818373571103,GREEN
VALIDATION_2021,VALIDATION,BULL,2021-03-08,6,6,83.33333333333334,0.0,100.0,66.66666666666666,8.431740196824492,GREEN
VALIDATION_2023_2024,VALIDATION,BULL,2023-03-03,6,6,66.66666666666666,83.33333333333334,16.666666666666664,16.666666666666664,-1.3178731029046025,GREEN
VALIDATION_2023_2024,VALIDATION,BULL,2023-08-23,6,6,66.66666666666666,100.0,50.0,16.666666666666664,-6.921780426964919,GREEN
VALIDATION_2023_2024,VALIDATION,BULL,2023-10-10,6,6,100.0,66.66666666666666,50.0,50.0,0.3114872664311635,GREEN
VALIDATION_2023_2024,VALIDATION,BULL,2024-11-07,6,6,100.0,16.666666666666664,83.33333333333334,83.33333333333334,0.9637038347776482,GREEN
GFC_2007_2009,DISCOVERY,CRISIS,2009-06-26,5,5,100.0,0.0,100.0,80.0,8.94371956038353,GREEN
GFC_2007_2009,DISCOVERY,CRISIS,2009-08-21,5,5,60.0,0.0,80.0,60.0,2.282884607966433,GREEN
GFC_2007_2009,DISCOVERY,CRISIS,2009-11-05,5,5,100.0,0.0,100.0,80.0,4.175866777863592,GREEN
GFC_2007_2009,DISCOVERY,CRISIS,2009-12-22,5,5,80.0,60.0,40.0,20.0,-1.882154373129652,GREEN
BULL_2013_2014,DISCOVERY,BULL,2013-06-25,5,5,20.0,0.0,100.0,80.0,2.886645150136471,GREEN
BULL_2013_2014,DISCOVERY,BULL,2013-09-03,5,5,100.0,0.0,100.0,40.0,2.380686675002952,GREEN
BULL_2013_2014,DISCOVERY,BULL,2013-09-06,5,5,100.0,20.0,100.0,80.0,2.3496627518003903,GREEN
BULL_2013_2014,DISCOVERY,BULL,2013-10-11,5,5,80.0,0.0,100.0,100.0,7.056917016612374,GREEN
BULL_2013_2014,DISCOVERY,BULL,2014-01-28,5,5,0.0,60.0,40.0,40.0,1.4061114453395418,GREEN
BULL_2013_2014,DISCOVERY,BULL,2014-02-10,5,5,100.0,0.0,100.0,40.0,5.352675372394162,GREEN
BULL_2013_2014,DISCOVERY,BULL,2014-03-18,5,5,60.0,20.0,80.0,60.0,3.1929075790456762,GREEN
BULL_2013_2014,DISCOVERY,BULL,2014-04-01,5,5,100.0,100.0,20.0,0.0,-3.4400874240838997,GREEN
BULL_2013_2014,DISCOVERY,BULL,2014-04-16,5,5,60.0,0.0,100.0,40.0,2.729123088472194,GREEN
BULL_2013_2014,DISCOVERY,BULL,2014-08-11,5,5,100.0,20.0,60.0,20.0,1.9623675858696352,GREEN
CHOP_2015_2016,DISCOVERY,CORRECTION_BEAR,2015-01-21,5,5,100.0,60.0,60.0,20.0,1.428226318154422,GREEN
CHOP_2015_2016,DISCOVERY,CORRECTION_BEAR,2015-05-04,5,5,100.0,20.0,60.0,40.0,2.2824320411505012,GREEN
CHOP_2015_2016,DISCOVERY,CORRECTION_BEAR,2015-07-13,5,5,80.0,60.0,40.0,20.0,0.7689251872421089,GREEN
CHOP_2015_2016,DISCOVERY,CORRECTION_BEAR,2016-08-04,5,5,80.0,0.0,60.0,0.0,0.6067443569246732,GREEN
BULL_2017,DISCOVERY,BULL,2017-11-03,5,5,40.0,20.0,60.0,60.0,4.214390213199897,GREEN
VALIDATION_2018,VALIDATION,CORRECTION_BEAR,2018-04-04,5,5,100.0,40.0,40.0,20.0,-4.9494189753374425,GREEN
VALIDATION_2018,VALIDATION,CORRECTION_BEAR,2018-11-28,5,5,20.0,100.0,80.0,0.0,-6.847493265019762,GREEN
COVID_2020,DISCOVERY,CRISIS,2020-09-11,5,5,0.0,40.0,80.0,60.0,8.3249189434496,GREEN
VALIDATION_2021,VALIDATION,BULL,2021-08-12,5,5,60.0,20.0,80.0,40.0,0.5446101516967028,GREEN
VALIDATION_2021,VALIDATION,BULL,2021-08-23,5,5,20.0,40.0,20.0,0.0,-1.3130552351619107,GREEN
VALIDATION_2021,VALIDATION,BULL,2021-12-03,5,5,100.0,0.0,100.0,80.0,4.202875457443896,GREEN
BEAR_2022,DISCOVERY,CORRECTION_BEAR,2022-01-26,5,5,40.0,100.0,40.0,40.0,-3.9184953614127993,YELLOW
BEAR_2022,DISCOVERY,CORRECTION_BEAR,2022-01-31,5,5,100.0,60.0,20.0,20.0,-5.365999875860683,GREEN
VALIDATION_2023_2024,VALIDATION,BULL,2023-02-01,5,5,80.0,60.0,0.0,0.0,-1.2318645673322461,GREEN
VALIDATION_2023_2024,VALIDATION,BULL,2023-06-01,5,5,20.0,0.0,100.0,100.0,7.470947568577879,GREEN
VALIDATION_2023_2024,VALIDATION,BULL,2023-06-05,5,5,100.0,0.0,20.0,0.0,0.7552075565451499,GREEN
VALIDATION_2023_2024,VALIDATION,BULL,2023-08-29,5,5,80.0,60.0,20.0,0.0,-5.095475252762456,GREEN
VALIDATION_2023_2024,VALIDATION,BULL,2023-09-28,5,5,100.0,80.0,40.0,20.0,-8.116475312197418,GREEN
VALIDATION_2023_2024,VALIDATION,BULL,2023-10-04,5,5,60.0,60.0,40.0,40.0,3.5516305508670065,GREEN
VALIDATION_2023_2024,VALIDATION,BULL,2024-01-08,5,5,0.0,40.0,60.0,60.0,3.535472416290278,GREEN
VALIDATION_2023_2024,VALIDATION,BULL,2024-04-23,5,5,100.0,60.0,40.0,40.0,-1.7958267615697117,GREEN
VALIDATION_2023_2024,VALIDATION,BULL,2024-10-14,5,5,100.0,80.0,60.0,0.0,-3.045461331137692,GREEN
VALIDATION_2023_2024,VALIDATION,BULL,2024-12-23,5,5,100.0,60.0,40.0,40.0,4.648102100812901,GREEN
GFC_2007_2009,DISCOVERY,CRISIS,2009-11-06,4,4,75.0,25.0,100.0,75.0,1.7404864119950458,GREEN
GFC_2007_2009,DISCOVERY,CRISIS,2009-12-21,4,4,75.0,0.0,100.0,75.0,11.395739579217599,GREEN
BULL_2013_2014,DISCOVERY,BULL,2013-04-23,4,4,25.0,0.0,100.0,100.0,7.784540811335816,GREEN
BULL_2013_2014,DISCOVERY,BULL,2013-06-04,4,4,75.0,75.0,0.0,0.0,0.07910092732255625,GREEN
BULL_2013_2014,DISCOVERY,BULL,2013-08-22,4,4,50.0,75.0,25.0,0.0,0.9631262793981743,GREEN
BULL_2013_2014,DISCOVERY,BULL,2013-08-30,4,4,75.0,25.0,75.0,75.0,4.473832461633895,GREEN
BULL_2013_2014,DISCOVERY,BULL,2013-09-05,4,4,100.0,0.0,100.0,75.0,1.6636450042523898,GREEN
BULL_2013_2014,DISCOVERY,BULL,2013-12-16,4,4,25.0,0.0,100.0,100.0,5.071935075282119,GREEN
BULL_2013_2014,DISCOVERY,BULL,2014-01-22,4,4,75.0,100.0,0.0,0.0,-3.326684364548613,GREEN
BULL_2013_2014,DISCOVERY,BULL,2014-03-28,4,4,25.0,50.0,25.0,0.0,-0.8786090095687038,GREEN
BULL_2013_2014,DISCOVERY,BULL,2014-08-05,4,4,75.0,0.0,100.0,100.0,4.516183379414517,GREEN
BULL_2013_2014,DISCOVERY,BULL,2014-08-08,4,4,50.0,0.0,75.0,25.0,1.5608126655151544,GREEN
BULL_2013_2014,DISCOVERY,BULL,2014-11-28,4,4,50.0,75.0,25.0,25.0,2.1350209326297884,GREEN
CHOP_2015_2016,DISCOVERY,CORRECTION_BEAR,2015-05-08,4,4,75.0,25.0,50.0,0.0,-1.3653308542864506,GREEN
CHOP_2015_2016,DISCOVERY,CORRECTION_BEAR,2015-12-15,4,4,25.0,100.0,0.0,0.0,-8.904371367120955,YELLOW
CHOP_2015_2016,DISCOVERY,CORRECTION_BEAR,2016-01-12,4,4,75.0,75.0,0.0,0.0,0.8922814872479756,YELLOW
CHOP_2015_2016,DISCOVERY,CORRECTION_BEAR,2016-04-25,4,4,25.0,50.0,75.0,25.0,1.5684741208904316,GREEN
BULL_2017,DISCOVERY,BULL,2017-01-05,4,4,75.0,50.0,25.0,25.0,-3.2905152684547025,GREEN
BULL_2017,DISCOVERY,BULL,2017-02-03,4,4,25.0,25.0,100.0,75.0,2.940431296127638,GREEN
BULL_2017,DISCOVERY,BULL,2017-03-28,4,4,75.0,75.0,25.0,25.0,-1.329331642848061,GREEN
BULL_2017,DISCOVERY,BULL,2017-04-11,4,4,100.0,100.0,0.0,0.0,-0.9083568000040704,GREEN
BULL_2017,DISCOVERY,BULL,2017-11-02,4,4,50.0,25.0,75.0,75.0,7.082142911112143,GREEN
VALIDATION_2018,VALIDATION,CORRECTION_BEAR,2018-02-12,4,4,50.0,25.0,100.0,50.0,0.9213962880971789,GREEN
VALIDATION_2018,VALIDATION,CORRECTION_BEAR,2018-03-27,4,4,75.0,50.0,75.0,25.0,0.1584612011310688,GREEN
VALIDATION_2018,VALIDATION,CORRECTION_BEAR,2018-07-02,4,4,100.0,25.0,75.0,50.0,6.8278348162157325,GREEN
VALIDATION_2018,VALIDATION,CORRECTION_BEAR,2018-10-30,4,4,50.0,0.0,100.0,100.0,6.388132736931135,YELLOW
VALIDATION_2019,VALIDATION,BULL,2019-05-16,4,4,50.0,100.0,25.0,0.0,0.4900361860034147,GREEN
VALIDATION_2019,VALIDATION,BULL,2019-06-03,4,4,25.0,0.0,100.0,75.0,6.740192719795607,YELLOW
VALIDATION_2019,VALIDATION,BULL,2019-07-02,4,4,25.0,50.0,25.0,25.0,-1.5591050400821926,GREEN
VALIDATION_2019,VALIDATION,BULL,2019-09-19,4,4,100.0,75.0,50.0,25.0,-0.0073867613220339745,GREEN
VALIDATION_2019,VALIDATION,BULL,2019-10-07,4,4,100.0,0.0,100.0,75.0,6.541776381918352,GREEN
VALIDATION_2019,VALIDATION,BULL,2019-12-05,4,4,0.0,25.0,25.0,25.0,-0.3631987791242133,GREEN
COVID_2020,DISCOVERY,CRISIS,2020-01-15,4,4,50.0,100.0,25.0,0.0,-7.104548280663886,GREEN
COVID_2020,DISCOVERY,CRISIS,2020-09-09,4,4,0.0,50.0,75.0,0.0,2.087599061020634,GREEN
VALIDATION_2021,VALIDATION,BULL,2021-05-24,4,4,25.0,100.0,50.0,0.0,-3.231921176685901,GREEN
VALIDATION_2021,VALIDATION,BULL,2021-06-23,4,4,100.0,25.0,75.0,50.0,4.11000683080377,GREEN
VALIDATION_2021,VALIDATION,BULL,2021-06-28,4,4,100.0,50.0,50.0,0.0,0.9847274360672897,GREEN
VALIDATION_2021,VALIDATION,BULL,2021-10-06,4,4,100.0,0.0,100.0,50.0,6.732403691445294,GREEN
VALIDATION_2021,VALIDATION,BULL,2021-10-07,4,4,100.0,25.0,75.0,75.0,7.006511734995757,GREEN
VALIDATION_2021,VALIDATION,BULL,2021-12-07,4,4,75.0,50.0,50.0,50.0,-1.649503975136446,GREEN
BEAR_2022,DISCOVERY,CORRECTION_BEAR,2022-01-12,4,4,75.0,100.0,0.0,0.0,-5.770280683863939,GREEN
BEAR_2022,DISCOVERY,CORRECTION_BEAR,2022-02-01,4,4,100.0,75.0,0.0,0.0,-8.917601561992688,GREEN
BEAR_2022,DISCOVERY,CORRECTION_BEAR,2022-02-28,4,4,100.0,25.0,75.0,75.0,8.012687255075557,YELLOW
VALIDATION_2023_2024,VALIDATION,BULL,2023-03-15,4,4,50.0,25.0,75.0,75.0,7.71482090480386,YELLOW
VALIDATION_2023_2024,VALIDATION,BULL,2023-08-22,4,4,100.0,25.0,75.0,50.0,-0.113795377825046,GREEN
VALIDATION_2023_2024,VALIDATION,BULL,2023-08-24,4,4,75.0,75.0,50.0,0.0,-5.2765675373193694,GREEN
VALIDATION_2023_2024,VALIDATION,BULL,2023-09-29,4,4,100.0,100.0,50.0,25.0,-5.87247080313856,GREEN
VALIDATION_2023_2024,VALIDATION,BULL,2023-10-05,4,4,100.0,75.0,50.0,25.0,0.7812288444108805,GREEN
VALIDATION_2023_2024,VALIDATION,BULL,2024-04-05,4,4,25.0,100.0,0.0,0.0,-3.826296659821216,GREEN
VALIDATION_2023_2024,VALIDATION,BULL,2024-04-09,4,4,50.0,100.0,0.0,0.0,-0.7787762041429809,GREEN
VALIDATION_2023_2024,VALIDATION,BULL,2024-04-22,4,4,100.0,25.0,75.0,75.0,4.436263295296838,GREEN
VALIDATION_2023_2024,VALIDATION,BULL,2024-07-08,4,4,50.0,25.0,75.0,75.0,6.9495306662025556,GREEN
VALIDATION_2023_2024,VALIDATION,BULL,2024-07-10,4,4,50.0,50.0,100.0,75.0,1.5573685871774847,GREEN
VALIDATION_2023_2024,VALIDATION,BULL,2024-09-11,4,4,75.0,0.0,100.0,100.0,10.735902099761779,GREEN
VALIDATION_2023_2024,VALIDATION,BULL,2024-10-08,4,4,0.0,75.0,75.0,0.0,-0.7590344327626425,GREEN
VALIDATION_2023_2024,VALIDATION,BULL,2024-10-11,4,4,50.0,75.0,75.0,25.0,0.8782122320953933,GREEN
VALIDATION_2023_2024,VALIDATION,BULL,2024-11-08,4,4,75.0,50.0,50.0,25.0,-0.09377245675019363,GREEN
GFC_2007_2009,DISCOVERY,CRISIS,2007-08-06,3,3,66.66666666666666,33.33333333333333,100.0,100.0,-1.768920012198997,GREEN
GFC_2007_2009,DISCOVERY,CRISIS,2007-08-07,3,3,100.0,100.0,33.33333333333333,0.0,-0.6397138446056864,GREEN
GFC_2007_2009,DISCOVERY,CRISIS,2007-08-08,3,3,100.0,33.33333333333333,66.66666666666666,66.66666666666666,-1.0265436924567901,GREEN
GFC_2007_2009,DISCOVERY,CRISIS,2009-06-29,3,3,100.0,100.0,0.0,0.0,6.034790440229059,GREEN
GFC_2007_2009,DISCOVERY,CRISIS,2009-08-17,3,3,33.33333333333333,0.0,100.0,100.0,5.4787989806906205,GREEN
GFC_2007_2009,DISCOVERY,CRISIS,2009-08-20,3,3,33.33333333333333,33.33333333333333,66.66666666666666,33.33333333333333,7.471993497237551,GREEN
GFC_2007_2009,DISCOVERY,CRISIS,2009-09-04,3,3,0.0,33.33333333333333,100.0,66.66666666666666,2.4460994411423544,GREEN
GFC_2007_2009,DISCOVERY,CRISIS,2009-09-08,3,3,66.66666666666666,0.0,100.0,100.0,2.989654320482915,GREEN
GFC_2007_2009,DISCOVERY,CRISIS,2009-10-29,3,3,0.0,33.33333333333333,66.66666666666666,33.33333333333333,3.8890711284805257,GREEN
GFC_2007_2009,DISCOVERY,CRISIS,2009-11-04,3,3,66.66666666666666,0.0,100.0,100.0,6.055000837396984,GREEN
BULL_2013_2014,DISCOVERY,BULL,2013-02-20,3,3,66.66666666666666,0.0,100.0,66.66666666666666,5.319402618244062,GREEN
BULL_2013_2014,DISCOVERY,BULL,2013-02-27,3,3,33.33333333333333,0.0,100.0,66.66666666666666,2.3595990767687334,GREEN
BULL_2013_2014,DISCOVERY,BULL,2013-02-28,3,3,100.0,0.0,100.0,66.66666666666666,3.6975413165377673,GREEN
BULL_2013_2014,DISCOVERY,BULL,2013-03-28,3,3,33.33333333333333,66.66666666666666,66.66666666666666,33.33333333333333,5.166182716797189,GREEN
BULL_2013_2014,DISCOVERY,BULL,2013-04-08,3,3,66.66666666666666,66.66666666666666,66.66666666666666,33.33333333333333,3.8091664577708073,GREEN
BULL_2013_2014,DISCOVERY,BULL,2013-04-10,3,3,33.33333333333333,33.33333333333333,33.33333333333333,33.33333333333333,8.638854923863507,GREEN
BULL_2013_2014,DISCOVERY,BULL,2013-05-03,3,3,100.0,33.33333333333333,100.0,33.33333333333333,-2.2623471030480755,GREEN
BULL_2013_2014,DISCOVERY,BULL,2013-06-05,3,3,66.66666666666666,33.33333333333333,100.0,66.66666666666666,3.874855703867682,GREEN
BULL_2013_2014,DISCOVERY,BULL,2013-06-26,3,3,0.0,0.0,100.0,100.0,7.185157653838373,GREEN
BULL_2013_2014,DISCOVERY,BULL,2013-07-29,3,3,33.33333333333333,100.0,66.66666666666666,0.0,-4.07785032636997,GREEN
BULL_2013_2014,DISCOVERY,BULL,2013-08-20,3,3,0.0,33.33333333333333,66.66666666666666,66.66666666666666,2.2268397308751777,GREEN
BULL_2013_2014,DISCOVERY,BULL,2013-08-26,3,3,100.0,100.0,0.0,0.0,8.461584784433736,GREEN
BULL_2013_2014,DISCOVERY,BULL,2013-10-09,3,3,66.66666666666666,0.0,100.0,100.0,6.691670957069603,GREEN
BULL_2013_2014,DISCOVERY,BULL,2013-11-08,3,3,0.0,33.33333333333333,66.66666666666666,33.33333333333333,2.248574041918694,GREEN
BULL_2013_2014,DISCOVERY,BULL,2013-12-19,3,3,100.0,66.66666666666666,66.66666666666666,0.0,-1.2738940722042402,GREEN
BULL_2013_2014,DISCOVERY,BULL,2014-01-16,3,3,66.66666666666666,100.0,0.0,0.0,-1.8221992522966337,GREEN
BULL_2013_2014,DISCOVERY,BULL,2014-02-07,3,3,100.0,0.0,100.0,66.66666666666666,6.47790817116091,GREEN
BULL_2013_2014,DISCOVERY,BULL,2014-05-09,3,3,100.0,66.66666666666666,33.33333333333333,33.33333333333333,2.231460394303545,GREEN
BULL_2013_2014,DISCOVERY,BULL,2014-06-27,3,3,0.0,33.33333333333333,66.66666666666666,0.0,-0.5491660653249649,GREEN
BULL_2013_2014,DISCOVERY,BULL,2014-07-14,3,3,33.33333333333333,100.0,0.0,0.0,-3.9488874283596007,GREEN
BULL_2013_2014,DISCOVERY,BULL,2014-07-15,3,3,66.66666666666666,100.0,0.0,0.0,-6.2252516745504805,GREEN
BULL_2013_2014,DISCOVERY,BULL,2014-07-18,3,3,0.0,100.0,0.0,0.0,-1.1501541480898212,GREEN
BULL_2013_2014,DISCOVERY,BULL,2014-08-07,3,3,100.0,0.0,66.66666666666666,0.0,0.9087793898280072,GREEN
BULL_2013_2014,DISCOVERY,BULL,2014-09-11,3,3,0.0,66.66666666666666,33.33333333333333,0.0,2.5397473996321005,GREEN
BULL_2013_2014,DISCOVERY,BULL,2014-10-06,3,3,66.66666666666666,100.0,0.0,0.0,5.091649360816905,GREEN
BULL_2013_2014,DISCOVERY,BULL,2014-10-15,3,3,66.66666666666666,33.33333333333333,66.66666666666666,66.66666666666666,15.300647312059304,YELLOW
BULL_2013_2014,DISCOVERY,BULL,2014-12-19,3,3,100.0,33.33333333333333,66.66666666666666,33.33333333333333,0.23569105199847673,GREEN
CHOP_2015_2016,DISCOVERY,CORRECTION_BEAR,2015-02-02,3,3,0.0,33.33333333333333,66.66666666666666,33.33333333333333,3.6348022721042095,GREEN
CHOP_2015_2016,DISCOVERY,CORRECTION_BEAR,2015-02-03,3,3,33.33333333333333,33.33333333333333,33.33333333333333,33.33333333333333,2.0776365676427857,GREEN
CHOP_2015_2016,DISCOVERY,CORRECTION_BEAR,2015-02-04,3,3,66.66666666666666,0.0,66.66666666666666,33.33333333333333,1.659624519533235,GREEN
CHOP_2015_2016,DISCOVERY,CORRECTION_BEAR,2015-03-12,3,3,33.33333333333333,66.66666666666666,33.33333333333333,33.33333333333333,1.0798753750887347,GREEN
CHOP_2015_2016,DISCOVERY,CORRECTION_BEAR,2015-03-18,3,3,100.0,0.0,33.33333333333333,0.0,-0.9875182986907003,GREEN
CHOP_2015_2016,DISCOVERY,CORRECTION_BEAR,2015-08-28,3,3,100.0,66.66666666666666,66.66666666666666,0.0,-9.024408282516061,YELLOW
CHOP_2015_2016,DISCOVERY,CORRECTION_BEAR,2015-12-16,3,3,33.33333333333333,100.0,0.0,0.0,-8.558510545278496,GREEN
CHOP_2015_2016,DISCOVERY,CORRECTION_BEAR,2016-04-26,3,3,66.66666666666666,33.33333333333333,100.0,33.33333333333333,-0.5000225216770532,GREEN
CHOP_2015_2016,DISCOVERY,CORRECTION_BEAR,2016-05-10,3,3,66.66666666666666,33.33333333333333,33.33333333333333,33.33333333333333,2.9234951662555964,GREEN
CHOP_2015_2016,DISCOVERY,CORRECTION_BEAR,2016-05-23,3,3,33.33333333333333,0.0,66.66666666666666,0.0,2.606776358316143,GREEN
CHOP_2015_2016,DISCOVERY,CORRECTION_BEAR,2016-05-24,3,3,66.66666666666666,33.33333333333333,33.33333333333333,33.33333333333333,0.5849438968718664,GREEN
CHOP_2015_2016,DISCOVERY,CORRECTION_BEAR,2016-08-05,3,3,33.33333333333333,0.0,33.33333333333333,33.33333333333333,1.0906650407473888,GREEN
CHOP_2015_2016,DISCOVERY,CORRECTION_BEAR,2016-08-29,3,3,0.0,100.0,0.0,0.0,0.4812214162783546,GREEN
CHOP_2015_2016,DISCOVERY,CORRECTION_BEAR,2016-08-30,3,3,66.66666666666666,100.0,0.0,0.0,-2.5289296881194816,GREEN
CHOP_2015_2016,DISCOVERY,CORRECTION_BEAR,2016-09-14,3,3,0.0,66.66666666666666,100.0,33.33333333333333,0.4425463674496329,GREEN
CHOP_2015_2016,DISCOVERY,CORRECTION_BEAR,2016-09-20,3,3,100.0,100.0,66.66666666666666,33.33333333333333,-3.9882691378877975,GREEN
CHOP_2015_2016,DISCOVERY,CORRECTION_BEAR,2016-10-17,3,3,66.66666666666666,33.33333333333333,66.66666666666666,66.66666666666666,9.27601253404353,GREEN
CHOP_2015_2016,DISCOVERY,CORRECTION_BEAR,2016-10-20,3,3,66.66666666666666,33.33333333333333,100.0,33.33333333333333,6.9005408483687605,GREEN
CHOP_2015_2016,DISCOVERY,CORRECTION_BEAR,2016-10-24,3,3,33.33333333333333,66.66666666666666,33.33333333333333,33.33333333333333,4.557138203651742,GREEN
CHOP_2015_2016,DISCOVERY,CORRECTION_BEAR,2016-10-26,3,3,100.0,100.0,0.0,0.0,-1.5760689001406736,GREEN
CHOP_2015_2016,DISCOVERY,CORRECTION_BEAR,2016-10-28,3,3,66.66666666666666,0.0,100.0,100.0,7.8499864744973875,GREEN
CHOP_2015_2016,DISCOVERY,CORRECTION_BEAR,2016-11-07,3,3,66.66666666666666,33.33333333333333,100.0,33.33333333333333,5.309904287167288,GREEN
BULL_2017,DISCOVERY,BULL,2017-01-04,3,3,100.0,100.0,0.0,0.0,-3.8080164094820588,GREEN
BULL_2017,DISCOVERY,BULL,2017-02-07,3,3,66.66666666666666,0.0,66.66666666666666,66.66666666666666,4.77220331649962,GREEN
BULL_2017,DISCOVERY,BULL,2017-03-13,3,3,33.33333333333333,33.33333333333333,66.66666666666666,33.33333333333333,1.939414018558228,GREEN
BULL_2017,DISCOVERY,BULL,2017-04-20,3,3,66.66666666666666,66.66666666666666,66.66666666666666,0.0,-2.235102339514372,GREEN
BULL_2017,DISCOVERY,BULL,2017-05-23,3,3,100.0,33.33333333333333,66.66666666666666,33.33333333333333,0.886262367061785,GREEN
BULL_2017,DISCOVERY,BULL,2017-08-15,3,3,100.0,0.0,33.33333333333333,33.33333333333333,2.5684331167807217,GREEN
BULL_2017,DISCOVERY,BULL,2017-08-22,3,3,0.0,33.33333333333333,66.66666666666666,33.33333333333333,7.396216064679159,GREEN
BULL_2017,DISCOVERY,BULL,2017-08-30,3,3,66.66666666666666,66.66666666666666,33.33333333333333,0.0,2.070477163025323,GREEN
BULL_2017,DISCOVERY,BULL,2017-09-08,3,3,0.0,33.33333333333333,33.33333333333333,33.33333333333333,0.06896760325406308,GREEN
BULL_2017,DISCOVERY,BULL,2017-12-28,3,3,100.0,0.0,100.0,66.66666666666666,4.727814479824333,GREEN
VALIDATION_2018,VALIDATION,CORRECTION_BEAR,2018-06-29,3,3,100.0,33.33333333333333,100.0,66.66666666666666,3.2998010651878826,GREEN
VALIDATION_2018,VALIDATION,CORRECTION_BEAR,2018-07-06,3,3,100.0,0.0,100.0,66.66666666666666,5.978518209583217,GREEN
VALIDATION_2018,VALIDATION,CORRECTION_BEAR,2018-07-09,3,3,100.0,0.0,100.0,66.66666666666666,3.4324387427677148,GREEN
VALIDATION_2018,VALIDATION,CORRECTION_BEAR,2018-10-01,3,3,100.0,66.66666666666666,33.33333333333333,0.0,-1.9757110190859464,GREEN
VALIDATION_2018,VALIDATION,CORRECTION_BEAR,2018-10-02,3,3,66.66666666666666,100.0,0.0,0.0,-2.68126717147128,GREEN
VALIDATION_2018,VALIDATION,CORRECTION_BEAR,2018-10-17,3,3,66.66666666666666,33.33333333333333,66.66666666666666,66.66666666666666,3.74415654817224,GREEN
VALIDATION_2018,VALIDATION,CORRECTION_BEAR,2018-10-18,3,3,100.0,100.0,0.0,0.0,1.7696780026083658,GREEN
VALIDATION_2018,VALIDATION,CORRECTION_BEAR,2018-11-26,3,3,0.0,100.0,100.0,33.33333333333333,-10.242476865938244,YELLOW
VALIDATION_2019,VALIDATION,BULL,2019-05-10,3,3,0.0,100.0,0.0,0.0,-0.8582058463042314,GREEN
VALIDATION_2019,VALIDATION,BULL,2019-05-17,3,3,100.0,66.66666666666666,33.33333333333333,33.33333333333333,4.313240988310344,GREEN
VALIDATION_2019,VALIDATION,BULL,2019-06-05,3,3,33.33333333333333,0.0,100.0,66.66666666666666,6.36010515215569,GREEN
VALIDATION_2019,VALIDATION,BULL,2019-07-01,3,3,33.33333333333333,0.0,66.66666666666666,33.33333333333333,4.4478963551374955,GREEN
VALIDATION_2019,VALIDATION,BULL,2019-07-26,3,3,0.0,100.0,0.0,0.0,1.9089649350663709,GREEN
VALIDATION_2019,VALIDATION,BULL,2019-08-02,3,3,33.33333333333333,33.33333333333333,66.66666666666666,33.33333333333333,3.6288032953162523,GREEN
VALIDATION_2019,VALIDATION,BULL,2019-08-06,3,3,0.0,33.33333333333333,100.0,100.0,5.469029516223056,GREEN
VALIDATION_2019,VALIDATION,BULL,2019-10-18,3,3,66.66666666666666,100.0,33.33333333333333,0.0,-4.787715817640818,GREEN
VALIDATION_2019,VALIDATION,BULL,2019-10-30,3,3,33.33333333333333,66.66666666666666,0.0,0.0,-2.012075199689415,GREEN
VALIDATION_2019,VALIDATION,BULL,2019-11-26,3,3,100.0,33.33333333333333,66.66666666666666,0.0,0.942591038200491,GREEN
VALIDATION_2019,VALIDATION,BULL,2019-11-27,3,3,66.66666666666666,66.66666666666666,33.33333333333333,0.0,-0.5078655965942888,GREEN
COVID_2020,DISCOVERY,CRISIS,2020-01-09,3,3,100.0,66.66666666666666,66.66666666666666,66.66666666666666,3.449806339439417,GREEN
COVID_2020,DISCOVERY,CRISIS,2020-01-10,3,3,66.66666666666666,33.33333333333333,100.0,33.33333333333333,-0.9285268539865186,GREEN
COVID_2020,DISCOVERY,CRISIS,2020-01-14,3,3,100.0,66.66666666666666,33.33333333333333,33.33333333333333,-0.040786239987940696,GREEN
COVID_2020,DISCOVERY,CRISIS,2020-02-04,3,3,66.66666666666666,66.66666666666666,100.0,100.0,-5.799737014699173,GREEN
COVID_2020,DISCOVERY,CRISIS,2020-02-05,3,3,100.0,100.0,0.0,0.0,-15.844168616871109,GREEN
COVID_2020,DISCOVERY,CRISIS,2020-03-04,3,3,33.33333333333333,100.0,0.0,0.0,-30.70177954358842,GREEN
COVID_2020,DISCOVERY,CRISIS,2020-09-15,3,3,66.66666666666666,100.0,0.0,0.0,1.4560468827597575,GREEN
VALIDATION_2021,VALIDATION,BULL,2021-02-01,3,3,0.0,33.33333333333333,100.0,100.0,7.313368178324989,GREEN
VALIDATION_2021,VALIDATION,BULL,2021-02-02,3,3,100.0,33.33333333333333,66.66666666666666,66.66666666666666,3.1040797896837216,GREEN
VALIDATION_2021,VALIDATION,BULL,2021-02-08,3,3,66.66666666666666,33.33333333333333,100.0,66.66666666666666,1.9029171683409523,GREEN
VALIDATION_2021,VALIDATION,BULL,2021-03-02,3,3,33.33333333333333,100.0,0.0,0.0,6.728941893651857,GREEN
VALIDATION_2021,VALIDATION,BULL,2021-03-25,3,3,66.66666666666666,0.0,66.66666666666666,33.33333333333333,1.589045671797858,GREEN
VALIDATION_2021,VALIDATION,BULL,2021-06-15,3,3,33.33333333333333,100.0,0.0,0.0,2.9327213784663484,GREEN
VALIDATION_2021,VALIDATION,BULL,2021-06-21,3,3,66.66666666666666,0.0,66.66666666666666,0.0,2.5257968924006815,GREEN
VALIDATION_2021,VALIDATION,BULL,2021-06-25,3,3,66.66666666666666,66.66666666666666,33.33333333333333,33.33333333333333,-1.996935946404783,GREEN
VALIDATION_2021,VALIDATION,BULL,2021-07-21,3,3,66.66666666666666,0.0,66.66666666666666,33.33333333333333,-3.989010534553646,GREEN
VALIDATION_2021,VALIDATION,BULL,2021-08-11,3,3,66.66666666666666,100.0,0.0,0.0,-2.5401970479867324,GREEN
VALIDATION_2021,VALIDATION,BULL,2021-08-16,3,3,66.66666666666666,100.0,0.0,0.0,-3.5481342273908836,GREEN
VALIDATION_2021,VALIDATION,BULL,2021-08-24,3,3,33.33333333333333,100.0,0.0,0.0,-8.222619537105347,GREEN
VALIDATION_2021,VALIDATION,BULL,2021-09-15,3,3,0.0,66.66666666666666,0.0,0.0,-1.7413884917786324,GREEN
VALIDATION_2021,VALIDATION,BULL,2021-09-22,3,3,33.33333333333333,100.0,0.0,0.0,1.785033475773797,GREEN
VALIDATION_2021,VALIDATION,BULL,2021-10-04,3,3,100.0,0.0,100.0,100.0,9.582074789197621,GREEN
VALIDATION_2021,VALIDATION,BULL,2021-11-23,3,3,33.33333333333333,100.0,0.0,0.0,-1.3242665755389718,GREEN
VALIDATION_2023_2024,VALIDATION,BULL,2023-02-02,3,3,66.66666666666666,100.0,33.33333333333333,0.0,-3.432129955189108,GREEN
VALIDATION_2023_2024,VALIDATION,BULL,2023-02-13,3,3,33.33333333333333,100.0,0.0,0.0,-1.7483679258355005,GREEN
VALIDATION_2023_2024,VALIDATION,BULL,2023-03-20,3,3,66.66666666666666,33.33333333333333,66.66666666666666,33.33333333333333,4.078382909607085,GREEN
VALIDATION_2023_2024,VALIDATION,BULL,2023-03-27,3,3,66.66666666666666,0.0,100.0,100.0,-0.1171474215210615,GREEN
VALIDATION_2023_2024,VALIDATION,BULL,2023-03-29,3,3,66.66666666666666,33.33333333333333,100.0,66.66666666666666,3.078621946883283,GREEN
VALIDATION_2023_2024,VALIDATION,BULL,2023-04-28,3,3,66.66666666666666,66.66666666666666,33.33333333333333,33.33333333333333,-5.079092717847511,GREEN
VALIDATION_2023_2024,VALIDATION,BULL,2023-07-20,3,3,66.66666666666666,33.33333333333333,66.66666666666666,66.66666666666666,-0.5207596804507889,GREEN
VALIDATION_2023_2024,VALIDATION,BULL,2023-08-11,3,3,66.66666666666666,33.33333333333333,66.66666666666666,33.33333333333333,0.2649489875915811,GREEN
VALIDATION_2023_2024,VALIDATION,BULL,2023-10-06,3,3,66.66666666666666,33.33333333333333,66.66666666666666,33.33333333333333,2.604229539768824,GREEN
VALIDATION_2023_2024,VALIDATION,BULL,2023-11-02,3,3,100.0,33.33333333333333,66.66666666666666,66.66666666666666,4.620695941118088,GREEN
VALIDATION_2023_2024,VALIDATION,BULL,2023-11-03,3,3,100.0,0.0,100.0,100.0,4.225524135796703,GREEN
VALIDATION_2023_2024,VALIDATION,BULL,2024-01-19,3,3,66.66666666666666,0.0,100.0,66.66666666666666,4.573054082582277,GREEN
VALIDATION_2023_2024,VALIDATION,BULL,2024-02-08,3,3,66.66666666666666,33.33333333333333,33.33333333333333,33.33333333333333,2.952580346272778,GREEN
VALIDATION_2023_2024,VALIDATION,BULL,2024-02-20,3,3,100.0,0.0,33.33333333333333,33.33333333333333,0.4984499610511321,GREEN
VALIDATION_2023_2024,VALIDATION,BULL,2024-03-20,3,3,33.33333333333333,100.0,0.0,0.0,-5.58521773359318,GREEN
VALIDATION_2023_2024,VALIDATION,BULL,2024-04-17,3,3,33.33333333333333,33.33333333333333,66.66666666666666,66.66666666666666,0.6557169649342534,GREEN
VALIDATION_2023_2024,VALIDATION,BULL,2024-04-18,3,3,66.66666666666666,33.33333333333333,33.33333333333333,33.33333333333333,-2.9898440937892663,GREEN
VALIDATION_2023_2024,VALIDATION,BULL,2024-04-24,3,3,100.0,66.66666666666666,33.33333333333333,33.33333333333333,4.447627512648104,GREEN
VALIDATION_2023_2024,VALIDATION,BULL,2024-04-25,3,3,100.0,66.66666666666666,66.66666666666666,66.66666666666666,1.7313995355068428,GREEN
VALIDATION_2023_2024,VALIDATION,BULL,2024-06-04,3,3,66.66666666666666,66.66666666666666,33.33333333333333,33.33333333333333,-3.9623767500378917,GREEN
VALIDATION_2023_2024,VALIDATION,BULL,2024-06-21,3,3,66.66666666666666,33.33333333333333,66.66666666666666,66.66666666666666,1.249473899060786,GREEN
VALIDATION_2023_2024,VALIDATION,BULL,2024-07-05,3,3,33.33333333333333,66.66666666666666,33.33333333333333,33.33333333333333,2.1323893201665687,GREEN
VALIDATION_2023_2024,VALIDATION,BULL,2024-10-10,3,3,100.0,66.66666666666666,100.0,33.33333333333333,1.3243772871850044,GREEN
VALIDATION_2023_2024,VALIDATION,BULL,2024-11-19,3,3,100.0,66.66666666666666,100.0,66.66666666666666,-6.327946472724137,GREEN
VALIDATION_2023_2024,VALIDATION,BULL,2024-12-13,3,3,66.66666666666666,100.0,0.0,0.0,-5.783673500372433,GREEN
VALIDATION_2023_2024,VALIDATION,BULL,2024-12-20,3,3,100.0,33.33333333333333,66.66666666666666,66.66666666666666,5.584779402829336,GREEN
GFC_2007_2009,DISCOVERY,CRISIS,2007-09-04,2,2,100.0,0.0,100.0,100.0,4.875439741602161,GREEN
GFC_2007_2009,DISCOVERY,CRISIS,2007-09-13,2,2,0.0,50.0,100.0,50.0,1.6538883325875107,GREEN
GFC_2007_2009,DISCOVERY,CRISIS,2007-09-20,2,2,50.0,50.0,0.0,0.0,-4.247349590424648,GREEN
GFC_2007_2009,DISCOVERY,CRISIS,2007-10-23,2,2,50.0,50.0,100.0,100.0,-0.005133660163836318,GREEN
GFC_2007_2009,DISCOVERY,CRISIS,2007-10-25,2,2,50.0,50.0,50.0,0.0,-6.710933990396701,GREEN
GFC_2007_2009,DISCOVERY,CRISIS,2009-09-28,2,2,0.0,100.0,0.0,0.0,-3.986999433318289,GREEN
GFC_2007_2009,DISCOVERY,CRISIS,2009-09-29,2,2,50.0,50.0,50.0,50.0,-4.560383420013148,GREEN
GFC_2007_2009,DISCOVERY,CRISIS,2009-10-05,2,2,0.0,50.0,100.0,100.0,-5.245414543707511,GREEN
GFC_2007_2009,DISCOVERY,CRISIS,2009-10-07,2,2,50.0,50.0,100.0,50.0,0.24669146531566266,GREEN
GFC_2007_2009,DISCOVERY,CRISIS,2009-10-08,2,2,50.0,100.0,50.0,0.0,3.002447599156821,GREEN
GFC_2007_2009,DISCOVERY,CRISIS,2009-11-02,2,2,0.0,50.0,100.0,50.0,4.7042358582504935,GREEN
GFC_2007_2009,DISCOVERY,CRISIS,2009-11-03,2,2,50.0,0.0,100.0,50.0,0.05393000865123743,GREEN
GFC_2007_2009,DISCOVERY,CRISIS,2009-12-02,2,2,100.0,100.0,0.0,0.0,4.607442355652713,GREEN
GFC_2007_2009,DISCOVERY,CRISIS,2009-12-11,2,2,100.0,0.0,50.0,0.0,1.105988291137494,GREEN
BULL_2013_2014,DISCOVERY,BULL,2013-05-01,2,2,50.0,0.0,100.0,100.0,3.2074384350984086,GREEN
BULL_2013_2014,DISCOVERY,BULL,2013-05-02,2,2,50.0,50.0,50.0,50.0,0.01928819108678037,GREEN
BULL_2013_2014,DISCOVERY,BULL,2013-05-24,2,2,50.0,100.0,0.0,0.0,-6.490505514720507,GREEN
BULL_2013_2014,DISCOVERY,BULL,2013-05-28,2,2,50.0,100.0,0.0,0.0,-3.230594593228026,GREEN
BULL_2013_2014,DISCOVERY,BULL,2013-08-21,2,2,50.0,0.0,100.0,100.0,5.178223624182499,GREEN
BULL_2013_2014,DISCOVERY,BULL,2013-08-28,2,2,100.0,0.0,50.0,0.0,-0.20820562064104986,GREEN
BULL_2013_2014,DISCOVERY,BULL,2013-10-02,2,2,100.0,50.0,50.0,50.0,13.937241409137236,GREEN
BULL_2013_2014,DISCOVERY,BULL,2013-12-09,2,2,100.0,100.0,0.0,0.0,-0.4719767969333766,GREEN
BULL_2013_2014,DISCOVERY,BULL,2013-12-10,2,2,50.0,50.0,50.0,50.0,7.256024138863715,GREEN
BULL_2013_2014,DISCOVERY,BULL,2013-12-17,2,2,50.0,0.0,100.0,100.0,1.723896256943358,GREEN
BULL_2013_2014,DISCOVERY,BULL,2013-12-24,2,2,100.0,100.0,0.0,0.0,-3.7655704541489365,GREEN
BULL_2013_2014,DISCOVERY,BULL,2014-01-30,2,2,50.0,100.0,0.0,0.0,3.689149293135896,GREEN
BULL_2013_2014,DISCOVERY,BULL,2014-01-31,2,2,50.0,100.0,0.0,0.0,8.469271969890425,GREEN
BULL_2013_2014,DISCOVERY,BULL,2014-03-25,2,2,0.0,0.0,100.0,50.0,3.7658066194646844,GREEN
BULL_2013_2014,DISCOVERY,BULL,2014-03-26,2,2,50.0,100.0,100.0,50.0,-1.601499081969693,GREEN
BULL_2013_2014,DISCOVERY,BULL,2014-03-31,2,2,50.0,100.0,50.0,0.0,0.1572220722057649,GREEN
BULL_2013_2014,DISCOVERY,BULL,2014-05-12,2,2,50.0,50.0,50.0,50.0,4.206294831759438,GREEN
BULL_2013_2014,DISCOVERY,BULL,2014-05-21,2,2,50.0,50.0,0.0,0.0,3.045335070668209,GREEN
BULL_2013_2014,DISCOVERY,BULL,2014-05-27,2,2,50.0,50.0,50.0,0.0,-0.6801647732768036,GREEN
BULL_2013_2014,DISCOVERY,BULL,2014-05-29,2,2,50.0,0.0,100.0,50.0,3.767754301942572,GREEN
BULL_2013_2014,DISCOVERY,BULL,2014-05-30,2,2,100.0,100.0,0.0,0.0,-1.1833592074675492,GREEN
BULL_2013_2014,DISCOVERY,BULL,2014-06-18,2,2,0.0,50.0,50.0,0.0,0.5547526406508518,GREEN
BULL_2013_2014,DISCOVERY,BULL,2014-07-01,2,2,50.0,100.0,50.0,0.0,-3.465328942544499,GREEN
BULL_2013_2014,DISCOVERY,BULL,2014-07-02,2,2,50.0,50.0,50.0,50.0,-1.8055322517487318,GREEN
BULL_2013_2014,DISCOVERY,BULL,2014-07-22,2,2,50.0,50.0,50.0,50.0,3.2769342090096076,GREEN
BULL_2013_2014,DISCOVERY,BULL,2014-08-04,2,2,0.0,0.0,100.0,100.0,4.747790551556951,GREEN
BULL_2013_2014,DISCOVERY,BULL,2014-08-12,2,2,100.0,0.0,100.0,100.0,4.995699956460831,GREEN
BULL_2013_2014,DISCOVERY,BULL,2014-09-17,2,2,100.0,100.0,0.0,0.0,-9.568010054000137,GREEN
BULL_2013_2014,DISCOVERY,BULL,2014-10-02,2,2,50.0,0.0,100.0,100.0,11.447584595902615,GREEN
BULL_2013_2014,DISCOVERY,BULL,2014-10-20,2,2,50.0,0.0,100.0,100.0,12.999835291553618,GREEN
BULL_2013_2014,DISCOVERY,BULL,2014-12-03,2,2,0.0,100.0,0.0,0.0,-9.979320421134796,GREEN
CHOP_2015_2016,DISCOVERY,CORRECTION_BEAR,2015-01-08,2,2,50.0,100.0,0.0,0.0,1.385205479958296,GREEN
CHOP_2015_2016,DISCOVERY,CORRECTION_BEAR,2015-01-16,2,2,50.0,50.0,50.0,50.0,2.1836132605603407,GREEN
CHOP_2015_2016,DISCOVERY,CORRECTION_BEAR,2015-01-29,2,2,0.0,0.0,100.0,50.0,3.949589781339447,GREEN
CHOP_2015_2016,DISCOVERY,CORRECTION_BEAR,2015-04-22,2,2,50.0,100.0,0.0,0.0,-4.619376912908696,GREEN
CHOP_2015_2016,DISCOVERY,CORRECTION_BEAR,2015-04-23,2,2,100.0,100.0,0.0,0.0,-1.5786807929910163,GREEN
CHOP_2015_2016,DISCOVERY,CORRECTION_BEAR,2015-04-24,2,2,50.0,100.0,0.0,0.0,-3.16277952520928,GREEN
CHOP_2015_2016,DISCOVERY,CORRECTION_BEAR,2015-04-30,2,2,50.0,0.0,100.0,0.0,2.236097864139508,GREEN
CHOP_2015_2016,DISCOVERY,CORRECTION_BEAR,2015-07-09,2,2,50.0,50.0,50.0,0.0,-0.4267597088107917,GREEN
CHOP_2015_2016,DISCOVERY,CORRECTION_BEAR,2015-07-10,2,2,100.0,50.0,100.0,50.0,1.5812069774590765,GREEN
CHOP_2015_2016,DISCOVERY,CORRECTION_BEAR,2015-07-14,2,2,100.0,100.0,0.0,0.0,1.522065589858712,GREEN
CHOP_2015_2016,DISCOVERY,CORRECTION_BEAR,2015-08-25,2,2,0.0,0.0,100.0,50.0,0.9735496131416221,YELLOW
CHOP_2015_2016,DISCOVERY,CORRECTION_BEAR,2015-08-27,2,2,100.0,0.0,100.0,100.0,0.7022642836552739,YELLOW
CHOP_2015_2016,DISCOVERY,CORRECTION_BEAR,2015-12-23,2,2,100.0,100.0,0.0,0.0,-6.97497899067432,GREEN
CHOP_2015_2016,DISCOVERY,CORRECTION_BEAR,2016-01-14,2,2,50.0,100.0,50.0,0.0,3.003545278879361,YELLOW
CHOP_2015_2016,DISCOVERY,CORRECTION_BEAR,2016-05-03,2,2,50.0,50.0,50.0,50.0,4.8070607638578515,GREEN
CHOP_2015_2016,DISCOVERY,CORRECTION_BEAR,2016-05-04,2,2,50.0,0.0,0.0,0.0,1.1544596827819165,GREEN
CHOP_2015_2016,DISCOVERY,CORRECTION_BEAR,2016-05-20,2,2,50.0,50.0,100.0,100.0,-0.06588736653362881,GREEN
CHOP_2015_2016,DISCOVERY,CORRECTION_BEAR,2016-06-20,2,2,100.0,100.0,0.0,0.0,5.53152712230035,GREEN
CHOP_2015_2016,DISCOVERY,CORRECTION_BEAR,2016-08-09,2,2,50.0,0.0,50.0,0.0,0.7432528411065009,GREEN
CHOP_2015_2016,DISCOVERY,CORRECTION_BEAR,2016-08-12,2,2,100.0,100.0,0.0,0.0,-3.0968524843576812,GREEN
CHOP_2015_2016,DISCOVERY,CORRECTION_BEAR,2016-08-23,2,2,50.0,100.0,0.0,0.0,-5.571966432192681,GREEN
CHOP_2015_2016,DISCOVERY,CORRECTION_BEAR,2016-09-02,2,2,100.0,100.0,0.0,0.0,-3.550606823532876,GREEN
CHOP_2015_2016,DISCOVERY,CORRECTION_BEAR,2016-09-12,2,2,0.0,50.0,50.0,50.0,-2.424407998882433,GREEN
CHOP_2015_2016,DISCOVERY,CORRECTION_BEAR,2016-09-15,2,2,50.0,100.0,0.0,0.0,-3.081852734336432,GREEN
CHOP_2015_2016,DISCOVERY,CORRECTION_BEAR,2016-09-19,2,2,50.0,50.0,50.0,0.0,-3.1208870212363573,GREEN
CHOP_2015_2016,DISCOVERY,CORRECTION_BEAR,2016-09-23,2,2,100.0,100.0,0.0,0.0,-4.621595313223476,GREEN
CHOP_2015_2016,DISCOVERY,CORRECTION_BEAR,2016-10-18,2,2,100.0,100.0,100.0,0.0,0.08462076561004395,GREEN
CHOP_2015_2016,DISCOVERY,CORRECTION_BEAR,2016-10-19,2,2,100.0,100.0,0.0,0.0,-0.9082652473753896,GREEN
CHOP_2015_2016,DISCOVERY,CORRECTION_BEAR,2016-11-08,2,2,50.0,0.0,100.0,100.0,7.945728459141999,GREEN
CHOP_2015_2016,DISCOVERY,CORRECTION_BEAR,2016-11-09,2,2,50.0,50.0,50.0,50.0,9.178364518265315,GREEN
CHOP_2015_2016,DISCOVERY,CORRECTION_BEAR,2016-12-07,2,2,50.0,50.0,50.0,50.0,1.440040315345098,GREEN
BULL_2017,DISCOVERY,BULL,2017-02-08,2,2,0.0,50.0,100.0,50.0,-4.247557092661547,GREEN
BULL_2017,DISCOVERY,BULL,2017-03-15,2,2,50.0,100.0,0.0,0.0,-11.62823533832994,GREEN
BULL_2017,DISCOVERY,BULL,2017-03-29,2,2,100.0,50.0,50.0,50.0,1.4853086693428663,GREEN
BULL_2017,DISCOVERY,BULL,2017-04-07,2,2,100.0,100.0,50.0,0.0,-1.4723409989178315,GREEN
BULL_2017,DISCOVERY,BULL,2017-04-12,2,2,100.0,50.0,50.0,50.0,3.034415231000631,GREEN
BULL_2017,DISCOVERY,BULL,2017-05-05,2,2,50.0,0.0,100.0,100.0,4.3700593038984215,GREEN
BULL_2017,DISCOVERY,BULL,2017-05-16,2,2,100.0,50.0,50.0,50.0,3.132736759467769,GREEN
BULL_2017,DISCOVERY,BULL,2017-05-19,2,2,0.0,0.0,100.0,50.0,6.351517151008268,GREEN
BULL_2017,DISCOVERY,BULL,2017-05-22,2,2,0.0,50.0,50.0,50.0,2.5881188259378627,GREEN
BULL_2017,DISCOVERY,BULL,2017-06-28,2,2,50.0,50.0,0.0,0.0,0.6652508003188673,GREEN
BULL_2017,DISCOVERY,BULL,2017-06-30,2,2,50.0,50.0,0.0,0.0,0.5053893120586239,GREEN
BULL_2017,DISCOVERY,BULL,2017-07-11,2,2,0.0,50.0,50.0,50.0,-1.5424211324161052,GREEN
BULL_2017,DISCOVERY,BULL,2017-07-12,2,2,50.0,50.0,0.0,0.0,-0.4973311448389861,GREEN
BULL_2017,DISCOVERY,BULL,2017-07-13,2,2,50.0,0.0,100.0,50.0,4.067923495688264,GREEN
BULL_2017,DISCOVERY,BULL,2017-07-19,2,2,0.0,0.0,100.0,100.0,6.367541453122927,GREEN
BULL_2017,DISCOVERY,BULL,2017-08-03,2,2,100.0,50.0,50.0,50.0,3.227528117878109,GREEN
BULL_2017,DISCOVERY,BULL,2017-08-16,2,2,50.0,100.0,0.0,0.0,1.4457688604917807,GREEN
BULL_2017,DISCOVERY,BULL,2017-08-29,2,2,100.0,0.0,100.0,50.0,5.906174624620597,GREEN
BULL_2017,DISCOVERY,BULL,2017-08-31,2,2,50.0,100.0,0.0,0.0,-3.2331388481329713,GREEN
BULL_2017,DISCOVERY,BULL,2017-09-15,2,2,50.0,100.0,0.0,0.0,3.6082629615037494,GREEN
BULL_2017,DISCOVERY,BULL,2017-10-03,2,2,50.0,0.0,100.0,100.0,8.331198059120359,GREEN
BULL_2017,DISCOVERY,BULL,2017-11-08,2,2,0.0,0.0,100.0,50.0,3.7877611997210736,GREEN
BULL_2017,DISCOVERY,BULL,2017-11-09,2,2,0.0,50.0,100.0,50.0,9.520632226268743,GREEN
BULL_2017,DISCOVERY,BULL,2017-11-16,2,2,0.0,0.0,100.0,100.0,5.789568962137249,GREEN
BULL_2017,DISCOVERY,BULL,2017-11-17,2,2,100.0,0.0,100.0,50.0,4.793664116643582,GREEN
BULL_2017,DISCOVERY,BULL,2017-11-20,2,2,100.0,0.0,50.0,50.0,7.380744380773163,GREEN
BULL_2017,DISCOVERY,BULL,2017-12-19,2,2,100.0,0.0,100.0,50.0,3.9481830391033257,GREEN
BULL_2017,DISCOVERY,BULL,2017-12-27,2,2,50.0,50.0,100.0,0.0,2.182166248510098,GREEN
VALIDATION_2018,VALIDATION,CORRECTION_BEAR,2018-02-05,2,2,0.0,50.0,100.0,50.0,-1.6359419273516806,GREEN
VALIDATION_2018,VALIDATION,CORRECTION_BEAR,2018-02-23,2,2,50.0,100.0,0.0,0.0,-2.782088106658975,GREEN
VALIDATION_2018,VALIDATION,CORRECTION_BEAR,2018-03-29,2,2,50.0,50.0,100.0,50.0,0.4988314307217854,GREEN
VALIDATION_2018,VALIDATION,CORRECTION_BEAR,2018-04-05,2,2,100.0,50.0,100.0,50.0,-4.97095577758671,GREEN
VALIDATION_2018,VALIDATION,CORRECTION_BEAR,2018-05-03,2,2,100.0,0.0,100.0,50.0,3.258564222821825,GREEN
VALIDATION_2018,VALIDATION,CORRECTION_BEAR,2018-05-04,2,2,100.0,0.0,100.0,50.0,2.9040852825597874,GREEN
VALIDATION_2018,VALIDATION,CORRECTION_BEAR,2018-05-10,2,2,50.0,0.0,100.0,50.0,8.657389601417865,GREEN
VALIDATION_2018,VALIDATION,CORRECTION_BEAR,2018-06-08,2,2,100.0,50.0,50.0,50.0,6.159039400667916,GREEN
VALIDATION_2018,VALIDATION,CORRECTION_BEAR,2018-06-22,2,2,0.0,50.0,50.0,0.0,3.201342596447454,GREEN
VALIDATION_2018,VALIDATION,CORRECTION_BEAR,2018-08-02,2,2,0.0,0.0,100.0,100.0,8.200854245198542,GREEN
VALIDATION_2018,VALIDATION,CORRECTION_BEAR,2018-08-16,2,2,50.0,50.0,50.0,50.0,3.702413053244224,GREEN
VALIDATION_2018,VALIDATION,CORRECTION_BEAR,2018-08-21,2,2,100.0,50.0,50.0,0.0,0.5091616065276083,GREEN
VALIDATION_2018,VALIDATION,CORRECTION_BEAR,2018-10-03,2,2,100.0,50.0,50.0,50.0,2.957248642245153,GREEN
VALIDATION_2018,VALIDATION,CORRECTION_BEAR,2018-10-08,2,2,0.0,100.0,0.0,0.0,2.7140237222545496,GREEN
VALIDATION_2018,VALIDATION,CORRECTION_BEAR,2018-10-15,2,2,0.0,100.0,0.0,0.0,-2.497022713901914,GREEN
VALIDATION_2018,VALIDATION,CORRECTION_BEAR,2018-11-19,2,2,50.0,100.0,0.0,0.0,-5.863169571308657,YELLOW
VALIDATION_2018,VALIDATION,CORRECTION_BEAR,2018-11-29,2,2,100.0,100.0,50.0,0.0,-9.512720341146208,YELLOW
VALIDATION_2019,VALIDATION,BULL,2019-03-27,2,2,100.0,0.0,100.0,50.0,2.8606016504885923,GREEN
VALIDATION_2019,VALIDATION,BULL,2019-04-11,2,2,50.0,100.0,50.0,0.0,-0.6830372293792408,GREEN
VALIDATION_2019,VALIDATION,BULL,2019-04-15,2,2,50.0,50.0,0.0,0.0,-4.228102838687481,GREEN
VALIDATION_2019,VALIDATION,BULL,2019-04-24,2,2,100.0,0.0,50.0,0.0,0.3716778571264513,GREEN
VALIDATION_2019,VALIDATION,BULL,2019-04-29,2,2,0.0,50.0,50.0,50.0,3.0124255116404264,GREEN
VALIDATION_2019,VALIDATION,BULL,2019-05-21,2,2,50.0,0.0,100.0,100.0,8.125754946237464,GREEN
VALIDATION_2019,VALIDATION,BULL,2019-06-04,2,2,100.0,0.0,100.0,100.0,7.263816890179086,GREEN
VALIDATION_2019,VALIDATION,BULL,2019-07-23,2,2,0.0,100.0,0.0,0.0,-1.661569560880638,GREEN
VALIDATION_2019,VALIDATION,BULL,2019-10-25,2,2,100.0,100.0,0.0,0.0,-3.99448340475207,GREEN
VALIDATION_2019,VALIDATION,BULL,2019-10-29,2,2,100.0,0.0,100.0,50.0,7.004771651972995,GREEN
VALIDATION_2019,VALIDATION,BULL,2019-11-14,2,2,50.0,0.0,100.0,50.0,4.557343757681287,GREEN
VALIDATION_2019,VALIDATION,BULL,2019-11-15,2,2,100.0,50.0,50.0,0.0,1.4724460420352357,GREEN
COVID_2020,DISCOVERY,CRISIS,2020-01-08,2,2,50.0,50.0,50.0,50.0,9.133836284592311,GREEN
COVID_2020,DISCOVERY,CRISIS,2020-01-13,2,2,50.0,0.0,100.0,100.0,8.12686482283199,GREEN
COVID_2020,DISCOVERY,CRISIS,2020-01-16,2,2,0.0,100.0,0.0,0.0,-2.0680628167223434,GREEN
COVID_2020,DISCOVERY,CRISIS,2020-02-07,2,2,100.0,100.0,100.0,0.0,-3.8844207922708485,GREEN
COVID_2020,DISCOVERY,CRISIS,2020-02-11,2,2,50.0,100.0,50.0,0.0,-16.717594787191373,GREEN
COVID_2020,DISCOVERY,CRISIS,2020-03-25,2,2,100.0,0.0,100.0,100.0,9.529294094206442,YELLOW
COVID_2020,DISCOVERY,CRISIS,2020-08-12,2,2,50.0,100.0,0.0,0.0,-7.576269593857255,GREEN
COVID_2020,DISCOVERY,CRISIS,2020-09-18,2,2,100.0,100.0,0.0,0.0,2.75264534437043,GREEN
COVID_2020,DISCOVERY,CRISIS,2020-09-25,2,2,100.0,0.0,100.0,50.0,2.1064525142179824,GREEN
COVID_2020,DISCOVERY,CRISIS,2020-09-30,2,2,100.0,100.0,100.0,50.0,-6.960253951399214,GREEN
VALIDATION_2021,VALIDATION,BULL,2021-02-04,2,2,50.0,100.0,0.0,0.0,-7.141804524630242,GREEN
VALIDATION_2021,VALIDATION,BULL,2021-02-05,2,2,50.0,100.0,0.0,0.0,-0.7665042930754156,GREEN
VALIDATION_2021,VALIDATION,BULL,2021-02-19,2,2,50.0,50.0,50.0,50.0,8.421463360625037,GREEN
VALIDATION_2021,VALIDATION,BULL,2021-03-01,2,2,0.0,50.0,50.0,50.0,3.1054151460374877,GREEN
VALIDATION_2021,VALIDATION,BULL,2021-03-10,2,2,100.0,0.0,100.0,100.0,7.407097869232748,GREEN
VALIDATION_2021,VALIDATION,BULL,2021-05-14,2,2,0.0,50.0,50.0,0.0,3.8208279659645354,GREEN
VALIDATION_2021,VALIDATION,BULL,2021-05-17,2,2,100.0,100.0,0.0,0.0,-3.2178176999054227,GREEN
VALIDATION_2021,VALIDATION,BULL,2021-05-20,2,2,100.0,0.0,50.0,50.0,0.9561867718426376,GREEN
VALIDATION_2021,VALIDATION,BULL,2021-06-01,2,2,50.0,50.0,50.0,50.0,-0.09234857674343933,GREEN
VALIDATION_2021,VALIDATION,BULL,2021-06-04,2,2,100.0,50.0,50.0,50.0,1.1316994985036244,GREEN
VALIDATION_2021,VALIDATION,BULL,2021-06-24,2,2,100.0,100.0,0.0,0.0,-2.28777426940347,GREEN
VALIDATION_2021,VALIDATION,BULL,2021-07-02,2,2,100.0,100.0,0.0,0.0,-0.384818737208692,GREEN
VALIDATION_2021,VALIDATION,BULL,2021-07-09,2,2,50.0,100.0,0.0,0.0,-2.615086770984032,GREEN
VALIDATION_2021,VALIDATION,BULL,2021-08-13,2,2,50.0,50.0,0.0,0.0,-0.4619836431443869,GREEN
VALIDATION_2021,VALIDATION,BULL,2021-08-31,2,2,100.0,100.0,0.0,0.0,-4.723445261319171,GREEN
VALIDATION_2021,VALIDATION,BULL,2021-09-14,2,2,100.0,100.0,0.0,0.0,-2.2505601682546614,GREEN
VALIDATION_2021,VALIDATION,BULL,2021-09-30,2,2,100.0,50.0,50.0,50.0,3.3849274346301472,GREEN
VALIDATION_2021,VALIDATION,BULL,2021-10-05,2,2,50.0,0.0,100.0,50.0,14.080059527099287,GREEN
VALIDATION_2021,VALIDATION,BULL,2021-10-15,2,2,50.0,0.0,100.0,100.0,14.374132464750067,GREEN
VALIDATION_2021,VALIDATION,BULL,2021-11-08,2,2,50.0,100.0,0.0,0.0,-0.2905905479288484,GREEN
VALIDATION_2021,VALIDATION,BULL,2021-11-22,2,2,0.0,100.0,0.0,0.0,-2.099717942898849,GREEN
VALIDATION_2021,VALIDATION,BULL,2021-11-29,2,2,0.0,100.0,0.0,0.0,-0.7647357030537818,GREEN
VALIDATION_2021,VALIDATION,BULL,2021-12-02,2,2,0.0,0.0,100.0,100.0,5.912762876733257,GREEN
VALIDATION_2021,VALIDATION,BULL,2021-12-22,2,2,0.0,50.0,100.0,50.0,-1.479819017424444,GREEN
BEAR_2022,DISCOVERY,CORRECTION_BEAR,2022-01-24,2,2,50.0,0.0,100.0,100.0,4.211735984529586,GREEN
BEAR_2022,DISCOVERY,CORRECTION_BEAR,2022-02-24,2,2,50.0,0.0,100.0,100.0,7.240989043144297,YELLOW
BEAR_2022,DISCOVERY,CORRECTION_BEAR,2022-03-10,2,2,0.0,0.0,100.0,100.0,6.711312454065044,YELLOW
VALIDATION_2023_2024,VALIDATION,BULL,2023-02-07,2,2,0.0,100.0,0.0,0.0,-6.207749667937845,GREEN
VALIDATION_2023_2024,VALIDATION,BULL,2023-02-14,2,2,100.0,50.0,50.0,0.0,-0.8444762660247738,GREEN
VALIDATION_2023_2024,VALIDATION,BULL,2023-02-28,2,2,0.0,50.0,100.0,50.0,3.9430255396193385,GREEN
VALIDATION_2023_2024,VALIDATION,BULL,2023-03-13,2,2,0.0,0.0,100.0,100.0,8.046210407087585,YELLOW
VALIDATION_2023_2024,VALIDATION,BULL,2023-03-21,2,2,100.0,0.0,100.0,100.0,8.222663567882517,GREEN
VALIDATION_2023_2024,VALIDATION,BULL,2023-04-10,2,2,0.0,0.0,100.0,100.0,5.44680691934345,GREEN
VALIDATION_2023_2024,VALIDATION,BULL,2023-05-19,2,2,100.0,100.0,0.0,0.0,0.8264664464087135,GREEN
VALIDATION_2023_2024,VALIDATION,BULL,2023-05-26,2,2,50.0,50.0,50.0,0.0,5.099745696193981,GREEN
VALIDATION_2023_2024,VALIDATION,BULL,2023-06-06,2,2,100.0,50.0,50.0,0.0,0.0349712173332295,GREEN
VALIDATION_2023_2024,VALIDATION,BULL,2023-08-07,2,2,50.0,100.0,0.0,0.0,-3.3828868898466147,GREEN
VALIDATION_2023_2024,VALIDATION,BULL,2023-08-18,2,2,50.0,100.0,0.0,0.0,-2.1839861030690635,GREEN
VALIDATION_2023_2024,VALIDATION,BULL,2023-08-25,2,2,100.0,50.0,50.0,50.0,-0.4361635166918789,GREEN
VALIDATION_2023_2024,VALIDATION,BULL,2023-08-28,2,2,100.0,100.0,0.0,0.0,-5.793029021477819,GREEN
VALIDATION_2023_2024,VALIDATION,BULL,2023-09-08,2,2,100.0,100.0,0.0,0.0,-8.614837936137715,GREEN
VALIDATION_2023_2024,VALIDATION,BULL,2023-09-25,2,2,0.0,50.0,50.0,50.0,-3.9099480944627283,GREEN
VALIDATION_2023_2024,VALIDATION,BULL,2023-10-27,2,2,100.0,0.0,100.0,100.0,12.192080921935444,YELLOW
VALIDATION_2023_2024,VALIDATION,BULL,2023-12-13,2,2,100.0,50.0,50.0,50.0,3.1544224189139602,GREEN
VALIDATION_2023_2024,VALIDATION,BULL,2024-01-09,2,2,50.0,0.0,100.0,100.0,4.014831225993709,GREEN
VALIDATION_2023_2024,VALIDATION,BULL,2024-01-12,2,2,0.0,50.0,50.0,50.0,8.289723211675314,GREEN
VALIDATION_2023_2024,VALIDATION,BULL,2024-01-22,2,2,50.0,100.0,0.0,0.0,-1.0312947922008266,GREEN
VALIDATION_2023_2024,VALIDATION,BULL,2024-01-29,2,2,50.0,50.0,50.0,50.0,4.986619215951816,GREEN
VALIDATION_2023_2024,VALIDATION,BULL,2024-02-07,2,2,50.0,0.0,100.0,100.0,6.0342846032034885,GREEN
VALIDATION_2023_2024,VALIDATION,BULL,2024-03-19,2,2,0.0,100.0,0.0,0.0,-5.828527888017815,GREEN
VALIDATION_2023_2024,VALIDATION,BULL,2024-04-10,2,2,100.0,0.0,100.0,100.0,4.935133987736451,GREEN
VALIDATION_2023_2024,VALIDATION,BULL,2024-05-06,2,2,50.0,100.0,50.0,0.0,-2.491672720889654,GREEN
VALIDATION_2023_2024,VALIDATION,BULL,2024-05-07,2,2,100.0,0.0,100.0,100.0,3.3042873646993765,GREEN
VALIDATION_2023_2024,VALIDATION,BULL,2024-05-16,2,2,0.0,100.0,0.0,0.0,-1.1472795549649029,GREEN
VALIDATION_2023_2024,VALIDATION,BULL,2024-05-29,2,2,0.0,50.0,50.0,50.0,0.10713799163498117,GREEN
VALIDATION_2023_2024,VALIDATION,BULL,2024-06-11,2,2,100.0,0.0,50.0,50.0,3.114667696960849,GREEN
VALIDATION_2023_2024,VALIDATION,BULL,2024-07-03,2,2,0.0,0.0,100.0,50.0,8.31456128646305,GREEN
VALIDATION_2023_2024,VALIDATION,BULL,2024-07-11,2,2,50.0,0.0,100.0,100.0,2.230274260427057,GREEN
VALIDATION_2023_2024,VALIDATION,BULL,2024-08-01,2,2,0.0,50.0,50.0,50.0,8.336367086147467,GREEN
VALIDATION_2023_2024,VALIDATION,BULL,2024-08-09,2,2,100.0,0.0,100.0,100.0,0.6693617019143506,GREEN
VALIDATION_2023_2024,VALIDATION,BULL,2024-08-12,2,2,50.0,50.0,50.0,50.0,2.5000196556109238,GREEN
VALIDATION_2023_2024,VALIDATION,BULL,2024-09-24,2,2,100.0,100.0,0.0,0.0,-2.0551047999436634,GREEN
VALIDATION_2023_2024,VALIDATION,BULL,2024-10-01,2,2,100.0,50.0,50.0,50.0,0.43112070827767135,GREEN
VALIDATION_2023_2024,VALIDATION,BULL,2024-10-09,2,2,100.0,50.0,100.0,50.0,0.1829255889719663,GREEN
VALIDATION_2023_2024,VALIDATION,BULL,2024-10-29,2,2,100.0,0.0,100.0,100.0,0.04920039562876788,GREEN
VALIDATION_2023_2024,VALIDATION,BULL,2024-10-30,2,2,50.0,50.0,50.0,50.0,0.6225154084010309,GREEN
VALIDATION_2023_2024,VALIDATION,BULL,2024-11-01,2,2,0.0,0.0,50.0,50.0,1.2642045135634103,GREEN
VALIDATION_2023_2024,VALIDATION,BULL,2024-11-04,2,2,50.0,50.0,50.0,0.0,-7.953866407606503,GREEN
VALIDATION_2023_2024,VALIDATION,BULL,2024-11-11,2,2,100.0,50.0,50.0,0.0,1.7886220266587207,GREEN
VALIDATION_2023_2024,VALIDATION,BULL,2024-11-22,2,2,50.0,50.0,100.0,50.0,-3.8105035246742025,GREEN
VALIDATION_2023_2024,VALIDATION,BULL,2024-12-26,2,2,100.0,100.0,0.0,0.0,-0.23629837292570843,GREEN
GFC_2007_2009,DISCOVERY,CRISIS,2007-08-02,1,1,100.0,100.0,100.0,0.0,-6.574804141370882,GREEN
GFC_2007_2009,DISCOVERY,CRISIS,2007-08-03,1,1,0.0,100.0,100.0,100.0,5.837290029126607,YELLOW
GFC_2007_2009,DISCOVERY,CRISIS,2007-08-10,1,1,0.0,0.0,100.0,0.0,-2.5639808927272134,YELLOW
GFC_2007_2009,DISCOVERY,CRISIS,2007-08-13,1,1,100.0,100.0,0.0,0.0,0.0930573941308354,YELLOW
GFC_2007_2009,DISCOVERY,CRISIS,2007-08-17,1,1,100.0,0.0,100.0,0.0,2.080576535493983,YELLOW
GFC_2007_2009,DISCOVERY,CRISIS,2007-09-05,1,1,100.0,100.0,0.0,0.0,3.2788336678078123,GREEN
GFC_2007_2009,DISCOVERY,CRISIS,2007-09-18,1,1,0.0,0.0,100.0,100.0,3.0340142925683766,GREEN
GFC_2007_2009,DISCOVERY,CRISIS,2007-09-19,1,1,100.0,0.0,100.0,0.0,3.5855540426635635,GREEN
GFC_2007_2009,DISCOVERY,CRISIS,2007-10-22,1,1,0.0,0.0,0.0,0.0,-1.753821399839106,GREEN
GFC_2007_2009,DISCOVERY,CRISIS,2007-10-24,1,1,0.0,100.0,100.0,0.0,1.8778299397205436,GREEN
GFC_2007_2009,DISCOVERY,CRISIS,2007-10-29,1,1,0.0,100.0,0.0,0.0,-6.211353127959452,GREEN
GFC_2007_2009,DISCOVERY,CRISIS,2007-10-30,1,1,100.0,100.0,0.0,0.0,-1.9252601702932857,GREEN
GFC_2007_2009,DISCOVERY,CRISIS,2007-11-06,1,1,100.0,100.0,0.0,0.0,3.6211444540207305,GREEN
GFC_2007_2009,DISCOVERY,CRISIS,2007-11-08,1,1,0.0,100.0,0.0,0.0,0.3050136620702748,YELLOW
GFC_2007_2009,DISCOVERY,CRISIS,2007-11-16,1,1,0.0,0.0,100.0,100.0,3.365271761166011,YELLOW
GFC_2007_2009,DISCOVERY,CRISIS,2007-11-19,1,1,100.0,0.0,100.0,100.0,3.5848623194647766,YELLOW
GFC_2007_2009,DISCOVERY,CRISIS,2007-11-28,1,1,100.0,100.0,0.0,0.0,-2.4815103152977858,YELLOW
GFC_2007_2009,DISCOVERY,CRISIS,2007-11-30,1,1,100.0,100.0,100.0,0.0,-3.948714861855162,GREEN
GFC_2007_2009,DISCOVERY,CRISIS,2007-12-06,1,1,100.0,0.0,100.0,100.0,7.907498752979003,GREEN
GFC_2007_2009,DISCOVERY,CRISIS,2007-12-20,1,1,0.0,100.0,100.0,0.0,-9.947288991929303,YELLOW
GFC_2007_2009,DISCOVERY,CRISIS,2009-06-24,1,1,100.0,100.0,0.0,0.0,-2.756416658344152,GREEN
GFC_2007_2009,DISCOVERY,CRISIS,2009-07-01,1,1,0.0,100.0,0.0,0.0,16.945553384863675,GREEN
GFC_2007_2009,DISCOVERY,CRISIS,2009-07-09,1,1,100.0,0.0,100.0,100.0,11.358210830506344,YELLOW
GFC_2007_2009,DISCOVERY,CRISIS,2009-07-13,1,1,100.0,0.0,100.0,100.0,20.015712290502808,GREEN
GFC_2007_2009,DISCOVERY,CRISIS,2009-08-11,1,1,100.0,100.0,0.0,0.0,-1.8954623779437016,GREEN
GFC_2007_2009,DISCOVERY,CRISIS,2009-08-12,1,1,100.0,0.0,100.0,100.0,5.986838766430402,GREEN
GFC_2007_2009,DISCOVERY,CRISIS,2009-08-13,1,1,100.0,0.0,0.0,0.0,-0.7981899314939311,GREEN
GFC_2007_2009,DISCOVERY,CRISIS,2009-08-18,1,1,0.0,0.0,100.0,100.0,10.605977213935812,GREEN
GFC_2007_2009,DISCOVERY,CRISIS,2009-08-28,1,1,0.0,100.0,100.0,0.0,13.738345608582735,GREEN
GFC_2007_2009,DISCOVERY,CRISIS,2009-09-09,1,1,0.0,100.0,100.0,100.0,-0.5996598943882603,GREEN
GFC_2007_2009,DISCOVERY,CRISIS,2009-09-11,1,1,100.0,100.0,0.0,0.0,2.072984538631917,GREEN
GFC_2007_2009,DISCOVERY,CRISIS,2009-09-14,1,1,100.0,0.0,100.0,100.0,5.681653372008699,GREEN
GFC_2007_2009,DISCOVERY,CRISIS,2009-09-16,1,1,0.0,100.0,0.0,0.0,0.0600060006000546,GREEN
GFC_2007_2009,DISCOVERY,CRISIS,2009-09-18,1,1,0.0,100.0,100.0,0.0,0.8672659968270935,GREEN
GFC_2007_2009,DISCOVERY,CRISIS,2009-09-25,1,1,100.0,0.0,100.0,100.0,3.2212598604196563,GREEN
GFC_2007_2009,DISCOVERY,CRISIS,2009-10-09,1,1,100.0,100.0,100.0,100.0,-3.706788837984176,GREEN
GFC_2007_2009,DISCOVERY,CRISIS,2009-10-14,1,1,100.0,100.0,100.0,0.0,-10.769525058752803,GREEN
GFC_2007_2009,DISCOVERY,CRISIS,2009-10-22,1,1,0.0,100.0,0.0,0.0,-47.98876072167998,GREEN
GFC_2007_2009,DISCOVERY,CRISIS,2009-10-28,1,1,100.0,0.0,100.0,100.0,6.839212093449398,GREEN
GFC_2007_2009,DISCOVERY,CRISIS,2009-11-10,1,1,100.0,0.0,100.0,0.0,-0.2180808881839802,GREEN
GFC_2007_2009,DISCOVERY,CRISIS,2009-11-13,1,1,0.0,0.0,100.0,100.0,8.976513878162894,GREEN
GFC_2007_2009,DISCOVERY,CRISIS,2009-12-01,1,1,0.0,0.0,100.0,0.0,0.9935909590807368,GREEN
GFC_2007_2009,DISCOVERY,CRISIS,2009-12-04,1,1,100.0,100.0,0.0,0.0,-11.177214248531277,GREEN
GFC_2007_2009,DISCOVERY,CRISIS,2009-12-08,1,1,0.0,0.0,100.0,100.0,16.61012476912058,GREEN
GFC_2007_2009,DISCOVERY,CRISIS,2009-12-14,1,1,100.0,100.0,0.0,0.0,8.856240560208706,GREEN
GFC_2007_2009,DISCOVERY,CRISIS,2009-12-15,1,1,100.0,100.0,0.0,0.0,-0.340063761955367,GREEN
GFC_2007_2009,DISCOVERY,CRISIS,2009-12-23,1,1,100.0,0.0,100.0,100.0,1.0398547984572293,GREEN
BULL_2013_2014,DISCOVERY,BULL,2013-01-28,1,1,0.0,0.0,100.0,100.0,3.910821171565004,GREEN
BULL_2013_2014,DISCOVERY,BULL,2013-01-31,1,1,100.0,0.0,100.0,100.0,9.916980605553238,GREEN
BULL_2013_2014,DISCOVERY,BULL,2013-02-05,1,1,0.0,100.0,0.0,0.0,-1.3649268399213654,GREEN
BULL_2013_2014,DISCOVERY,BULL,2013-02-07,1,1,0.0,100.0,0.0,0.0,1.4631240936399337,GREEN
BULL_2013_2014,DISCOVERY,BULL,2013-02-11,1,1,100.0,100.0,0.0,0.0,-2.463305904533686,GREEN
BULL_2013_2014,DISCOVERY,BULL,2013-02-12,1,1,0.0,100.0,0.0,0.0,5.206875874475303,GREEN
BULL_2013_2014,DISCOVERY,BULL,2013-02-15,1,1,0.0,0.0,100.0,100.0,5.336389462809921,GREEN
BULL_2013_2014,DISCOVERY,BULL,2013-03-05,1,1,100.0,0.0,100.0,100.0,5.714377078536703,GREEN
BULL_2013_2014,DISCOVERY,BULL,2013-03-08,1,1,0.0,0.0,100.0,100.0,19.226919851767697,GREEN
BULL_2013_2014,DISCOVERY,BULL,2013-03-20,1,1,0.0,0.0,100.0,100.0,5.520517013158921,GREEN
BULL_2013_2014,DISCOVERY,BULL,2013-03-22,1,1,100.0,0.0,100.0,100.0,7.891699024031906,GREEN
BULL_2013_2014,DISCOVERY,BULL,2013-04-03,1,1,100.0,100.0,100.0,0.0,2.907740645529855,GREEN
BULL_2013_2014,DISCOVERY,BULL,2013-04-04,1,1,100.0,0.0,100.0,100.0,9.749636401412864,GREEN
BULL_2013_2014,DISCOVERY,BULL,2013-04-05,1,1,100.0,100.0,100.0,0.0,-0.3713167037370679,GREEN
BULL_2013_2014,DISCOVERY,BULL,2013-04-09,1,1,0.0,100.0,0.0,0.0,2.294018058690761,GREEN
BULL_2013_2014,DISCOVERY,BULL,2013-04-18,1,1,0.0,100.0,0.0,0.0,10.649902930572242,GREEN
BULL_2013_2014,DISCOVERY,BULL,2013-04-19,1,1,100.0,0.0,100.0,100.0,6.33689408985989,GREEN
BULL_2013_2014,DISCOVERY,BULL,2013-04-22,1,1,100.0,0.0,100.0,100.0,7.970310765815758,GREEN
BULL_2013_2014,DISCOVERY,BULL,2013-05-07,1,1,0.0,0.0,100.0,100.0,-0.977694252410688,GREEN
BULL_2013_2014,DISCOVERY,BULL,2013-05-14,1,1,0.0,100.0,100.0,0.0,-14.104062790753147,GREEN
BULL_2013_2014,DISCOVERY,BULL,2013-05-21,1,1,100.0,100.0,0.0,0.0,-8.223632964636229,GREEN
BULL_2013_2014,DISCOVERY,BULL,2013-06-13,1,1,100.0,100.0,0.0,0.0,0.802003744370805,GREEN
BULL_2013_2014,DISCOVERY,BULL,2013-06-18,1,1,100.0,100.0,0.0,0.0,-2.7675949149998824,GREEN
BULL_2013_2014,DISCOVERY,BULL,2013-06-27,1,1,100.0,0.0,100.0,100.0,2.7482018907629024,GREEN
BULL_2013_2014,DISCOVERY,BULL,2013-07-01,1,1,100.0,0.0,100.0,100.0,14.3206974238417,GREEN
BULL_2013_2014,DISCOVERY,BULL,2013-07-03,1,1,0.0,0.0,100.0,100.0,15.898670473379228,GREEN
BULL_2013_2014,DISCOVERY,BULL,2013-07-08,1,1,100.0,0.0,100.0,100.0,2.2114246558275763,GREEN
BULL_2013_2014,DISCOVERY,BULL,2013-07-09,1,1,100.0,0.0,100.0,100.0,7.113993045766365,GREEN
BULL_2013_2014,DISCOVERY,BULL,2013-08-01,1,1,0.0,100.0,0.0,0.0,-8.147614545345395,GREEN
BULL_2013_2014,DISCOVERY,BULL,2013-08-05,1,1,0.0,100.0,0.0,0.0,-5.140467825320272,GREEN
BULL_2013_2014,DISCOVERY,BULL,2013-08-12,1,1,0.0,100.0,0.0,0.0,1.8185768604019656,GREEN
BULL_2013_2014,DISCOVERY,BULL,2013-08-14,1,1,100.0,100.0,0.0,0.0,2.268961594579233,GREEN
BULL_2013_2014,DISCOVERY,BULL,2013-09-09,1,1,100.0,100.0,0.0,0.0,-4.061237847416221,GREEN
BULL_2013_2014,DISCOVERY,BULL,2013-09-10,1,1,0.0,100.0,0.0,0.0,-3.1521547933157423,GREEN
BULL_2013_2014,DISCOVERY,BULL,2013-10-03,1,1,0.0,100.0,0.0,0.0,1.972435421308916,GREEN
BULL_2013_2014,DISCOVERY,BULL,2013-10-04,1,1,0.0,100.0,0.0,0.0,6.455624646693048,GREEN
BULL_2013_2014,DISCOVERY,BULL,2013-10-07,1,1,100.0,0.0,100.0,100.0,6.289004643112728,GREEN
BULL_2013_2014,DISCOVERY,BULL,2013-10-14,1,1,100.0,0.0,0.0,0.0,1.1988506885960426,GREEN
BULL_2013_2014,DISCOVERY,BULL,2013-11-11,1,1,0.0,0.0,100.0,100.0,8.706261401056615,GREEN
BULL_2013_2014,DISCOVERY,BULL,2013-11-26,1,1,100.0,100.0,0.0,0.0,-0.9878419452887588,GREEN
BULL_2013_2014,DISCOVERY,BULL,2013-12-03,1,1,0.0,100.0,0.0,0.0,-0.9393131356443264,GREEN
BULL_2013_2014,DISCOVERY,BULL,2013-12-05,1,1,100.0,0.0,100.0,0.0,1.621738192797073,GREEN
BULL_2013_2014,DISCOVERY,BULL,2013-12-11,1,1,100.0,0.0,100.0,100.0,4.583567284297208,GREEN
BULL_2013_2014,DISCOVERY,BULL,2014-01-10,1,1,100.0,100.0,0.0,0.0,-1.9714953691214896,GREEN
BULL_2013_2014,DISCOVERY,BULL,2014-01-14,1,1,0.0,100.0,0.0,0.0,-4.930588798468172,GREEN
BULL_2013_2014,DISCOVERY,BULL,2014-01-15,1,1,100.0,100.0,0.0,0.0,5.716554188169898,GREEN
BULL_2013_2014,DISCOVERY,BULL,2014-01-17,1,1,0.0,100.0,0.0,0.0,-3.9531376056683887,GREEN
BULL_2013_2014,DISCOVERY,BULL,2014-01-23,1,1,0.0,100.0,0.0,0.0,-1.171796531482261,GREEN
BULL_2013_2014,DISCOVERY,BULL,2014-02-05,1,1,0.0,0.0,100.0,100.0,16.47528799702713,GREEN
BULL_2013_2014,DISCOVERY,BULL,2014-02-11,1,1,100.0,0.0,100.0,100.0,14.824407239539973,GREEN
BULL_2013_2014,DISCOVERY,BULL,2014-03-17,1,1,0.0,0.0,100.0,100.0,5.575625383409455,GREEN
BULL_2013_2014,DISCOVERY,BULL,2014-03-19,1,1,0.0,100.0,0.0,0.0,-6.583767607450596,GREEN
BULL_2013_2014,DISCOVERY,BULL,2014-03-27,1,1,0.0,100.0,0.0,0.0,-0.9733696607488128,GREEN
BULL_2013_2014,DISCOVERY,BULL,2014-04-02,1,1,100.0,100.0,0.0,0.0,0.1293479177797207,GREEN
BULL_2013_2014,DISCOVERY,BULL,2014-04-17,1,1,100.0,0.0,100.0,100.0,6.216031982903147,GREEN
BULL_2013_2014,DISCOVERY,BULL,2014-04-21,1,1,100.0,100.0,0.0,0.0,4.436761740132522,GREEN
BULL_2013_2014,DISCOVERY,BULL,2014-04-28,1,1,0.0,0.0,0.0,0.0,-0.5087121970759001,GREEN
BULL_2013_2014,DISCOVERY,BULL,2014-04-29,1,1,100.0,0.0,100.0,0.0,-0.1216586124159424,GREEN
BULL_2013_2014,DISCOVERY,BULL,2014-04-30,1,1,100.0,0.0,100.0,0.0,0.4748420823349919,GREEN
BULL_2013_2014,DISCOVERY,BULL,2014-05-08,1,1,0.0,0.0,100.0,100.0,5.080317037663784,GREEN
BULL_2013_2014,DISCOVERY,BULL,2014-05-19,1,1,100.0,100.0,0.0,0.0,2.8184175017814006,GREEN
BULL_2013_2014,DISCOVERY,BULL,2014-06-05,1,1,0.0,0.0,100.0,0.0,2.032428526263508,GREEN
BULL_2013_2014,DISCOVERY,BULL,2014-06-13,1,1,0.0,100.0,0.0,0.0,0.3662574350259406,GREEN
BULL_2013_2014,DISCOVERY,BULL,2014-06-16,1,1,100.0,100.0,0.0,0.0,-1.6281645049173843,GREEN
BULL_2013_2014,DISCOVERY,BULL,2014-06-17,1,1,0.0,0.0,0.0,0.0,-0.4466731979476224,GREEN
BULL_2013_2014,DISCOVERY,BULL,2014-06-20,1,1,100.0,0.0,100.0,100.0,2.6492942453854478,GREEN
BULL_2013_2014,DISCOVERY,BULL,2014-06-26,1,1,0.0,0.0,0.0,0.0,-1.6547058554646443,GREEN
BULL_2013_2014,DISCOVERY,BULL,2014-07-03,1,1,100.0,100.0,0.0,0.0,-2.145917982193213,GREEN
BULL_2013_2014,DISCOVERY,BULL,2014-07-07,1,1,0.0,100.0,0.0,0.0,-6.251347273119212,GREEN
BULL_2013_2014,DISCOVERY,BULL,2014-07-11,1,1,100.0,100.0,0.0,0.0,1.0283384060754577,GREEN
BULL_2013_2014,DISCOVERY,BULL,2014-07-16,1,1,0.0,100.0,100.0,0.0,-2.8043116291297854,GREEN
BULL_2013_2014,DISCOVERY,BULL,2014-07-17,1,1,0.0,0.0,0.0,0.0,1.2128652099189674,GREEN
BULL_2013_2014,DISCOVERY,BULL,2014-07-23,1,1,0.0,0.0,100.0,0.0,3.45511683842763,GREEN
BULL_2013_2014,DISCOVERY,BULL,2014-07-24,1,1,100.0,0.0,100.0,100.0,6.889045179007991,GREEN
BULL_2013_2014,DISCOVERY,BULL,2014-07-28,1,1,0.0,100.0,0.0,0.0,1.1831596047109816,GREEN
BULL_2013_2014,DISCOVERY,BULL,2014-08-01,1,1,0.0,0.0,100.0,100.0,4.42897596495877,GREEN
BULL_2013_2014,DISCOVERY,BULL,2014-08-13,1,1,0.0,100.0,0.0,0.0,0.5292943136305128,GREEN
BULL_2013_2014,DISCOVERY,BULL,2014-08-14,1,1,100.0,0.0,100.0,100.0,7.589408303367118,GREEN
BULL_2013_2014,DISCOVERY,BULL,2014-08-21,1,1,100.0,0.0,0.0,0.0,2.726184368051987,GREEN
BULL_2013_2014,DISCOVERY,BULL,2014-09-04,1,1,0.0,100.0,100.0,0.0,-2.438276337984968,GREEN
BULL_2013_2014,DISCOVERY,BULL,2014-09-10,1,1,0.0,100.0,0.0,0.0,-4.938271604938271,GREEN
BULL_2013_2014,DISCOVERY,BULL,2014-09-16,1,1,100.0,100.0,0.0,0.0,-12.656746211777516,GREEN
BULL_2013_2014,DISCOVERY,BULL,2014-09-24,1,1,0.0,100.0,0.0,0.0,1.1945837803357673,GREEN
BULL_2013_2014,DISCOVERY,BULL,2014-09-29,1,1,100.0,0.0,100.0,100.0,10.995313148891572,GREEN
BULL_2013_2014,DISCOVERY,BULL,2014-09-30,1,1,0.0,0.0,0.0,0.0,2.263421120227238,GREEN
BULL_2013_2014,DISCOVERY,BULL,2014-10-08,1,1,0.0,100.0,0.0,0.0,10.580230869199614,GREEN
BULL_2013_2014,DISCOVERY,BULL,2014-10-14,1,1,0.0,0.0,100.0,100.0,17.203266442995503,YELLOW
BULL_2013_2014,DISCOVERY,BULL,2014-10-31,1,1,100.0,0.0,100.0,100.0,7.318680160236113,GREEN
BULL_2013_2014,DISCOVERY,BULL,2014-12-15,1,1,100.0,0.0,100.0,100.0,4.495527704996305,GREEN
BULL_2013_2014,DISCOVERY,BULL,2014-12-16,1,1,0.0,0.0,100.0,100.0,1.697769992589082,GREEN
BULL_2013_2014,DISCOVERY,BULL,2014-12-30,1,1,100.0,0.0,100.0,100.0,5.318728771163017,GREEN
CHOP_2015_2016,DISCOVERY,CORRECTION_BEAR,2015-01-23,1,1,100.0,100.0,0.0,0.0,2.6492469606242075,GREEN
CHOP_2015_2016,DISCOVERY,CORRECTION_BEAR,2015-02-18,1,1,100.0,100.0,0.0,0.0,-5.282776004934164,GREEN
CHOP_2015_2016,DISCOVERY,CORRECTION_BEAR,2015-02-20,1,1,100.0,100.0,0.0,0.0,-4.010553185657262,GREEN
CHOP_2015_2016,DISCOVERY,CORRECTION_BEAR,2015-03-05,1,1,0.0,100.0,0.0,0.0,-0.907246030798603,GREEN
CHOP_2015_2016,DISCOVERY,CORRECTION_BEAR,2015-03-09,1,1,0.0,100.0,0.0,0.0,0.1147666411629666,GREEN
CHOP_2015_2016,DISCOVERY,CORRECTION_BEAR,2015-03-11,1,1,0.0,0.0,100.0,0.0,2.759788781508421,GREEN
CHOP_2015_2016,DISCOVERY,CORRECTION_BEAR,2015-04-01,1,1,0.0,0.0,100.0,0.0,2.1193357346176223,GREEN
CHOP_2015_2016,DISCOVERY,CORRECTION_BEAR,2015-04-09,1,1,100.0,100.0,0.0,0.0,0.6833280607402514,GREEN
CHOP_2015_2016,DISCOVERY,CORRECTION_BEAR,2015-04-15,1,1,100.0,100.0,0.0,0.0,5.270944188599125,GREEN
CHOP_2015_2016,DISCOVERY,CORRECTION_BEAR,2015-04-27,1,1,100.0,100.0,0.0,0.0,2.8758645795413207,GREEN
CHOP_2015_2016,DISCOVERY,CORRECTION_BEAR,2015-04-28,1,1,100.0,0.0,100.0,0.0,1.2622673813547092,GREEN
CHOP_2015_2016,DISCOVERY,CORRECTION_BEAR,2015-05-01,1,1,0.0,0.0,0.0,0.0,-2.407654392577552,GREEN
CHOP_2015_2016,DISCOVERY,CORRECTION_BEAR,2015-05-06,1,1,100.0,0.0,100.0,0.0,0.5223171889838563,GREEN
CHOP_2015_2016,DISCOVERY,CORRECTION_BEAR,2015-05-15,1,1,100.0,0.0,0.0,0.0,-1.0686122779865803,GREEN
CHOP_2015_2016,DISCOVERY,CORRECTION_BEAR,2015-05-26,1,1,0.0,100.0,0.0,0.0,0.2018329421262787,GREEN
CHOP_2015_2016,DISCOVERY,CORRECTION_BEAR,2015-05-29,1,1,0.0,100.0,0.0,0.0,-1.698323644720834,GREEN
CHOP_2015_2016,DISCOVERY,CORRECTION_BEAR,2015-06-02,1,1,0.0,100.0,0.0,0.0,-5.131217690271839,GREEN
CHOP_2015_2016,DISCOVERY,CORRECTION_BEAR,2015-06-03,1,1,100.0,100.0,0.0,0.0,-0.6235472912569207,GREEN
CHOP_2015_2016,DISCOVERY,CORRECTION_BEAR,2015-06-09,1,1,100.0,100.0,0.0,0.0,-2.492102492102488,GREEN
CHOP_2015_2016,DISCOVERY,CORRECTION_BEAR,2015-06-12,1,1,100.0,100.0,100.0,0.0,0.5937375156700009,GREEN
CHOP_2015_2016,DISCOVERY,CORRECTION_BEAR,2015-06-17,1,1,100.0,0.0,100.0,0.0,3.9939789262418257,GREEN
CHOP_2015_2016,DISCOVERY,CORRECTION_BEAR,2015-06-18,1,1,100.0,0.0,100.0,0.0,1.141982836995803,GREEN
CHOP_2015_2016,DISCOVERY,CORRECTION_BEAR,2015-07-02,1,1,0.0,100.0,0.0,0.0,-6.036199095022621,GREEN
CHOP_2015_2016,DISCOVERY,CORRECTION_BEAR,2015-07-06,1,1,100.0,0.0,0.0,0.0,-0.3594452041414286,GREEN
CHOP_2015_2016,DISCOVERY,CORRECTION_BEAR,2015-07-16,1,1,100.0,100.0,100.0,0.0,-1.0469208868563171,GREEN
CHOP_2015_2016,DISCOVERY,CORRECTION_BEAR,2015-07-28,1,1,0.0,100.0,100.0,0.0,-7.874643313982088,GREEN
CHOP_2015_2016,DISCOVERY,CORRECTION_BEAR,2015-07-29,1,1,100.0,100.0,0.0,0.0,-3.896172762584027,GREEN
CHOP_2015_2016,DISCOVERY,CORRECTION_BEAR,2015-08-12,1,1,100.0,100.0,100.0,0.0,-7.303608396589722,GREEN
CHOP_2015_2016,DISCOVERY,CORRECTION_BEAR,2015-08-24,1,1,0.0,0.0,0.0,0.0,-11.792681095332656,YELLOW
CHOP_2015_2016,DISCOVERY,CORRECTION_BEAR,2015-12-14,1,1,0.0,100.0,0.0,0.0,-7.410120246597096,YELLOW
CHOP_2015_2016,DISCOVERY,CORRECTION_BEAR,2016-01-13,1,1,100.0,0.0,100.0,0.0,2.667137239084405,YELLOW
CHOP_2015_2016,DISCOVERY,CORRECTION_BEAR,2016-04-22,1,1,0.0,100.0,0.0,0.0,-3.132381969388076,GREEN
CHOP_2015_2016,DISCOVERY,CORRECTION_BEAR,2016-04-27,1,1,100.0,0.0,100.0,100.0,5.325529220995584,GREEN
CHOP_2015_2016,DISCOVERY,CORRECTION_BEAR,2016-04-28,1,1,100.0,100.0,100.0,100.0,-9.82662043211524,GREEN
CHOP_2015_2016,DISCOVERY,CORRECTION_BEAR,2016-05-06,1,1,0.0,100.0,0.0,0.0,5.179395628320127,GREEN
CHOP_2015_2016,DISCOVERY,CORRECTION_BEAR,2016-05-09,1,1,100.0,100.0,0.0,0.0,-13.417490373546093,GREEN
CHOP_2015_2016,DISCOVERY,CORRECTION_BEAR,2016-05-12,1,1,100.0,100.0,0.0,0.0,-2.08465189873418,GREEN
CHOP_2015_2016,DISCOVERY,CORRECTION_BEAR,2016-05-19,1,1,0.0,0.0,100.0,0.0,2.550784340064771,GREEN
CHOP_2015_2016,DISCOVERY,CORRECTION_BEAR,2016-05-26,1,1,100.0,0.0,0.0,0.0,-1.327319284892048,GREEN
CHOP_2015_2016,DISCOVERY,CORRECTION_BEAR,2016-05-27,1,1,100.0,0.0,100.0,0.0,0.7468099670014272,GREEN
CHOP_2015_2016,DISCOVERY,CORRECTION_BEAR,2016-06-03,1,1,100.0,0.0,100.0,100.0,5.148258833004826,GREEN
CHOP_2015_2016,DISCOVERY,CORRECTION_BEAR,2016-06-08,1,1,100.0,100.0,0.0,0.0,-0.6277570410586963,GREEN
CHOP_2015_2016,DISCOVERY,CORRECTION_BEAR,2016-06-09,1,1,0.0,0.0,100.0,100.0,5.022695582519954,GREEN
CHOP_2015_2016,DISCOVERY,CORRECTION_BEAR,2016-06-17,1,1,0.0,100.0,0.0,0.0,4.394757131842697,GREEN
CHOP_2015_2016,DISCOVERY,CORRECTION_BEAR,2016-06-22,1,1,0.0,100.0,0.0,0.0,0.2840121917428551,GREEN
CHOP_2015_2016,DISCOVERY,CORRECTION_BEAR,2016-06-23,1,1,100.0,100.0,0.0,0.0,9.489298051924932,GREEN
CHOP_2015_2016,DISCOVERY,CORRECTION_BEAR,2016-06-30,1,1,100.0,0.0,100.0,100.0,0.343608874926371,GREEN
CHOP_2015_2016,DISCOVERY,CORRECTION_BEAR,2016-07-21,1,1,0.0,100.0,0.0,0.0,-3.3003603013429528,GREEN
CHOP_2015_2016,DISCOVERY,CORRECTION_BEAR,2016-07-26,1,1,100.0,0.0,100.0,0.0,3.2281859254782,GREEN
CHOP_2015_2016,DISCOVERY,CORRECTION_BEAR,2016-07-28,1,1,0.0,100.0,0.0,0.0,-3.0406314467665285,GREEN
CHOP_2015_2016,DISCOVERY,CORRECTION_BEAR,2016-08-01,1,1,100.0,100.0,0.0,0.0,-0.7122078443173807,GREEN
CHOP_2015_2016,DISCOVERY,CORRECTION_BEAR,2016-08-03,1,1,0.0,0.0,0.0,0.0,1.0605318975362987,GREEN
CHOP_2015_2016,DISCOVERY,CORRECTION_BEAR,2016-08-08,1,1,100.0,0.0,100.0,0.0,2.277837520774262,GREEN
CHOP_2015_2016,DISCOVERY,CORRECTION_BEAR,2016-08-10,1,1,100.0,100.0,0.0,0.0,-5.298697171909761,GREEN
CHOP_2015_2016,DISCOVERY,CORRECTION_BEAR,2016-08-18,1,1,100.0,100.0,0.0,0.0,-0.8314609764957459,GREEN
CHOP_2015_2016,DISCOVERY,CORRECTION_BEAR,2016-09-01,1,1,100.0,100.0,0.0,0.0,-1.34334032696396,GREEN
CHOP_2015_2016,DISCOVERY,CORRECTION_BEAR,2016-09-06,1,1,100.0,100.0,0.0,0.0,-3.936014013034184,GREEN
CHOP_2015_2016,DISCOVERY,CORRECTION_BEAR,2016-09-07,1,1,100.0,100.0,0.0,0.0,-1.767928694087828,GREEN
CHOP_2015_2016,DISCOVERY,CORRECTION_BEAR,2016-09-08,1,1,100.0,100.0,0.0,0.0,-8.51762266758811,GREEN
CHOP_2015_2016,DISCOVERY,CORRECTION_BEAR,2016-09-13,1,1,0.0,0.0,100.0,0.0,0.5551908200839062,GREEN
CHOP_2015_2016,DISCOVERY,CORRECTION_BEAR,2016-09-28,1,1,0.0,0.0,0.0,0.0,-0.0590034438744835,GREEN
CHOP_2015_2016,DISCOVERY,CORRECTION_BEAR,2016-09-30,1,1,0.0,0.0,100.0,100.0,3.7888640769551785,GREEN
CHOP_2015_2016,DISCOVERY,CORRECTION_BEAR,2016-10-07,1,1,0.0,0.0,0.0,0.0,-0.7483325199284185,GREEN
CHOP_2015_2016,DISCOVERY,CORRECTION_BEAR,2016-10-11,1,1,0.0,100.0,0.0,0.0,-4.3666014001019215,GREEN
CHOP_2015_2016,DISCOVERY,CORRECTION_BEAR,2016-10-14,1,1,100.0,100.0,0.0,0.0,-5.098190219484011,GREEN
CHOP_2015_2016,DISCOVERY,CORRECTION_BEAR,2016-10-25,1,1,0.0,100.0,0.0,0.0,-4.936734454979829,GREEN
CHOP_2015_2016,DISCOVERY,CORRECTION_BEAR,2016-10-27,1,1,100.0,0.0,100.0,100.0,-1.648936170212767,GREEN
CHOP_2015_2016,DISCOVERY,CORRECTION_BEAR,2016-10-31,1,1,0.0,0.0,100.0,100.0,10.710326596742558,GREEN
CHOP_2015_2016,DISCOVERY,CORRECTION_BEAR,2016-11-03,1,1,100.0,100.0,100.0,0.0,-5.096774193548381,GREEN
CHOP_2015_2016,DISCOVERY,CORRECTION_BEAR,2016-11-04,1,1,100.0,100.0,0.0,0.0,-8.784440842787689,GREEN
CHOP_2015_2016,DISCOVERY,CORRECTION_BEAR,2016-11-16,1,1,0.0,0.0,100.0,100.0,-0.2376665466330529,GREEN
CHOP_2015_2016,DISCOVERY,CORRECTION_BEAR,2016-11-22,1,1,100.0,100.0,0.0,0.0,3.5108837395927406,GREEN
CHOP_2015_2016,DISCOVERY,CORRECTION_BEAR,2016-11-25,1,1,100.0,0.0,100.0,0.0,1.767770748046149,GREEN
CHOP_2015_2016,DISCOVERY,CORRECTION_BEAR,2016-12-06,1,1,0.0,0.0,100.0,100.0,2.6787923781242284,GREEN
CHOP_2015_2016,DISCOVERY,CORRECTION_BEAR,2016-12-08,1,1,100.0,0.0,0.0,0.0,0.9453641649283197,GREEN
CHOP_2015_2016,DISCOVERY,CORRECTION_BEAR,2016-12-13,1,1,100.0,100.0,0.0,0.0,-3.356170323475849,GREEN
CHOP_2015_2016,DISCOVERY,CORRECTION_BEAR,2016-12-21,1,1,100.0,100.0,0.0,0.0,-0.9617776303789016,GREEN
BULL_2017,DISCOVERY,BULL,2017-01-03,1,1,0.0,0.0,100.0,100.0,1.5532987001778853,GREEN
BULL_2017,DISCOVERY,BULL,2017-01-06,1,1,0.0,100.0,100.0,0.0,-3.811541479044822,GREEN
BULL_2017,DISCOVERY,BULL,2017-01-12,1,1,0.0,0.0,100.0,0.0,-0.6597909407178637,GREEN
BULL_2017,DISCOVERY,BULL,2017-01-13,1,1,100.0,100.0,0.0,0.0,-2.4080850985524926,GREEN
BULL_2017,DISCOVERY,BULL,2017-01-17,1,1,0.0,0.0,0.0,0.0,-0.603542217702624,GREEN
BULL_2017,DISCOVERY,BULL,2017-01-24,1,1,100.0,0.0,100.0,0.0,2.315378405604762,GREEN
BULL_2017,DISCOVERY,BULL,2017-01-27,1,1,100.0,100.0,0.0,0.0,-3.929280638359256,GREEN
BULL_2017,DISCOVERY,BULL,2017-02-02,1,1,0.0,0.0,100.0,100.0,2.37828342183084,GREEN
BULL_2017,DISCOVERY,BULL,2017-02-06,1,1,0.0,0.0,100.0,100.0,4.275721520006637,GREEN
BULL_2017,DISCOVERY,BULL,2017-02-13,1,1,100.0,100.0,0.0,0.0,-1.7165256134024198,GREEN
BULL_2017,DISCOVERY,BULL,2017-02-16,1,1,100.0,0.0,100.0,0.0,3.036164075479864,GREEN
BULL_2017,DISCOVERY,BULL,2017-03-16,1,1,100.0,0.0,0.0,0.0,0.9579347072650624,GREEN
BULL_2017,DISCOVERY,BULL,2017-03-17,1,1,100.0,100.0,0.0,0.0,-2.3470679681067086,GREEN
BULL_2017,DISCOVERY,BULL,2017-03-23,1,1,0.0,0.0,100.0,0.0,3.4136618563723964,GREEN
BULL_2017,DISCOVERY,BULL,2017-03-24,1,1,0.0,0.0,100.0,100.0,4.248617307099556,GREEN
BULL_2017,DISCOVERY,BULL,2017-03-30,1,1,0.0,100.0,0.0,0.0,-4.951434125235021,GREEN
BULL_2017,DISCOVERY,BULL,2017-04-05,1,1,100.0,0.0,0.0,0.0,-0.3581466318399062,GREEN
BULL_2017,DISCOVERY,BULL,2017-04-06,1,1,100.0,0.0,100.0,100.0,6.271800147938689,GREEN
BULL_2017,DISCOVERY,BULL,2017-04-18,1,1,100.0,100.0,0.0,0.0,-7.704133544861069,GREEN
BULL_2017,DISCOVERY,BULL,2017-05-04,1,1,0.0,0.0,100.0,100.0,4.87564542705019,GREEN
BULL_2017,DISCOVERY,BULL,2017-05-08,1,1,100.0,100.0,0.0,0.0,0.596941237411408,GREEN
BULL_2017,DISCOVERY,BULL,2017-05-18,1,1,100.0,0.0,100.0,100.0,8.041828361688431,GREEN
BULL_2017,DISCOVERY,BULL,2017-05-26,1,1,100.0,0.0,100.0,100.0,7.0293874313671845,GREEN
BULL_2017,DISCOVERY,BULL,2017-06-02,1,1,0.0,100.0,0.0,0.0,-6.149606012408482,GREEN
BULL_2017,DISCOVERY,BULL,2017-06-09,1,1,0.0,0.0,0.0,0.0,0.2106316906138161,GREEN
BULL_2017,DISCOVERY,BULL,2017-06-26,1,1,0.0,0.0,100.0,100.0,5.934692298897759,GREEN
BULL_2017,DISCOVERY,BULL,2017-07-03,1,1,100.0,100.0,0.0,0.0,-1.8144962208527016,GREEN
BULL_2017,DISCOVERY,BULL,2017-07-05,1,1,0.0,100.0,0.0,0.0,-0.1946024840725368,GREEN
BULL_2017,DISCOVERY,BULL,2017-07-06,1,1,0.0,100.0,0.0,0.0,4.209531324246818,GREEN
BULL_2017,DISCOVERY,BULL,2017-07-14,1,1,100.0,0.0,100.0,0.0,2.552607639454174,GREEN
BULL_2017,DISCOVERY,BULL,2017-07-17,1,1,100.0,100.0,0.0,0.0,-1.1019307878784357,GREEN
BULL_2017,DISCOVERY,BULL,2017-07-18,1,1,100.0,0.0,100.0,0.0,3.278002280155823,GREEN
BULL_2017,DISCOVERY,BULL,2017-07-20,1,1,100.0,0.0,100.0,100.0,5.742783996164014,GREEN
BULL_2017,DISCOVERY,BULL,2017-07-25,1,1,100.0,100.0,0.0,0.0,-1.862112452410392,GREEN
BULL_2017,DISCOVERY,BULL,2017-07-27,1,1,100.0,100.0,0.0,0.0,-1.8692354782856249,GREEN
BULL_2017,DISCOVERY,BULL,2017-07-31,1,1,0.0,0.0,0.0,0.0,2.025797547781272,GREEN
BULL_2017,DISCOVERY,BULL,2017-08-01,1,1,100.0,0.0,0.0,0.0,0.8226717898064173,GREEN
BULL_2017,DISCOVERY,BULL,2017-08-04,1,1,100.0,100.0,0.0,0.0,-3.6914402583222974,GREEN
BULL_2017,DISCOVERY,BULL,2017-08-07,1,1,100.0,100.0,0.0,0.0,-1.546752426632669,GREEN
BULL_2017,DISCOVERY,BULL,2017-08-23,1,1,100.0,100.0,0.0,0.0,0.9889403475658254,GREEN
BULL_2017,DISCOVERY,BULL,2017-09-01,1,1,100.0,100.0,0.0,0.0,-0.4380706465475281,GREEN
BULL_2017,DISCOVERY,BULL,2017-09-11,1,1,100.0,0.0,100.0,100.0,6.757869426461216,GREEN
BULL_2017,DISCOVERY,BULL,2017-09-12,1,1,0.0,100.0,0.0,0.0,-3.70319630974284,GREEN
BULL_2017,DISCOVERY,BULL,2017-09-26,1,1,0.0,0.0,100.0,100.0,14.01827078704896,GREEN
BULL_2017,DISCOVERY,BULL,2017-09-28,1,1,100.0,0.0,100.0,0.0,2.7883079043829584,GREEN
BULL_2017,DISCOVERY,BULL,2017-09-29,1,1,100.0,0.0,100.0,100.0,5.962105964950126,GREEN
BULL_2017,DISCOVERY,BULL,2017-10-02,1,1,0.0,100.0,0.0,0.0,-5.407827650985575,GREEN
BULL_2017,DISCOVERY,BULL,2017-10-04,1,1,100.0,0.0,100.0,100.0,6.125408755845085,GREEN
BULL_2017,DISCOVERY,BULL,2017-10-05,1,1,100.0,0.0,100.0,0.0,0.0454000030118528,GREEN
BULL_2017,DISCOVERY,BULL,2017-10-10,1,1,0.0,0.0,100.0,100.0,1.0036283384764255,GREEN
BULL_2017,DISCOVERY,BULL,2017-10-11,1,1,100.0,100.0,0.0,0.0,0.7501392462152978,GREEN
BULL_2017,DISCOVERY,BULL,2017-10-30,1,1,0.0,100.0,0.0,0.0,-1.0612403051994843,GREEN
BULL_2017,DISCOVERY,BULL,2017-11-01,1,1,0.0,0.0,100.0,0.0,2.6951197769023105,GREEN
BULL_2017,DISCOVERY,BULL,2017-11-06,1,1,100.0,100.0,0.0,0.0,3.747957013850356,GREEN
BULL_2017,DISCOVERY,BULL,2017-11-22,1,1,100.0,0.0,100.0,0.0,3.1065551752269998,GREEN
BULL_2017,DISCOVERY,BULL,2017-11-27,1,1,100.0,0.0,100.0,0.0,1.6413894891363023,GREEN
BULL_2017,DISCOVERY,BULL,2017-12-11,1,1,0.0,0.0,100.0,0.0,4.650232050182623,GREEN
BULL_2017,DISCOVERY,BULL,2017-12-12,1,1,100.0,0.0,100.0,100.0,6.199707690739986,GREEN
BULL_2017,DISCOVERY,BULL,2017-12-13,1,1,100.0,100.0,0.0,0.0,-6.486405407691809,GREEN
BULL_2017,DISCOVERY,BULL,2017-12-15,1,1,100.0,100.0,0.0,0.0,4.73312108594115,GREEN
BULL_2017,DISCOVERY,BULL,2017-12-20,1,1,100.0,0.0,100.0,100.0,4.4539313887759,GREEN
VALIDATION_2018,VALIDATION,CORRECTION_BEAR,2018-02-06,1,1,0.0,0.0,0.0,0.0,-2.488617196077547,GREEN
VALIDATION_2018,VALIDATION,CORRECTION_BEAR,2018-02-08,1,1,0.0,0.0,100.0,100.0,3.5890610421557056,GREEN
VALIDATION_2018,VALIDATION,CORRECTION_BEAR,2018-02-14,1,1,100.0,0.0,100.0,0.0,1.0768858100475898,GREEN
VALIDATION_2018,VALIDATION,CORRECTION_BEAR,2018-02-15,1,1,100.0,0.0,0.0,0.0,-1.6152504470189455,GREEN
VALIDATION_2018,VALIDATION,CORRECTION_BEAR,2018-03-07,1,1,100.0,0.0,100.0,100.0,5.578493271257257,GREEN
VALIDATION_2018,VALIDATION,CORRECTION_BEAR,2018-03-15,1,1,0.0,100.0,0.0,0.0,-1.0032112364114163,GREEN
VALIDATION_2018,VALIDATION,CORRECTION_BEAR,2018-03-20,1,1,100.0,100.0,0.0,0.0,-0.2809726802543322,GREEN
VALIDATION_2018,VALIDATION,CORRECTION_BEAR,2018-03-21,1,1,0.0,100.0,0.0,0.0,-3.3294678375703546,GREEN
VALIDATION_2018,VALIDATION,CORRECTION_BEAR,2018-03-26,1,1,0.0,0.0,100.0,100.0,8.362344153002898,GREEN
VALIDATION_2018,VALIDATION,CORRECTION_BEAR,2018-04-06,1,1,100.0,100.0,100.0,0.0,-0.4306118872567821,GREEN
VALIDATION_2018,VALIDATION,CORRECTION_BEAR,2018-04-11,1,1,100.0,0.0,100.0,100.0,9.753439747323275,GREEN
VALIDATION_2018,VALIDATION,CORRECTION_BEAR,2018-04-12,1,1,100.0,100.0,100.0,0.0,1.162110045114595,GREEN
VALIDATION_2018,VALIDATION,CORRECTION_BEAR,2018-04-27,1,1,100.0,0.0,100.0,100.0,13.618003911046529,GREEN
VALIDATION_2018,VALIDATION,CORRECTION_BEAR,2018-04-30,1,1,100.0,0.0,100.0,100.0,10.334529019974138,GREEN
VALIDATION_2018,VALIDATION,CORRECTION_BEAR,2018-05-01,1,1,0.0,0.0,100.0,100.0,3.543690900925656,GREEN
VALIDATION_2018,VALIDATION,CORRECTION_BEAR,2018-05-02,1,1,0.0,100.0,100.0,0.0,-2.6630982957177807,GREEN
VALIDATION_2018,VALIDATION,CORRECTION_BEAR,2018-05-07,1,1,100.0,100.0,100.0,0.0,-2.514178242665177,GREEN
VALIDATION_2018,VALIDATION,CORRECTION_BEAR,2018-05-09,1,1,100.0,0.0,100.0,0.0,0.4313046813334775,GREEN
VALIDATION_2018,VALIDATION,CORRECTION_BEAR,2018-05-14,1,1,100.0,0.0,100.0,0.0,3.0122931919290385,GREEN
VALIDATION_2018,VALIDATION,CORRECTION_BEAR,2018-06-01,1,1,0.0,100.0,0.0,0.0,-2.527432640126681,GREEN
VALIDATION_2018,VALIDATION,CORRECTION_BEAR,2018-06-04,1,1,100.0,100.0,100.0,0.0,-4.5782171953068325,GREEN
VALIDATION_2018,VALIDATION,CORRECTION_BEAR,2018-06-14,1,1,100.0,100.0,0.0,0.0,-2.6075407566212405,GREEN
VALIDATION_2018,VALIDATION,CORRECTION_BEAR,2018-07-05,1,1,100.0,0.0,0.0,0.0,-1.6203683956004689,GREEN
VALIDATION_2018,VALIDATION,CORRECTION_BEAR,2018-07-10,1,1,100.0,0.0,100.0,100.0,1.4148643951549469,GREEN
VALIDATION_2018,VALIDATION,CORRECTION_BEAR,2018-07-20,1,1,0.0,100.0,100.0,100.0,-2.8370101527862235,GREEN
VALIDATION_2018,VALIDATION,CORRECTION_BEAR,2018-07-24,1,1,0.0,100.0,0.0,0.0,-2.6806868828147867,GREEN
VALIDATION_2018,VALIDATION,CORRECTION_BEAR,2018-07-31,1,1,100.0,0.0,100.0,100.0,5.287713462774124,GREEN
VALIDATION_2018,VALIDATION,CORRECTION_BEAR,2018-08-07,1,1,100.0,100.0,0.0,0.0,10.697278573533865,GREEN
VALIDATION_2018,VALIDATION,CORRECTION_BEAR,2018-08-08,1,1,100.0,0.0,100.0,0.0,2.785952378222034,GREEN
VALIDATION_2018,VALIDATION,CORRECTION_BEAR,2018-08-20,1,1,100.0,0.0,100.0,100.0,3.677288253889044,GREEN
VALIDATION_2018,VALIDATION,CORRECTION_BEAR,2018-08-22,1,1,100.0,100.0,0.0,0.0,2.3143835128750068,GREEN
VALIDATION_2018,VALIDATION,CORRECTION_BEAR,2018-08-27,1,1,100.0,100.0,0.0,0.0,-5.3625011559259805,GREEN
VALIDATION_2018,VALIDATION,CORRECTION_BEAR,2018-09-05,1,1,100.0,0.0,100.0,0.0,1.8502256599487896,GREEN
VALIDATION_2018,VALIDATION,CORRECTION_BEAR,2018-09-06,1,1,0.0,0.0,0.0,0.0,-0.250047892313765,GREEN
VALIDATION_2018,VALIDATION,CORRECTION_BEAR,2018-09-10,1,1,0.0,0.0,100.0,0.0,3.625345839786398,GREEN
VALIDATION_2018,VALIDATION,CORRECTION_BEAR,2018-09-19,1,1,100.0,100.0,0.0,0.0,0.8600169906441524,GREEN
VALIDATION_2018,VALIDATION,CORRECTION_BEAR,2018-10-04,1,1,0.0,100.0,0.0,0.0,1.826468671258508,GREEN
VALIDATION_2018,VALIDATION,CORRECTION_BEAR,2018-10-09,1,1,100.0,100.0,0.0,0.0,1.2723373144925665,GREEN
VALIDATION_2018,VALIDATION,CORRECTION_BEAR,2018-10-10,1,1,100.0,100.0,0.0,0.0,7.254406886540443,GREEN
VALIDATION_2018,VALIDATION,CORRECTION_BEAR,2018-10-31,1,1,0.0,0.0,100.0,100.0,10.768033410512912,YELLOW
VALIDATION_2018,VALIDATION,CORRECTION_BEAR,2018-11-01,1,1,100.0,100.0,0.0,0.0,-4.196304264506456,YELLOW
VALIDATION_2018,VALIDATION,CORRECTION_BEAR,2018-11-08,1,1,0.0,100.0,0.0,0.0,-1.951957556909256,GREEN
VALIDATION_2019,VALIDATION,BULL,2019-03-26,1,1,0.0,100.0,0.0,0.0,-3.9600303695271344,GREEN
VALIDATION_2019,VALIDATION,BULL,2019-03-28,1,1,100.0,100.0,0.0,0.0,-0.9396527899600882,GREEN
VALIDATION_2019,VALIDATION,BULL,2019-04-05,1,1,0.0,100.0,0.0,0.0,2.015487529270965,GREEN
VALIDATION_2019,VALIDATION,BULL,2019-04-22,1,1,0.0,100.0,0.0,0.0,0.6603707221948252,GREEN
VALIDATION_2019,VALIDATION,BULL,2019-04-23,1,1,100.0,0.0,100.0,0.0,0.2761285768178023,GREEN
VALIDATION_2019,VALIDATION,BULL,2019-04-25,1,1,100.0,0.0,0.0,0.0,1.3081941366205108,GREEN
VALIDATION_2019,VALIDATION,BULL,2019-05-02,1,1,0.0,100.0,0.0,0.0,-6.732443574587688,GREEN
VALIDATION_2019,VALIDATION,BULL,2019-05-03,1,1,0.0,100.0,0.0,0.0,-5.338708194153496,GREEN
VALIDATION_2019,VALIDATION,BULL,2019-05-06,1,1,0.0,100.0,0.0,0.0,-12.500022165212089,GREEN
VALIDATION_2019,VALIDATION,BULL,2019-05-14,1,1,0.0,100.0,0.0,0.0,5.163280721109875,GREEN
VALIDATION_2019,VALIDATION,BULL,2019-05-30,1,1,0.0,0.0,100.0,100.0,5.192267320130317,GREEN
VALIDATION_2019,VALIDATION,BULL,2019-06-18,1,1,100.0,0.0,100.0,100.0,3.3045277239126536,GREEN
VALIDATION_2019,VALIDATION,BULL,2019-06-27,1,1,0.0,0.0,100.0,100.0,5.542339390845674,GREEN
VALIDATION_2019,VALIDATION,BULL,2019-07-03,1,1,0.0,100.0,0.0,0.0,-7.527865680937706,GREEN
VALIDATION_2019,VALIDATION,BULL,2019-07-24,1,1,0.0,0.0,100.0,100.0,5.390052323207528,GREEN
VALIDATION_2019,VALIDATION,BULL,2019-07-25,1,1,100.0,100.0,0.0,0.0,-10.149532166229458,GREEN
VALIDATION_2019,VALIDATION,BULL,2019-08-20,1,1,100.0,100.0,0.0,0.0,4.259559804642343,GREEN
VALIDATION_2019,VALIDATION,BULL,2019-08-30,1,1,100.0,0.0,100.0,100.0,6.033184384517898,GREEN
VALIDATION_2019,VALIDATION,BULL,2019-09-12,1,1,0.0,100.0,0.0,0.0,-1.007783116218952,GREEN
VALIDATION_2019,VALIDATION,BULL,2019-09-13,1,1,100.0,100.0,0.0,0.0,2.706412151124593,GREEN
VALIDATION_2019,VALIDATION,BULL,2019-09-18,1,1,100.0,100.0,0.0,0.0,-0.9823359855896996,GREEN
VALIDATION_2019,VALIDATION,BULL,2019-09-24,1,1,100.0,0.0,100.0,0.0,-0.0249721671751301,GREEN
VALIDATION_2019,VALIDATION,BULL,2019-09-30,1,1,100.0,100.0,0.0,0.0,-1.2606956670544012,GREEN
VALIDATION_2019,VALIDATION,BULL,2019-10-01,1,1,0.0,100.0,0.0,0.0,3.542371019041557,GREEN
VALIDATION_2019,VALIDATION,BULL,2019-10-02,1,1,0.0,100.0,0.0,0.0,3.4051058924170485,GREEN
VALIDATION_2019,VALIDATION,BULL,2019-10-10,1,1,100.0,100.0,0.0,0.0,-1.3729990181255425,GREEN
VALIDATION_2019,VALIDATION,BULL,2019-10-11,1,1,100.0,0.0,100.0,100.0,14.162894253437708,GREEN
VALIDATION_2019,VALIDATION,BULL,2019-10-21,1,1,100.0,0.0,0.0,0.0,-2.080656509231072,GREEN
VALIDATION_2019,VALIDATION,BULL,2019-11-01,1,1,0.0,0.0,100.0,100.0,0.2280188468186228,GREEN
VALIDATION_2019,VALIDATION,BULL,2019-11-04,1,1,100.0,0.0,100.0,100.0,14.94761402752136,GREEN
VALIDATION_2019,VALIDATION,BULL,2019-11-05,1,1,100.0,0.0,100.0,0.0,3.30092801027404,GREEN
VALIDATION_2019,VALIDATION,BULL,2019-12-04,1,1,0.0,100.0,0.0,0.0,-2.7763997136712293,GREEN
VALIDATION_2019,VALIDATION,BULL,2019-12-09,1,1,100.0,100.0,100.0,0.0,1.6841965507120582,GREEN
VALIDATION_2019,VALIDATION,BULL,2019-12-27,1,1,0.0,100.0,0.0,0.0,0.9127170718240096,GREEN
VALIDATION_2019,VALIDATION,BULL,2019-12-30,1,1,0.0,100.0,0.0,0.0,-1.6619647865746656,GREEN
COVID_2020,DISCOVERY,CRISIS,2020-01-07,1,1,0.0,0.0,100.0,100.0,5.90173580273361,GREEN
COVID_2020,DISCOVERY,CRISIS,2020-01-17,1,1,0.0,100.0,0.0,0.0,0.2346901611092633,GREEN
COVID_2020,DISCOVERY,CRISIS,2020-01-21,1,1,100.0,100.0,0.0,0.0,-8.263580284063831,GREEN
COVID_2020,DISCOVERY,CRISIS,2020-01-27,1,1,0.0,100.0,0.0,0.0,-11.844395553873788,GREEN
COVID_2020,DISCOVERY,CRISIS,2020-02-20,1,1,0.0,100.0,0.0,0.0,-35.52935759230959,GREEN
COVID_2020,DISCOVERY,CRISIS,2020-03-19,1,1,0.0,100.0,0.0,0.0,16.770742724945563,YELLOW
COVID_2020,DISCOVERY,CRISIS,2020-03-24,1,1,100.0,0.0,100.0,100.0,19.15100182325975,YELLOW
COVID_2020,DISCOVERY,CRISIS,2020-03-26,1,1,0.0,0.0,100.0,100.0,11.526627756942087,YELLOW
COVID_2020,DISCOVERY,CRISIS,2020-07-13,1,1,100.0,0.0,100.0,100.0,10.931457376883902,GREEN
COVID_2020,DISCOVERY,CRISIS,2020-07-14,1,1,100.0,0.0,100.0,100.0,4.525149445564058,GREEN
COVID_2020,DISCOVERY,CRISIS,2020-08-05,1,1,0.0,0.0,100.0,100.0,7.6276311108767425,GREEN
COVID_2020,DISCOVERY,CRISIS,2020-08-06,1,1,100.0,0.0,100.0,100.0,5.546360870078693,GREEN
COVID_2020,DISCOVERY,CRISIS,2020-08-07,1,1,100.0,100.0,100.0,0.0,-3.610011063634044,GREEN
COVID_2020,DISCOVERY,CRISIS,2020-08-18,1,1,100.0,100.0,0.0,0.0,-9.54608421952866,GREEN
COVID_2020,DISCOVERY,CRISIS,2020-08-19,1,1,100.0,100.0,0.0,0.0,-10.598503169727202,GREEN
COVID_2020,DISCOVERY,CRISIS,2020-08-26,1,1,100.0,100.0,100.0,0.0,-7.187659120618495,GREEN
COVID_2020,DISCOVERY,CRISIS,2020-08-28,1,1,0.0,100.0,0.0,0.0,-5.800158366487263,GREEN
COVID_2020,DISCOVERY,CRISIS,2020-09-02,1,1,100.0,100.0,0.0,0.0,-10.86985532463447,GREEN
COVID_2020,DISCOVERY,CRISIS,2020-09-10,1,1,100.0,0.0,100.0,100.0,17.674933277525717,GREEN
COVID_2020,DISCOVERY,CRISIS,2020-09-16,1,1,100.0,100.0,100.0,0.0,15.241769768289103,GREEN
COVID_2020,DISCOVERY,CRISIS,2020-09-22,1,1,100.0,0.0,100.0,0.0,-0.8909718063662475,GREEN
COVID_2020,DISCOVERY,CRISIS,2020-09-29,1,1,100.0,100.0,0.0,0.0,-6.222851892903858,GREEN
VALIDATION_2021,VALIDATION,BULL,2021-02-23,1,1,100.0,0.0,100.0,100.0,13.563884311180852,GREEN
VALIDATION_2021,VALIDATION,BULL,2021-02-24,1,1,0.0,100.0,0.0,0.0,-1.6989435366648542,GREEN
VALIDATION_2021,VALIDATION,BULL,2021-03-04,1,1,0.0,0.0,100.0,100.0,9.75370291361839,GREEN
VALIDATION_2021,VALIDATION,BULL,2021-03-05,1,1,0.0,0.0,100.0,100.0,7.836057086272508,GREEN
VALIDATION_2021,VALIDATION,BULL,2021-03-09,1,1,100.0,0.0,100.0,100.0,5.351578608615393,GREEN
VALIDATION_2021,VALIDATION,BULL,2021-03-23,1,1,0.0,0.0,100.0,100.0,6.266042364581836,GREEN
VALIDATION_2021,VALIDATION,BULL,2021-03-26,1,1,100.0,0.0,0.0,0.0,-1.621923877147613,GREEN
VALIDATION_2021,VALIDATION,BULL,2021-03-30,1,1,100.0,0.0,100.0,100.0,5.364576041503066,GREEN
VALIDATION_2021,VALIDATION,BULL,2021-04-23,1,1,0.0,0.0,100.0,100.0,13.44848916646033,GREEN
VALIDATION_2021,VALIDATION,BULL,2021-04-29,1,1,0.0,100.0,100.0,100.0,10.400624698641913,GREEN
VALIDATION_2021,VALIDATION,BULL,2021-05-03,1,1,0.0,0.0,100.0,0.0,4.085997420761456,GREEN
VALIDATION_2021,VALIDATION,BULL,2021-05-04,1,1,100.0,100.0,100.0,100.0,-5.577035644409989,GREEN
VALIDATION_2021,VALIDATION,BULL,2021-05-06,1,1,0.0,100.0,0.0,0.0,-8.157311843231074,GREEN
VALIDATION_2021,VALIDATION,BULL,2021-05-07,1,1,100.0,0.0,100.0,100.0,7.26638245436193,GREEN
VALIDATION_2021,VALIDATION,BULL,2021-05-12,1,1,0.0,100.0,0.0,0.0,0.4677742065795076,GREEN
VALIDATION_2021,VALIDATION,BULL,2021-05-21,1,1,0.0,100.0,100.0,0.0,-4.512665722938669,GREEN
VALIDATION_2021,VALIDATION,BULL,2021-05-25,1,1,100.0,0.0,100.0,0.0,-0.8747134767614906,GREEN
VALIDATION_2021,VALIDATION,BULL,2021-05-26,1,1,100.0,100.0,0.0,0.0,-4.053281189105418,GREEN
VALIDATION_2021,VALIDATION,BULL,2021-06-03,1,1,0.0,100.0,0.0,0.0,0.1474133271037958,GREEN
VALIDATION_2021,VALIDATION,BULL,2021-06-07,1,1,100.0,0.0,100.0,0.0,3.612003060116842,GREEN
VALIDATION_2021,VALIDATION,BULL,2021-06-10,1,1,100.0,100.0,0.0,0.0,1.4425044148656196,GREEN
VALIDATION_2021,VALIDATION,BULL,2021-06-14,1,1,0.0,100.0,0.0,0.0,-4.060130235371739,GREEN
VALIDATION_2021,VALIDATION,BULL,2021-06-29,1,1,100.0,0.0,100.0,100.0,3.783586474450429,GREEN
VALIDATION_2021,VALIDATION,BULL,2021-07-06,1,1,100.0,0.0,100.0,0.0,2.9423921935797903,GREEN
VALIDATION_2021,VALIDATION,BULL,2021-07-08,1,1,0.0,0.0,0.0,0.0,1.8663883200835676,GREEN
VALIDATION_2021,VALIDATION,BULL,2021-07-16,1,1,0.0,100.0,0.0,0.0,-1.7847212164780912,GREEN
VALIDATION_2021,VALIDATION,BULL,2021-08-19,1,1,100.0,0.0,100.0,100.0,0.9388393646875935,GREEN
VALIDATION_2021,VALIDATION,BULL,2021-08-20,1,1,0.0,100.0,0.0,0.0,-7.415607325031814,GREEN
VALIDATION_2021,VALIDATION,BULL,2021-08-30,1,1,100.0,100.0,0.0,0.0,-3.550752722422923,GREEN
VALIDATION_2021,VALIDATION,BULL,2021-09-01,1,1,100.0,100.0,0.0,0.0,-9.657077962944594,GREEN
VALIDATION_2021,VALIDATION,BULL,2021-09-02,1,1,100.0,100.0,0.0,0.0,-9.069125244283182,GREEN
VALIDATION_2021,VALIDATION,BULL,2021-09-13,1,1,0.0,100.0,0.0,0.0,-4.407413833979268,GREEN
VALIDATION_2021,VALIDATION,BULL,2021-09-17,1,1,0.0,100.0,0.0,0.0,-4.335383118697845,GREEN
VALIDATION_2021,VALIDATION,BULL,2021-09-27,1,1,100.0,100.0,0.0,0.0,0.1869843777603907,GREEN
VALIDATION_2021,VALIDATION,BULL,2021-09-29,1,1,100.0,100.0,0.0,0.0,-4.494042425278567,GREEN
VALIDATION_2021,VALIDATION,BULL,2021-10-14,1,1,100.0,0.0,100.0,0.0,0.4487397408792892,GREEN
VALIDATION_2021,VALIDATION,BULL,2021-10-19,1,1,100.0,0.0,100.0,100.0,5.811734134410962,GREEN
VALIDATION_2021,VALIDATION,BULL,2021-10-28,1,1,100.0,0.0,100.0,100.0,3.0041169101818754,GREEN
VALIDATION_2021,VALIDATION,BULL,2021-11-02,1,1,100.0,100.0,100.0,100.0,-9.316438777462931,GREEN
VALIDATION_2021,VALIDATION,BULL,2021-11-03,1,1,100.0,100.0,0.0,0.0,-12.113476144837756,GREEN
VALIDATION_2021,VALIDATION,BULL,2021-11-24,1,1,0.0,100.0,0.0,0.0,-9.887807864895626,GREEN
VALIDATION_2021,VALIDATION,BULL,2021-11-26,1,1,0.0,0.0,100.0,100.0,11.175295466916335,GREEN
VALIDATION_2021,VALIDATION,BULL,2021-12-28,1,1,100.0,100.0,100.0,0.0,-5.85260609710716,GREEN
BEAR_2022,DISCOVERY,CORRECTION_BEAR,2022-01-19,1,1,0.0,0.0,100.0,0.0,-0.1873583633283382,GREEN
BEAR_2022,DISCOVERY,CORRECTION_BEAR,2022-01-27,1,1,0.0,0.0,100.0,100.0,-3.0361789798215133,YELLOW
BEAR_2022,DISCOVERY,CORRECTION_BEAR,2022-01-28,1,1,100.0,100.0,100.0,0.0,-5.512104142380325,GREEN
BEAR_2022,DISCOVERY,CORRECTION_BEAR,2022-02-02,1,1,100.0,100.0,0.0,0.0,-11.693020129055498,GREEN
BEAR_2022,DISCOVERY,CORRECTION_BEAR,2022-02-09,1,1,100.0,100.0,100.0,0.0,-5.645041743986057,GREEN
BEAR_2022,DISCOVERY,CORRECTION_BEAR,2022-02-15,1,1,100.0,100.0,0.0,0.0,-6.78086310852084,GREEN
BEAR_2022,DISCOVERY,CORRECTION_BEAR,2022-02-18,1,1,100.0,100.0,0.0,0.0,-6.123988064680019,YELLOW
BEAR_2022,DISCOVERY,CORRECTION_BEAR,2022-02-22,1,1,100.0,100.0,0.0,0.0,-2.6991472483713586,YELLOW
BEAR_2022,DISCOVERY,CORRECTION_BEAR,2022-03-09,1,1,0.0,0.0,100.0,100.0,13.370608873421052,YELLOW
BEAR_2022,DISCOVERY,CORRECTION_BEAR,2022-03-14,1,1,100.0,0.0,100.0,100.0,9.294701480178414,YELLOW
BEAR_2022,DISCOVERY,CORRECTION_BEAR,2022-03-15,1,1,100.0,0.0,100.0,100.0,8.280344981368138,YELLOW
VALIDATION_2023_2024,VALIDATION,BULL,2023-02-03,1,1,100.0,100.0,0.0,0.0,-4.420735826669919,GREEN
VALIDATION_2023_2024,VALIDATION,BULL,2023-02-08,1,1,100.0,100.0,0.0,0.0,-2.285100797160944,GREEN
VALIDATION_2023_2024,VALIDATION,BULL,2023-02-09,1,1,0.0,0.0,100.0,0.0,1.5097824831880713,GREEN
VALIDATION_2023_2024,VALIDATION,BULL,2023-02-17,1,1,0.0,100.0,0.0,0.0,-6.445307885322505,GREEN
VALIDATION_2023_2024,VALIDATION,BULL,2023-02-22,1,1,0.0,0.0,100.0,100.0,3.279443162634199,GREEN
VALIDATION_2023_2024,VALIDATION,BULL,2023-02-24,1,1,100.0,100.0,100.0,0.0,-4.337226309854236,GREEN
VALIDATION_2023_2024,VALIDATION,BULL,2023-03-01,1,1,100.0,100.0,100.0,100.0,3.469533363772648,GREEN
VALIDATION_2023_2024,VALIDATION,BULL,2023-03-02,1,1,100.0,0.0,0.0,0.0,-0.1631801778715469,GREEN
VALIDATION_2023_2024,VALIDATION,BULL,2023-03-06,1,1,100.0,100.0,0.0,0.0,-7.561499115819426,GREEN
VALIDATION_2023_2024,VALIDATION,BULL,2023-03-14,1,1,100.0,0.0,100.0,0.0,3.685569435342373,GREEN
VALIDATION_2023_2024,VALIDATION,BULL,2023-03-16,1,1,0.0,0.0,100.0,100.0,3.0141918449156035,GREEN
VALIDATION_2023_2024,VALIDATION,BULL,2023-03-22,1,1,100.0,0.0,100.0,100.0,5.075114823656612,GREEN
VALIDATION_2023_2024,VALIDATION,BULL,2023-03-28,1,1,100.0,0.0,100.0,100.0,6.121769573465596,GREEN
VALIDATION_2023_2024,VALIDATION,BULL,2023-04-12,1,1,0.0,0.0,100.0,100.0,-1.431587695462544,GREEN
VALIDATION_2023_2024,VALIDATION,BULL,2023-04-25,1,1,100.0,100.0,100.0,0.0,-2.6484282648768787,GREEN
VALIDATION_2023_2024,VALIDATION,BULL,2023-05-05,1,1,0.0,100.0,100.0,0.0,-14.622579318640694,GREEN
VALIDATION_2023_2024,VALIDATION,BULL,2023-05-08,1,1,100.0,100.0,100.0,0.0,3.238740358001735,GREEN
VALIDATION_2023_2024,VALIDATION,BULL,2023-05-09,1,1,100.0,100.0,0.0,0.0,-0.5569547967355648,GREEN
VALIDATION_2023_2024,VALIDATION,BULL,2023-05-12,1,1,0.0,100.0,0.0,0.0,10.138419225472315,GREEN
VALIDATION_2023_2024,VALIDATION,BULL,2023-05-18,1,1,100.0,100.0,0.0,0.0,1.4807175341748025,GREEN
VALIDATION_2023_2024,VALIDATION,BULL,2023-05-22,1,1,100.0,100.0,0.0,0.0,5.503084343812126,GREEN
VALIDATION_2023_2024,VALIDATION,BULL,2023-05-30,1,1,100.0,100.0,0.0,0.0,9.285805926825995,GREEN
VALIDATION_2023_2024,VALIDATION,BULL,2023-07-10,1,1,0.0,0.0,100.0,100.0,3.2367966895959555,GREEN
VALIDATION_2023_2024,VALIDATION,BULL,2023-07-13,1,1,100.0,0.0,100.0,100.0,1.7126863647517032,GREEN
VALIDATION_2023_2024,VALIDATION,BULL,2023-07-14,1,1,100.0,0.0,100.0,100.0,1.579292314848546,GREEN
VALIDATION_2023_2024,VALIDATION,BULL,2023-08-01,1,1,0.0,100.0,0.0,0.0,-0.9854549227679144,GREEN
VALIDATION_2023_2024,VALIDATION,BULL,2023-08-02,1,1,100.0,100.0,0.0,0.0,-6.288237741866565,GREEN
VALIDATION_2023_2024,VALIDATION,BULL,2023-08-08,1,1,100.0,100.0,0.0,0.0,1.3457092774706192,GREEN
VALIDATION_2023_2024,VALIDATION,BULL,2023-08-14,1,1,0.0,100.0,0.0,0.0,0.0100946639442378,GREEN
VALIDATION_2023_2024,VALIDATION,BULL,2023-08-15,1,1,100.0,100.0,100.0,0.0,-3.288696491154508,GREEN
VALIDATION_2023_2024,VALIDATION,BULL,2023-08-16,1,1,100.0,100.0,0.0,0.0,0.4400460159937225,GREEN
VALIDATION_2023_2024,VALIDATION,BULL,2023-08-21,1,1,0.0,0.0,100.0,100.0,5.025938618941495,GREEN
VALIDATION_2023_2024,VALIDATION,BULL,2023-08-30,1,1,100.0,100.0,0.0,0.0,-3.905401625823135,GREEN
VALIDATION_2023_2024,VALIDATION,BULL,2023-09-11,1,1,0.0,100.0,0.0,0.0,-22.21496486286664,GREEN
VALIDATION_2023_2024,VALIDATION,BULL,2023-09-19,1,1,100.0,100.0,0.0,0.0,-3.0280214024295597,GREEN
VALIDATION_2023_2024,VALIDATION,BULL,2023-09-26,1,1,0.0,100.0,100.0,0.0,-6.127790230073583,GREEN
VALIDATION_2023_2024,VALIDATION,BULL,2023-09-27,1,1,0.0,100.0,100.0,0.0,-9.678476758876474,GREEN
VALIDATION_2023_2024,VALIDATION,BULL,2023-10-02,1,1,100.0,100.0,0.0,0.0,-12.501215580624958,GREEN
VALIDATION_2023_2024,VALIDATION,BULL,2023-10-09,1,1,100.0,100.0,0.0,0.0,5.073800041589882,GREEN
VALIDATION_2023_2024,VALIDATION,BULL,2023-10-11,1,1,100.0,0.0,100.0,100.0,2.2934683065226835,GREEN
VALIDATION_2023_2024,VALIDATION,BULL,2023-10-26,1,1,0.0,0.0,100.0,100.0,9.560932640857557,YELLOW
VALIDATION_2023_2024,VALIDATION,BULL,2023-10-31,1,1,100.0,0.0,100.0,100.0,6.17983889801994,YELLOW
VALIDATION_2023_2024,VALIDATION,BULL,2023-11-01,1,1,100.0,100.0,0.0,0.0,-6.123187081055892,GREEN
VALIDATION_2023_2024,VALIDATION,BULL,2023-11-10,1,1,0.0,0.0,100.0,100.0,1.3534652357974242,GREEN
VALIDATION_2023_2024,VALIDATION,BULL,2023-11-14,1,1,100.0,100.0,0.0,0.0,-2.2893433056969226,GREEN
VALIDATION_2023_2024,VALIDATION,BULL,2023-11-15,1,1,0.0,0.0,100.0,0.0,4.4259677230478855,GREEN
VALIDATION_2023_2024,VALIDATION,BULL,2023-12-01,1,1,0.0,0.0,100.0,100.0,1.6243098862292804,GREEN
VALIDATION_2023_2024,VALIDATION,BULL,2023-12-11,1,1,0.0,0.0,0.0,0.0,-4.63483502579336,GREEN
VALIDATION_2023_2024,VALIDATION,BULL,2023-12-19,1,1,0.0,0.0,100.0,0.0,3.566602489428705,GREEN
VALIDATION_2023_2024,VALIDATION,BULL,2023-12-28,1,1,100.0,0.0,100.0,100.0,10.452789950079724,GREEN
VALIDATION_2023_2024,VALIDATION,BULL,2024-01-10,1,1,0.0,100.0,0.0,0.0,8.974272225857893,GREEN
VALIDATION_2023_2024,VALIDATION,BULL,2024-01-16,1,1,100.0,100.0,0.0,0.0,6.920982315993585,GREEN
VALIDATION_2023_2024,VALIDATION,BULL,2024-01-23,1,1,0.0,100.0,0.0,0.0,-4.175523846612828,GREEN
VALIDATION_2023_2024,VALIDATION,BULL,2024-01-26,1,1,100.0,100.0,0.0,0.0,-4.783874053163939,GREEN
VALIDATION_2023_2024,VALIDATION,BULL,2024-02-13,1,1,100.0,0.0,100.0,100.0,12.723461246146671,GREEN
VALIDATION_2023_2024,VALIDATION,BULL,2024-02-22,1,1,100.0,0.0,0.0,0.0,-3.7751768802857466,GREEN
VALIDATION_2023_2024,VALIDATION,BULL,2024-02-29,1,1,100.0,0.0,100.0,0.0,1.202685112500168,GREEN
VALIDATION_2023_2024,VALIDATION,BULL,2024-03-11,1,1,0.0,0.0,0.0,0.0,-2.376654217792073,GREEN
VALIDATION_2023_2024,VALIDATION,BULL,2024-03-13,1,1,100.0,0.0,0.0,0.0,-0.3514323229778848,GREEN
VALIDATION_2023_2024,VALIDATION,BULL,2024-03-15,1,1,0.0,0.0,100.0,100.0,1.4620840846288674,GREEN
VALIDATION_2023_2024,VALIDATION,BULL,2024-03-27,1,1,100.0,100.0,0.0,0.0,-4.605164142944707,GREEN
VALIDATION_2023_2024,VALIDATION,BULL,2024-03-28,1,1,100.0,100.0,0.0,0.0,-6.910978429791115,GREEN
VALIDATION_2023_2024,VALIDATION,BULL,2024-04-26,1,1,100.0,100.0,100.0,100.0,-10.267396759557634,GREEN
VALIDATION_2023_2024,VALIDATION,BULL,2024-05-01,1,1,0.0,100.0,100.0,0.0,-0.4430734761817767,GREEN
VALIDATION_2023_2024,VALIDATION,BULL,2024-05-02,1,1,0.0,100.0,0.0,0.0,-1.147224082117848,GREEN
VALIDATION_2023_2024,VALIDATION,BULL,2024-05-10,1,1,0.0,100.0,0.0,0.0,-10.61589350338663,GREEN
VALIDATION_2023_2024,VALIDATION,BULL,2024-05-28,1,1,0.0,0.0,100.0,100.0,0.4587360114221672,GREEN
VALIDATION_2023_2024,VALIDATION,BULL,2024-05-30,1,1,0.0,0.0,100.0,0.0,2.8730625627703565,GREEN
VALIDATION_2023_2024,VALIDATION,BULL,2024-06-05,1,1,0.0,0.0,100.0,100.0,6.129762492908175,GREEN
VALIDATION_2023_2024,VALIDATION,BULL,2024-06-12,1,1,100.0,0.0,100.0,0.0,1.6757662632935988,GREEN
VALIDATION_2023_2024,VALIDATION,BULL,2024-06-14,1,1,0.0,100.0,100.0,0.0,0.7805354957598487,GREEN
VALIDATION_2023_2024,VALIDATION,BULL,2024-06-17,1,1,100.0,0.0,100.0,100.0,5.28165915952763,GREEN
VALIDATION_2023_2024,VALIDATION,BULL,2024-06-18,1,1,100.0,0.0,100.0,100.0,6.943338865850168,GREEN
VALIDATION_2023_2024,VALIDATION,BULL,2024-06-20,1,1,100.0,100.0,0.0,0.0,-1.8026933986647675,GREEN
VALIDATION_2023_2024,VALIDATION,BULL,2024-07-02,1,1,100.0,100.0,0.0,0.0,-5.149849768838566,GREEN
VALIDATION_2023_2024,VALIDATION,BULL,2024-07-09,1,1,100.0,0.0,100.0,100.0,6.96006966405498,GREEN
VALIDATION_2023_2024,VALIDATION,BULL,2024-07-12,1,1,100.0,0.0,100.0,100.0,8.787095239822706,GREEN
VALIDATION_2023_2024,VALIDATION,BULL,2024-08-07,1,1,100.0,0.0,100.0,100.0,-0.1939543676638733,GREEN
VALIDATION_2023_2024,VALIDATION,BULL,2024-08-08,1,1,0.0,0.0,100.0,100.0,3.906618857940303,GREEN
VALIDATION_2023_2024,VALIDATION,BULL,2024-08-14,1,1,100.0,100.0,100.0,0.0,-2.339634205898056,GREEN
VALIDATION_2023_2024,VALIDATION,BULL,2024-08-15,1,1,0.0,0.0,0.0,0.0,1.478714838308126,GREEN
VALIDATION_2023_2024,VALIDATION,BULL,2024-08-19,1,1,100.0,100.0,100.0,0.0,2.8029621606102677,GREEN
VALIDATION_2023_2024,VALIDATION,BULL,2024-08-23,1,1,0.0,100.0,0.0,0.0,7.194900995558351,GREEN
VALIDATION_2023_2024,VALIDATION,BULL,2024-09-09,1,1,0.0,0.0,100.0,100.0,4.383712415715757,GREEN
VALIDATION_2023_2024,VALIDATION,BULL,2024-09-10,1,1,0.0,100.0,0.0,0.0,10.209423530190476,GREEN
VALIDATION_2023_2024,VALIDATION,BULL,2024-09-16,1,1,0.0,100.0,0.0,0.0,-0.8349089454852576,GREEN
VALIDATION_2023_2024,VALIDATION,BULL,2024-09-23,1,1,100.0,100.0,0.0,0.0,1.445184962663304,GREEN
VALIDATION_2023_2024,VALIDATION,BULL,2024-09-25,1,1,100.0,100.0,100.0,0.0,-2.4215129841607785,GREEN
VALIDATION_2023_2024,VALIDATION,BULL,2024-09-27,1,1,100.0,100.0,0.0,0.0,-1.875950267366322,GREEN
VALIDATION_2023_2024,VALIDATION,BULL,2024-10-21,1,1,0.0,100.0,0.0,0.0,-17.799994714701484,GREEN
VALIDATION_2023_2024,VALIDATION,BULL,2024-10-25,1,1,100.0,100.0,0.0,0.0,-5.292207583919528,GREEN
VALIDATION_2023_2024,VALIDATION,BULL,2024-10-28,1,1,0.0,100.0,0.0,0.0,4.706042238445729,GREEN
VALIDATION_2023_2024,VALIDATION,BULL,2024-11-12,1,1,100.0,100.0,100.0,0.0,-2.665074099903153,GREEN
VALIDATION_2023_2024,VALIDATION,BULL,2024-11-15,1,1,0.0,0.0,100.0,100.0,0.5809594200335555,GREEN
VALIDATION_2023_2024,VALIDATION,BULL,2024-11-18,1,1,100.0,100.0,0.0,0.0,-5.221540240408595,GREEN
VALIDATION_2023_2024,VALIDATION,BULL,2024-11-20,1,1,100.0,0.0,100.0,0.0,-0.1988640380803152,GREEN
VALIDATION_2023_2024,VALIDATION,BULL,2024-11-21,1,1,100.0,100.0,0.0,0.0,-5.172028388689154,GREEN
VALIDATION_2023_2024,VALIDATION,BULL,2024-11-25,1,1,100.0,0.0,100.0,0.0,1.1914783833982368,GREEN
VALIDATION_2023_2024,VALIDATION,BULL,2024-12-06,1,1,0.0,100.0,0.0,0.0,-3.0878662447536342,GREEN
VALIDATION_2023_2024,VALIDATION,BULL,2024-12-12,1,1,0.0,100.0,0.0,0.0,-7.141158134455361,GREEN
VALIDATION_2023_2024,VALIDATION,BULL,2024-12-16,1,1,100.0,0.0,0.0,0.0,1.3672857748439735,GREEN
VALIDATION_2023_2024,VALIDATION,BULL,2024-12-17,1,1,100.0,100.0,0.0,0.0,-2.2505026266876005,GREEN
VALIDATION_2023_2024,VALIDATION,BULL,2024-12-27,1,1,100.0,100.0,0.0,0.0,17.108006135107257,GREEN
VALIDATION_2023_2024,VALIDATION,BULL,2024-12-31,1,1,0.0,0.0,100.0,0.0,-1.098996418487086,GREEN
