window,ticker,data_source,signal_type,signal_date,entry_date,entry_open,regime,spy_close,spy_ma50,spy_ma200,spy_roc5_pct,spy_roc5_pass,swing_start,swing_low,swing_distance_pct,stop_hit_20d,days_to_stop,mfe_20d_pct,mae_20d_pct,mfe_before_stop_pct,mae_before_stop_pct,ret_5d_pct,ret_10d_pct,ret_15d_pct,ret_20d_pct,hit_2pct_before_stop,days_to_2pct,hit_3pct_before_stop,days_to_3pct,hit_5pct_before_stop,days_to_5pct,roc5_group
BEAR_2022,CTAS,yfinance,ROC5_PASS,2022-01-12,2022-01-13,97.26968348116858,GREEN,443.1916198730469,438.3475958251953,411.9108233642578,0.5636270732393145,True,2022-01-05,93.4292856952067,4.110486083015097,True,3.0,0.3466341421913377,-8.621583230091744,0.3466341421913377,-4.747153754029698,-6.7015821407516825,-5.029855333561805,-6.136140749278152,-7.680009876867389,False,,False,,False,,ROC5_PASS
BEAR_2022,ROP,yfinance,ROC5_PASS,2022-01-12,2022-01-13,452.36663314750984,GREEN,443.1916198730469,438.3475958251953,411.9108233642578,0.5636270732393145,True,2022-01-07,432.3209769584582,4.636753074088706,True,3.0,0.13740706988596418,-10.356822598306936,0.13740706988596418,-6.286239253524995,-5.977095589271841,-6.507367500944239,-3.8280044477365993,-6.000707304993291,False,,False,,False,,ROC5_PASS
BEAR_2022,SPGI,yfinance,ROC5_PASS,2022-01-12,2022-01-13,407.71207551176116,GREEN,443.1916198730469,438.3475958251953,411.9108233642578,0.5636270732393145,True,2022-01-05,389.94990711129293,4.554987211575057,True,2.0,0.5001889340131349,-13.584313771093504,0.5001889340131349,-6.071502430010822,-6.899936746081769,-9.202130520868213,-7.467118740757606,-13.268849749206456,False,,False,,False,,ROC5_PASS
BEAR_2022,GWW,yfinance,ROC5_PASS,2022-01-28,2022-01-31,468.8545858665264,GREEN,415.8392028808594,434.4205633544922,414.07394943237307,0.9064476154662771,True,2022-01-27,454.235360691004,3.2184251691200316,True,8.0,7.010048192813723,-7.28755295496849,7.010048192813723,-4.395033360004019,-2.5844824066506566,-4.688069051312294,-3.502786632395194,-4.692156680961279,True,1.0,True,3.0,True,3.0,ROC5_PASS
BEAR_2022,MCD,yfinance,ROC5_PASS,2022-01-28,2022-01-31,229.8608428696535,GREEN,415.8392028808594,434.4205633544922,414.07394943237307,0.9064476154662771,True,2022-01-12,221.05468196798748,3.9837025044062724,True,17.0,3.0821092437177677,-6.042655166381228,3.0821092437177677,-6.042655166381228,1.8939642033711124,-0.6391541050953631,-0.9097433677121125,-5.512104142380325,True,2.0,True,3.0,False,,ROC5_PASS
BEAR_2022,NUE,yfinance,ROC5_PASS,2022-01-28,2022-01-31,93.03054856386147,GREEN,415.8392028808594,434.4205633544922,414.07394943237307,0.9064476154662771,True,2022-01-18,82.8456785814689,12.29378545360933,False,,37.81446342655257,-0.311931542726096,37.81446342655257,-0.311931542726096,11.81325546297387,18.08210737956424,19.45061734093978,31.817273830860927,True,0.0,True,0.0,True,1.0,ROC5_PASS
BEAR_2022,ABT,yfinance,ROC5_PASS,2022-01-31,2022-02-01,116.42230784308309,GREEN,423.32891845703125,434.1083459472656,414.24703262329103,2.2894717805545195,True,2022-01-12,108.77172466444674,7.033613930677185,True,13.0,2.8028692363287755,-10.15937159690613,2.8028692363287755,-9.837459469867127,1.0049425534012224,-2.661530748455987,-7.945361688016561,-5.503643407718695,True,1.0,False,,False,,ROC5_PASS
BEAR_2022,ALB,yfinance,ROC5_PASS,2022-01-31,2022-02-01,215.13795700225734,GREEN,423.32891845703125,434.1083459472656,414.24703262329103,2.2894717805545195,True,2022-01-27,186.24621521278291,15.512659817793416,True,13.0,8.973475073698566,-25.32519525004071,8.973475073698566,-17.81945925900952,-0.3823184283374248,6.077521547217235,-20.02108561456645,-16.013349376212226,True,6.0,True,6.0,True,7.0,ROC5_PASS
BEAR_2022,APD,yfinance,ROC5_PASS,2022-01-31,2022-02-01,252.22718526141352,GREEN,423.32891845703125,434.1083459472656,414.24703262329103,2.2894717805545195,True,2022-01-14,242.47676465143942,4.021177296715561,True,3.0,1.2438163970403648,-19.27913992271505,1.2438163970403648,-7.890452814579795,-10.667840252071425,-12.427554042597166,-17.077728405877558,-17.551238300329707,False,,False,,False,,ROC5_PASS
BEAR_2022,BEN,yfinance,ROC5_PASS,2022-01-31,2022-02-01,26.099106591829425,GREEN,423.32891845703125,434.1083459472656,414.24703262329103,2.2894717805545195,True,2022-01-28,24.049312239564827,8.523297181415312,True,12.0,0.547942408445401,-15.677315066680253,0.547942408445401,-8.797575245896905,-5.814319415288116,-5.418556604412195,-11.628606698200405,-10.35008395359245,False,,False,,False,,ROC5_PASS
BEAR_2022,HRL,yfinance,ROC5_PASS,2022-01-31,2022-02-01,40.699733770537215,GREEN,423.32891845703125,434.1083459472656,414.24703262329103,2.2894717805545195,True,2022-01-26,39.45503901121386,3.154716838499594,False,,6.912436834715474,-3.3096043680663545,6.912436834715474,-3.3096043680663545,-0.33516139613323226,-0.984498350903551,-0.08378338653522999,5.739413512313529,True,19.0,True,19.0,True,19.0,ROC5_PASS
BEAR_2022,ITW,yfinance,ROC5_PASS,2022-01-31,2022-02-01,210.90073856072564,GREEN,423.32891845703125,434.1083459472656,414.24703262329103,2.2894717805545195,True,2022-01-27,202.286486563969,4.258441650294098,True,4.0,5.2004085730788185,-10.856501233532844,5.2004085730788185,-4.446512651060841,-3.9694982304337434,-6.409969843466056,-9.07192826245179,-8.782316157937064,True,2.0,True,2.0,True,2.0,ROC5_PASS
BEAR_2022,LIN,yfinance,ROC5_PASS,2022-01-31,2022-02-01,301.46354089831954,GREEN,423.32891845703125,434.1083459472656,414.24703262329103,2.2894717805545195,True,2022-01-18,286.11931190950037,5.362877775154362,True,3.0,1.270096889966954,-13.634390783584315,1.270096889966954,-7.155797633668371,-6.781333042114602,-5.785813271648276,-9.159309386481585,-9.437027625903326,False,,False,,False,,ROC5_PASS
BEAR_2022,NEE,yfinance,ROC5_PASS,2022-01-31,2022-02-01,69.04487422952936,GREEN,423.32891845703125,434.1083459472656,414.24703262329103,2.2894717805545195,True,2022-01-07,61.74580349702115,11.821160822468425,False,,1.8323940138386785,-9.354169706551252,1.8323940138386785,-9.354169706551252,-3.3059748295505953,-3.7801042478454394,-7.329560964760217,-0.07747924222706315,False,,False,,False,,ROC5_PASS
BEAR_2022,ADP,yfinance,ROC5_PASS,2022-02-01,2022-02-02,185.85776464856588,GREEN,426.1893615722656,433.82352172851563,414.4439663696289,4.253472876718045,True,2022-01-14,174.22132318954587,6.679114385074447,False,,2.8361594403117696,-6.470140941062963,2.8361594403117696,-6.470140941062963,2.724272040831721,-0.6421433449318892,-2.5977892957511184,-0.4183735414620693,True,5.0,False,,False,,ROC5_PASS
BEAR_2022,CLX,yfinance,ROC5_PASS,2022-02-01,2022-02-02,140.46507419532037,GREEN,426.1893615722656,433.82352172851563,414.4439663696289,4.253472876718045,True,2022-01-26,138.56841893343278,1.3687500200162628,True,2.0,1.544075842054493,-16.070220406772307,1.544075842054493,-15.192233243681786,-13.514969537474942,-14.453515197294053,-13.26670542824202,-11.928524510589911,False,,False,,False,,ROC5_PASS
BEAR_2022,EXPD,yfinance,ROC5_PASS,2022-02-01,2022-02-02,108.51972247094106,GREEN,426.1893615722656,433.82352172851563,414.4439663696289,4.253472876718045,True,2022-01-11,104.32838381737056,4.017448080962827,True,2.0,0.9000338669375996,-12.749031589959959,0.9000338669375996,-5.898289730715545,-2.481648047156837,-6.169167702639699,-8.222641505857675,-11.385874465043655,False,,False,,False,,ROC5_PASS
BEAR_2022,SHW,yfinance,ROC5_PASS,2022-02-01,2022-02-02,281.78580130645946,GREEN,426.1893615722656,433.82352172851563,414.4439663696289,4.253472876718045,True,2022-01-07,262.6738696201322,7.275916601055932,True,7.0,0.6979869621264179,-14.39223638216487,0.6979869621264179,-7.320426871398833,-2.41062175608433,-7.173997272845312,-11.835201980893984,-11.93757314576075,False,,False,,False,,ROC5_PASS
BEAR_2022,ECL,yfinance,ROC5_PASS,2022-02-02,2022-02-03,180.85911889031527,GREEN,430.329345703125,433.63724853515623,414.6757604980469,5.530935551585925,True,2022-01-14,171.35872312051833,5.544156490425767,True,10.0,1.0558421426231535,-12.575523690310298,1.0558421426231535,-6.30351899840641,-1.5863802802728588,-6.298260940210598,-5.2896876977445935,-11.693027623858775,False,,False,,False,,ROC5_PASS
BEAR_2022,AMCR,yfinance,ROC5_PASS,2022-02-09,2022-02-10,47.99625073577407,GREEN,430.508056640625,432.3279168701172,415.5765509033203,0.04152887533337424,True,2022-02-07,47.173692861037175,1.7436792094270848,True,12.0,3.084823302093098,-7.722567494577337,3.084823302093098,-3.0481169581935807,1.028267172301156,2.145758761163208,-2.2690252775222297,-5.64503379607928,True,4.0,True,6.0,False,,ROC5_PASS
BEAR_2022,FRT,yfinance,ROC5_PASS,2022-02-25,2022-02-28,97.29405278144078,YELLOW,411.8873291015625,427.57921875,416.8597538757324,0.15787971146639102,True,2022-02-18,93.28552576206634,4.297051430678089,False,,3.4248972439326897,-2.348246639646756,3.4248972439326897,-2.348246639646756,-1.568325246446045,-1.373352110676762,0.4320156920968543,2.0662174070498196,True,3.0,True,7.0,False,,ROC5_PASS
BEAR_2022,O,yfinance,ROC5_PASS,2022-02-25,2022-02-28,52.68787108019488,YELLOW,411.8873291015625,427.57921875,416.8597538757324,0.15787971146639102,True,2022-02-15,50.442367045722904,4.451623042266362,False,,3.3383441251225943,-3.5638873617291678,3.3383441251225943,-3.5638873617291678,-2.7518572609800174,-2.4360767638196834,0.1203298077807613,3.3383441251225943,True,19.0,True,20.0,False,,ROC5_PASS
BEAR_2022,AFL,yfinance,ROC5_PASS,2022-02-28,2022-03-01,54.98430813771339,YELLOW,410.83349609375,426.97096130371096,417.00287216186524,0.5526958224991718,True,2022-02-23,53.140294644099676,3.4700851885819617,True,0.0,9.218576767048603,-3.750207341058276,0.46258483337342504,-3.750207341058276,-2.147701046523498,1.2059932112969518,6.4926328054688565,7.91343722927873,False,,False,,False,,ROC5_PASS
BEAR_2022,IBM,yfinance,ROC5_PASS,2022-02-28,2022-03-01,103.89789302041011,YELLOW,410.83349609375,426.97096130371096,417.00287216186524,0.5526958224991718,True,2022-02-16,100.62858509557698,3.248885912216637,False,,8.290547466807684,-1.6059356404244496,8.290547466807684,-1.6059356404244496,2.4537582505808953,2.4211252218338863,5.209104975293055,7.556876626293829,True,2.0,True,2.0,True,13.0,ROC5_PASS
BEAR_2022,MKC,yfinance,ROC5_PASS,2022-02-28,2022-03-01,85.53822189903781,YELLOW,410.83349609375,426.97096130371096,417.00287216186524,0.5526958224991718,True,2022-02-18,83.12641119131817,2.901377159382923,False,,12.940526868860736,-0.2630194549955611,12.940526868860736,-0.2630194549955611,2.630190588659298,3.3981763757547245,1.8200701172491174,1.9463047038509096,True,0.0,True,1.0,True,3.0,ROC5_PASS
BEAR_2022,KO,yfinance,ROC5_PASS,2022-03-15,2022-03-16,52.75349077583905,YELLOW,400.9915771484375,418.00989013671875,417.71836242675784,2.3832161145297626,True,2022-03-09,50.35601231670027,4.761057019488546,False,,8.51453659264061,-1.9571732901247807,8.51453659264061,-1.9571732901247807,1.0371306608051967,4.064895968084881,5.553679213108809,8.280345622273288,True,3.0,True,7.0,True,12.0,ROC5_PASS
BULL_2013_2014,MKC,legacy,ROC5_PASS,2013-01-31,2013-02-01,57.336,GREEN,136.11,130.9474,126.10955,0.19876325088339364,True,2013-01-28,55.377,3.53756974917383,False,,9.981512487791267,-0.6871773405888071,9.981512487791267,-0.6871773405888071,1.0447188502860305,2.72603599832566,3.8823775638342495,9.916980605553238,True,8.0,True,9.0,True,14.0,ROC5_PASS
BULL_2013_2014,ITW,legacy,ROC5_PASS,2013-02-11,2013-02-12,56.753,GREEN,137.98,132.4486,126.60915000000001,1.4857310973815707,True,2013-02-04,55.622,2.0333680917622443,True,7.0,2.835092418021956,-5.0235229855690395,2.835092418021956,-2.4791640970521445,0.39821683435237176,-2.2606734445756227,-0.4123130054798918,-2.463305904533686,True,3.0,False,,False,,ROC5_PASS
BULL_2013_2014,PPG,legacy,ROC5_PASS,2013-02-11,2013-02-12,64.318,GREEN,137.98,132.4486,126.60915000000001,1.4857310973815707,True,2013-02-06,63.216,1.7432295621361726,True,4.0,2.8141422307907726,-6.959171616032833,1.2127242762523638,-2.1331509064336562,-4.560154233651548,-2.2684163064771834,-1.7055878603190466,2.706862775583807,False,,False,,False,,ROC5_PASS
BULL_2013_2014,SHW,legacy,ROC5_PASS,2013-02-27,2013-02-28,153.63,GREEN,138.11,134.4964,127.367,0.3560528992879064,True,2013-02-22,146.69,4.731065512304866,False,,6.945258087613104,-0.9242986395886166,6.945258087613104,-0.9242986395886166,2.2456551454794083,4.875349866562528,4.777712686324298,4.764694395625857,True,2.0,True,3.0,True,9.0,ROC5_PASS
BULL_2013_2014,APD,legacy,ROC5_PASS,2013-02-28,2013-03-01,75.733,GREEN,137.84,134.6874,127.4487,0.7823353074504658,True,2013-02-25,74.233,2.0206646639634673,False,,5.227575825597808,-0.6166400380283377,5.227575825597808,-0.6166400380283377,3.7843476423751854,5.03083200190142,1.9463113834127688,0.4159349292910619,True,2.0,True,5.0,True,10.0,ROC5_PASS
BULL_2013_2014,MDT,legacy,ROC5_PASS,2013-02-28,2013-03-01,40.689,GREEN,137.84,134.6874,127.4487,0.7823353074504658,True,2013-02-21,39.516,2.968417856058303,False,,4.927621715942898,-0.6488240064882467,4.927621715942898,-0.6488240064882467,1.791639017916391,1.3861240138612452,2.656737693234046,4.460665044606649,True,2.0,True,4.0,False,,ROC5_PASS
BULL_2013_2014,NUE,legacy,ROC5_PASS,2013-02-28,2013-03-01,38.682,GREEN,137.84,134.6874,127.4487,0.7823353074504658,True,2013-02-22,37.575,2.94610778443114,False,,7.380693862778553,-1.5873015873016039,7.380693862778553,-1.5873015873016039,6.62065043172535,4.268135049894006,3.2624993537045732,1.8199679437464367,True,2.0,True,2.0,True,4.0,ROC5_PASS
BULL_2013_2014,TROW,legacy,ROC5_PASS,2013-02-28,2013-03-01,61.513,GREEN,137.84,134.6874,127.4487,0.7823353074504658,True,2013-02-25,60.341,1.9422946255448048,False,,7.274884983662,-1.3753190382520764,7.274884983662,-1.3753190382520764,5.6053192008193475,6.64737535155171,4.618535919236577,4.811990961260215,True,2.0,True,2.0,True,4.0,ROC5_PASS
BULL_2013_2014,ABT,legacy,ROC5_PASS,2013-03-05,2013-03-06,31.272,GREEN,140.28,135.21460000000002,127.7366,2.8521152577168474,True,2013-02-28,30.126,3.804023102967524,False,,6.395497569710917,-4.03875671527244,6.395497569710917,-4.03875671527244,0.984906625735471,-2.4814530570478333,-0.17587618316704523,5.714377078536703,True,18.0,True,18.0,True,20.0,ROC5_PASS
BULL_2013_2014,LOW,legacy,ROC5_PASS,2013-03-26,2013-03-27,35.044,GREEN,142.64,138.3434,129.56705,1.0126761560795838,True,2013-03-22,34.658,1.113739973454897,True,2.0,3.8237644104554436,-2.3113799794543866,1.0073051021572965,-1.6807442072822698,1.7435224289464868,2.2971122018034418,-1.7092797625841705,-0.05421755507362125,False,,False,,False,,ROC5_PASS
BULL_2013_2014,GWW,legacy,ROC5_PASS,2013-03-28,2013-04-01,203.85,GREEN,143.08,138.71020000000001,129.81135,1.489572989076482,True,2013-03-25,198.3,2.798789712556715,True,2.0,11.194505764042194,-3.4584253127299402,0.13245033112583293,-3.4584253127299402,0.08830022075054789,0.5788570026980633,8.599460387539848,9.428501349031148,False,,False,,False,,ROC5_PASS
BULL_2013_2014,APD,legacy,ROC5_PASS,2013-04-08,2013-04-09,76.455,GREEN,142.65,139.5864,130.5099,0.09121526803255176,True,2013-04-01,74.74,2.294621354027293,False,,5.73670786737297,-1.6741874305146842,5.73670786737297,-1.6741874305146842,0.61604865607221,-0.9168792099927936,1.1575436531293004,4.724347655483618,True,17.0,True,17.0,True,17.0,ROC5_PASS
BULL_2013_2014,NUE,legacy,ROC5_PASS,2013-04-08,2013-04-09,38.392,GREEN,142.65,139.5864,130.5099,0.09121526803255176,True,2013-04-02,37.084,3.5271276022004194,True,7.0,3.201187747447376,-6.095019795790801,3.201187747447376,-5.451656595123988,-1.3857053552823628,-3.8653886226297174,-0.8621587830798139,2.409356115857464,True,1.0,True,2.0,False,,ROC5_PASS
BULL_2013_2014,PPG,legacy,ROC5_PASS,2013-04-10,2013-04-11,62.873,GREEN,144.89,139.8866,130.7326,2.2007476899202683,True,2013-03-25,60.943,3.1668936547265547,False,,15.660140282792302,-2.4493820877006023,15.660140282792302,-2.4493820877006023,4.418430804956031,9.061123216643075,10.242870548566163,14.734464714583373,True,0.0,True,5.0,True,5.0,ROC5_PASS
BULL_2013_2014,ADM,legacy,ROC5_PASS,2013-04-22,2013-04-23,28.832,GREEN,142.62,140.842,131.6528,0.6705724571186789,True,2013-04-15,28.093,2.63054853522231,False,,9.02816315205326,-0.9225860155382959,9.02816315205326,-0.9225860155382959,4.98404550499445,6.225721420643726,5.941315205327413,7.970310765815758,True,2.0,True,3.0,True,4.0,ROC5_PASS
BULL_2013_2014,CVX,legacy,ROC5_PASS,2013-04-22,2013-04-23,97.988,GREEN,142.62,140.842,131.6528,0.6705724571186789,True,2013-04-17,95.581,2.518282922338111,False,,8.748009960403325,-0.9266440788668007,8.748009960403325,-0.9266440788668007,4.2780748663101775,5.176144017634821,6.8498183451034755,8.513287341307096,True,2.0,True,4.0,True,8.0,ROC5_PASS
BULL_2013_2014,AFL,legacy,ROC5_PASS,2013-04-23,2013-04-24,45.547,GREEN,144.09,140.9636,131.75635,0.22954924874791782,True,2013-04-17,43.521,4.65522391489166,False,,12.424528509012678,-0.15368739982875024,12.424528509012678,-0.15368739982875024,7.0059498979076595,10.016027400267857,7.855621665532309,9.56813840648123,True,1.0,True,1.0,True,3.0,ROC5_PASS
BULL_2013_2014,BEN,legacy,ROC5_PASS,2013-04-23,2013-04-24,47.216,GREEN,144.09,140.9636,131.75635,0.22954924874791782,True,2013-04-19,44.945,5.052842362887966,False,,11.277956624872921,-0.5167739749237565,11.277956624872921,-0.5167739749237565,0.777278888512356,5.239749237546598,9.287106065740414,7.359793290410033,True,4.0,True,4.0,True,10.0,ROC5_PASS
BULL_2013_2014,SWK,legacy,ROC5_PASS,2013-04-23,2013-04-24,70.173,GREEN,144.09,140.9636,131.75635,0.22954924874791782,True,2013-04-17,68.708,2.132211678407181,True,2.0,7.820671768343956,-4.325025294628981,1.8497142775711461,-4.119818163681199,-3.705128753224185,3.3246405312584493,4.828067775355205,5.1900303535547865,False,,False,,False,,ROC5_PASS
BULL_2013_2014,MMM,legacy,ROC5_PASS,2013-05-01,2013-05-02,94.041,GREEN,144.55,141.7382,132.46939999999998,0.24967057354881028,True,2013-04-29,92.115,2.090864680019533,False,,7.591369721717145,-0.12973064939760803,7.591369721717145,-0.12973064939760803,4.625642007209629,5.726225795131912,5.704958475558541,5.56778426431026,True,1.0,True,1.0,True,5.0,ROC5_PASS
BULL_2013_2014,TROW,legacy,ROC5_PASS,2013-05-02,2013-05-03,63.596,GREEN,145.88,141.9034,132.58935,0.766733439248446,True,2013-04-26,61.585,3.2654055370625823,False,,9.393672558022503,-0.5582112082520907,9.393672558022503,-0.5582112082520907,2.651110132712753,6.979998742059257,5.011321466758933,3.72979432668723,True,3.0,True,6.0,True,8.0,ROC5_PASS
BULL_2013_2014,CB,legacy,ROC5_PASS,2013-05-03,2013-05-06,80.89,GREEN,147.38,142.1156,132.71825,1.9719089462395312,True,2013-05-01,79.133,2.2203126382166705,False,,3.2290765236741237,-2.116454444307092,3.2290765236741237,-2.116454444307092,1.4229200148349497,1.0001236246754752,-0.6960069229818289,-1.4970948201260992,True,2.0,True,8.0,False,,ROC5_PASS
BULL_2013_2014,LEG,legacy,ROC5_PASS,2013-05-03,2013-05-06,28.524,GREEN,147.38,142.1156,132.71825,1.9719089462395312,True,2013-05-01,27.421,4.022464534480874,True,20.0,4.38227457579583,-6.177254242041785,4.38227457579583,-6.177254242041785,2.3804515495722933,3.137708596269806,1.2235310615621886,-4.445379329687283,True,3.0,True,6.0,False,,ROC5_PASS
BULL_2013_2014,PG,legacy,ROC5_PASS,2013-05-03,2013-05-06,67.727,GREEN,147.38,142.1156,132.71825,1.9719089462395312,True,2013-04-26,66.468,1.8941445507612675,False,,5.533982016034944,-2.4465870332363915,5.533982016034944,-2.4465870332363915,0.7161102662158303,1.359871247803679,3.6248468114636667,-0.8445671593308446,True,7.0,True,7.0,True,14.0,ROC5_PASS
BULL_2013_2014,ED,legacy,ROC5_PASS,2013-05-21,2013-05-22,51.352,GREEN,152.68,144.8358,134.37585,1.1795891318754137,True,2013-05-10,50.761,1.164279663521195,True,0.0,0.625097367191163,-8.354105000778933,0.625097367191163,-2.136236173858841,-5.1000934725035085,-5.674559900295984,-5.296775198629067,-8.223632964636229,False,,False,,False,,ROC5_PASS
BULL_2013_2014,BDX,legacy,ROC5_PASS,2013-06-07,2013-06-10,91.817,GREEN,150.49,146.8364,135.82745,0.8105573419078249,True,2013-06-04,89.159,2.981190906133979,False,,1.8732914384046673,-4.616792097324018,1.8732914384046673,-4.616792097324018,1.3755622597122485,-1.1337769694065303,0.4465404010150831,-0.049010531818716174,False,,False,,False,,ROC5_PASS
BULL_2013_2014,BF-B,legacy,ROC5_PASS,2013-06-07,2013-06-10,33.194,GREEN,150.49,146.8364,135.82745,0.8105573419078249,True,2013-05-30,32.243,2.949477405948575,True,8.0,1.8135807676086024,-4.922576369223364,1.8135807676086024,-4.922576369223364,0.9971681629209916,-3.2505874555642578,-3.4765319033560393,-0.3163222269084942,False,,False,,False,,ROC5_PASS
BULL_2013_2014,BMS,legacy,ROC5_PASS,2013-06-07,2013-06-10,35.563,GREEN,150.49,146.8364,135.82745,0.8105573419078249,True,2013-05-31,34.557,2.911132332089017,True,10.0,2.415431768973364,-4.619970193740686,1.583106037173443,-4.293788488035322,0.8548210218485286,-3.610494052807689,-0.4527177122290005,2.345133987571346,False,,False,,False,,ROC5_PASS
BULL_2013_2014,CB,legacy,ROC5_PASS,2013-06-07,2013-06-10,80.691,GREEN,150.49,146.8364,135.82745,0.8105573419078249,True,2013-06-04,78.458,2.846108746080711,True,8.0,2.816918863318074,-5.768920945334677,0.4486250015491189,-3.9793781214757518,-0.45110359271790523,-4.58911154899555,-0.163587017139466,2.7400825370859083,False,,False,,False,,ROC5_PASS
BULL_2013_2014,CL,legacy,ROC5_PASS,2013-06-07,2013-06-10,53.682,GREEN,150.49,146.8364,135.82745,0.8105573419078249,True,2013-05-31,51.683,3.867809531180466,True,8.0,1.0841622890354286,-6.4230095749040705,1.0841622890354286,-6.052308036213261,0.6128683730114437,-5.27737416638725,-2.240974628367054,-0.5048247084683877,False,,False,,False,,ROC5_PASS
BULL_2013_2014,JNJ,legacy,ROC5_PASS,2013-06-07,2013-06-10,75.516,GREEN,150.49,146.8364,135.82745,0.8105573419078249,True,2013-05-31,73.418,2.857609850445386,True,8.0,4.788389215530486,-3.397955400180097,1.7519466073414813,-3.397955400180097,0.7269982520260454,-0.47142327453786326,1.901583770326809,4.551353355580279,False,,False,,False,,ROC5_PASS
BULL_2013_2014,SWK,legacy,ROC5_PASS,2013-06-07,2013-06-10,73.003,GREEN,150.49,146.8364,135.82745,0.8105573419078249,True,2013-06-05,70.418,3.6709364083046925,True,9.0,1.9314274755831917,-7.59968768406778,1.9314274755831917,-5.371012150185617,0.250674629809744,-5.997013821349806,-1.8656767530101481,0.9287289563442602,False,,False,,False,,ROC5_PASS
BULL_2013_2014,ADP,legacy,ROC5_PASS,2013-06-10,2013-06-11,53.858,GREEN,150.49,146.9846,135.9415,0.2731876332622507,True,2013-05-31,53.033,1.5556351705541704,False,,5.859853689331218,-1.0750492034609427,5.859853689331218,-1.0750492034609427,2.5177318132868054,1.3962642504363298,3.2232908760072787,5.685320658026671,True,5.0,True,6.0,True,19.0,ROC5_PASS
BULL_2013_2014,CINF,legacy,ROC5_PASS,2013-06-10,2013-06-11,39.627,GREEN,150.49,146.9846,135.9415,0.2731876332622507,True,2013-05-31,38.828,2.0577933450087516,True,9.0,6.2558356676003735,-2.5437201907790197,3.164509046861985,-2.5437201907790197,3.081232492997188,-1.405607287960231,1.3955131602190418,6.167512049864987,True,4.0,True,5.0,False,,ROC5_PASS
BULL_2013_2014,ECL,legacy,ROC5_PASS,2013-06-10,2013-06-11,79.739,GREEN,150.49,146.9846,135.9415,0.2731876332622507,True,2013-05-30,79.016,0.9150045560392783,False,,6.275473733054082,-1.3130337726833918,6.275473733054082,-1.3130337726833918,3.648152096213897,0.8728476655087247,2.9295576819373226,5.9556804073289005,True,4.0,True,4.0,True,19.0,ROC5_PASS
BULL_2013_2014,GPC,legacy,ROC5_PASS,2013-06-10,2013-06-11,68.509,GREEN,150.49,146.9846,135.9415,0.2731876332622507,True,2013-05-31,66.862,2.463282582034654,False,,10.78544424820096,-2.3763301172108786,10.78544424820096,-2.3763301172108786,3.4725364550643123,0.4291406968427447,8.13469763096819,8.486476229400509,True,1.0,True,4.0,True,15.0,ROC5_PASS
BULL_2013_2014,HRL,legacy,ROC5_PASS,2013-06-10,2013-06-11,18.209,GREEN,150.49,146.9846,135.9415,0.2731876332622507,True,2013-05-29,17.782,2.4013046901360857,True,7.0,3.9595804272612556,-4.854742160470105,3.9595804272612556,-4.657037728595748,-0.46131034104014423,-3.234664177055291,-0.9171288923059961,1.0599154264374855,True,3.0,True,4.0,False,,ROC5_PASS
BULL_2013_2014,LEG,legacy,ROC5_PASS,2013-06-10,2013-06-11,27.475,GREEN,150.49,146.9846,135.9415,0.2731876332622507,True,2013-05-30,26.647,3.107291627575348,True,9.0,5.095541401273884,-5.594176524112838,5.095541401273884,-5.594176524112838,4.585987261146496,-2.751592356687904,-1.4449499545041045,1.3575978161965319,True,1.0,True,2.0,True,6.0,ROC5_PASS
BULL_2013_2014,MKC,legacy,ROC5_PASS,2013-06-10,2013-06-11,64.606,GREEN,150.49,146.9846,135.9415,0.2731876332622507,True,2013-05-30,62.83,2.826675155180647,False,,4.061542271615659,-3.086400643903031,4.061542271615659,-3.086400643903031,3.880444540754735,0.7801133021700934,-0.73832151812524,0.30182955143487344,True,2.0,True,4.0,False,,ROC5_PASS
BULL_2013_2014,PG,legacy,ROC5_PASS,2013-06-10,2013-06-11,67.425,GREEN,150.49,146.9846,135.9415,0.2731876332622507,True,2013-05-31,65.818,2.441581330335163,True,7.0,3.1130886169818295,-3.325176121616602,2.301816833518733,-3.325176121616602,1.7486095661846557,-1.2784575454208302,0.9744160177975525,2.727474972191324,True,4.0,False,,False,,ROC5_PASS
BULL_2013_2014,SYY,legacy,ROC5_PASS,2013-06-10,2013-06-11,29.941,GREEN,150.49,146.9846,135.9415,0.2731876332622507,True,2013-06-07,29.623,1.0734901934307706,True,7.0,5.01987241575097,-1.5964730636919167,2.7988377141711984,-1.5964730636919167,2.5015864533582732,-0.03005911626198232,1.23576366854814,3.974483150195396,True,2.0,False,,False,,ROC5_PASS
BULL_2013_2014,NUE,legacy,ROC5_PASS,2013-06-13,2013-06-14,39.526,GREEN,149.97,147.36759999999998,136.26995,0.9219380888290774,True,2013-06-04,37.922,4.229734718632994,True,6.0,2.3883013712493018,-6.80058695542175,0.24034812528461735,-6.80058695542175,-2.8689976218185476,-3.562212214744731,-2.3124019632646875,0.802003744370805,False,,False,,False,,ROC5_PASS
BULL_2013_2014,BEN,legacy,ROC5_PASS,2013-06-18,2013-06-19,46.647,GREEN,151.39,147.84560000000002,136.61724999999998,1.6313104189043859,True,2013-05-31,44.192,5.555304127443872,True,1.0,0.0793191416382566,-11.741376723047559,0.0793191416382566,-8.733680622548068,-8.590048663365268,-8.20631551868286,-6.898621561943951,-2.7675949149998824,False,,False,,False,,ROC5_PASS
BULL_2013_2014,ABT,legacy,ROC5_PASS,2013-06-27,2013-06-28,31.96,GREEN,147.9,148.24779999999998,137.28650000000002,1.586647434576549,True,2013-06-21,31.409,1.7542742526027721,True,3.0,5.0969962453066175,-4.480600750938679,1.473717146433029,-4.480600750938679,0.31289111389236623,0.9167709637046384,1.830413016270338,4.511889862327911,False,,False,,False,,ROC5_PASS
BULL_2013_2014,ITW,legacy,ROC5_PASS,2013-06-27,2013-06-28,63.678,GREEN,147.9,148.24779999999998,137.28650000000002,1.586647434576549,True,2013-06-24,60.987,4.412415760735877,False,,6.2517667012155,-2.223687929897289,6.2517667012155,-2.223687929897289,1.4746066145293613,3.3543767078111575,5.676999905775948,2.7482018907629024,True,6.0,True,8.0,True,14.0,ROC5_PASS
BULL_2013_2014,MHFI,legacy,ROC5_PASS,2013-07-01,2013-07-02,51.045,GREEN,148.15,148.5014,137.47324999999998,2.739251040221924,True,2013-06-26,49.866,2.364336421609914,False,,15.245371730825742,-0.7601136252326501,15.245371730825742,-0.7601136252326501,3.2892545792927663,6.411989421099018,9.926535409932402,14.3206974238417,True,3.0,True,3.0,True,6.0,ROC5_PASS
BULL_2013_2014,APD,legacy,ROC5_PASS,2013-07-08,2013-07-09,83.144,GREEN,150.51,148.9134,137.82825,2.193101575230849,True,2013-07-05,81.783,1.6641600332587547,False,,19.63581256615028,-0.03006831521217279,19.63581256615028,-0.03006831521217279,2.9118156451457544,8.4600211680939,13.800153949773875,15.132781679976892,True,0.0,True,0.0,True,2.0,ROC5_PASS
BULL_2013_2014,WAG,legacy,ROC5_PASS,2013-07-09,2013-07-10,42.564,GREEN,151.61,149.055,137.928,2.3354708066149144,True,2013-06-26,39.738,7.111580854597621,False,,11.270087397800953,-0.7118691852269432,11.270087397800953,-0.7118691852269432,7.203270369326198,10.107132788271777,8.312188704069158,7.113993045766365,True,0.0,True,0.0,True,1.0,ROC5_PASS
BULL_2013_2014,AFL,legacy,ROC5_PASS,2013-08-23,2013-08-26,54.323,GREEN,152.98,152.31,141.9714,0.4926755567233876,True,2013-08-19,53.507,1.5250341076868512,True,1.0,5.213261417815662,-4.204480606741157,0.2853303388988149,-3.5565046113064436,-2.8717117979493056,0.06627027226036031,3.9099460633617467,3.5730721793715503,False,,False,,False,,ROC5_PASS
BULL_2013_2014,CVX,legacy,ROC5_PASS,2013-08-23,2013-08-26,101.94,GREEN,152.98,152.31,141.9714,0.4926755567233876,True,2013-08-06,99.8,2.1442885771543185,False,,5.581714734157339,-1.383166568569738,5.581714734157339,-1.383166568569738,0.6768687463213574,2.7270943692368155,3.8552089464390926,3.9729252501471413,True,2.0,True,11.0,True,16.0,ROC5_PASS
BULL_2013_2014,ECL,legacy,ROC5_PASS,2013-08-23,2013-08-26,87.509,GREEN,152.98,152.31,141.9714,0.4926755567233876,True,2013-08-19,85.935,1.8316169197649446,False,,8.555691414597355,-1.4821332662926068,8.555691414597355,-1.4821332662926068,0.8159160772034824,3.875029996914603,5.08519123747273,7.368384966117758,True,6.0,True,10.0,True,14.0,ROC5_PASS
BULL_2013_2014,GWW,legacy,ROC5_PASS,2013-08-23,2013-08-26,232.28,GREEN,152.98,152.31,141.9714,0.4926755567233876,True,2013-08-21,227.19,2.2404155112460966,True,1.0,8.881522300671607,-3.487170656104699,0.9083864301704825,-2.557258481143443,-1.0246254520406395,6.104701222662312,6.109006371620462,5.674186326846908,False,,False,,False,,ROC5_PASS
BULL_2013_2014,ITW,legacy,ROC5_PASS,2013-08-23,2013-08-26,66.909,GREEN,152.98,152.31,141.9714,0.4926755567233876,True,2013-08-19,65.67,1.8867062585655514,True,1.0,7.247156585810566,-2.978672525370296,0.6292128114304463,-2.509378409481533,-2.4032641348697537,1.6216054641378541,3.0623682912612527,6.49240012554364,False,,False,,False,,ROC5_PASS
BULL_2013_2014,KMB,legacy,ROC5_PASS,2013-08-23,2013-08-26,84.17,GREEN,152.98,152.31,141.9714,0.4926755567233876,True,2013-08-15,82.125,2.4901065449010718,True,1.0,3.0378994891291367,-4.096471426874193,0.15682547225852606,-3.344422003088987,-3.429963169775452,-1.25222763454913,1.33182844243791,0.29226565284543593,False,,False,,False,,ROC5_PASS
BULL_2013_2014,PG,legacy,ROC5_PASS,2013-08-23,2013-08-26,69.888,GREEN,152.98,152.31,141.9714,0.4926755567233876,True,2013-08-19,68.969,1.332482709623184,True,0.0,0.7583562271062272,-7.896920787545792,0.07440476190474499,-1.741357600732596,-2.715773809523825,-2.465373168498164,-0.11303800366301298,-1.6268887362637319,False,,False,,False,,ROC5_PASS
BULL_2013_2014,T,legacy,ROC5_PASS,2013-08-23,2013-08-26,27.539,GREEN,152.98,152.31,141.9714,0.4926755567233876,True,2013-08-12,26.64,3.3746246246246336,False,,2.03711100620938,-3.1845746032898914,2.03711100620938,-3.1845746032898914,-2.8722902066160683,-0.9840589709139813,1.289080939758147,-0.620937579432812,True,16.0,False,,False,,ROC5_PASS
BULL_2013_2014,BEN,legacy,ROC5_PASS,2013-08-26,2013-08-27,43.091,GREEN,152.39,152.3772,142.10264999999998,0.7204230006609302,True,2013-08-16,43.047,0.10221385927011717,True,0.0,17.451439975865025,-2.6316400176370935,0.1763709359263066,-2.4413450604534592,1.4388155299250416,4.365180664175816,13.819591097909068,8.992597062031503,False,,False,,False,,ROC5_PASS
BULL_2013_2014,MHFI,legacy,ROC5_PASS,2013-08-26,2013-08-27,56.213,GREEN,152.39,152.3772,142.10264999999998,0.7204230006609302,True,2013-08-19,55.498,1.2883347147645052,True,0.0,12.900930389767495,-1.8198637325885558,0.33800010673687986,-1.497874157223411,0.825431839610058,4.9027804956149,9.17047658015051,10.401508547844806,False,,False,,False,,ROC5_PASS
BULL_2013_2014,MMM,legacy,ROC5_PASS,2013-08-26,2013-08-27,102.66,GREEN,152.39,152.3772,142.10264999999998,0.7204230006609302,True,2013-08-19,102.61,0.048728194133129676,True,0.0,7.831677381648161,-0.9156438729787664,0.3701539060978032,-0.6526397818040097,1.022793687901813,4.665887395285417,6.974478862263789,5.990648743424898,False,,False,,False,,ROC5_PASS
BULL_2013_2014,WAG,legacy,ROC5_PASS,2013-08-26,2013-08-27,44.775,GREEN,152.39,152.3772,142.10264999999998,0.7204230006609302,True,2013-08-19,44.51,0.5953718265558239,True,0.0,17.21273031825796,-3.5801228364042426,0.18537130094917753,-2.5527638190954827,2.061418202121734,4.661083193746518,14.729201563372406,13.116694584031286,False,,False,,False,,ROC5_PASS
BULL_2013_2014,EMR,legacy,ROC5_PASS,2013-09-04,2013-09-05,53.802,GREEN,152.18,152.734,142.9066,1.4803947719391752,True,2013-08-29,52.793,1.9112382323414057,False,,8.977361436377818,-0.35686405709824953,8.977361436377818,-0.35686405709824953,3.7898219397048516,8.505260027508266,6.73766774469351,3.9812646370023463,True,2.0,True,3.0,True,7.0,ROC5_PASS
BULL_2013_2014,KO,legacy,ROC5_PASS,2013-09-04,2013-09-05,33.807,GREEN,152.18,152.734,142.9066,1.4803947719391752,True,2013-08-12,33.08,2.1977025392986738,True,19.0,3.4371579850326794,-3.1857307658177403,3.4371579850326794,-2.9727571213062465,0.22776348093589416,2.4994823557251467,1.0145827787144457,-3.114739550980583,True,7.0,True,9.0,False,,ROC5_PASS
BULL_2013_2014,MDT,legacy,ROC5_PASS,2013-09-04,2013-09-05,48.866,GREEN,152.18,152.734,142.9066,1.4803947719391752,True,2013-08-19,47.031,3.9016818694052935,False,,2.0382269880898862,-1.162362378750048,2.0382269880898862,-1.162362378750048,0.6753161707526711,1.4631850366307875,-0.5341136986862116,0.1862235501166376,True,11.0,False,,False,,ROC5_PASS
BULL_2013_2014,NUE,legacy,ROC5_PASS,2013-09-04,2013-09-05,40.777,GREEN,152.18,152.734,142.9066,1.4803947719391752,True,2013-08-19,39.88,2.2492477432296765,False,,10.601564607499325,-0.6081859871986617,10.601564607499325,-0.6081859871986617,4.335777521642115,8.325771881207533,7.209946783726107,5.302008485175458,True,2.0,True,2.0,True,4.0,ROC5_PASS
BULL_2013_2014,PNR,legacy,ROC5_PASS,2013-09-04,2013-09-05,56.447,GREEN,152.18,152.734,142.9066,1.4803947719391752,True,2013-08-21,54.942,2.739252302428019,False,,8.058887097631406,-0.6200506669973627,8.058887097631406,-0.6200506669973627,4.195085655570696,6.335146243378742,7.134125817138193,6.576080216840574,True,2.0,True,3.0,True,5.0,ROC5_PASS
BULL_2013_2014,PPG,legacy,ROC5_PASS,2013-09-04,2013-09-05,74.726,GREEN,152.18,152.734,142.9066,1.4803947719391752,True,2013-08-29,73.047,2.2985201308746372,False,,8.417418301528269,-0.8056098279046187,8.417418301528269,-0.8056098279046187,2.530578379680448,5.759708802826324,4.9019083050076295,4.796188742873975,True,3.0,True,3.0,True,9.0,ROC5_PASS
BULL_2013_2014,ABT,legacy,ROC5_PASS,2013-09-05,2013-09-06,30.654,GREEN,152.35,152.86880000000002,143.05285,1.2494184887352988,True,2013-08-12,29.726,3.1218461952499554,False,,5.924186076857829,-2.0747700137013103,5.924186076857829,-2.0747700137013103,3.405754550792728,4.648659228811902,-1.7224505774124044,-0.4730214653878795,True,3.0,True,3.0,True,8.0,ROC5_PASS
BULL_2013_2014,BMS,legacy,ROC5_PASS,2013-09-05,2013-09-06,36.143,GREEN,152.35,152.86880000000002,143.05285,1.2494184887352988,True,2013-08-29,35.692,1.2635884792110197,True,5.0,1.7486096892897596,-4.396425310571894,1.524499903162435,-2.097224912154505,-1.5521677779929743,-1.1260825056027546,-1.6213374650693058,-3.892869988656178,False,,False,,False,,ROC5_PASS
BULL_2013_2014,LEG,legacy,ROC5_PASS,2013-09-05,2013-09-06,25.65,GREEN,152.35,152.86880000000002,143.05285,1.2494184887352988,True,2013-08-16,25.065,2.333931777378795,False,,8.105263157894749,-0.7251461988304064,8.105263157894749,-0.7251461988304064,5.793372319688106,5.450292397660816,4.799220272904492,2.1754385964912304,True,1.0,True,1.0,True,3.0,ROC5_PASS
BULL_2013_2014,TROW,legacy,ROC5_PASS,2013-09-05,2013-09-06,62.157,GREEN,152.35,152.86880000000002,143.05285,1.2494184887352988,True,2013-08-08,61.037,1.834952569752768,False,,5.835223707707926,-1.8662419357433513,5.835223707707926,-1.8662419357433513,0.9942564795598186,4.3824508904869885,2.2507521276766917,2.6191740270605113,True,6.0,True,8.0,True,9.0,ROC5_PASS
BULL_2013_2014,CAH,legacy,ROC5_PASS,2013-09-06,2013-09-09,46.377,GREEN,152.43,152.97699999999998,143.18695,1.1278444901479556,True,2013-08-28,45.512,1.900597644577262,False,,7.6223127843543015,-0.31696746231969497,7.6223127843543015,-0.31696746231969497,5.252603661297628,5.248291178817088,3.6807037971408274,7.083252474286805,True,2.0,True,2.0,True,4.0,ROC5_PASS
BULL_2013_2014,CINF,legacy,ROC5_PASS,2013-09-06,2013-09-09,39.651,GREEN,152.43,152.97699999999998,143.18695,1.1278444901479556,True,2013-08-19,39.161,1.2512448609586224,False,,5.495447781897034,-4.585004161307415,5.495447781897034,-4.585004161307415,3.2281657461350033,3.7830067337519813,4.080603263473792,4.8372046102242106,True,1.0,True,5.0,True,8.0,ROC5_PASS
BULL_2013_2014,CL,legacy,ROC5_PASS,2013-09-06,2013-09-09,52.829,GREEN,152.43,152.97699999999998,143.18695,1.1278444901479556,True,2013-08-19,51.865,1.858671551142388,False,,5.655984402506209,0.0,5.655984402506209,0.0,3.4848284086391956,3.795263964867779,2.2468719831910455,2.0859755058774576,True,2.0,True,5.0,True,7.0,ROC5_PASS
BULL_2013_2014,JNJ,legacy,ROC5_PASS,2013-09-06,2013-09-09,78.214,GREEN,152.43,152.97699999999998,143.18695,1.1278444901479556,True,2013-08-16,76.836,1.7934301629444427,False,,3.8113381236095867,-1.4179047229396224,3.8113381236095867,-1.4179047229396224,1.8769018334313659,1.9472217250108725,-0.8016467640064362,-0.9154371340169165,True,2.0,True,8.0,False,,ROC5_PASS
BULL_2013_2014,WMT,legacy,ROC5_PASS,2013-09-06,2013-09-09,65.466,GREEN,152.43,152.97699999999998,143.18695,1.1278444901479556,True,2013-08-15,64.872,0.9156492785793446,True,20.0,5.327956496501995,-1.8375950875263336,5.327956496501995,-1.8375950875263336,2.6487031436165376,4.900253566736956,1.5229279320563283,-1.3426816973696076,True,3.0,True,5.0,True,7.0,ROC5_PASS
BULL_2013_2014,MKC,legacy,ROC5_PASS,2013-09-09,2013-09-10,62.641,GREEN,153.91,153.0972,143.32815,2.442758253461119,True,2013-08-16,61.288,2.2076099725884424,True,12.0,2.4951708944620954,-6.736801775195156,2.4951708944620954,-3.0395427914624573,0.7327469229418515,0.6273846202966116,-4.784406379208505,-4.061237847416221,True,6.0,False,,False,,ROC5_PASS
BULL_2013_2014,BCR,legacy,ROC5_PASS,2013-10-02,2013-10-03,113.42,GREEN,156.09,154.542,145.73895000000002,0.08335470633495934,True,2013-09-26,112.31,0.9883358561125544,True,2.0,21.08975489331688,-1.9308763886439761,0.4672897196261738,-1.9308763886439761,0.22041967906893944,6.30400282137189,16.319873038264852,17.871627578910232,False,,False,,False,,ROC5_PASS
BULL_2013_2014,CLX,legacy,ROC5_PASS,2013-10-02,2013-10-03,73.549,GREEN,156.09,154.542,145.73895000000002,0.08335470633495934,True,2013-09-27,72.304,1.7218964372648804,False,,12.210907014371353,-2.964010387632743,12.210907014371353,-2.964010387632743,1.0401229112564137,3.1489211274116524,6.943670206257058,10.002855239364239,True,6.0,True,9.0,True,13.0,ROC5_PASS
BULL_2013_2014,BDX,legacy,ROC5_PASS,2013-10-10,2013-10-11,94.611,GREEN,156.08,154.481,146.46370000000002,0.9246686065308873,True,2013-10-07,91.803,3.0587235711251326,False,,6.488674678420048,-0.2600120493388869,6.488674678420048,-0.2600120493388869,3.4668273245182846,4.187673737726039,3.8008265423682186,6.308991554893195,True,4.0,True,5.0,True,8.0,ROC5_PASS
BULL_2013_2014,BMS,legacy,ROC5_PASS,2013-10-10,2013-10-11,34.78,GREEN,156.08,154.481,146.46370000000002,0.9246686065308873,True,2013-10-03,34.202,1.6899596514823756,False,,4.358826912018388,-0.756181713628512,4.358826912018388,-0.756181713628512,1.4462334675100719,3.838412880966069,3.3985048878665935,1.420356526739508,True,6.0,True,7.0,False,,ROC5_PASS
BULL_2013_2014,HRL,legacy,ROC5_PASS,2013-10-10,2013-10-11,19.836,GREEN,156.08,154.481,146.46370000000002,0.9246686065308873,True,2013-09-30,19.228,3.162055335968361,False,,3.9272030651340994,-0.4285138132687938,3.9272030651340994,-0.4285138132687938,1.220004033071187,2.525710828796135,1.8955434563420193,1.5376083887880698,True,5.0,True,8.0,False,,ROC5_PASS
BULL_2013_2014,KMB,legacy,ROC5_PASS,2013-10-10,2013-10-11,84.841,GREEN,156.08,154.481,146.46370000000002,0.9246686065308873,True,2013-10-08,82.426,2.929900759469084,False,,14.4623472142007,-0.5751935974351974,14.4623472142007,-0.5751935974351974,3.475913768107408,10.070602656734383,12.688440730307281,12.712014238398893,True,3.0,True,4.0,True,7.0,ROC5_PASS
BULL_2013_2014,PEP,legacy,ROC5_PASS,2013-10-10,2013-10-11,72.078,GREEN,156.08,154.481,146.46370000000002,0.9246686065308873,True,2013-10-07,70.409,2.370435597721876,False,,7.435000971170114,-0.48003551707872516,7.435000971170114,-0.48003551707872516,2.8247176669718987,3.2450955908876367,4.746247121174263,6.3431282776991615,True,3.0,True,7.0,True,12.0,ROC5_PASS
BULL_2013_2014,VFC,legacy,ROC5_PASS,2013-10-10,2013-10-11,43.973,GREEN,156.08,154.481,146.46370000000002,0.9246686065308873,True,2013-10-04,42.752,2.856006736526928,False,,15.839265003524904,-0.6845109499010849,15.839265003524904,-0.6845109499010849,4.909831032679146,8.987333136242693,10.661087485502474,12.328019466490803,True,2.0,True,3.0,True,6.0,ROC5_PASS
BULL_2013_2014,ADP,legacy,ROC5_PASS,2013-10-11,2013-10-14,57.741,GREEN,157.08,154.4892,146.60469999999998,0.7956878850102767,True,2013-10-02,55.788,3.500752850075295,False,,5.950710933305614,-0.30134566425936704,5.950710933305614,-0.30134566425936704,3.2368680833376517,4.57733672780174,4.355657158691395,4.703763357059976,True,3.0,True,5.0,True,10.0,ROC5_PASS
BULL_2013_2014,CTAS,legacy,ROC5_PASS,2013-10-11,2013-10-14,47.866,GREEN,157.08,154.4892,146.60469999999998,0.7956878850102767,True,2013-10-07,46.241,3.5141973573235896,False,,6.129611833033888,-0.5034889065307357,6.129611833033888,-0.5034889065307357,3.551581498349554,4.6400367693143485,5.103831529687031,5.166506497304968,True,3.0,True,4.0,True,10.0,ROC5_PASS
BULL_2013_2014,GWW,legacy,ROC5_PASS,2013-10-11,2013-10-14,234.53,GREEN,157.08,154.4892,146.60469999999998,0.7956878850102767,True,2013-10-07,229.84,2.0405499477897715,False,,7.052402677695824,-1.2024048096192397,7.052402677695824,-1.2024048096192397,2.7757642945465344,5.027075427450645,6.075981750735515,5.705027075427438,True,2.0,True,2.0,True,10.0,ROC5_PASS
BULL_2013_2014,NUE,legacy,ROC5_PASS,2013-10-11,2013-10-14,43.072,GREEN,157.08,154.4892,146.60469999999998,0.7956878850102767,True,2013-10-07,41.989,2.5792469456286327,False,,12.634658246656771,-0.02089524517088215,12.634658246656771,-0.02089524517088215,4.401931649331359,5.2238112927191604,9.690750371471024,12.096025260029709,True,1.0,True,1.0,True,4.0,ROC5_PASS
BULL_2013_2014,SHW,legacy,ROC5_PASS,2013-10-11,2013-10-14,171.74,GREEN,157.08,154.4892,146.60469999999998,0.7956878850102767,True,2013-10-09,167.19,2.721454632454101,False,,8.961220449516706,-0.7569581926167523,8.961220449516706,-0.7569581926167523,2.2184697798998565,7.569581926167457,3.7673226971002727,2.8647956212879855,True,3.0,True,3.0,True,9.0,ROC5_PASS
BULL_2013_2014,CVX,legacy,ROC5_PASS,2013-10-14,2013-10-15,100.93,GREEN,157.73,154.505,146.7498,2.1170529586947984,True,2013-10-01,97.428,3.5944492343063628,False,,2.9228177945110456,-1.3078371148320667,2.9228177945110456,-1.3078371148320667,1.7635985336371673,2.486872089567016,-0.08917071237491969,1.1988506885960426,True,7.0,False,,False,,ROC5_PASS
BULL_2013_2014,SWK,legacy,ROC5_PASS,2013-10-28,2013-10-29,72.272,GREEN,162.6,155.628,148.17919999999998,1.0628379638262242,True,2013-10-17,68.179,6.00331480367855,False,,6.898937347797207,-0.7665485941996897,6.898937347797207,-0.7665485941996897,-0.051195483728150304,4.123311932698681,4.084569404471994,2.878016382554782,True,1.0,True,7.0,True,7.0,ROC5_PASS
BULL_2013_2014,GWW,legacy,ROC5_PASS,2013-11-26,2013-11-27,236.88,GREEN,166.69,160.4174,151.12605000000002,0.9324856191341047,True,2013-11-18,231.88,2.156287735035356,True,10.0,0.7852077001013313,-4.314420803782504,0.7852077001013313,-4.314420803782504,-1.0849375211077317,-2.3176291793313153,-1.773049645390068,-0.9878419452887588,False,,False,,False,,ROC5_PASS
BULL_2013_2014,GPC,legacy,ROC5_PASS,2013-12-09,2013-12-10,74.238,GREEN,167.35,161.9206,152.27235,0.48033623536474224,True,2013-12-06,72.958,1.7544340579511486,True,5.0,1.6460572752498681,-2.5593361890137167,0.9173199709043844,-2.171394703521101,-2.1013497130849434,0.5522778092082126,-0.4472103235539704,0.6586923139093148,False,,False,,False,,ROC5_PASS
BULL_2013_2014,KMB,legacy,ROC5_PASS,2013-12-09,2013-12-10,94.032,GREEN,167.35,161.9206,152.27235,0.48033623536474224,True,2013-12-04,92.248,1.9339172664989857,True,5.0,0.7103964607793056,-2.7533180193976547,0.7103964607793056,-2.7533180193976547,-2.545941807044405,-0.5976688786795914,-1.5058703420112285,-1.602645907776068,False,,False,,False,,ROC5_PASS
BULL_2013_2014,CTAS,legacy,ROC5_PASS,2013-12-10,2013-12-11,51.931,GREEN,166.76,162.1558,152.4242,0.5547515677761572,True,2013-12-05,50.735,2.3573469991130303,False,,10.583273959677264,-1.1804124703934105,10.583273959677264,-1.1804124703934105,2.1605592035585763,7.821917544433976,7.714082147464896,7.56965974080992,True,5.0,True,7.0,True,7.0,ROC5_PASS
BULL_2013_2014,PEP,legacy,ROC5_PASS,2013-12-10,2013-12-11,73.999,GREEN,166.76,162.1558,152.4242,0.5547515677761572,True,2013-12-04,73.613,0.5243639031149439,True,1.0,2.0297571588805408,-2.867606319004312,0.910823119231341,-1.6378599710806796,-1.0878525385478066,0.15811024473304514,-0.09594724253030318,1.4324517898890665,False,,False,,False,,ROC5_PASS
BULL_2013_2014,ABT,legacy,ROC5_PASS,2013-12-18,2013-12-19,34.762,GREEN,167.64,163.384,153.2107,1.6677785190126748,True,2013-12-11,33.11,4.98942917547569,False,,5.267245843162072,-0.7824636096887327,5.267245843162072,-0.7824636096887327,0.7652033830044314,2.8105402450952166,3.282319774466358,3.3082101144928266,True,10.0,True,10.0,True,19.0,ROC5_PASS
BULL_2013_2014,ADP,legacy,ROC5_PASS,2013-12-18,2013-12-19,63.711,GREEN,167.64,163.384,153.2107,1.6677785190126748,True,2013-12-10,61.52,3.5614434330299094,False,,4.602031046444099,-0.6435309444209003,4.602031046444099,-0.6435309444209003,1.7281160239205118,0.5776082623094814,-0.3767010406366289,1.2242783820690217,True,5.0,True,13.0,False,,ROC5_PASS
BULL_2013_2014,BDX,legacy,ROC5_PASS,2013-12-18,2013-12-19,101.74,GREEN,167.64,163.384,153.2107,1.6677785190126748,True,2013-12-12,98.505,3.284097253946494,False,,4.0003931590328445,-1.0910163160998576,4.0003931590328445,-1.0910163160998576,1.8183605268331071,0.9730686062512373,2.467072931000591,2.8209160605464856,True,5.0,True,13.0,False,,ROC5_PASS
BULL_2013_2014,CB,legacy,ROC5_PASS,2013-12-19,2013-12-20,91.091,GREEN,167.44,163.6774,153.34429999999998,1.8863332116344056,True,2013-12-13,89.095,2.240305292103928,True,14.0,3.3164637560241905,-3.820355468707104,3.3164637560241905,-3.0771426375821975,2.487622267842049,-0.1503990514979514,-2.083630655059221,-3.7775411401784864,True,3.0,True,6.0,False,,ROC5_PASS
BULL_2013_2014,ECL,legacy,ROC5_PASS,2013-12-19,2013-12-20,98.328,GREEN,167.44,163.6774,153.34429999999998,1.8863332116344056,True,2013-12-13,97.098,1.2667614163010654,False,,3.2564478073386915,-1.4004149377593422,3.2564478073386915,-1.4004149377593422,1.3953299161988397,0.6478317468066042,1.6190708648604613,0.9976812301684124,True,1.0,True,13.0,False,,ROC5_PASS
BULL_2013_2014,JNJ,legacy,ROC5_PASS,2013-12-19,2013-12-20,82.869,GREEN,167.44,163.6774,153.34429999999998,1.8863332116344056,True,2013-12-12,80.906,2.426272464341328,False,,3.7323969156138004,-1.0220951139750634,3.7323969156138004,-1.0220951139750634,0.3825314653248091,2.5425671843511966,3.011982767983201,2.5787689003125447,True,10.0,True,12.0,False,,ROC5_PASS
BULL_2013_2014,PG,legacy,ROC5_PASS,2013-12-19,2013-12-20,72.248,GREEN,167.44,163.6774,153.34429999999998,1.8863332116344056,True,2013-12-16,70.925,1.8653507225943056,True,8.0,0.6837559517218539,-2.9758609234857736,0.6837559517218539,-2.184143505702585,0.022145941756157583,-0.682371830362094,-1.3536706898460982,-2.622909976746779,False,,False,,False,,ROC5_PASS
BULL_2013_2014,BCR,legacy,ROC5_PASS,2013-12-24,2013-12-26,130.97,GREEN,169.69,164.408,153.7576,2.9547385026089,True,2013-12-12,128.32,2.0651496259351587,True,6.0,2.825074444529263,-3.9780102313506815,0.9696877147438387,-3.9780102313506815,-1.725586012063829,0.7024509429640391,1.4736199129571803,-2.5196609910666523,False,,False,,False,,ROC5_PASS
BULL_2013_2014,WMT,legacy,ROC5_PASS,2013-12-24,2013-12-26,70.558,GREEN,169.69,164.408,153.7576,2.9547385026089,True,2013-12-13,69.427,1.6290492171633586,True,14.0,1.805606734884746,-5.419654752118841,1.805606734884746,-2.192522463788671,0.7539896255562839,-0.02409365344824277,-2.39660988123247,-5.01147991723122,False,,False,,False,,ROC5_PASS
BULL_2013_2014,ABBV,legacy,ROC5_PASS,2014-01-10,2014-01-13,44.484,GREEN,170.81,166.47220000000002,155.31545,0.6837606837606813,True,2014-01-06,43.448,2.3844595838703686,True,6.0,0.5147918352666148,-8.367053322542938,0.5147918352666148,-4.026166711626667,-1.301591583490691,-5.862782123909726,-5.347990288643123,-1.9714953691214898,False,,False,,False,,ROC5_PASS
BULL_2013_2014,ADM,legacy,ROC5_PASS,2014-01-15,2014-01-16,38.503,GREEN,171.3,166.928,155.72235,0.6285613581624938,True,2014-01-13,37.532,2.587125652776301,True,0.0,0.27530322312547817,-10.80435290756564,0.27530322312547817,-3.038724255252845,-6.916344180972899,-7.1319117990805925,-6.170947718359598,-4.072409942082434,False,,False,,False,,ROC5_PASS
BULL_2013_2014,APD,legacy,ROC5_PASS,2014-01-15,2014-01-16,100.76,GREEN,171.3,166.928,155.72235,0.6285613581624938,True,2014-01-14,98.151,2.658149178306912,True,5.0,5.855498213576804,-7.475188566891633,1.9551409289400468,-3.939063120285835,-3.880508138150074,-5.289797538705832,-1.6256450972608194,5.716554188169898,False,,False,,False,,ROC5_PASS
BULL_2013_2014,AFL,legacy,ROC5_PASS,2014-01-16,2014-01-17,59.121,GREEN,171.07,167.0868,155.86885,0.42855465539508586,True,2014-01-08,58.383,1.2640665947279084,True,3.0,1.0165592598230688,-6.728573603288179,1.0165592598230688,-2.393396593427033,-4.659934710170665,-6.310786353410802,-3.673821484751616,-2.166742781752673,False,,False,,False,,ROC5_PASS
BULL_2013_2014,CLX,legacy,ROC5_PASS,2014-01-16,2014-01-17,80.734,GREEN,171.07,167.0868,155.86885,0.42855465539508586,True,2014-01-06,79.478,1.5803115327511996,True,5.0,1.569351202715108,-6.247677558401666,1.569351202715108,-2.1515098966977897,-2.0499417841306045,-3.2687591349369494,-3.537543042584279,-2.162657616369801,False,,False,,False,,ROC5_PASS
BULL_2013_2014,CVX,legacy,ROC5_PASS,2014-01-22,2014-01-23,102.68,GREEN,170.96,167.58,156.2962,0.3463051006632689,True,2014-01-14,101.47,1.1924706809894658,True,1.0,0.20451889365016296,-8.64725360342813,0.20451889365016296,-2.7950915465523973,-2.6392676275808435,-6.978963770938851,-5.0954421503701,-4.951305025321384,False,,False,,False,,ROC5_PASS
BULL_2013_2014,KO,legacy,ROC5_PASS,2014-01-22,2014-01-23,35.162,GREEN,170.96,167.58,156.2962,0.3463051006632689,True,2014-01-13,34.867,0.8460722172828117,True,0.0,0.07109948239576447,-6.879585916614516,0.07109948239576447,-1.2428189522780242,-3.6431374779591574,-3.998634889938002,-2.4287583186394346,-6.1401512996985375,False,,False,,False,,ROC5_PASS
BULL_2013_2014,ABT,legacy,ROC5_PASS,2014-02-07,2014-02-10,34.123,GREEN,166.67,167.57080000000002,157.60444999999999,0.8470986869970165,True,2014-01-24,32.728,4.262405279882664,False,,8.926530492629613,-0.5656009143392926,8.926530492629613,-0.5656009143392926,4.729947542713142,5.591536500307703,7.92720452480733,6.828239017671378,True,1.0,True,2.0,True,5.0,ROC5_PASS
BULL_2013_2014,JNJ,legacy,ROC5_PASS,2014-02-07,2014-02-10,81.275,GREEN,166.67,167.57080000000002,157.60444999999999,0.8470986869970165,True,2014-01-27,77.588,4.752023508790026,False,,4.706244232543821,-0.42202399261765944,4.706244232543821,-0.42202399261765944,2.2085512150107567,1.756997846816355,4.24853891110426,4.415872039372504,True,1.0,True,1.0,False,,ROC5_PASS
BULL_2013_2014,MDT,legacy,ROC5_PASS,2014-02-07,2014-02-10,51.663,GREEN,166.67,167.57080000000002,157.60444999999999,0.8470986869970165,True,2014-01-27,49.466,4.441434520680865,False,,9.070321119563317,-0.7142442366877666,9.070321119563317,-0.7142442366877666,0.8845789055997644,3.1453845111588663,7.097923078412016,8.189613456438849,True,2.0,True,8.0,True,13.0,ROC5_PASS
BULL_2013_2014,NUE,legacy,ROC5_PASS,2014-02-07,2014-02-10,43.252,GREEN,166.67,167.57080000000002,157.60444999999999,0.8470986869970165,True,2014-01-21,41.406,4.4582910689272115,False,,6.381207805419398,-0.8831961527790755,6.381207805419398,-0.8831961527790755,5.925737538148512,1.6184222694904271,4.397484509386862,1.8796818644224444,True,2.0,True,2.0,True,4.0,ROC5_PASS
BULL_2013_2014,PEP,legacy,ROC5_PASS,2014-02-07,2014-02-10,72.067,GREEN,166.67,167.57080000000002,157.60444999999999,0.8470986869970165,True,2014-01-31,70.367,2.4159051828271716,True,4.0,4.2349480344679336,-3.9421649298569283,2.095272454799013,-2.6308851485423057,-2.4824121997585435,-1.176682809052687,0.8478221654849127,4.02125799603148,True,2.0,False,,False,,ROC5_PASS
BULL_2013_2014,PG,legacy,ROC5_PASS,2014-02-07,2014-02-10,68.756,GREEN,166.67,167.57080000000002,157.60444999999999,0.8470986869970165,True,2014-01-29,66.828,2.8850182558209037,False,,2.991738902786678,-0.5555878759672006,2.991738902786678,-0.5555878759672006,0.6937576356972563,0.8886497178428154,1.3162487637442544,1.9620105881668515,True,1.0,False,,False,,ROC5_PASS
BULL_2013_2014,PPG,legacy,ROC5_PASS,2014-02-07,2014-02-10,86.238,GREEN,166.67,167.57080000000002,157.60444999999999,0.8470986869970165,True,2014-02-03,82.046,5.109328913048761,False,,10.531320299635883,-0.5357267098031082,10.531320299635883,-0.5357267098031082,2.1266726964911165,4.755444235719741,9.932976182193464,8.453350031308716,True,1.0,True,4.0,True,10.0,ROC5_PASS
BULL_2013_2014,BEN,legacy,ROC5_PASS,2014-02-10,2014-02-11,49.111,GREEN,166.98,167.57659999999998,157.7155,3.3547907897994556,True,2014-01-27,46.669,5.232595513081484,False,,4.094805644356669,-1.956791757447407,4.094805644356669,-1.956791757447407,0.6312231475636976,-0.7024902771273211,1.6961576836146852,0.5721732402109714,True,1.0,True,5.0,False,,ROC5_PASS
BULL_2013_2014,CL,legacy,ROC5_PASS,2014-02-10,2014-02-11,56.766,GREEN,166.98,167.57659999999998,157.7155,3.3547907897994556,True,2014-01-27,55.007,3.197774828658173,False,,3.5003347073952806,-0.5038227107775795,3.5003347073952806,-0.5038227107775795,-0.21139414438219317,0.4668287355106937,1.5537469612091792,2.527921643237163,True,3.0,True,19.0,False,,ROC5_PASS
BULL_2013_2014,HRL,legacy,ROC5_PASS,2014-02-10,2014-02-11,20.363,GREEN,166.98,167.57659999999998,157.7155,3.3547907897994556,True,2014-02-04,20.045,1.5864305313045612,False,,10.361930953199439,-0.21607818101458953,10.361930953199439,-0.21607818101458953,4.18897019103277,8.029268771791976,10.052546284928553,8.574375092078789,True,0.0,True,2.0,True,6.0,ROC5_PASS
BULL_2013_2014,SHW,legacy,ROC5_PASS,2014-02-10,2014-02-11,175.34,GREEN,166.98,167.57659999999998,157.7155,3.3547907897994556,True,2014-01-31,167.45,4.711854284861161,False,,14.628721341393858,-0.39922436409263184,14.628721341393858,-0.39922436409263184,5.800159689745632,8.794342420440282,11.6801642523098,12.221968746435508,True,1.0,True,1.0,True,3.0,ROC5_PASS
BULL_2013_2014,WMT,legacy,ROC5_PASS,2014-02-10,2014-02-11,66.796,GREEN,166.98,167.57659999999998,157.7155,3.3547907897994556,True,2014-01-17,65.322,2.256513885061695,False,,3.1663572669021978,-1.476136295586572,3.1663572669021978,-1.476136295586572,1.2845080543745002,1.1901910294029427,1.2186358464578717,2.8669381400083793,True,2.0,True,20.0,False,,ROC5_PASS
BULL_2013_2014,DOV,legacy,ROC5_PASS,2014-02-11,2014-02-12,64.866,GREEN,168.81,167.611,157.8369,3.749001290639775,True,2014-01-27,62.301,4.117108874656905,False,,18.112724693984504,-0.6336139117565476,18.112724693984504,-0.6336139117565476,4.1608855178367765,7.897820121481214,15.593685443838057,14.824407239539973,True,3.0,True,5.0,True,7.0,ROC5_PASS
BULL_2013_2014,CINF,legacy,ROC5_PASS,2014-02-12,2014-02-13,40.723,GREEN,168.89,167.649,157.9539,3.9387039202412266,True,2014-02-04,39.618,2.7891362511989426,False,,3.983007145838968,-0.3044962306313459,3.983007145838968,-0.3044962306313459,1.2965645949463367,1.5765046779461223,3.6588659971023896,2.489993369840149,True,2.0,True,14.0,False,,ROC5_PASS
BULL_2013_2014,XOM,legacy,ROC5_PASS,2014-02-12,2014-02-13,79.209,GREEN,168.89,167.649,157.9539,3.9387039202412266,True,2014-01-22,77.601,2.072138245641164,False,,7.348912371068939,-0.2120971101768787,7.348912371068939,-0.2120971101768787,4.898433258846846,6.266964612607162,4.856771326490672,3.178931687055764,True,1.0,True,1.0,True,3.0,ROC5_PASS
BULL_2013_2014,EMR,legacy,ROC5_PASS,2014-03-18,2014-03-19,56.944,GREEN,174.07,169.85119999999998,160.5447,0.23032187482006083,True,2014-03-14,55.52,2.5648414985590673,False,,7.091177296993534,-1.3925962348974363,7.091177296993534,-1.3925962348974363,2.686850238831129,5.967266085979195,4.811744872155099,5.60726327620118,True,2.0,True,2.0,True,8.0,ROC5_PASS
BULL_2013_2014,MMM,legacy,ROC5_PASS,2014-03-18,2014-03-19,121.57,GREEN,174.07,169.85119999999998,160.5447,0.23032187482006083,True,2014-03-14,118.76,2.366116537554719,False,,3.7591511063584937,-1.645142716130621,3.7591511063584937,-1.645142716130621,0.2549971210002555,2.434811219873323,2.327876943324836,3.018836884099696,True,8.0,True,11.0,False,,ROC5_PASS
BULL_2013_2014,XOM,legacy,ROC5_PASS,2014-03-18,2014-03-19,82.76,GREEN,174.07,169.85119999999998,160.5447,0.23032187482006083,True,2014-03-13,81.57,1.458869682481323,False,,5.7564040599323185,-1.7363460608989967,5.7564040599323185,-1.7363460608989967,0.05074915418077364,3.483566940550986,2.8310778153697314,5.586031899468336,True,7.0,True,7.0,True,20.0,ROC5_PASS
BULL_2013_2014,PNR,legacy,ROC5_PASS,2014-03-31,2014-04-01,73.321,GREEN,174.23,170.3808,161.62215,0.8450541181918014,True,2014-03-24,70.283,4.322524650342174,True,14.0,2.115355764378557,-9.021971877088408,2.115355764378557,-6.181039538467825,-1.1456472224874226,-2.052617940289947,-4.950832640034908,-6.077385742147545,True,1.0,False,,False,,ROC5_PASS
BULL_2013_2014,PPG,legacy,ROC5_PASS,2014-03-31,2014-04-01,92.382,GREEN,174.23,170.3808,161.62215,0.8450541181918014,True,2014-03-21,89.045,3.747543376944251,True,8.0,3.330735424649811,-5.07241670455284,3.330735424649811,-3.8221731506137613,-1.3281808144443796,-3.356714511484915,0.6202506981879408,-0.7512285943149122,True,2.0,True,3.0,False,,ROC5_PASS
BULL_2013_2014,AFL,legacy,ROC5_PASS,2014-04-01,2014-04-02,57.847,GREEN,175.4,170.482,161.754,1.0426867907137538,True,2014-03-21,56.988,1.507334877518085,True,3.0,2.269780628208884,-3.8705550849655213,2.269780628208884,-2.0917247221117763,-0.07433401905024839,-0.6776496620395256,-1.3933306826628966,0.21090117032862565,True,2.0,False,,False,,ROC5_PASS
BULL_2013_2014,APD,legacy,ROC5_PASS,2014-04-01,2014-04-02,109.62,GREEN,175.4,170.482,161.754,1.0426867907137538,True,2014-03-27,107.08,2.3720582741875385,True,3.0,2.417442072614473,-4.780149607735817,2.417442072614473,-2.8553183725597564,-1.3045064769202752,-1.1220580186097506,-1.3045064769202752,-2.1620142309797474,True,1.0,False,,False,,ROC5_PASS
BULL_2013_2014,CAH,legacy,ROC5_PASS,2014-04-01,2014-04-02,64.962,GREEN,175.4,170.482,161.754,1.0426867907137538,True,2014-03-21,63.862,1.722464063136142,True,3.0,3.3204026969613,-7.873833933684315,3.3204026969613,-3.2511314306825523,-0.5449339613928128,-2.5922847202980326,-1.7456359102244412,-6.745481974077161,True,1.0,True,2.0,False,,ROC5_PASS
BULL_2013_2014,CTAS,legacy,ROC5_PASS,2014-04-01,2014-04-02,56.766,GREEN,175.4,170.482,161.754,1.0426867907137538,True,2014-03-25,55.108,3.0086375843797697,True,2.0,0.33470739527181603,-7.60314272627981,0.33470739527181603,-3.551421625620965,-3.320649684670396,-5.42930627488285,-3.5848923651481512,-2.47154987140189,False,,False,,False,,ROC5_PASS
BULL_2013_2014,ECL,legacy,ROC5_PASS,2014-04-01,2014-04-02,104.39,GREEN,175.4,170.482,161.754,1.0426867907137538,True,2014-03-26,101.53,2.8169014084507005,True,4.0,1.0345818564996723,-6.34926717118498,1.0345818564996723,-6.34926717118498,-1.4177603218699097,-1.5806111696522684,-2.404444870198297,-3.7838873455311783,False,,False,,False,,ROC5_PASS
BULL_2013_2014,MHFI,legacy,ROC5_PASS,2014-04-01,2014-04-02,74.238,GREEN,175.4,170.482,161.754,1.0426867907137538,True,2014-03-20,70.849,4.7834126099168595,True,6.0,0.16972439990301513,-7.4732616719200395,0.16972439990301513,-5.762547482421409,-1.46555672297205,-2.971524017349614,-2.252215846332062,-4.719954740160038,False,,False,,False,,ROC5_PASS
BULL_2013_2014,ABBV,legacy,ROC5_PASS,2014-04-02,2014-04-03,46.847,GREEN,175.98,170.5846,161.8831,2.1180293622700574,True,2014-03-28,44.687,4.833620516033754,True,2.0,2.04282024462612,-13.94966593378445,2.04282024462612,-6.935342711379599,-11.240847866458893,-8.177684803722762,-7.067688432557051,-3.2061818259440322,True,1.0,False,,False,,ROC5_PASS
BULL_2013_2014,ABT,legacy,ROC5_PASS,2014-04-02,2014-04-03,35.563,GREEN,175.98,170.5846,161.8831,2.1180293622700574,True,2014-03-21,34.948,1.759757353782776,True,3.0,1.9627140567443746,-4.833675449202824,1.9627140567443746,-2.9665663751652027,-3.8213873970137535,1.0853977448471497,-1.2484885976998594,0.12934791777972077,False,,False,,False,,ROC5_PASS
BULL_2013_2014,LOW,legacy,ROC5_PASS,2014-04-17,2014-04-21,43.923,GREEN,173.66,172.111,163.2647,1.7698077824660263,True,2014-04-08,42.936,2.2987702627166096,True,11.0,2.609111399494579,-5.425403547116547,2.609111399494579,-2.900530473783669,-0.6033285522391463,-0.7991257427771292,-0.8196161464380847,-2.3837169592241025,True,1.0,False,,False,,ROC5_PASS
BULL_2013_2014,BCR,legacy,ROC5_PASS,2014-04-21,2014-04-22,138.84,GREEN,174.26,172.3032,163.39565000000002,3.0453550943172925,True,2014-04-09,134.43,3.2805177415755393,True,1.0,6.230193027945852,-5.9781042927110395,2.0959377700950688,-5.9781042927110395,-3.1042927110342844,-0.7346585998271427,4.609622587150675,4.436761740132522,True,1.0,False,,False,,ROC5_PASS
BULL_2013_2014,PNR,legacy,ROC5_PASS,2014-04-30,2014-05-01,68.865,GREEN,175.46,173.104,164.18255000000002,0.46953733394412556,True,2014-04-24,66.706,3.2365904116571143,False,,3.540259928846301,-2.0692659551295955,3.540259928846301,-2.0692659551295955,1.7265664706309636,-0.2570246133739795,-0.2570246133739795,0.4748420823349919,True,5.0,True,8.0,False,,ROC5_PASS
BULL_2013_2014,CAH,legacy,ROC5_PASS,2014-05-12,2014-05-13,60.748,GREEN,176.83,173.732,164.99779999999998,0.7176624708093771,True,2014-05-05,58.664,3.5524342015545995,False,,9.557516296832835,-0.9926252716138673,9.557516296832835,-0.9926252716138673,1.3794692829393496,6.354118654112084,8.80522815565945,7.093237637453087,True,4.0,True,6.0,True,8.0,ROC5_PASS
BULL_2013_2014,PG,legacy,ROC5_PASS,2014-05-21,2014-05-22,71.933,GREEN,176.2,173.98440000000002,165.69625,0.03406381287611726,True,2014-05-16,71.194,1.0380088209680727,False,,0.5991686708464838,-1.5681258949300059,0.5991686708464838,-1.5681258949300059,0.525488996705259,-0.4212253068828109,-0.9050088276590817,-0.5421711870768675,False,,False,,False,,ROC5_PASS
BULL_2013_2014,NUE,legacy,ROC5_PASS,2014-05-27,2014-05-28,46.692,GREEN,178.44,174.29719999999998,166.02294999999998,1.4728461757179456,True,2014-05-22,45.729,2.1058846683723598,True,2.0,0.5611239612781649,-4.506125246294868,0.3298209543390662,-2.867728947142978,-3.336760044547249,-2.1952368714126536,0.05996744624345851,-3.118307204660331,False,,False,,False,,ROC5_PASS
BULL_2013_2014,ED,legacy,ROC5_PASS,2014-05-29,2014-05-30,48.242,GREEN,179.23,174.50959999999998,166.25709999999998,1.7196367763904652,True,2014-05-13,47.323,1.9419732476808171,False,,5.580199825877874,-0.9721819161726208,5.580199825877874,-0.9721819161726208,1.0613158658430377,1.0426599228887667,3.8244683056258166,5.306579329215211,True,4.0,True,13.0,True,20.0,ROC5_PASS
BULL_2013_2014,T,legacy,ROC5_PASS,2014-05-30,2014-06-02,29.649,GREEN,179.52,174.6372,166.37600000000003,1.6361886429258954,True,2014-05-22,29.228,1.4403996168057986,True,6.0,0.6981685722958542,-2.4823771459408395,0.2799419879253806,-1.973085095618743,-1.386218759485991,-1.4671658403318855,-0.31704273331309984,-0.3979898141590055,False,,False,,False,,ROC5_PASS
BULL_2013_2014,WMT,legacy,ROC5_PASS,2014-05-30,2014-06-02,70.096,GREEN,179.52,174.6372,166.37600000000003,1.6361886429258954,True,2014-05-19,68.871,1.7786876914811955,True,11.0,1.5421707372746063,-2.4908696644601824,1.5421707372746063,-2.1656014608536833,0.56351289659895,-1.6177813284638187,-1.0300159780872065,-1.968728600776093,False,,False,,False,,ROC5_PASS
BULL_2013_2014,CVX,legacy,ROC5_PASS,2014-06-03,2014-06-04,106.87,GREEN,179.63,174.8716,166.63435,0.6668908316521005,True,2014-05-28,106.25,0.5835294117647161,False,,9.170019650042093,-0.28071488724620286,9.170019650042093,-0.28071488724620286,2.3112192383269337,6.484513895386912,7.261158416768021,6.456442406662299,True,4.0,True,6.0,True,8.0,ROC5_PASS
BULL_2013_2014,BCR,legacy,ROC5_PASS,2014-06-20,2014-06-23,138.15,GREEN,183.43,176.9776,168.601,1.4097744360902276,True,2014-06-12,133.69,3.3360759967088205,False,,5.001809627216791,-0.18820123054652527,5.001809627216791,-0.18820123054652527,1.9037278320665818,3.966702859210991,4.140427072023156,2.6492942453854473,True,2.0,True,2.0,True,15.0,ROC5_PASS
BULL_2013_2014,HCP,legacy,ROC5_PASS,2014-06-20,2014-06-23,33.799,GREEN,183.43,176.9776,168.601,1.4097744360902276,True,2014-06-17,32.95,2.5766312594840635,False,,3.588863575845447,-1.3639456788662296,3.588863575845447,-1.3639456788662296,0.9319802361016594,0.4408414450131737,1.3461936743690561,2.8491967217965097,True,12.0,True,19.0,False,,ROC5_PASS
BULL_2013_2014,CINF,legacy,ROC5_PASS,2014-07-01,2014-07-02,43.401,GREEN,184.45,178.5686,169.61535,1.1960278707412009,True,2014-06-26,42.844,1.300065353375035,True,6.0,0.8225616921269108,-5.17499596783485,0.599064537683458,-1.721158498652109,-1.1451349047256976,-0.9953687703048386,-0.5437662726665349,-4.698048432063784,False,,False,,False,,ROC5_PASS
BULL_2013_2014,CB,legacy,ROC5_PASS,2014-07-02,2014-07-03,96.251,GREEN,184.65,178.7606,169.75674999999998,0.8465319497542367,True,2014-06-26,94.674,1.6657160360816992,True,18.0,1.1594684730548144,-4.235800147530933,1.1594684730548144,-2.4955584877040193,-0.15895938743494265,-0.6534997038991852,-0.5942795399528356,-3.7464545822900597,False,,False,,False,,ROC5_PASS
BULL_2013_2014,EMR,legacy,ROC5_PASS,2014-07-03,2014-07-07,60.294,GREEN,185.53,178.9784,169.8991,1.3991364704596387,True,2014-07-02,59.192,1.8617380727125266,True,16.0,1.2920025209805397,-6.899525657611038,1.2920025209805397,-1.870832918698373,-0.145951504295605,0.0,-0.4146349553852735,-5.0038146415895435,False,,False,,False,,ROC5_PASS
BULL_2013_2014,XOM,legacy,ROC5_PASS,2014-07-03,2014-07-07,90.078,GREEN,185.53,178.9784,169.8991,1.3991364704596387,True,2014-06-30,88.484,1.8014556303964646,True,18.0,2.38126956637581,-4.050933635293852,2.38126956637581,-3.31823530717823,0.34969692932791396,0.7426896689535667,2.00270876351607,-2.145917982193213,True,12.0,False,,False,,ROC5_PASS
BULL_2013_2014,PNR,legacy,ROC5_PASS,2014-07-14,2014-07-15,66.743,GREEN,184.99,180.12760000000003,170.70855,0.04867495943754463,True,2014-06-25,64.575,3.357336430507152,True,12.0,2.26690439446835,-12.26046177127188,2.26690439446835,-11.312047705377337,0.584330941072464,-2.427220832147181,-9.747838724660252,-4.533808788936666,True,1.0,False,,False,,ROC5_PASS
BULL_2013_2014,ITW,legacy,ROC5_PASS,2014-07-15,2014-07-16,80.655,GREEN,184.65,180.31620000000004,170.8491,0.5171475231355638,True,2014-07-09,79.686,1.2160228898426162,True,1.0,0.19589610067571872,-5.537164465935163,0.19589610067571872,-2.077986485648753,-1.073709007501089,-2.795858905213555,-4.30971421486579,-0.5889281507655997,False,,False,,False,,ROC5_PASS
BULL_2013_2014,WAG,legacy,ROC5_PASS,2014-07-15,2014-07-16,67.395,GREEN,184.65,180.31620000000004,170.8491,0.5171475231355638,True,2014-07-09,66.233,1.754412453006804,True,1.0,2.544699161658892,-19.701758290674388,0.6825432153720667,-2.7954596038281765,1.3636026411454782,-1.4333407522813202,-17.674901698939095,-13.171600267082118,False,,False,,False,,ROC5_PASS
BULL_2013_2014,SWK,legacy,ROC5_PASS,2014-07-22,2014-07-23,80.819,GREEN,185.53,181.3022,171.5795,0.47657730842134427,True,2014-07-10,79.441,1.7346206618748417,False,,6.405671933579971,-1.601108650193639,6.405671933579971,-1.601108650193639,3.56970514359245,0.4169811554213698,3.5585691483438264,6.070354743315298,True,2.0,True,2.0,True,2.0,ROC5_PASS
BULL_2013_2014,TROW,legacy,ROC5_PASS,2014-07-22,2014-07-23,73.03,GREEN,185.53,181.3022,171.5795,0.47657730842134427,True,2014-07-17,71.289,2.4421720040959993,True,4.0,0.4217444885663335,-7.76119402985076,0.4217444885663335,-3.1849924688484244,-2.7358619745310175,-5.210187594139404,-4.162672874161311,-3.027522935779814,False,,False,,False,,ROC5_PASS
BULL_2013_2014,LEG,legacy,ROC5_PASS,2014-07-24,2014-07-25,29.859,GREEN,185.96,181.66400000000002,171.88755,1.5010097702090386,True,2014-07-16,29.631,0.7694644122709482,False,,7.411500720050901,-0.6396731303794589,7.411500720050901,-0.6396731303794589,-0.42868146957366626,2.8333165879634192,4.3303526574902,6.889045179007991,True,0.0,True,0.0,True,14.0,ROC5_PASS
BULL_2013_2014,BEN,legacy,ROC5_PASS,2014-08-08,2014-08-11,51.119,GREEN,180.91,182.8272,173.21645,0.39400665926747624,True,2014-08-01,49.438,3.4002184554391413,False,,5.160507834660288,-0.958547702419843,5.160507834660288,-0.958547702419843,1.504333026858884,3.544670279152551,3.965257536336786,2.527435982707016,True,5.0,True,8.0,True,17.0,ROC5_PASS
BULL_2013_2014,ED,legacy,ROC5_PASS,2014-08-08,2014-08-11,50.235,GREEN,180.91,182.8272,173.21645,0.39400665926747624,True,2014-08-04,48.181,4.263091260040275,False,,3.2726186921469003,-0.6569125111973717,3.2726186921469003,-0.6569125111973717,1.0152284263959421,2.046382004578473,1.5686274509804088,1.1585547924753747,True,6.0,True,15.0,False,,ROC5_PASS
BULL_2013_2014,HRL,legacy,ROC5_PASS,2014-08-08,2014-08-11,21.825,GREEN,180.91,182.8272,173.21645,0.39400665926747624,True,2014-07-24,21.205,2.9238387172836555,False,,11.074455899198178,0.0,11.074455899198178,0.0,2.620847651775482,8.458190148911804,10.171821305841933,8.95303550973654,True,3.0,True,4.0,True,8.0,ROC5_PASS
BULL_2013_2014,CB,legacy,ROC5_PASS,2014-08-12,2014-08-13,94.132,GREEN,181.17,182.89440000000002,173.41625,0.7899860917941481,True,2014-07-30,91.944,2.3797093883233256,False,,5.342497769090215,-0.4706157311010206,5.342497769090215,-0.4706157311010206,2.521990396464524,4.019886967237496,3.967832405558158,3.550333574129949,True,2.0,True,6.0,True,13.0,ROC5_PASS
BULL_2013_2014,KO,legacy,ROC5_PASS,2014-08-12,2014-08-13,35.786,GREEN,181.17,182.89440000000002,173.41625,0.7899860917941481,True,2014-07-24,35.211,1.63301241089433,False,,6.714916447772867,0.0,6.714916447772867,0.0,3.9065556362823273,4.7867881294360926,5.468619013021847,6.441066338791712,True,2.0,True,2.0,True,6.0,ROC5_PASS
BULL_2013_2014,MHFI,legacy,ROC5_PASS,2014-08-14,2014-08-15,76.475,GREEN,183.26,183.01559999999998,173.62,2.4714828897338226,True,2014-08-04,74.483,2.6744357772914507,False,,8.330827067669189,-1.1912389669826773,8.330827067669189,-1.1912389669826773,-0.9676364825106143,2.0778032036613325,7.199738476626338,7.589408303367118,True,9.0,True,11.0,True,13.0,ROC5_PASS
BULL_2013_2014,T,legacy,ROC5_PASS,2014-08-21,2014-08-22,29.235,GREEN,186.76,183.3644,174.18345000000002,1.909854851031323,True,2014-08-04,28.906,1.1381720058119438,False,,2.866427227638102,-0.6054386865058992,2.866427227638102,-0.6054386865058992,1.1629895672994772,1.3066529844364627,0.3831024456986576,2.726184368051987,True,9.0,False,,False,,ROC5_PASS
BULL_2013_2014,APD,legacy,ROC5_PASS,2014-09-16,2014-09-17,121.27,GREEN,187.67,184.843,176.09455000000003,0.578809153759563,True,2014-09-15,116.53,4.067622071569543,True,14.0,4.147769440092364,-9.911767131194848,4.147769440092364,-5.137296940710801,2.8036612517522874,-3.620021439762511,-3.446854127154275,-3.7931887523707353,True,1.0,True,1.0,False,,ROC5_PASS
BULL_2013_2014,CVX,legacy,ROC5_PASS,2014-09-16,2014-09-17,110.21,GREEN,187.67,184.843,176.09455000000003,0.578809153759563,True,2014-09-10,107.52,2.5018601190476275,True,6.0,0.4809000998094559,-14.753652118682503,0.4809000998094559,-3.5477724344433303,-2.1504400689592473,-5.952272933490599,-5.716359676980309,-12.656746211777515,False,,False,,False,,ROC5_PASS
BULL_2013_2014,XOM,legacy,ROC5_PASS,2014-09-16,2014-09-17,86.792,GREEN,187.67,184.843,176.09455000000003,0.578809153759563,True,2014-09-12,84.567,2.6310499367365514,True,6.0,0.01843487879067407,-11.236058622914546,0.01843487879067407,-3.7906719513319254,-2.137293759793535,-5.160613881463727,-3.3712784588441402,-7.854410544750678,False,,False,,False,,ROC5_PASS
BULL_2013_2014,BEN,legacy,ROC5_PASS,2014-09-17,2014-09-18,52.695,GREEN,187.93,184.9276,176.19925,0.3417160553152998,True,2014-09-12,51.559,2.203301072557662,True,3.0,1.5314545972103577,-12.283897903026853,1.5314545972103577,-2.5808900275168356,-2.973716671410953,-2.561912894961571,-8.156371572255438,-9.06537622165291,False,,False,,False,,ROC5_PASS
BULL_2013_2014,PPG,legacy,ROC5_PASS,2014-09-17,2014-09-18,96.399,GREEN,187.93,184.9276,176.19925,0.3417160553152998,True,2014-09-15,94.627,1.8726156382427916,True,3.0,1.468894905548801,-15.153684166848203,1.468894905548801,-2.0342534673596147,-2.3682818286496765,-5.455450782684467,-8.00112034357202,-10.070643886347364,False,,False,,False,,ROC5_PASS
BULL_2013_2014,ADM,legacy,ROC5_PASS,2014-10-20,2014-10-21,41.98,GREEN,179.0,184.607,177.94875,1.5545217292636027,True,2014-10-03,38.317,9.559725448234445,False,,15.088137208194397,-2.6083849452120056,15.088137208194397,-2.6083849452120056,0.1786565030967191,8.618389709385422,12.08194378275369,14.561696045736072,True,2.0,True,8.0,True,10.0,ROC5_PASS
BULL_2013_2014,TGT,legacy,ROC5_PASS,2014-10-21,2014-10-22,55.923,GREEN,182.54,184.62919999999997,178.01565,3.4103784273736615,True,2014-10-17,53.324,4.873977946140573,False,,19.21928365788674,-2.3979400246767923,19.21928365788674,-2.3979400246767923,-1.4251738998265595,-1.0478693918423487,8.014591491872757,18.273340128390814,True,12.0,True,12.0,True,13.0,ROC5_PASS
BULL_2013_2014,KO,legacy,ROC5_PASS,2014-10-31,2014-11-03,37.944,GREEN,189.66,184.8374,178.62109999999996,2.6576454668470806,True,2014-10-22,36.41,4.213128261466648,False,,8.430845456462155,-0.4743833017077814,8.430845456462155,-0.4743833017077814,1.441598144634182,2.706620282521599,5.940333122496311,7.318680160236113,True,6.0,True,8.0,True,12.0,ROC5_PASS
BULL_2013_2014,CLX,legacy,ROC5_PASS,2014-11-28,2014-12-01,93.473,GREEN,194.87,186.75480000000005,181.07165,0.7965654580251336,True,2014-11-24,91.761,1.8657163718791336,True,4.0,5.311694286050517,-3.0992907042675433,1.2089052453649662,-3.0992907042675433,-1.5041776769762483,-1.3458431846629426,3.2779519219453768,4.555326136959326,False,,False,,False,,ROC5_PASS
BULL_2013_2014,ED,legacy,ROC5_PASS,2014-11-28,2014-12-01,56.739,GREEN,194.87,186.75480000000005,181.07165,0.7965654580251336,True,2014-11-25,55.402,2.413270279051294,False,,9.51373834575866,-0.49525018065175175,9.51373834575866,-0.49525018065175175,1.552723875993589,1.776555808174285,4.781543559103962,6.320167785826336,True,0.0,True,9.0,True,15.0,ROC5_PASS
BULL_2013_2014,ABBV,legacy,ROC5_PASS,2014-12-18,2014-12-19,60.877,GREEN,194.51,188.75,182.50555,1.2756430282203413,True,2014-12-15,58.277,4.461451344441203,True,2.0,1.3699755244180878,-7.9274602887790095,1.3699755244180878,-5.422409120028915,-0.8114723130246193,-4.965750611889552,-5.650738374098596,-6.675756032656011,False,,False,,False,,ROC5_PASS
BULL_2013_2014,ABT,legacy,ROC5_PASS,2014-12-18,2014-12-19,42.85,GREEN,194.51,188.75,182.50555,1.2756430282203413,True,2014-12-15,40.226,6.523144235071854,False,,1.2882147024503965,-4.4854142357059645,1.2882147024503965,-4.4854142357059645,-0.6744457409568305,-3.2905484247374606,-2.3173862310385096,-3.5239206534422363,False,,False,,False,,ROC5_PASS
BULL_2013_2014,BEN,legacy,ROC5_PASS,2014-12-18,2014-12-19,53.073,GREEN,194.51,188.75,182.50555,1.2756430282203413,True,2014-12-12,49.188,7.898267870212239,True,16.0,2.357130744446323,-9.445480752925217,2.357130744446323,-9.142124997644762,1.243570176926112,-5.658244305013849,-6.289450379665739,-6.613532304561643,True,2.0,False,,False,,ROC5_PASS
BULL_2013_2014,CAH,legacy,ROC5_PASS,2014-12-18,2014-12-19,77.772,GREEN,194.51,188.75,182.50555,1.2756430282203413,True,2014-12-15,74.22,4.785772029102686,False,,2.5934783726791144,-4.909221827907229,2.5934783726791144,-4.909221827907229,-2.0045774828987395,-3.966723242298009,0.047574962711505187,-0.6313326132798447,True,12.0,False,,False,,ROC5_PASS
BULL_2013_2014,CB,legacy,ROC5_PASS,2014-12-18,2014-12-19,107.48,GREEN,194.51,188.75,182.50555,1.2756430282203413,True,2014-12-16,103.6,3.7451737451737577,True,16.0,2.2794938593226677,-6.438407145515446,2.2794938593226677,-6.438407145515446,1.3676963155935917,-2.8563453665798377,-2.353926311871979,-3.7588388537402317,True,5.0,False,,False,,ROC5_PASS
BULL_2013_2014,HRL,legacy,ROC5_PASS,2014-12-18,2014-12-19,24.756,GREEN,194.51,188.75,182.50555,1.2756430282203413,True,2014-12-11,23.732,4.314849148828581,False,,2.391339473259002,-3.9707545645500053,2.391339473259002,-3.9707545645500053,1.8338988528033617,-3.639521732105344,-2.912425270641461,1.9752787203102251,True,2.0,False,,False,,ROC5_PASS
BULL_2013_2014,ITW,legacy,ROC5_PASS,2014-12-18,2014-12-19,89.531,GREEN,194.51,188.75,182.50555,1.2756430282203413,True,2014-12-12,85.986,4.122764170911553,True,10.0,2.219343020853115,-4.812858116183238,2.219343020853115,-4.812858116183238,1.3727088941260623,-4.140465313690234,-2.0763757804559413,-1.3425517418547916,True,2.0,False,,False,,ROC5_PASS
BULL_2013_2014,JNJ,legacy,ROC5_PASS,2014-12-18,2014-12-19,98.753,GREEN,194.51,188.75,182.50555,1.2756430282203413,True,2014-12-12,94.94,4.016220771013268,True,17.0,0.7331422842850488,-5.9653883932640035,0.7331422842850488,-4.372525391633674,-1.2111024475205845,-3.124968355391733,-1.7336182191933447,-4.422144137393302,False,,False,,False,,ROC5_PASS
BULL_2013_2014,KO,legacy,ROC5_PASS,2014-12-18,2014-12-19,38.802,GREEN,194.51,188.75,182.50555,1.2756430282203413,True,2014-12-10,36.389,6.631124790458642,False,,2.6673882789546965,-1.5050770578836081,2.6673882789546965,-1.5050770578836081,0.9896397092933329,0.04896654811608059,0.4484304932735439,2.164836864079178,True,4.0,False,,False,,ROC5_PASS
BULL_2013_2014,MDT,legacy,ROC5_PASS,2014-12-18,2014-12-19,70.247,GREEN,194.51,188.75,182.50555,1.2756430282203413,True,2014-12-15,66.597,5.480727360091309,False,,1.3979244665252688,-4.683474027360612,1.3979244665252688,-4.683474027360612,-1.2996996313009768,-4.210855979614781,-2.101157344797644,-1.7353054222956077,False,,False,,False,,ROC5_PASS
BULL_2013_2014,MHFI,legacy,ROC5_PASS,2014-12-18,2014-12-19,87.592,GREEN,194.51,188.75,182.50555,1.2756430282203413,True,2014-12-15,83.546,4.842841069590387,True,10.0,1.7832678783450406,-6.251712485158456,0.3516302858708631,-6.251712485158456,-0.7626267239017159,-5.40346150333364,0.17239017261849732,-0.03424970316924236,False,,False,,False,,ROC5_PASS
BULL_2013_2014,ADM,legacy,ROC5_PASS,2014-12-19,2014-12-22,48.453,GREEN,195.29,189.0302,182.6089,3.349915325994912,True,2014-12-12,45.483,6.5299122749159055,True,12.0,2.4621798443852816,-11.124182197180776,2.4621798443852816,-7.363837120508543,0.9369904856252331,-4.633356035745995,-9.446267516975226,-8.243039646667905,True,1.0,False,,False,,ROC5_PASS
BULL_2013_2014,BF-B,legacy,ROC5_PASS,2014-12-19,2014-12-22,42.514,GREEN,195.29,189.0302,182.6089,3.349915325994912,True,2014-12-05,41.114,3.4051661234616004,False,,5.805146539963291,-1.575951451286639,5.805146539963291,-1.575951451286639,0.46102460365997633,0.49395493249280165,0.9055840429035067,5.701651220774329,True,1.0,True,3.0,True,20.0,ROC5_PASS
BULL_2013_2014,PEP,legacy,ROC5_PASS,2014-12-19,2014-12-22,88.565,GREEN,195.29,189.0302,182.6089,3.349915325994912,True,2014-12-10,85.459,3.634491393533734,False,,3.353469203409931,-2.9740868288827382,3.353469203409931,-2.9740868288827382,0.17614181674476814,-0.050810139445611746,0.9202280810703956,3.248461581889006,True,2.0,True,20.0,False,,ROC5_PASS
BULL_2013_2014,HCP,legacy,ROC5_PASS,2014-12-30,2014-12-31,37.979,GREEN,196.35,191.43539999999996,183.32014999999998,0.06625216593618699,True,2014-12-26,37.225,2.025520483546006,False,,10.490007635798726,-2.095895099923639,10.490007635798726,-2.095895099923639,3.5809263013770742,7.25664182837884,7.240843624108062,5.318728771163017,True,3.0,True,3.0,True,4.0,ROC5_PASS
BULL_2017,CINF,yfinance,ROC5_PASS,2017-01-04,2017-01-05,59.10210208214639,GREEN,195.12208557128906,188.62152740478516,182.25805694580077,0.13697697945713738,True,2016-12-30,58.340303453019935,1.3057844818032294,True,2.0,0.7497036748334462,-8.917519644493222,0.7497036748334462,-2.0255042331878803,-8.049463648373967,-7.575954566731136,-7.115606045289358,-6.050252565316039,False,,False,,False,,ROC5_PASS
BULL_2017,GWW,yfinance,ROC5_PASS,2017-01-04,2017-01-05,204.86789716542478,GREEN,195.12208557128906,188.62152740478516,182.25805694580077,0.13697697945713738,True,2016-12-30,200.79049858056104,2.0306730715287324,True,2.0,11.247083662373814,-3.006554641389081,0.5377955982576177,-3.006554641389081,0.01693321680955595,4.370123398367909,8.570828396645291,6.54245444541004,False,,False,,False,,ROC5_PASS
BULL_2017,SWK,yfinance,ROC5_PASS,2017-01-04,2017-01-05,92.61187163460599,GREEN,195.12208557128906,188.62152740478516,182.25805694580077,0.13697697945713738,True,2016-12-15,88.10885967193592,5.110736853747255,False,,7.210019679249369,-2.897360629441603,7.210019679249369,-2.897360629441603,-1.123982417454994,-0.09991280581646,4.0962188123463195,2.839045880533031,True,12.0,True,13.0,True,14.0,ROC5_PASS
BULL_2017,TROW,yfinance,ROC5_PASS,2017-01-04,2017-01-05,53.780970010518,GREEN,195.12208557128906,188.62152740478516,182.25805694580077,0.13697697945713738,True,2016-12-30,52.42368672903888,2.589064917342565,True,2.0,0.0,-15.012347356377564,0.0,-5.567838685820048,-4.344978161722546,-4.123831850444793,-9.730690225173234,-11.91621414812647,False,,False,,False,,ROC5_PASS
BULL_2017,TGT,yfinance,ROC5_PASS,2017-01-05,2017-01-06,53.76707810752933,GREEN,194.96707153320312,188.84145294189454,182.36616493225097,0.891247890755964,True,2016-12-23,52.92299521879377,1.5949265253146772,True,5.0,0.34731868344088923,-12.559033844301348,0.34731868344088923,-2.709099691059247,-2.4868106633468723,-11.294820123523753,-10.919700848072766,-11.892192887073861,False,,False,,False,,ROC5_PASS
BULL_2017,WBA,legacy_fallback,ROC5_PASS,2017-01-05,2017-01-06,81.464,GREEN,194.96707153320312,188.84145294189454,182.36616493225097,0.891247890755964,True,2016-12-27,78.748,3.4489764819424007,False,,2.622017087302364,-3.5156633605028076,2.622017087302364,-3.5156633605028076,0.8911912010213019,-1.8413041343415482,-1.9260041245212633,-2.7447706962584806,True,3.0,False,,False,,ROC5_PASS
BULL_2017,WMT,yfinance,ROC5_PASS,2017-01-05,2017-01-06,19.480428594197164,GREEN,194.96707153320312,188.84145294189454,182.36616493225097,0.891247890755964,True,2016-12-27,19.377917528084254,0.52900971409513,True,4.0,1.2863581583037353,-4.575359144038005,1.2571283888797247,-0.7162631635265093,-1.8710692792912376,-2.57272902159259,-2.9089065086070454,-2.938191694675496,False,,False,,False,,ROC5_PASS
BULL_2017,CTAS,yfinance,ROC5_PASS,2017-01-24,2017-01-25,26.293589696128567,GREEN,196.00048828125,192.06649383544922,183.66230018615724,0.5966999809537077,True,2017-01-19,25.659823286544984,2.469878309395468,False,,3.248378756447212,-1.6933134847956555,3.248378756447212,-1.6933134847956555,-0.7775505187369358,-1.2095143460398416,2.2980626888073674,2.315341822223038,True,15.0,True,16.0,False,,ROC5_PASS
BULL_2017,XOM,yfinance,ROC5_PASS,2017-01-27,2017-01-30,55.94661334998736,GREEN,197.18028259277344,192.78553466796876,184.00590713500978,0.9835071197303868,True,2017-01-04,55.40300249011464,0.9811938621371974,True,1.0,0.035119152352991456,-4.59084383449574,0.035119152352991456,-2.680851684471941,-2.4701711806455973,-1.9445429434721828,-3.255903198688581,-3.929314730657585,False,,False,,False,,ROC5_PASS
BULL_2017,GPC,yfinance,ROC5_PASS,2017-02-03,2017-02-06,73.21369574539277,GREEN,197.4989013671875,193.68853576660158,184.48588737487793,0.1615875432494862,True,2017-02-02,72.53418008229215,0.9368213197277209,True,11.0,4.052810313164867,-3.640279125298418,4.052810313164867,-1.134351573894521,3.011249223924062,0.7218794754314528,-1.2993547163392405,-3.557785345951603,True,2.0,True,3.0,False,,ROC5_PASS
BULL_2017,MMM,yfinance,ROC5_PASS,2017-02-07,2017-02-08,107.3784655981022,GREEN,197.1544647216797,194.01880401611328,184.68656394958495,0.6196958073579006,True,2017-02-01,106.11281623389073,1.1927393967395616,False,,9.202205470407065,-0.07401849121779769,9.202205470407065,-0.07401849121779769,4.135788874060431,7.282230812301771,8.829631688378537,8.83542948582594,True,2.0,True,3.0,True,6.0,ROC5_PASS
BULL_2017,TROW,yfinance,ROC5_PASS,2017-02-07,2017-02-08,47.22539020621496,GREEN,197.1544647216797,194.01880401611328,184.68656394958495,0.6196958073579006,True,2017-01-30,45.70718398090979,3.3215921285793204,False,,7.644476183038851,-0.26666711877892935,7.644476183038851,-0.26666711877892935,5.999993120830127,6.607423611981456,6.237023404907638,4.770374289256463,True,2.0,True,3.0,True,5.0,ROC5_PASS
BULL_2017,APD,yfinance,ROC5_PASS,2017-02-13,2017-02-14,111.26285971860864,GREEN,200.45265197753906,194.81117095947266,185.13056594848632,1.6773333376676414,True,2017-02-02,108.932984840152,2.1388148703310517,True,19.0,2.6068400718563645,-3.219366021163639,2.6068400718563645,-3.219366021163639,-0.042737150260641066,2.343310775313201,-0.598319160887395,-1.7165528420270637,True,10.0,False,,False,,ROC5_PASS
BULL_2017,T,yfinance,ROC5_PASS,2017-02-16,2017-02-17,15.972732733067504,GREEN,202.13198852539062,195.61995544433594,185.53010612487793,1.78665170887633,True,2017-02-14,15.677873033230174,1.8807378986445356,False,,3.7163035682694634,-0.9229997113383237,3.7163035682694634,-0.9229997113383237,1.5788628281343087,1.9188549333112093,2.914745688426734,3.0362004405254384,True,4.0,True,14.0,False,,ROC5_PASS
BULL_2017,EMR,yfinance,ROC5_PASS,2017-03-13,2017-03-14,47.447286089284425,GREEN,204.79298400878906,198.99802459716796,187.9022878265381,0.04207020909654524,True,2017-02-28,46.89751173734651,1.17228895856345,True,8.0,2.267010671353731,-3.526475127930395,2.0654871481652792,-1.9647239498449265,-0.990755369983598,-0.18471880627883852,0.2686652035006176,0.30223967549734,True,3.0,False,,False,,ROC5_PASS
BULL_2017,NUE,yfinance,ROC5_PASS,2017-03-15,2017-03-16,53.58684014725766,GREEN,205.77464294433594,199.47975708007812,188.17343376159667,1.0103092984273587,True,2017-03-09,48.96826764347451,9.431766174392365,True,6.0,0.5025153650921599,-12.807259649588133,0.5025153650921599,-9.502050039622068,-6.715392280573484,-7.903613478804338,-7.888279755286442,-12.71532025753478,False,,False,,False,,ROC5_PASS
BULL_2017,PPG,yfinance,ROC5_PASS,2017-03-16,2017-03-17,87.09269573157016,GREEN,205.36993408203125,199.70779174804687,188.31118492126464,0.6839473309387056,True,2017-03-13,84.63981875974747,2.8980177507057947,False,,2.1841024936452236,-2.0979160239882444,2.1841024936452236,-2.0979160239882444,-0.5747738627097321,0.6609675855374197,1.5901323247191845,0.9579257208234937,True,13.0,False,,False,,ROC5_PASS
BULL_2017,APD,yfinance,ROC5_PASS,2017-03-17,2017-03-20,110.54171656277607,GREEN,205.00926208496094,199.90553527832031,188.44531074523925,0.15615892577449664,True,2017-03-07,107.68090101865279,2.6567529776034604,True,4.0,0.15054229465092384,-4.201023219219346,0.15054229465092384,-3.4554492069496345,-2.559333436757949,-2.5780787902690006,-1.9933286684463924,-2.347060943169632,False,,False,,False,,ROC5_PASS
BULL_2017,ABT,yfinance,ROC5_PASS,2017-03-28,2017-03-29,37.48049545288086,GREEN,203.53030395507812,200.96548370361327,189.2790550994873,0.6802841241248414,True,2017-03-23,37.13649083679031,0.92632504671053,True,4.0,0.3805730705419341,-4.703822897548071,0.3805730705419341,-1.4774977850182003,-1.9476072302010095,-2.068631684753841,-0.9424355746554758,-1.6857013947785937,False,,False,,False,,ROC5_PASS
BULL_2017,CAH,yfinance,ROC5_PASS,2017-03-28,2017-03-29,62.998963503418054,GREEN,203.53030395507812,200.96548370361327,189.2790550994873,0.6802841241248414,True,2017-03-23,61.91886433645332,1.7443781932041214,True,13.0,1.2349248973777538,-12.837712540047653,1.2349248973777538,-12.030786342023303,-1.5404805640611974,-0.09779281830692987,-10.367962425908473,-10.575800240475397,False,,False,,False,,ROC5_PASS
BULL_2017,WBA,legacy_fallback,ROC5_PASS,2017-03-28,2017-03-29,82.345,GREEN,203.53030395507812,200.96548370361327,189.2790550994873,0.6802841241248414,True,2017-03-22,81.311,1.2716606609191716,True,4.0,3.2886028295585623,-3.9480235594146595,0.3218167466148447,-1.4475681583581146,-2.907280344890406,-1.2326188596757603,0.6460622988645248,2.7384783532697687,False,,False,,False,,ROC5_PASS
BULL_2017,CVX,yfinance,ROC5_PASS,2017-03-29,2017-03-30,72.96126207744419,GREEN,203.7205352783203,201.14313659667968,189.41444862365722,0.5378018979622201,True,2017-03-14,71.389362520004,2.2018680402135837,True,12.0,2.330086807942866,-3.994432786605062,2.330086807942866,-2.616730900352171,1.0540685456391863,-1.895546989940633,-3.014327733380262,-1.3407314569946815,True,4.0,False,,False,,ROC5_PASS
BULL_2017,TROW,yfinance,ROC5_PASS,2017-03-29,2017-03-30,47.927163330181386,GREEN,203.7205352783203,201.14313659667968,189.41444862365722,0.5378018979622201,True,2017-03-21,47.03858597432509,1.889039258835945,False,,7.54857384933687,-0.5297076824940739,7.54857384933687,-0.5297076824940739,2.0159293126019495,3.3843668038134433,5.635712637980261,4.311377981320441,True,4.0,True,6.0,True,11.0,ROC5_PASS
BULL_2017,CTAS,yfinance,ROC5_PASS,2017-04-20,2017-04-21,27.98591708253815,GREEN,203.5475616455078,203.19345916748046,191.43073577880858,0.5597628966340862,True,2017-04-07,27.595211166246035,1.4158468073983022,True,8.0,2.491882082085395,-2.97075185697222,2.491882082085395,-2.637972208335737,-0.5924990692545706,-0.17042895044060424,-0.7305038462712132,-1.7694823754370814,True,2.0,False,,False,,ROC5_PASS
BULL_2017,NUE,yfinance,ROC5_PASS,2017-04-20,2017-04-21,49.54861029629877,GREEN,203.5475616455078,203.19345916748046,191.43073577880858,0.5597628966340862,True,2017-04-17,46.32967889758987,6.947881952353341,True,18.0,3.264875380237031,-8.650960043142353,3.264875380237031,-7.076548923656412,1.6407130702012163,0.2154852620208425,-5.004937708922952,-6.09875872786313,True,1.0,True,3.0,False,,ROC5_PASS
BULL_2017,T,yfinance,ROC5_PASS,2017-04-20,2017-04-21,15.855853324750026,GREEN,203.5475616455078,203.19345916748046,191.43073577880858,0.5597628966340862,True,2017-04-18,15.733673574807682,0.7765494139777562,True,4.0,0.8202615955479109,-6.91028802492637,0.8202615955479109,-1.3422963994022874,-1.4914426366571254,-4.151139564349549,-4.325137416967495,-4.946565193061858,False,,False,,False,,ROC5_PASS
BULL_2017,CAH,yfinance,ROC5_PASS,2017-05-05,2017-05-08,55.96658511379636,GREEN,207.31851196289062,204.2168127441406,192.72253051757812,0.6804296879689309,True,2017-04-20,54.76498210321948,2.1941082867737105,False,,5.174794187367571,-1.5964831202592622,5.174794187367571,-1.5964831202592622,0.41286384573515633,0.5918049891171062,1.2248911613488955,1.7616191671238957,True,9.0,True,17.0,True,18.0,ROC5_PASS
BULL_2017,ADM,yfinance,ROC5_PASS,2017-05-16,2017-05-17,32.101615386845054,GREEN,207.64724731445312,204.5700424194336,193.51549308776856,0.2673132877839768,True,2017-05-15,31.789394911924198,0.9821529342911139,True,1.0,3.770833889346026,-2.6253524069539846,0.4534573264672437,-1.885467714909006,1.55125754067178,-0.19098507909226514,0.26250137414844943,1.0978067370133404,False,,False,,False,,ROC5_PASS
BULL_2017,ADP,yfinance,ROC5_PASS,2017-05-16,2017-05-17,79.88657317374775,GREEN,207.64724731445312,204.5700424194336,193.51549308776856,0.2673132877839768,True,2017-05-10,78.37389713855171,1.9300763269713084,False,,5.834193029232071,-0.9212105951717398,5.834193029232071,-0.9212105951717398,2.3336890450521786,5.783012830453638,3.726531098999164,5.1675829860428735,True,5.0,True,6.0,True,10.0,ROC5_PASS
BULL_2017,BEN,yfinance,ROC5_PASS,2017-05-26,2017-05-30,25.66215296333446,GREEN,209.05702209472656,204.95979125976564,194.39649520874025,1.4267132759452794,True,2017-05-25,25.594205350170473,0.2654804563546831,False,,8.834875396534446,-0.8184823981874589,8.834875396534446,-0.8184823981874589,2.4314064366599997,6.259028441043113,7.1497137669715105,7.029403314596583,True,2.0,True,2.0,True,8.0,ROC5_PASS
BULL_2017,LOW,yfinance,ROC5_PASS,2017-06-02,2017-06-05,67.45704158327219,GREEN,211.1847381591797,205.45555816650392,194.87022956848145,0.9968476164546214,True,2017-05-31,65.64976818411667,2.7529014178495848,True,2.0,1.4953405970909328,-5.5576255290391785,0.09969075520832593,-3.1775881949789864,-1.5202722116315348,1.0342846057803445,-4.4236521920668626,-2.4797451450318087,False,,False,,False,,ROC5_PASS
BULL_2017,BF-B,yfinance,ROC5_PASS,2017-06-28,2017-06-29,32.95090479454442,GREEN,211.62356567382812,208.32648010253905,197.16040031433104,0.22228321280466368,True,2017-06-07,32.49379938626939,1.4067465698338388,True,2.0,3.610734602734289,-3.83520494184586,0.48954638507543446,-1.6524184713339718,-1.7340128829708479,-3.325201558799362,-1.550403057959826,2.060343193133418,False,,False,,False,,ROC5_PASS
BULL_2017,MKC,yfinance,ROC5_PASS,2017-07-12,2017-07-13,40.78432120930575,GREEN,212.0754852294922,209.31486114501953,198.37974266052245,0.5107553164778178,True,2017-06-20,39.59489773498763,3.003981680364576,True,4.0,0.5032233180008561,-7.3217618886847085,0.5032233180008561,-7.3217618886847085,-5.031762493434289,-2.187252019969854,-2.2591231040529514,-2.2386205772036316,False,,False,,False,,ROC5_PASS
BULL_2017,WMT,yfinance,ROC5_PASS,2017-07-13,2017-07-14,22.02474487177991,GREEN,212.43182373046875,209.43321350097656,198.5248299407959,1.6088017211543626,True,2017-07-11,21.17575024846997,4.009277656508448,False,,8.175850532969875,-0.9440468146164172,8.175850532969875,-0.9440468146164172,-0.15736513714479372,4.641397751397625,5.51985346900794,6.078035444979202,True,7.0,True,7.0,True,11.0,ROC5_PASS
BULL_2017,JNJ,yfinance,ROC5_PASS,2017-07-14,2017-07-17,103.67510049839011,GREEN,213.4226531982422,209.57639892578126,198.66917854309082,1.4249665291527158,True,2017-07-07,101.93296367769908,1.709100528264318,False,,3.29288801405061,-2.366073871374519,3.29288801405061,-2.366073871374519,0.2260096196810446,0.007544593497899044,0.11299828788280397,0.5802030435777539,True,2.0,True,3.0,False,,ROC5_PASS
BULL_2017,KO,yfinance,ROC5_PASS,2017-07-14,2017-07-17,33.79917724201852,GREEN,213.4226531982422,209.57639892578126,198.66917854309082,1.4249665291527158,True,2017-07-03,33.41320464501308,1.1551498909071256,False,,3.9632703151904813,-0.7837154346530539,3.9632703151904813,-0.7837154346530539,0.403030105770652,2.642199045569793,2.194367514882223,2.552630482160012,True,7.0,True,8.0,False,,ROC5_PASS
BULL_2017,CL,yfinance,ROC5_PASS,2017-07-17,2017-07-18,58.6204632731037,GREEN,213.3966064453125,209.71422149658204,198.8088166809082,1.303808928932182,True,2017-06-28,57.645446243492565,1.691403385954704,True,18.0,2.7410257901768986,-3.884278784582307,2.7410257901768986,-3.884278784582307,-0.7575629831878539,-1.2396869297334967,-1.2396869297334967,-1.1019242158206932,True,6.0,False,,False,,ROC5_PASS
BULL_2017,PG,yfinance,ROC5_PASS,2017-07-17,2017-07-18,68.28765163957435,GREEN,213.3966064453125,209.71422149658204,198.8088166809082,1.303808928932182,True,2017-07-07,67.27436519535219,1.5061999340755916,False,,6.248819747535017,-0.1712150722907091,6.248819747535017,-0.1712150722907091,2.5446332962896223,4.799331538196583,5.35149569594735,6.064755215897311,True,2.0,True,7.0,True,10.0,ROC5_PASS
BULL_2017,ED,yfinance,ROC5_PASS,2017-07-18,2017-07-19,59.04924724150495,GREEN,213.5095672607422,209.83804260253908,198.9574097442627,1.4327524719976559,True,2017-06-29,58.0127748477276,1.7866278530856317,False,,3.389381517666079,-0.4664353468991078,3.389381517666079,-0.4664353468991078,0.7855607130724307,1.5097487145343536,2.1971135972778555,3.277988415195776,True,11.0,True,14.0,False,,ROC5_PASS
BULL_2017,CLX,yfinance,ROC5_PASS,2017-07-20,2017-07-21,98.87886591455056,GREEN,214.76107788085938,210.1390216064453,199.25498962402344,1.0964713805526438,True,2017-06-29,98.52827413712069,0.3558285989481158,False,,6.019176622517897,-0.15354852072336778,6.019176622517897,-0.15354852072336778,1.9347410200450277,3.2553018933491273,3.1171101222452924,5.742784636818321,True,2.0,True,4.0,True,9.0,ROC5_PASS
BULL_2017,KMB,yfinance,ROC5_PASS,2017-07-25,2017-07-26,90.26067314191998,GREEN,215.03921508789062,210.5974935913086,199.70998420715333,0.716430578157845,True,2017-07-03,88.45677697947217,2.0392967323085154,True,4.0,0.04013408237224514,-3.2506461533733044,0.04013408237224514,-2.913543555956133,-2.5924698061946527,-2.3918214384409,-1.8139325005948947,-1.8620955471641443,False,,False,,False,,ROC5_PASS
BULL_2017,MDT,yfinance,ROC5_PASS,2017-07-26,2017-07-27,67.56260493825134,GREEN,215.04794311523438,210.74170104980467,199.86472801208495,0.17814493841481482,True,2017-07-19,66.65767090285603,1.3575842407007155,True,0.0,0.0,-7.861633442591165,0.0,-1.7819692154910194,-2.9932108440704486,-3.2843949503709946,-2.5506530099734803,-7.710227368839806,False,,False,,False,,ROC5_PASS
BULL_2017,PPG,yfinance,ROC5_PASS,2017-07-27,2017-07-28,88.88261695045456,GREEN,214.84803771972656,210.88571685791015,200.01367790222167,0.040491433422329415,True,2017-07-24,87.66011006111452,1.3945988528736075,True,4.0,0.6594401348870349,-4.963057478151523,0.6594401348870349,-2.1573438385925514,-1.0739581862405645,-4.698140068723755,-3.420846383890541,-1.869218461852462,False,,False,,False,,ROC5_PASS
BULL_2017,ITW,yfinance,ROC5_PASS,2017-08-04,2017-08-07,114.19821852356075,GREEN,215.03054809570312,211.90563507080077,200.98102088928223,0.20247777160113944,True,2017-07-26,112.449164632072,1.555417416582472,True,3.0,0.5858285389342521,-4.665415126254102,0.5858285389342521,-3.0561755283490144,-1.8562693202738623,-4.291333458466995,-3.634928059875142,-3.691394477137877,False,,False,,False,,ROC5_PASS
BULL_2017,PNR,yfinance,ROC5_PASS,2017-08-07,2017-08-08,36.770143674967365,GREEN,215.43032836914062,212.03223510742188,201.14092964172363,0.4457380197057548,True,2017-07-24,36.39487311831539,1.0311082976770303,True,2.0,0.3348813246416782,-5.70881288346402,0.3348813246416782,-2.0092634359601846,-1.0843527015552468,-2.0889721767452407,-2.631150895330314,-1.5468245814864723,False,,False,,False,,ROC5_PASS
BULL_2017,MMM,yfinance,ROC5_PASS,2017-08-30,2017-08-31,127.21849060058594,GREEN,213.8137664794922,212.81670135498047,203.7280075073242,0.5929041311687033,True,2017-08-25,125.35674901317192,1.4851546502840485,True,2.0,5.055794215033238,-1.8647442863849784,0.2887268814464994,-1.8647442863849784,0.6705335038263094,4.419488062872423,3.151897278177307,2.730986228185772,False,,False,,False,,ROC5_PASS
BULL_2017,WMT,yfinance,ROC5_PASS,2017-08-30,2017-08-31,22.840350361498494,GREEN,213.8137664794922,212.81670135498047,203.7280075073242,0.5929041311687033,True,2017-08-28,22.52070556211128,1.4193374115462065,False,,3.206153036297854,-1.106848068794286,3.206153036297854,-1.106848068794286,0.3562561080473259,2.264686137375227,1.183234381663567,-0.5852114327735913,True,3.0,True,11.0,False,,ROC5_PASS
BULL_2017,PEP,yfinance,ROC5_PASS,2017-08-31,2017-09-01,87.98096196502878,GREEN,215.10008239746094,212.89561889648436,203.87637687683105,1.4344870084724848,True,2017-08-25,87.14237328828209,0.9623202181704427,True,8.0,1.655343952358601,-5.564232887278687,1.655343952358601,-1.4560990229460558,0.26864187833419706,-0.33805224919991606,-2.981463733452039,-5.425557513755342,False,,False,,False,,ROC5_PASS
BULL_2017,KO,yfinance,ROC5_PASS,2017-09-01,2017-09-05,34.62410914935903,GREEN,215.40426635742188,212.98253082275392,204.01903327941895,1.3411861729452967,True,2017-08-24,34.245701415382754,1.1049787808004918,True,16.0,2.688534929751518,-2.2226610223727516,2.688534929751518,-2.2226610223727516,2.12020579304506,1.3024128132629764,0.39909129397304177,-0.43809241484856765,True,5.0,False,,False,,ROC5_PASS
BULL_2017,JNJ,yfinance,ROC5_PASS,2017-09-07,2017-09-08,103.77637613650198,GREEN,214.5612335205078,213.19251220703126,204.42874122619628,0.3495878929233198,True,2017-09-01,101.98388160941482,1.757625321570111,True,14.0,2.871177619575871,-2.2348204956256223,2.871177619575871,-2.053042018251261,1.8560692441076831,-0.46211111768581503,-1.5075540507675234,0.9242698829589058,True,5.0,False,,False,,ROC5_PASS
BULL_2017,GD,yfinance,ROC5_PASS,2017-09-11,2017-09-12,163.86931345144393,GREEN,216.5950164794922,213.3828512573242,204.69668182373047,0.5527978355333474,True,2017-09-07,160.434387428862,2.1410160736924366,False,,7.541420308424995,-1.7209413143082997,7.541420308424995,-1.7209413143082997,1.6158971084964113,2.721495845921851,5.322940790625474,6.757917331704011,True,5.0,True,7.0,True,15.0,ROC5_PASS
BULL_2017,ECL,yfinance,ROC5_PASS,2017-09-15,2017-09-18,119.33123142877413,GREEN,217.6524200439453,213.96354248046876,205.26315132141113,1.5600181274926683,True,2017-09-12,117.31449889004003,1.7190820894392722,True,9.0,2.9149362902211706,-2.6096720610760404,0.7172966179146645,-2.6096720610760404,0.33575149088092004,-0.3052120530157354,0.770711360594345,2.594426640993852,False,,False,,False,,ROC5_PASS
BULL_2017,BCR,legacy_fallback,ROC5_PASS,2017-09-28,2017-09-29,319.19,GREEN,218.66558837890625,214.99434997558595,206.49432289123536,0.38491770421797966,True,2017-09-19,317.34,0.5829709459885368,False,,3.483818415363893,-0.05325981390394974,3.483818415363893,-0.05325981390394974,0.880353394529898,1.3126977662207384,3.436824461919241,2.7883079043829584,True,13.0,True,15.0,False,,ROC5_PASS
BULL_2017,BDX,yfinance,ROC5_PASS,2017-09-29,2017-10-02,131.83305537600108,GREEN,219.4342041015625,215.0878125,206.61654914855956,0.7175954637427706,True,2017-09-15,128.23110439378556,2.808952632236772,False,,9.044718530689666,-1.9602619316666292,9.044718530689666,-1.9602619316666292,0.1168183278728474,1.9856786283025674,7.1707688337149245,5.962142874368848,True,9.0,True,11.0,True,12.0,ROC5_PASS
BULL_2017,ED,yfinance,ROC5_PASS,2017-10-04,2017-10-05,59.778903004771784,GREEN,221.11996459960938,215.4525582885742,207.021614151001,1.2437314416473777,True,2017-09-20,58.48522926936776,2.211966596635362,False,,6.1499213379527795,-0.855848976476592,6.1499213379527795,-0.855848976476592,2.1274267279828285,3.7290674225741283,4.536013859829491,6.125472569282175,True,5.0,True,10.0,True,15.0,ROC5_PASS
BULL_2017,MDT,yfinance,ROC5_PASS,2017-10-04,2017-10-05,62.82694384297464,GREEN,221.11996459960938,215.4525582885742,207.021614151001,1.2437314416473777,True,2017-09-22,60.94481759574458,3.088246583515053,True,2.0,2.923018863315474,-3.5907524248476763,0.6173590107260374,-3.5907524248476763,-1.8268714697899147,-1.1213215503667384,1.3481092393680782,-1.8898902010827778,False,,False,,False,,ROC5_PASS
BULL_2017,PEP,yfinance,ROC5_PASS,2017-10-05,2017-10-06,84.00813257067648,GREEN,222.43014526367188,215.60020233154296,207.16267539978028,1.7216046258921924,True,2017-09-21,80.97327305083952,3.7479768391374124,False,,3.140595941736679,-0.8986043345513117,3.140595941736679,-0.8986043345513117,2.2238717059599677,1.307088895090236,0.39035149288686455,0.04539093608459943,True,4.0,True,6.0,False,,ROC5_PASS
BULL_2017,CLX,yfinance,ROC5_PASS,2017-10-11,2017-10-12,99.11417919385114,GREEN,222.74461364746094,216.20532012939452,207.71904235839844,0.7347364815263768,True,2017-10-09,96.76841089091344,2.4241054300065734,True,12.0,1.6984699717868645,-4.330478740839672,1.2944701261704772,-4.330478740839672,-0.3369977641859978,-1.4239424303700732,-0.32918471915832637,0.7501701318560094,False,,False,,False,,ROC5_PASS
BULL_2017,CL,yfinance,ROC5_PASS,2017-11-02,2017-11-03,57.62757052563538,GREEN,224.98928833007812,219.48754913330077,210.0493128967285,0.7706806342835604,True,2017-10-23,56.060625847746095,2.7950895199509773,False,,5.142271505854157,-1.7328920295827666,5.142271505854157,-1.7328920295827666,3.1417282776983857,1.282026332901065,1.436990462351151,4.9872974409332915,True,3.0,True,3.0,True,20.0,ROC5_PASS
BULL_2017,PEP,yfinance,ROC5_PASS,2017-11-02,2017-11-03,83.98526070186959,GREEN,224.98928833007812,219.48754913330077,210.0493128967285,0.7706806342835604,True,2017-11-01,83.52773313397738,0.5477552792655604,True,1.0,8.062508414163227,-0.8988419014025917,0.4630489731765941,-0.8625483147372104,2.3697234579908466,4.1220578121197615,5.184310417709792,7.385976879098344,False,,False,,False,,ROC5_PASS
BULL_2017,ABT,yfinance,ROC5_PASS,2017-11-03,2017-11-06,47.188475811419046,GREEN,225.7404327392578,219.76119506835937,210.20171562194824,0.2871316848258365,True,2017-11-01,45.7298231223777,3.1897186331507177,False,,2.458414912019835,-1.7715352362104975,2.458414912019835,-1.7715352362104975,-0.03619029494721371,-0.054241776474572845,1.2653433498659883,-0.9580850344814928,True,14.0,False,,False,,ROC5_PASS
BULL_2017,CINF,yfinance,ROC5_PASS,2017-11-03,2017-11-06,57.37240027585471,GREEN,225.7404327392578,219.76119506835937,210.20171562194824,0.2871316848258365,True,2017-10-30,55.572093334227496,3.239588134281024,False,,5.9884431561894935,-0.38705943250126884,5.9884431561894935,-0.38705943250126884,1.327079464851888,1.5067822879904158,2.6403189992163068,3.511259665855948,True,1.0,True,7.0,True,17.0,ROC5_PASS
BULL_2017,BEN,yfinance,ROC5_PASS,2017-11-06,2017-11-07,26.61141643914564,GREEN,226.08984375,220.03192138671875,210.35840591430664,0.8179255165149835,True,2017-10-30,26.256096036069426,1.353287261701408,True,0.0,5.176864572960138,-5.7858988833504155,0.3513739299702445,-2.365889796260834,-4.357018955403047,-2.6001153823118406,1.0306781875581539,3.747957013850356,False,,False,,False,,ROC5_PASS
BULL_2017,GD,yfinance,ROC5_PASS,2017-11-06,2017-11-07,166.56461280733512,GREEN,226.08984375,220.03192138671875,210.35840591430664,0.8179255165149835,True,2017-11-01,165.05831871958887,0.912582958212016,True,2.0,2.7078812526580176,-2.302728108901675,0.7856617706072377,-1.8629375118035418,-1.0624284878720358,-1.1217360434960355,0.8894258574282166,-1.0673478819668847,False,,False,,False,,ROC5_PASS
BULL_2017,XOM,yfinance,ROC5_PASS,2017-11-22,2017-11-24,55.37034740396857,GREEN,226.88467407226562,222.6368621826172,212.0931802368164,1.2946458740715983,True,2017-11-16,54.398101624314435,1.7872788766944314,False,,3.47493297307524,-0.5156919563501283,3.47493297307524,-0.5156919563501283,2.480375764664422,1.4980336546442041,1.9523497430896652,3.106596727531996,True,4.0,True,5.0,False,,ROC5_PASS
BULL_2017,JNJ,yfinance,ROC5_PASS,2017-11-27,2017-11-28,109.39518725375056,GREEN,227.295166015625,223.03069549560547,212.37694137573243,0.9191040349780355,True,2017-11-16,107.39285290623587,1.8644949764607954,False,,3.9768516665992237,-0.03615549577327126,3.9768516665992237,-0.03615549577327126,0.9905887657568169,3.10922674834484,2.5162697836738968,1.6413754586281248,True,4.0,True,10.0,False,,ROC5_PASS
BULL_2017,ADP,yfinance,ROC5_PASS,2017-11-28,2017-11-29,91.87551535304559,GREEN,229.60104370117188,223.26041046142578,212.52268333435057,1.7692556376026847,True,2017-11-17,90.52805914118639,1.4884404069214874,False,,8.010067446898429,-0.28792486645814463,8.010067446898429,-0.28792486645814463,4.3008904195972475,5.865989128820592,6.625943146209101,6.128347483921037,True,0.0,True,0.0,True,3.0,ROC5_PASS
BULL_2017,ABT,yfinance,ROC5_PASS,2017-12-12,2017-12-13,47.48701525414623,GREEN,233.0162353515625,225.78639709472657,213.92282760620117,1.3640211089528176,True,2017-12-06,46.335457406696875,2.4852627165021124,False,,7.0594680134500765,-1.8681455667909352,7.0594680134500765,-1.8681455667909352,2.425002386987418,3.2153988592664495,5.9637440852496,6.199741600927844,True,4.0,True,9.0,True,12.0,ROC5_PASS
BULL_2017,FRT,yfinance,ROC5_PASS,2017-12-13,2017-12-14,92.85293158312655,GREEN,232.99005126953125,226.0290393066406,214.0553305053711,1.3334140324799515,True,2017-12-07,91.3488811281223,1.6464902869414821,True,5.0,2.822740969505655,-6.524755916863267,2.1596797601750595,-1.6958270591121538,-1.6578019296535795,1.7577500302460303,-0.46419475271819444,-6.486444052371776,True,2.0,False,,False,,ROC5_PASS
BULL_2017,BDX,yfinance,ROC5_PASS,2017-12-15,2017-12-18,148.89347367172252,GREEN,233.97024536132812,226.47820037841797,214.33283462524415,0.889720738937605,True,2017-12-06,145.70236157940934,2.1901581125532976,True,7.0,4.836855327587619,-3.465255639338216,0.5684909532069904,-3.361481770025976,-2.0800689758913915,-0.740024171636533,1.321990779566562,4.733079133009754,False,,False,,False,,ROC5_PASS
BULL_2017,GD,yfinance,ROC5_PASS,2017-12-19,2017-12-20,164.67979859324075,GREEN,234.54962158203125,226.9985336303711,214.63884063720704,0.6580598249539493,True,2017-12-12,161.06649018617983,2.243364465745934,False,,5.832631144132239,-0.28992197248273177,5.832631144132239,-0.28992197248273177,1.8892060619399187,2.309054917662512,5.252861417105725,4.479200578778797,True,6.0,True,10.0,True,15.0,ROC5_PASS
BULL_2017,SWK,yfinance,ROC5_PASS,2017-12-19,2017-12-20,132.892417327653,GREEN,234.54962158203125,226.9985336303711,214.63884063720704,0.6580598249539493,True,2017-12-14,129.32380428188583,2.7594402017347752,False,,4.237485595141477,-1.4223407488558881,4.237485595141477,-1.4223407488558881,0.34819969196271394,0.6728434983052756,2.348902976958289,3.417136566937762,True,11.0,True,12.0,False,,ROC5_PASS
BULL_2017,PNR,yfinance,ROC5_PASS,2017-12-20,2017-12-21,41.27594622486128,GREEN,234.4267120361328,227.23916473388672,214.79239181518554,0.6166189323421278,True,2017-12-18,40.38031408173816,2.217992017868342,False,,6.838010361435187,-1.284779903338673,6.838010361435187,-1.284779903338673,0.8137189140594803,3.626003610858164,5.0107416313735165,4.453979574069966,True,6.0,True,8.0,True,12.0,ROC5_PASS
BULL_2017,AFL,yfinance,ROC5_PASS,2017-12-27,2017-12-28,36.10318213101269,GREEN,234.6812744140625,228.20286834716796,215.40008918762206,0.056130055185454886,True,2017-12-26,35.783168817581085,0.8943123932455332,True,10.0,4.238626238201415,-4.886384397209486,4.238626238201415,-4.886384397209486,1.965890228741518,-3.47728750207954,-0.3523220322670606,1.7613622879557145,True,4.0,True,7.0,False,,ROC5_PASS
BULL_2017,ECL,yfinance,ROC5_PASS,2017-12-28,2017-12-29,123.32932957709814,GREEN,235.16415405273438,228.44339935302733,215.54703674316406,0.31457252042501604,True,2017-12-22,121.67624831049667,1.3585899380979205,False,,4.050968884429573,-1.1996896148873337,4.050968884429573,-1.1996896148873337,1.2368007607813425,1.473781572000643,2.021785779003382,1.8885474812055048,True,9.0,True,13.0,False,,ROC5_PASS
BULL_2017,MHFI,yfinance,ROC5_PASS,2017-12-28,2017-12-29,149.4549241913296,GREEN,235.16415405273438,228.44339935302733,215.54703674316406,0.31457252042501604,True,2017-12-27,147.2690595119822,1.4842660682365283,False,,8.86345567337845,-1.350967159131733,8.86345567337845,-1.350967159131733,4.070486970445297,3.2775767726896943,7.447851728926724,5.926586799730371,True,3.0,True,4.0,True,12.0,ROC5_PASS
BULL_2017,MMM,yfinance,ROC5_PASS,2017-12-28,2017-12-29,147.98550421357626,GREEN,235.16415405273438,228.44339935302733,215.54703674316406,0.31457252042501604,True,2017-12-21,146.60873439080635,0.9390776262346856,False,,9.848602320417443,-1.5519378241863446,9.848602320417443,-1.5519378241863446,1.3996566828093027,3.492893303544453,4.156777511527565,6.368363819139211,True,6.0,True,9.0,True,11.0,ROC5_PASS
CHOP_2015_2016,CINF,legacy,ROC5_PASS,2015-01-08,2015-01-09,47.955,GREEN,194.74,192.6182,183.88665,0.17489711934155494,True,2015-01-07,46.18,3.8436552620181974,False,,0.5526013971431487,-4.1247002398081545,0.5526013971431487,-4.1247002398081545,-1.2595141278281652,0.14597018037743048,-1.8517360025023466,-1.5097487227609174,False,,False,,False,,ROC5_PASS
CHOP_2015_2016,BEN,legacy,ROC5_PASS,2015-01-21,2015-01-22,50.002,GREEN,192.07,192.96939999999998,184.5657,0.5023285019098767,True,2015-01-13,48.06,4.040782355389094,False,,3.6938522459101453,-3.6198552057917777,3.6938522459101453,-3.6198552057917777,0.22999080036798514,1.751929922803086,2.1899124035038575,3.1018759249629824,True,0.0,True,0.0,False,,ROC5_PASS
CHOP_2015_2016,GPC,legacy,ROC5_PASS,2015-01-21,2015-01-22,90.918,GREEN,192.07,192.96939999999998,184.5657,0.5023285019098767,True,2015-01-12,87.104,4.378673769287289,True,6.0,0.8029213137112468,-6.513561670956259,0.8029213137112468,-5.50716029829077,-2.869618777359828,-2.332871378604906,-1.476055346576055,-1.9963043621725185,False,,False,,False,,ROC5_PASS
CHOP_2015_2016,GWW,legacy,ROC5_PASS,2015-01-21,2015-01-22,229.07,GREEN,192.07,192.96939999999998,184.5657,0.5023285019098767,True,2015-01-13,219.55,4.33614210885902,True,2.0,0.9953289387523379,-6.60060243593662,0.9953289387523379,-4.775832714890649,-3.7936002095429355,-1.680708953594967,-4.020605055223281,-2.4533985244685086,False,,False,,False,,ROC5_PASS
CHOP_2015_2016,SWK,legacy,ROC5_PASS,2015-01-21,2015-01-22,88.074,GREEN,192.07,192.96939999999998,184.5657,0.5023285019098767,True,2015-01-15,85.584,2.9094223219293225,False,,6.623975293503204,-3.1382700910597805,6.623975293503204,-3.1382700910597805,2.764720575879376,3.398278720167136,4.6052183391239065,6.387810250471193,True,5.0,True,5.0,True,16.0,ROC5_PASS
CHOP_2015_2016,TROW,legacy,ROC5_PASS,2015-01-21,2015-01-22,73.674,GREEN,192.07,192.96939999999998,184.5657,0.5023285019098767,True,2015-01-14,71.323,3.2962718898532195,True,5.0,4.168363330347202,-4.70586638434185,4.168363330347202,-4.70586638434185,-3.2033010288568753,-0.07601053288814885,0.5700789966609499,2.101148301978961,True,0.0,True,2.0,False,,ROC5_PASS
CHOP_2015_2016,ADM,legacy,ROC5_PASS,2015-01-23,2015-01-26,44.088,GREEN,193.85,193.0828,184.78850000000003,2.991180533418336,True,2015-01-07,43.063,2.3802336112207723,True,7.0,2.96679368535655,-3.79241516966069,2.5607875158773385,-3.79241516966069,1.0320268553801526,-0.6237524950099771,0.7915986209399373,2.6492469606242075,True,1.0,False,,False,,ROC5_PASS
CHOP_2015_2016,JNJ,legacy,ROC5_PASS,2015-02-03,2015-02-04,94.595,GREEN,193.72,192.94359999999998,185.47064999999998,1.0379179053877863,True,2015-01-30,92.049,2.765918152288438,True,6.0,1.9546487657910117,-4.8734076853956365,0.42496960727311794,-4.8734076853956365,-1.7125640890110483,-1.397536867699145,1.3753369628416001,1.0920238913261882,False,,False,,False,,ROC5_PASS
CHOP_2015_2016,KMB,legacy,ROC5_PASS,2015-02-04,2015-02-05,101.22,GREEN,192.98,192.9366,185.56425000000002,1.9655500369861523,True,2015-01-27,98.876,2.370646061733872,False,,1.5807152736613261,-2.433313574392404,1.5807152736613261,-2.433313574392404,0.06915629322268302,0.7804781663702798,-0.4149377593360981,-2.1981821774352817,False,,False,,False,,ROC5_PASS
CHOP_2015_2016,KO,legacy,ROC5_PASS,2015-02-04,2015-02-05,38.218,GREEN,192.98,192.9366,185.56425000000002,1.9655500369861523,True,2015-01-29,37.393,2.2062952959110094,False,,4.448165785755398,-1.8237479721597172,4.448165785755398,-1.8237479721597172,0.8817834528232593,0.40556805693650055,3.592548014024799,-0.6724580040818551,True,3.0,True,15.0,False,,ROC5_PASS
CHOP_2015_2016,ABBV,legacy,ROC5_PASS,2015-02-12,2015-02-13,51.965,GREEN,197.57,193.01460000000003,186.18615000000003,1.3595321157398033,True,2015-02-06,49.998,3.934157366294655,False,,7.932262099490051,-4.479938420090446,7.932262099490051,-4.479938420090446,5.61339363032809,5.422880785143835,-3.157894736842115,3.086692966419702,True,1.0,True,2.0,True,4.0,ROC5_PASS
CHOP_2015_2016,HCP,legacy,ROC5_PASS,2015-02-18,2015-02-19,37.291,GREEN,198.74,193.2202,186.53465,1.620903001482854,True,2015-02-04,35.588,4.785320894683598,True,11.0,0.46123729586229345,-8.404172588560243,0.46123729586229345,-7.712316644766826,-4.043871175350611,-3.668445469416204,-7.371751897240609,-5.282776004934164,False,,False,,False,,ROC5_PASS
CHOP_2015_2016,ED,legacy,ROC5_PASS,2015-02-20,2015-02-23,58.371,GREEN,199.77,193.38819999999998,186.7785,1.1135293819912073,True,2015-02-06,56.793,2.7785114362685492,True,5.0,2.9620873378903845,-7.1628034469171435,2.9620873378903845,-4.043103595963748,-3.558273800346068,-5.740864470370555,-3.717599492898871,-4.010553185657262,True,1.0,False,,False,,ROC5_PASS
CHOP_2015_2016,ADP,legacy,ROC5_PASS,2015-03-13,2015-03-16,81.564,GREEN,196.77,194.76760000000002,188.41044999999997,0.26496815286625175,True,2015-03-06,79.794,2.21821189563125,True,8.0,1.7336079642979785,-3.0172625177774526,1.7336079642979785,-3.0172625177774526,0.9133931636506443,-0.7270364376440464,-0.7687214947771026,-1.0396743661419294,False,,False,,False,,ROC5_PASS
CHOP_2015_2016,ITW,legacy,ROC5_PASS,2015-03-13,2015-03-16,92.268,GREEN,196.77,194.76760000000002,188.41044999999997,0.26496815286625175,True,2015-03-10,90.61,1.829820108155844,False,,2.28356526639788,-2.1741015303247013,2.28356526639788,-2.1741015303247013,-0.009754194303546182,0.48554211644340484,0.5386482854293995,2.1285819569081266,True,2.0,False,,False,,ROC5_PASS
CHOP_2015_2016,KMB,legacy,ROC5_PASS,2015-03-13,2015-03-16,98.213,GREEN,196.77,194.76760000000002,188.41044999999997,0.26496815286625175,True,2015-03-06,96.074,2.226408809875724,False,,3.9577245374848635,-1.2981988127844457,3.9577245374848635,-1.2981988127844457,2.8377098754747365,1.6667854561005058,0.9275757791738393,1.585329844317962,True,4.0,True,5.0,False,,ROC5_PASS
CHOP_2015_2016,PEP,legacy,ROC5_PASS,2015-03-13,2015-03-16,88.014,GREEN,196.77,194.76760000000002,188.41044999999997,0.26496815286625175,True,2015-03-05,86.983,1.1852890794752824,False,,2.749562569591202,-2.454155020792148,2.749562569591202,-2.454155020792148,1.3656918217556324,2.0746699388733747,1.745176903674417,2.0417206353534834,True,6.0,False,,False,,ROC5_PASS
CHOP_2015_2016,PPG,legacy,ROC5_PASS,2015-03-13,2015-03-16,109.71,GREEN,196.77,194.76760000000002,188.41044999999997,0.26496815286625175,True,2015-03-10,107.92,1.658636026686433,True,7.0,1.5039649986327674,-3.7918147844316796,1.5039649986327674,-2.807401330781145,-0.9935283930361805,-1.8503326952875598,-1.6771488469601525,-0.3190228784978544,False,,False,,False,,ROC5_PASS
CHOP_2015_2016,SHW,legacy,ROC5_PASS,2015-03-13,2015-03-16,278.14,GREEN,196.77,194.76760000000002,188.41044999999997,0.26496815286625175,True,2015-03-11,273.37,1.7448878808940194,True,8.0,2.3369526137916097,-3.4982382972603587,1.459696555691381,-3.4982382972603587,0.704681095851023,-0.5572733155964626,0.6147983030128756,1.5280074782483721,False,,False,,False,,ROC5_PASS
CHOP_2015_2016,SWK,legacy,ROC5_PASS,2015-03-13,2015-03-16,90.658,GREEN,196.77,194.76760000000002,188.41044999999997,0.26496815286625175,True,2015-03-10,90.37,0.3186898306960284,True,1.0,2.1299830130821373,-2.03843014405789,0.2603190010809886,-2.03843014405789,0.8074301219969549,1.0390699110944368,0.9850206269716999,0.7434534183414554,False,,False,,False,,ROC5_PASS
CHOP_2015_2016,SYY,legacy,ROC5_PASS,2015-03-13,2015-03-16,35.865,GREEN,196.77,194.76760000000002,188.41044999999997,0.26496815286625175,True,2015-03-10,35.419,1.2592111578531462,True,3.0,0.5437055625261422,-3.3514568520842225,0.12547051442910462,-1.7565872020075313,-0.07528230865746499,-1.1097169942841267,-1.0818346577443294,-1.5279520423811532,False,,False,,False,,ROC5_PASS
CHOP_2015_2016,WMT,legacy,ROC5_PASS,2015-03-13,2015-03-16,76.851,GREEN,196.77,194.76760000000002,188.41044999999997,0.26496815286625175,True,2015-03-04,75.071,2.371088702694779,True,15.0,1.7579471965231352,-3.359748083954661,1.7579471965231352,-2.7898140557702678,1.0461802709138546,0.09498900469742111,-2.365616582738028,-2.7898140557702678,False,,False,,False,,ROC5_PASS
CHOP_2015_2016,BCR,legacy,ROC5_PASS,2015-03-16,2015-03-17,165.64,GREEN,197.24,194.82440000000003,188.50050000000002,0.10150223304914441,True,2015-03-10,162.17,2.1397299130542002,False,,3.278193673025842,-2.2337599613619807,3.278193673025842,-2.2337599613619807,0.549384206713377,-0.11470659261048066,0.821057715527651,1.0685824680028988,True,2.0,True,3.0,False,,ROC5_PASS
CHOP_2015_2016,CL,legacy,ROC5_PASS,2015-03-16,2015-03-17,64.471,GREEN,197.24,194.82440000000003,188.50050000000002,0.10150223304914441,True,2015-03-10,63.665,1.2660017277939195,False,,3.0664950132617497,-2.43520342479564,3.0664950132617497,-2.43520342479564,1.1121279334894707,1.152456143072067,1.9714290145957047,1.9435094848846868,True,4.0,True,5.0,False,,ROC5_PASS
CHOP_2015_2016,MDT,legacy,ROC5_PASS,2015-03-16,2015-03-17,73.147,GREEN,197.24,194.82440000000003,188.50050000000002,0.10150223304914441,True,2015-03-10,71.615,2.1392166445577177,False,,2.686371279751709,-1.7061533624072145,2.686371279751709,-1.7061533624072145,1.6774440510205268,1.1333342447400252,-0.9433059455616899,1.029433879721653,True,5.0,False,,False,,ROC5_PASS
CHOP_2015_2016,PG,legacy,ROC5_PASS,2015-03-16,2015-03-17,76.322,GREEN,197.24,194.82440000000003,188.50050000000002,0.10150223304914441,True,2015-03-06,73.987,3.1559598307810965,False,,2.0976913602893,-2.29029637588114,2.0976913602893,-2.29029637588114,0.6708419590681691,-1.703309661696495,-0.7088388669060031,0.17950263357877638,True,4.0,False,,False,,ROC5_PASS
CHOP_2015_2016,APD,legacy,ROC5_PASS,2015-03-18,2015-03-19,142.83,GREEN,199.03,195.0374,188.68285,2.9217085531078713,True,2015-03-17,139.67,2.262475835898914,False,,1.0572008681649425,-3.136595953231125,1.0572008681649425,-3.136595953231125,-1.680319260659524,-1.2392354547364093,-0.6581250437583286,-2.0023804522859456,False,,False,,False,,ROC5_PASS
CHOP_2015_2016,BDX,legacy,ROC5_PASS,2015-03-18,2015-03-19,139.03,GREEN,199.03,195.0374,188.68285,2.9217085531078713,True,2015-03-11,134.55,3.3296172426607207,False,,2.1434222829604943,-3.474070344529967,2.1434222829604943,-3.474070344529967,-1.136445371502559,-2.4886715097460987,-1.136445371502559,-2.2872761274545073,True,3.0,False,,False,,ROC5_PASS
CHOP_2015_2016,HRL,legacy,ROC5_PASS,2015-03-18,2015-03-19,26.674,GREEN,199.03,195.0374,188.68285,2.9217085531078713,True,2015-03-17,26.075,2.297219558964536,False,,4.701207168028798,-0.6410737047311987,4.701207168028798,-0.6410737047311987,1.199670090725058,2.5530479118242466,3.5202819224713133,1.0872010197195747,True,2.0,True,10.0,False,,ROC5_PASS
CHOP_2015_2016,KO,legacy,ROC5_PASS,2015-03-18,2015-03-19,37.317,GREEN,199.03,195.0374,188.68285,2.9217085531078713,True,2015-03-09,36.515,2.1963576612351154,False,,2.797652544416751,-1.3318326767960964,2.797652544416751,-1.3318326767960964,-0.32156925797892644,0.4957526060508588,0.9861457244687566,-0.44483747353751824,True,11.0,False,,False,,ROC5_PASS
CHOP_2015_2016,MKC,legacy,ROC5_PASS,2015-03-18,2015-03-19,68.736,GREEN,199.03,195.0374,188.68285,2.9217085531078713,True,2015-03-17,67.388,2.0003561464949193,False,,9.222241620111738,-0.7739757914339118,9.222241620111738,-0.7739757914339118,6.1016061452513926,6.668994413407803,7.9041550279329575,6.129248137802601,True,3.0,True,3.0,True,3.0,ROC5_PASS
CHOP_2015_2016,VFC,legacy,ROC5_PASS,2015-03-18,2015-03-19,69.432,GREEN,199.03,195.0374,188.68285,2.9217085531078713,True,2015-03-10,67.863,2.3120109632642327,False,,3.478223297614913,-1.2040557667934104,3.478223297614913,-1.2040557667934104,-0.040327226639025326,2.124380689019456,2.2597649498790284,-0.23044129508007494,True,2.0,True,2.0,False,,ROC5_PASS
CHOP_2015_2016,CTAS,legacy,ROC5_PASS,2015-04-09,2015-04-10,79.025,GREEN,198.45,196.63160000000005,189.8438,1.566098572086605,True,2015-03-26,77.876,1.4754224664851767,True,14.0,0.9528630180322573,-2.8598544764315115,0.9528630180322573,-2.8598544764315115,-0.574501739955724,0.34039860803543043,-0.7099019297690745,0.6833280607402514,False,,False,,False,,ROC5_PASS
CHOP_2015_2016,LEG,legacy,ROC5_PASS,2015-04-15,2015-04-16,41.909,GREEN,199.9,197.3752,190.17075,1.1844502935816958,True,2015-04-14,41.51,0.9612141652613815,True,0.0,5.428428261232665,-5.807821708940796,0.08590040325466841,-1.3815648190126262,-1.8945811162280113,-5.521487031425232,2.956405545348262,5.270944188599125,False,,False,,False,,ROC5_PASS
CHOP_2015_2016,LOW,legacy,ROC5_PASS,2015-04-22,2015-04-23,69.765,GREEN,200.09,197.90239999999997,190.53650000000002,0.09504752376188197,True,2015-04-21,69.393,0.5360771259348862,True,2.0,1.3430803411452752,-7.333189994983158,1.3029456030961173,-1.58962230344728,-5.607396258869068,-0.9044649896079671,-0.9460331111588838,-5.798036264602602,False,,False,,False,,ROC5_PASS
CHOP_2015_2016,CLX,legacy,ROC5_PASS,2015-04-23,2015-04-24,102.33,GREEN,200.59,198.00279999999998,190.62095000000002,0.3753002401921446,True,2015-04-20,101.61,0.7085916740478204,True,3.0,1.8274210886348063,-3.3235610280465178,0.44952604319359324,-1.983777973223888,-2.6189778168669964,-1.319261213720313,0.14658457930225577,0.6742890647903899,False,,False,,False,,ROC5_PASS
CHOP_2015_2016,WMT,legacy,ROC5_PASS,2015-04-23,2015-04-24,73.989,GREEN,200.59,198.00279999999998,190.62095000000002,0.3753002401921446,True,2015-04-06,72.282,2.3615837967958964,True,17.0,1.952993012474824,-4.2114368352052285,1.952993012474824,-3.3626620173269006,-0.9812269391396011,-0.44601224506345405,0.45141845409450987,-3.8316506507724224,False,,False,,False,,ROC5_PASS
CHOP_2015_2016,CINF,legacy,ROC5_PASS,2015-04-24,2015-04-27,48.714,GREEN,201.06,198.1102,190.70355,1.7870703184326375,True,2015-04-21,47.697,2.1322095729291,True,2.0,0.0,-4.696801740772671,0.0,-4.413515621792497,-2.8225971999835786,-3.1243585006363594,-2.9396066839101787,-4.3355092991747775,False,,False,,False,,ROC5_PASS
CHOP_2015_2016,SHW,legacy,ROC5_PASS,2015-04-27,2015-04-28,274.7,GREEN,200.22,198.1632,190.78564999999998,0.4464957607986708,True,2015-04-21,272.21,0.9147349472833577,True,1.0,4.503094284674192,-2.9377502730251193,0.2730251183108878,-1.8128867855842556,-2.6137604659628666,2.2715689843465725,3.840553330906449,2.8758645795413207,False,,False,,False,,ROC5_PASS
CHOP_2015_2016,ITW,legacy,ROC5_PASS,2015-04-28,2015-04-29,89.363,GREEN,200.86,198.21239999999997,190.8696,0.8789111546381401,True,2015-04-21,88.578,0.8862245704351013,False,,3.8282063046227277,-1.1011268645860106,3.8282063046227277,-1.1011268645860106,0.5416111813614011,1.5285968465696076,2.4697022257533785,1.2622673813547092,True,4.0,True,11.0,False,,ROC5_PASS
CHOP_2015_2016,BCR,legacy,ROC5_PASS,2015-05-04,2015-05-05,168.39,GREEN,200.75,198.27560000000003,191.1736,0.2647088202976766,True,2015-04-29,163.29,3.1232776042623422,False,,2.6248589583704574,-2.232911693093409,2.6248589583704574,-2.232911693093409,-1.7340697191044474,2.185402933665892,1.0986400617613912,0.8789120494091307,True,8.0,False,,False,,ROC5_PASS
CHOP_2015_2016,BF-B,legacy,ROC5_PASS,2015-05-04,2015-05-05,44.37,GREEN,200.75,198.27560000000003,191.1736,0.2647088202976766,True,2015-04-27,43.41,2.2114720110573582,False,,5.677259409510937,-1.9900833896776993,5.677259409510937,-1.9900833896776993,0.4034257381113404,3.7885958981293877,2.2560288483209456,5.65472165877845,True,4.0,True,8.0,True,20.0,ROC5_PASS
CHOP_2015_2016,HRL,legacy,ROC5_PASS,2015-05-04,2015-05-05,26.8,GREEN,200.75,198.27560000000003,191.1736,0.2647088202976766,True,2015-04-23,25.91,3.4349671941335425,False,,5.977611940298511,-2.2500000000000075,5.977611940298511,-2.2500000000000075,-0.4477611940298498,-0.3955223880597103,4.32835820895523,1.5932835820895441,True,11.0,True,11.0,True,11.0,ROC5_PASS
CHOP_2015_2016,MKC,legacy,ROC5_PASS,2015-05-04,2015-05-05,72.794,GREEN,200.75,198.27560000000003,191.1736,0.2647088202976766,True,2015-04-23,71.653,1.5923966896012498,False,,4.525098222380963,-1.4671538863093136,4.525098222380963,-1.4671538863093136,1.5234772096601512,4.324532241668266,3.3052174629777165,2.2172157045910357,True,6.0,True,7.0,False,,ROC5_PASS
CHOP_2015_2016,TGT,legacy,ROC5_PASS,2015-05-04,2015-05-05,73.5,GREEN,200.75,198.27560000000003,191.1736,0.2647088202976766,True,2015-04-30,72.003,2.0790800383317265,True,7.0,1.687074829931956,-4.447619047619056,1.687074829931956,-4.447619047619056,0.9863945578231226,-1.9768707482993197,1.0176870748299427,1.068027210884348,False,,False,,False,,ROC5_PASS
CHOP_2015_2016,CAH,legacy,ROC5_PASS,2015-05-08,2015-05-11,81.978,GREEN,201.03,198.18359999999996,191.44459999999998,0.42963481041116136,True,2015-05-01,79.612,2.9719137818419394,False,,3.5106979921442294,-0.945375588572539,3.5106979921442294,-0.945375588572539,1.4564883261362738,1.153968137793071,1.665080875356817,1.2369172216936342,True,4.0,True,12.0,False,,ROC5_PASS
CHOP_2015_2016,MDT,legacy,ROC5_PASS,2015-05-08,2015-05-11,72.095,GREEN,201.03,198.18359999999996,191.44459999999998,0.42963481041116136,True,2015-05-07,70.275,2.589825684809677,False,,4.043276232748472,-1.8891740065191676,4.043276232748472,-1.8891740065191676,1.9238504750676233,0.7393023094528051,1.148484638324443,-1.4300575629378032,True,5.0,True,6.0,False,,ROC5_PASS
CHOP_2015_2016,WBA,legacy,ROC5_PASS,2015-05-08,2015-05-11,80.955,GREEN,201.03,198.18359999999996,191.44459999999998,0.42963481041116136,True,2015-04-24,78.481,3.152355347154101,False,,2.8077326910011635,-2.214810697300962,2.8077326910011635,-2.214810697300962,1.4452473596442417,0.8856772280896763,1.8084120807856152,-0.7411524921252521,True,8.0,False,,False,,ROC5_PASS
CHOP_2015_2016,BDX,legacy,ROC5_PASS,2015-05-15,2015-05-18,135.69,GREEN,201.8,198.28760000000003,191.8315,0.38302740884446074,True,2015-05-13,132.57,2.35347363656937,False,,1.1496794163166069,-2.181442995062277,1.1496794163166069,-2.181442995062277,-0.7738226840592666,-0.6116884073992024,-2.011938978554051,-1.0686122779865803,False,,False,,False,,ROC5_PASS
CHOP_2015_2016,ADP,legacy,ROC5_PASS,2015-06-11,2015-06-12,79.793,GREEN,201.04,199.8118,193.45935,0.7163969740994869,True,2015-06-04,78.115,2.1481149587147197,True,11.0,1.5678066998358053,-5.5042422267617575,1.5678066998358053,-3.913877157144119,0.31707041971100747,-0.9888085421026926,-3.9351822841602657,-2.866166205055587,False,,False,,False,,ROC5_PASS
CHOP_2015_2016,APD,legacy,ROC5_PASS,2015-06-11,2015-06-12,136.73,GREEN,201.04,199.8118,193.45935,0.7163969740994869,True,2015-06-08,134.17,1.9080271297607476,True,9.0,0.8922694361149786,-9.171359613837481,0.8922694361149786,-2.8742777737146064,-0.8410736487968862,-2.94741461274044,-6.501864989395145,-6.223945001097042,False,,False,,False,,ROC5_PASS
CHOP_2015_2016,MDT,legacy,ROC5_PASS,2015-06-11,2015-06-12,71.974,GREEN,201.04,199.8118,193.45935,0.7163969740994869,True,2015-06-05,70.949,1.444699713878994,True,11.0,2.2285825436963336,-4.366854697529665,2.2285825436963336,-2.9885792091588814,1.094839803262282,-0.4459943868619143,-2.6064967905076952,-0.43348987134242956,True,6.0,False,,False,,ROC5_PASS
CHOP_2015_2016,MKC,legacy,ROC5_PASS,2015-06-11,2015-06-12,73.358,GREEN,201.04,199.8118,193.45935,0.7163969740994869,True,2015-06-04,72.653,0.9703659862634773,False,,7.138962349028044,-0.8710706398756929,7.138962349028044,-0.8710706398756929,3.045339294964422,5.932549960467837,3.2375473704299385,5.340930777829267,True,3.0,True,4.0,True,8.0,ROC5_PASS
CHOP_2015_2016,MMM,legacy,ROC5_PASS,2015-06-11,2015-06-12,150.87,GREEN,201.04,199.8118,193.45935,0.7163969740994869,True,2015-06-05,147.48,2.298616761594796,True,1.0,0.6097965135547057,-4.507191621926165,0.05302578378736378,-2.8302512096507026,-0.5965400676078758,-1.7697355339033716,-3.015841452906487,-2.134287797441503,False,,False,,False,,ROC5_PASS
CHOP_2015_2016,PEP,legacy,ROC5_PASS,2015-06-11,2015-06-12,88.102,GREEN,201.04,199.8118,193.45935,0.7163969740994869,True,2015-06-04,86.938,1.3388851825438808,True,1.0,3.7558738734648545,-1.5118839526912065,0.11463984926562976,-1.5118839526912065,0.9568454745635613,1.0079226351274562,0.4687748291752669,3.466436630269465,False,,False,,False,,ROC5_PASS
CHOP_2015_2016,SHW,legacy,ROC5_PASS,2015-06-11,2015-06-12,275.05,GREEN,201.04,199.8118,193.45935,0.7163969740994869,True,2015-06-04,270.08,1.840195497630348,True,11.0,1.5160879840029118,-2.4868205780767205,1.5160879840029118,-2.0396291583348547,-0.003635702599524837,0.38174877295038545,-0.7235048173059422,0.0290856207962209,False,,False,,False,,ROC5_PASS
CHOP_2015_2016,TROW,legacy,ROC5_PASS,2015-06-12,2015-06-15,72.591,GREEN,199.49,199.89379999999997,193.51915,0.11542708019673942,True,2015-06-03,72.522,0.09514354264910097,True,10.0,3.0017495281784212,-2.5994958052651174,3.0017495281784212,-0.30582303591353277,1.858357096609775,-0.20663718642806028,-0.5400118471986848,0.5937375156700009,True,2.0,True,3.0,False,,ROC5_PASS
CHOP_2015_2016,MCD,legacy,ROC5_PASS,2015-06-18,2015-06-19,90.194,GREEN,202.12,200.145,193.7694,0.537206526064482,True,2015-06-01,87.976,2.5211421296717385,False,,3.360533960130385,-1.9180876776725753,3.360533960130385,-1.9180876776725753,0.9346519724150237,-0.767235071069039,2.116548772645621,1.141982836995803,True,15.0,True,17.0,False,,ROC5_PASS
CHOP_2015_2016,ADP,legacy,ROC5_PASS,2015-07-10,2015-07-13,77.752,GREEN,198.06,199.87740000000002,194.61294999999998,0.08590631158724715,True,2015-07-08,75.846,2.5129868417582912,True,9.0,1.2809959872414955,-4.426895771169869,1.2809959872414955,-2.829509208766323,0.2199300339541299,-2.7677744623932465,-2.2944747401996035,-0.4758720032925101,False,,False,,False,,ROC5_PASS
CHOP_2015_2016,MDT,legacy,ROC5_PASS,2015-07-10,2015-07-13,71.29,GREEN,198.06,199.87740000000002,194.61294999999998,0.08590631158724715,True,2015-07-01,68.831,3.5725181967427577,False,,5.52251367653247,0.0,5.52251367653247,0.0,2.9681582269603046,1.1768831533174318,4.307757048674432,3.795763781736561,True,3.0,True,3.0,True,14.0,ROC5_PASS
CHOP_2015_2016,MHFI,legacy,ROC5_PASS,2015-07-10,2015-07-13,101.05,GREEN,198.06,199.87740000000002,194.61294999999998,0.08590631158724715,True,2015-07-08,97.107,4.060469379138465,True,10.0,3.3646709549727927,-6.382978723404253,3.3646709549727927,-5.231073725878277,1.7615042058386932,-4.259277585353782,-2.6887679366650152,-0.6333498268184079,True,7.0,True,8.0,False,,ROC5_PASS
CHOP_2015_2016,AFL,legacy,ROC5_PASS,2015-07-13,2015-07-14,58.106,GREEN,200.24,199.9216,194.67574999999997,1.4849728853073785,True,2015-07-08,57.025,1.8956597983340595,False,,5.899562867862174,-0.5042508518913746,5.899562867862174,-0.5042508518913746,0.7004440161084924,1.562661343062688,4.171686228616656,4.677658073176594,True,11.0,True,11.0,True,11.0,ROC5_PASS
CHOP_2015_2016,CAH,legacy,ROC5_PASS,2015-07-13,2015-07-14,81.562,GREEN,200.24,199.9216,194.67574999999997,1.4849728853073785,True,2015-06-26,79.212,2.9667222138059834,True,9.0,1.8758735685735939,-6.661190260170169,1.8758735685735939,-4.234815232583788,0.4977808293077812,-2.4263750275863805,-0.01226061155928937,0.14957946102351904,False,,False,,False,,ROC5_PASS
CHOP_2015_2016,CTAS,legacy,ROC5_PASS,2015-07-13,2015-07-14,83.137,GREEN,200.24,199.9216,194.67574999999997,1.4849728853073785,True,2015-07-08,80.695,3.0262098023421613,False,,3.0311413690655042,-3.1117312387986096,3.0311413690655042,-3.1117312387986096,-1.0669136485560005,-1.4975281763835668,0.9754982739333729,2.1025536163200576,True,16.0,True,19.0,False,,ROC5_PASS
CHOP_2015_2016,ECL,legacy,ROC5_PASS,2015-07-13,2015-07-14,110.6,GREEN,200.24,199.9216,194.67574999999997,1.4849728853073785,True,2015-07-01,107.49,2.893292399292946,True,8.0,3.60759493670888,-5.180831826401433,1.6365280289331041,-3.9511754068715987,-0.9222423146473702,0.14466546112117395,1.5099457504520908,2.0343580470162825,False,,False,,False,,ROC5_PASS
CHOP_2015_2016,PPG,legacy,ROC5_PASS,2015-07-13,2015-07-14,112.14,GREEN,200.24,199.9216,194.67574999999997,1.4849728853073785,True,2015-07-08,108.4,3.4501845018450217,True,2.0,1.5070447654717212,-12.783128232566431,1.5070447654717212,-4.2803638309256264,-7.1339397182093816,-8.230782949884075,-8.560727661851253,-10.085607276618514,False,,False,,False,,ROC5_PASS
CHOP_2015_2016,APD,legacy,ROC5_PASS,2015-07-14,2015-07-15,128.67,GREEN,201.11,199.94039999999998,194.75799999999998,1.2791458931359356,True,2015-06-26,124.19,3.6073757951525787,True,7.0,8.447967669231371,-6.264086422631532,1.0569674360767944,-5.510219942488526,-3.054325017486592,-2.090619414004802,7.647470272790868,6.124193673739042,False,,False,,False,,ROC5_PASS
CHOP_2015_2016,T,legacy,ROC5_PASS,2015-07-14,2015-07-15,31.363,GREEN,201.11,199.94039999999998,194.75799999999998,1.2791458931359356,True,2015-07-10,30.727,2.0698408565756443,True,5.0,0.39537034084748957,-4.70299397379077,0.39537034084748957,-3.080062494021618,-2.3690335745942592,-1.1701686700889558,-1.5145234830851617,-3.080062494021618,False,,False,,False,,ROC5_PASS
CHOP_2015_2016,ADM,legacy,ROC5_PASS,2015-07-16,2015-07-17,44.607,GREEN,202.66,200.03040000000001,194.91694999999999,3.620002045198878,True,2015-06-29,43.7,2.0755148741418594,True,15.0,3.770708633174169,-4.840047526173019,3.770708633174169,-2.936758804671913,-1.06933889299885,-0.5851099603201404,-2.6811935346470195,-1.0469208868563173,True,12.0,True,12.0,False,,ROC5_PASS
CHOP_2015_2016,ABT,legacy,ROC5_PASS,2015-08-28,2015-08-31,43.506,YELLOW,190.23,198.0284,196.94965,0.8321848828580558,True,2015-08-21,40.085,8.534364475489586,True,16.0,1.5721969383533319,-15.046200524065645,1.5721969383533319,-8.626396359122879,-4.075299958626399,-4.5740817358525305,-7.4702339907139255,-13.961292695260418,False,,False,,False,,ROC5_PASS
CHOP_2015_2016,KMB,legacy,ROC5_PASS,2015-08-28,2015-08-31,99.88,YELLOW,190.23,198.0284,196.94965,0.8321848828580558,True,2015-08-21,96.344,3.6701818483766413,False,,3.7244693632358716,-3.217861433720459,3.7244693632358716,-3.217861433720459,-0.02002402883459764,-0.35042050460551977,1.7420905086103389,1.6419703644373174,True,12.0,True,18.0,False,,ROC5_PASS
CHOP_2015_2016,SHW,legacy,ROC5_PASS,2015-08-28,2015-08-31,251.12,YELLOW,190.23,198.0284,196.94965,0.8321848828580558,True,2015-08-24,242.97,3.354323579042684,True,13.0,3.1777636189869396,-15.012742911755339,3.1777636189869396,-4.233035998725709,1.8636508442179123,-2.4012424338961447,-7.629818413507483,-14.75390251672508,True,6.0,True,6.0,False,,ROC5_PASS
CHOP_2015_2016,AFL,legacy,ROC5_PASS,2015-12-16,2015-12-17,59.165,GREEN,199.61,197.9514,196.89735000000002,1.3145873515379103,True,2015-12-07,56.556,4.6131268123629665,True,1.0,0.016901884560116542,-9.446463280655792,0.016901884560116542,-5.543818135722134,-2.4795064649708376,-4.100397194287164,-7.501056367785008,-8.459393222344291,False,,False,,False,,ROC5_PASS
CHOP_2015_2016,ADP,legacy,ROC5_PASS,2016-05-10,2016-05-11,85.207,GREEN,202.24,198.6044,193.7545,1.1149442527873754,True,2016-05-06,83.178,2.4393469427011816,True,2.0,0.34034762402150864,-4.343539850012313,0.34034762402150864,-2.7779407795134103,-2.9375520790545395,-0.7593272853169242,-0.11266679967607551,-0.02464586242912903,False,,False,,False,,ROC5_PASS
CHOP_2015_2016,TROW,legacy,ROC5_PASS,2016-05-10,2016-05-11,72.136,GREEN,202.24,198.6044,193.7545,1.1149442527873754,True,2016-05-04,70.464,2.372842870118075,False,,2.9846401242098253,-3.1939669513141866,2.9846401242098253,-3.1939669513141866,-1.3529998890983719,2.531329710546748,1.97682155927692,-1.429244759897963,True,10.0,False,,False,,ROC5_PASS
CHOP_2015_2016,EMR,legacy,ROC5_PASS,2016-05-12,2016-05-13,50.56,GREEN,200.42,198.95239999999998,193.77235000000002,0.7743362831858391,True,2016-05-05,49.783,1.56077375811019,True,0.0,2.4841772151898756,-6.164952531645573,0.3579905063290978,-2.051028481012651,-3.945806962025322,-1.0067246835443022,1.420094936708849,-2.08465189873418,False,,False,,False,,ROC5_PASS
CHOP_2015_2016,NUE,legacy,ROC5_PASS,2016-05-12,2016-05-13,45.348,GREEN,200.42,198.95239999999998,193.77235000000002,0.7743362831858391,True,2016-05-11,45.289,0.13027445958178063,True,0.0,9.960747993296293,-4.147922730881182,0.6549351680338766,-0.8842727352915136,-1.5855164505601205,2.3462997265590646,6.64196877480816,5.7069771544500325,False,,False,,False,,ROC5_PASS
CHOP_2015_2016,BEN,legacy,ROC5_PASS,2016-05-20,2016-05-23,34.408,GREEN,199.36,199.7106,193.72395,0.3473096088991934,True,2016-05-02,33.757,1.9284889060046995,True,12.0,6.17007672634271,-9.169379214136253,6.17007672634271,-3.6183445710300077,5.356312485468484,0.0,-7.16693792141363,-4.629737270402245,True,1.0,True,1.0,True,2.0,ROC5_PASS
CHOP_2015_2016,APD,legacy,ROC5_PASS,2016-05-24,2016-05-25,137.64,GREEN,201.66,199.90240000000003,193.74070000000003,1.4590460857315302,True,2016-05-04,134.44,2.3802439750074234,False,,2.3249055507120087,-1.809067131647768,2.3249055507120087,-1.809067131647768,-0.23249055507119643,1.9253124091833884,0.35600116245277924,1.5111886079628212,True,9.0,False,,False,,ROC5_PASS
CHOP_2015_2016,GWW,legacy,ROC5_PASS,2016-05-24,2016-05-25,218.08,GREEN,201.66,199.90240000000003,193.74070000000003,1.4590460857315302,True,2016-05-16,211.44,3.1403707907680767,True,12.0,2.191856199559794,-4.365370506236244,2.191856199559794,-4.365370506236244,1.5269625825385047,0.3943506969919186,-2.1505869405722744,-0.13297872340426453,True,9.0,False,,False,,ROC5_PASS
CHOP_2015_2016,KO,legacy,ROC5_PASS,2016-05-26,2016-05-27,42.567,GREEN,203.11,200.19740000000002,193.7706,2.518675550171623,True,2016-05-19,41.835,1.7497310864108995,False,,2.9318486151243883,-2.3774285244438143,2.9318486151243883,-2.3774285244438143,1.4800197335964604,1.6938003617825936,1.3766532760119299,-1.3273192848920479,True,7.0,False,,False,,ROC5_PASS
CHOP_2015_2016,PEP,legacy,ROC5_PASS,2016-05-27,2016-05-31,97.883,GREEN,203.94,200.32600000000002,193.79319999999998,2.2973515248795984,True,2016-05-19,95.831,2.1412695265623727,False,,3.266144274286642,-1.2913376173595004,3.266144274286642,-1.2913376173595004,1.0931418121635117,1.8358652677175957,2.6531675571856317,0.7468099670014272,True,7.0,True,14.0,False,,ROC5_PASS
CHOP_2015_2016,SYY,legacy,ROC5_PASS,2016-06-03,2016-06-06,47.181,GREEN,204.01,200.8008,193.87169999999998,0.44310964501992345,True,2016-05-24,46.314,1.872004145614703,False,,5.93035332019245,-1.6150569085013,5.93035332019245,-1.6150569085013,-1.1614844958775628,1.9393399885547113,1.4497361225917382,5.148258833004826,True,9.0,True,17.0,True,20.0,ROC5_PASS
CHOP_2015_2016,MCD,legacy,ROC5_PASS,2016-06-08,2016-06-09,117.88,GREEN,206.04,201.265,194.04285,1.0000000000000009,True,2016-05-19,116.2,1.4457831325301207,True,11.0,1.6372582287071724,-4.920257889379032,1.6372582287071724,-3.104852392263313,0.3223617237869014,-0.7041058703766478,-1.4251781472684022,-0.6277570410586963,False,,False,,False,,ROC5_PASS
CHOP_2015_2016,MHFI,legacy,ROC5_PASS,2016-06-20,2016-06-21,106.06,GREEN,202.72,201.798,194.72979999999998,0.2373417721518889,True,2016-06-14,103.9,2.078922040423481,True,3.0,9.315481802753144,-7.886102206298329,2.7908730907033608,-3.780878747878569,-5.619460682632482,-0.8014331510465822,5.789175938148228,8.79690741089949,True,2.0,False,,False,,ROC5_PASS
CHOP_2015_2016,TROW,legacy,ROC5_PASS,2016-06-20,2016-06-21,69.766,GREEN,202.72,201.798,194.72979999999998,0.2373417721518889,True,2016-06-10,67.685,3.074536455640109,True,3.0,3.715276782386834,-7.027778574090537,1.5193647335378202,-5.978556890175735,-4.21122036522088,-0.647880056187844,2.043975575495205,2.2661468337012103,False,,False,,False,,ROC5_PASS
CHOP_2015_2016,ABBV,legacy,ROC5_PASS,2016-06-23,2016-06-24,56.158,GREEN,205.59,202.0444,194.99415000000002,1.6966759002770226,True,2016-06-20,56.623,-0.8212210585804236,True,1.0,11.054524733786808,-1.5705687524484424,2.2614765483101262,-1.5705687524484424,5.821076249154178,8.591830193382943,8.198297660173083,9.489298051924933,True,0.0,False,,False,,ROC5_PASS
CHOP_2015_2016,GPC,legacy,ROC5_PASS,2016-07-26,2016-07-27,97.609,GREEN,211.39,204.42340000000002,197.14755000000002,0.26086131663820566,True,2016-07-21,94.953,2.797173338388448,False,,3.4330850638772947,-2.1176325953549346,3.4330850638772947,-2.1176325953549346,-0.4354106690981352,0.03893083629584737,1.2980360417584658,3.2281859254781997,True,16.0,True,20.0,False,,ROC5_PASS
CHOP_2015_2016,GWW,legacy,ROC5_PASS,2016-07-26,2016-07-27,211.81,GREEN,211.39,204.42340000000002,197.14755000000002,0.26086131663820566,True,2016-07-21,207.01,2.318728563837502,False,,6.468060998064296,-2.0962183088617192,6.468060998064296,-2.0962183088617192,-1.1047637033190116,0.5807091261035735,5.651291251593404,5.726830650110948,True,8.0,True,11.0,True,11.0,ROC5_PASS
CHOP_2015_2016,MKC,legacy,ROC5_PASS,2016-08-01,2016-08-02,99.69,GREEN,211.57,205.41459999999998,197.52755000000002,0.13251928628899012,True,2016-07-25,98.632,1.0726741828209763,True,1.0,0.7924566155080859,-2.060387200321001,0.19059083157788592,-2.0503561039221574,-1.1866787039823357,-1.7062894974420595,0.3109639883639215,-0.7122078443173807,False,,False,,False,,ROC5_PASS
CHOP_2015_2016,XOM,legacy,ROC5_PASS,2016-08-05,2016-08-08,83.365,GREEN,212.79,206.24940000000004,197.8561,0.49589118730517523,True,2016-07-27,81.026,2.8867277170290917,False,,1.8724884543873443,-1.4826365980927125,1.8724884543873443,-1.4826365980927125,0.5781802914892387,0.7845018892820965,0.6129670725124603,1.4490493612427269,False,,False,,False,,ROC5_PASS
CHOP_2015_2016,PPG,legacy,ROC5_PASS,2016-08-08,2016-08-09,102.29,GREEN,212.66,206.4404,197.95100000000002,0.5151959162452258,True,2016-08-01,100.46,1.8216205454907541,False,,3.4607488513050955,-1.3979861179000963,3.4607488513050955,-1.3979861179000963,-0.6843288689021398,1.9943298465147974,2.815524489197374,2.277837520774262,True,10.0,True,13.0,False,,ROC5_PASS
CHOP_2015_2016,ADP,legacy,ROC5_PASS,2016-08-09,2016-08-10,87.421,GREEN,212.79,206.61739999999998,198.03024999999997,1.222528779373988,True,2016-08-01,85.108,2.717723363256108,False,,1.1782066093958932,-1.2674300225346324,1.1782066093958932,-1.2674300225346324,-0.6668878187163441,-0.275677468800406,-0.13269122979604475,0.08007229384243697,False,,False,,False,,ROC5_PASS
CHOP_2015_2016,BCR,legacy,ROC5_PASS,2016-08-09,2016-08-10,221.56,GREEN,212.79,206.61739999999998,198.03024999999997,1.222528779373988,True,2016-08-02,218.08,1.5957446808510634,True,4.0,0.798880664379853,-3.7190828669434906,0.798880664379853,-1.6564361798158567,-1.918216284527896,-3.3399530601191607,-0.7176385629174997,-1.6474092796533668,False,,False,,False,,ROC5_PASS
CHOP_2015_2016,KMB,legacy,ROC5_PASS,2016-08-10,2016-08-11,125.88,GREEN,212.26,206.791,198.09599999999998,0.6782715932267536,True,2016-07-21,123.67,1.787013827120565,True,3.0,0.07944073721004585,-5.338417540514772,0.07944073721004585,-2.4785510009532774,-2.5341595170003117,-1.803304734667932,-2.017794725135047,-5.298697171909761,False,,False,,False,,ROC5_PASS
CHOP_2015_2016,ED,legacy,ROC5_PASS,2016-08-11,2016-08-12,75.311,GREEN,213.24,206.9758,198.16905,1.0328816450298595,True,2016-08-05,74.034,1.7248831617905358,True,1.0,0.3678081555151147,-6.5727450173281525,0.3678081555151147,-2.5241996521092713,-1.9983800507230143,-4.217179429299844,-3.215997663024006,-4.6261502303780455,False,,False,,False,,ROC5_PASS
CHOP_2015_2016,KO,legacy,ROC5_PASS,2016-08-12,2016-08-15,42.308,GREEN,213.06,207.14419999999998,198.24315,0.12688566192020634,True,2016-07-28,41.465,2.0330399131797794,True,18.0,0.524723456556675,-4.148151649806186,0.524723456556675,-4.148151649806186,-0.8130849957454833,-1.2668998770918094,-0.6996312754089073,-3.3397938924080495,False,,False,,False,,ROC5_PASS
CHOP_2015_2016,MCD,legacy,ROC5_PASS,2016-08-12,2016-08-15,114.93,GREEN,213.06,207.14419999999998,198.24315,0.12688566192020634,True,2016-07-28,113.09,1.627022725263072,True,2.0,0.9658052727747224,-4.246062820847484,0.1914208648742699,-2.105629513616991,-3.0192290959714763,-3.027930044374838,-0.7221787174802152,-2.853911076307314,False,,False,,False,,ROC5_PASS
CHOP_2015_2016,SHW,legacy,ROC5_PASS,2016-08-23,2016-08-24,286.62,GREEN,213.54,208.3482,198.6645,0.45632027096955685,True,2016-08-17,282.2,1.566265060240979,True,5.0,0.25120368432069995,-6.245202707417475,0.25120368432069995,-2.198032237806158,-2.096852976065866,-2.222454818226227,-4.497243737352585,-3.506384760309822,False,,False,,False,,ROC5_PASS
CHOP_2015_2016,CAH,legacy,ROC5_PASS,2016-09-02,2016-09-06,77.581,GREEN,212.97,209.9032,199.23095,0.5002123543013548,True,2016-08-18,76.415,1.5258784270103964,True,5.0,1.88963792681196,-6.9411324937806995,1.88963792681196,-2.914373364612477,-2.33820136373597,-5.002513502017248,-2.2750415694564374,-4.793699488276781,False,,False,,False,,ROC5_PASS
CHOP_2015_2016,NUE,legacy,ROC5_PASS,2016-09-02,2016-09-06,47.497,GREEN,212.97,209.9032,199.23095,0.5002123543013548,True,2016-08-11,46.583,1.9620891741622515,True,3.0,2.513842979556613,-8.773185674884731,1.7306356190917471,-4.665557824704725,-6.311977598585172,-6.0066951596942975,-0.0989536181232431,-2.3075141587889703,False,,False,,False,,ROC5_PASS
CHOP_2015_2016,T,legacy,ROC5_PASS,2016-09-06,2016-09-07,38.821,GREEN,213.6,210.213,199.2975,0.3005259203606281,True,2016-08-18,38.153,1.7508452808429276,True,2.0,1.0638571906957717,-4.744854589011094,0.3142628989464491,-3.827825146183761,-3.322943767548492,-1.671775585379054,-0.9968831302645476,-3.9360140130341836,False,,False,,False,,ROC5_PASS
CHOP_2015_2016,ABBV,legacy,ROC5_PASS,2016-09-07,2016-09-08,61.145,GREEN,213.58,210.5912,199.36485000000002,0.45623441982973745,True,2016-08-25,60.705,0.7248167366773917,True,1.0,2.140812821980531,-2.675607163300353,0.29601766293236853,-1.4081282198053824,-0.9534712568484816,1.7499386703736963,-1.784283261100661,-1.767928694087828,False,,False,,False,,ROC5_PASS
CHOP_2015_2016,VFC,legacy,ROC5_PASS,2016-09-08,2016-09-09,57.88,GREEN,213.11,210.88980000000004,199.4262,0.5235849056603792,True,2016-09-01,56.827,1.8529924155771038,True,0.0,1.7605390463026893,-9.181064270905326,0.06910850034553828,-2.045611610228071,-5.834485141672429,-4.509329647546645,-6.019350380096755,-8.51762266758811,False,,False,,False,,ROC5_PASS
CHOP_2015_2016,ABT,legacy,ROC5_PASS,2016-09-16,2016-09-19,40.816,GREEN,209.14,211.5166,199.66674999999998,0.5432431133118643,True,2016-09-01,39.304,3.846936698554848,False,,4.145433163465317,-3.258526068208556,4.145433163465317,-3.258526068208556,-0.8477067816542672,1.2225597804782273,3.481477851822823,-2.829772638181105,True,13.0,True,15.0,False,,ROC5_PASS
CHOP_2015_2016,BF-B,legacy,ROC5_PASS,2016-09-20,2016-09-21,45.879,GREEN,209.19,211.57299999999998,199.7718,0.5914598961338724,True,2016-09-02,44.47,3.1684281538115533,True,18.0,2.726737723141315,-3.8579742365788205,2.726737723141315,-3.8579742365788205,1.3709976241853772,0.0,-1.3775365635693815,-3.051505045881553,True,1.0,False,,False,,ROC5_PASS
CHOP_2015_2016,DOV,legacy,ROC5_PASS,2016-09-20,2016-09-21,67.785,GREEN,209.19,211.57299999999998,199.7718,0.5914598961338724,True,2016-09-13,65.605,3.3229174605593936,True,13.0,7.168252563251465,-5.005532197388806,7.168252563251465,-4.096776572988126,3.0862285166334713,6.274249465220927,-2.9446042634801106,0.1283469794202352,True,1.0,True,1.0,True,7.0,ROC5_PASS
CHOP_2015_2016,GPC,legacy,ROC5_PASS,2016-09-20,2016-09-21,96.018,GREEN,209.19,211.57299999999998,199.7718,0.5914598961338724,True,2016-09-08,93.183,3.0424004378480918,True,20.0,3.027557333000064,-8.393217938303232,3.027557333000064,-8.393217938303232,1.8808973317502975,0.030202670332646342,-0.7988085567289471,-6.836218209085809,True,1.0,True,1.0,False,,ROC5_PASS
CHOP_2015_2016,HCP,legacy,ROC5_PASS,2016-09-20,2016-09-21,35.338,GREEN,209.19,211.57299999999998,199.7718,0.5914598961338724,True,2016-09-13,34.419,2.6700368982248257,True,10.0,5.498330409191232,-5.57756522723415,5.498330409191232,-4.168317392042553,4.547512592676428,-3.506140698398341,-4.09474220385988,-2.07708415869603,True,1.0,True,1.0,True,2.0,ROC5_PASS
CHOP_2015_2016,AFL,legacy,ROC5_PASS,2016-09-21,2016-09-22,71.99,GREEN,211.54,211.6112,199.82379999999998,1.7606311333461688,True,2016-09-15,69.655,3.35223602038619,True,13.0,0.3528267814974395,-5.468815113210168,0.3528267814974395,-4.017224614529791,-2.8920683428253824,-2.1975274343658757,-4.179747187109317,-5.332685095152101,False,,False,,False,,ROC5_PASS
CHOP_2015_2016,APD,legacy,ROC5_PASS,2016-09-21,2016-09-22,144.57,GREEN,211.54,211.6112,199.82379999999998,1.7606311333461688,True,2016-09-13,139.51,3.62698014479248,True,7.0,1.7431002282631392,-12.429964722971576,1.7431002282631392,-6.979317977450372,0.8300477277443541,-7.622604966452229,-10.832122847063708,-9.407207581102572,False,,False,,False,,ROC5_PASS
CHOP_2015_2016,CINF,legacy,ROC5_PASS,2016-09-21,2016-09-22,73.97,GREEN,211.54,211.6112,199.82379999999998,1.7606311333461688,True,2016-09-15,72.034,2.6876197351250797,True,8.0,0.8422333378396818,-4.042179261862911,0.7232661889955416,-3.5811815600919283,-1.8575098012707736,-2.3158037042044,-0.7489522779505209,-3.97593619034744,False,,False,,False,,ROC5_PASS
CHOP_2015_2016,KMB,legacy,ROC5_PASS,2016-09-21,2016-09-22,121.54,GREEN,211.54,211.6112,199.82379999999998,1.7606311333461688,True,2016-09-12,117.52,3.4206943498978903,True,16.0,1.6537765344742494,-5.076518018759257,1.6537765344742494,-3.8834951456310773,-0.10696067138391552,-1.6949152542372947,-2.97844331084417,-4.936646371564912,False,,False,,False,,ROC5_PASS
CHOP_2015_2016,KO,legacy,ROC5_PASS,2016-09-21,2016-09-22,41.309,GREEN,211.54,211.6112,199.82379999999998,1.7606311333461688,True,2016-09-16,40.589,1.773879622557839,True,8.0,0.704446972814643,-3.0647074487399784,0.704446972814643,-2.173860417826612,-1.5880316638020697,-2.3408942361228813,-2.21985523735746,-1.8252681013822603,False,,False,,False,,ROC5_PASS
CHOP_2015_2016,PNR,legacy,ROC5_PASS,2016-09-21,2016-09-22,59.835,GREEN,211.54,211.6112,199.82379999999998,1.7606311333461688,True,2016-09-08,56.652,5.618513026901084,False,,5.3363416060833835,-5.595387315116573,5.3363416060833835,-5.595387315116573,2.4082894626890727,0.16211247597559542,-4.326898972173476,-4.6444388735689905,True,0.0,True,4.0,True,6.0,ROC5_PASS
CHOP_2015_2016,PPG,legacy,ROC5_PASS,2016-09-21,2016-09-22,101.46,GREEN,211.54,211.6112,199.82379999999998,1.7606311333461688,True,2016-09-13,97.805,3.737027759316991,True,11.0,0.6899270648531575,-12.750837768578748,0.6899270648531575,-10.625862408831054,-1.399566331559221,-1.271437019515076,-11.003351074314994,-10.480977725211904,False,,False,,False,,ROC5_PASS
CHOP_2015_2016,SHW,legacy,ROC5_PASS,2016-09-21,2016-09-22,276.3,GREEN,211.54,211.6112,199.82379999999998,1.7606311333461688,True,2016-09-09,268.72,2.820779994045841,True,8.0,1.6395222584147495,-6.4314151284835415,1.6395222584147495,-2.9895041621425977,-0.7347086500181121,-1.889250814332255,-3.53963083604778,-1.25950054288817,False,,False,,False,,ROC5_PASS
CHOP_2015_2016,CTAS,legacy,ROC5_PASS,2016-09-22,2016-09-23,112.28,GREEN,212.88,211.67680000000001,199.88865,1.395570373898547,True,2016-09-13,109.91,2.1563097079428717,True,4.0,3.411115069469184,-7.926612041325265,3.411115069469184,-3.3843961524759547,-2.0662629141432243,-3.9276807980049844,-4.978624866405424,-7.418952618453867,True,3.0,True,3.0,False,,ROC5_PASS
CHOP_2015_2016,CVX,legacy,ROC5_PASS,2016-09-22,2016-09-23,95.482,GREEN,212.88,211.67680000000001,199.88865,1.395570373898547,True,2016-09-15,93.738,1.860504811282504,False,,5.1088163214009,-1.559456232588341,5.1088163214009,-1.559456232588341,3.5964893906704987,2.953436249764363,1.7542573469345069,1.9783833602144973,True,3.0,True,5.0,True,11.0,ROC5_PASS
CHOP_2015_2016,ECL,legacy,ROC5_PASS,2016-09-22,2016-09-23,117.52,GREEN,212.88,211.67680000000001,199.88865,1.395570373898547,True,2016-09-13,115.19,2.0227450299505234,True,16.0,2.6718856364874144,-3.2590197413206234,2.6718856364874144,-2.408100748808717,2.3825731790333426,0.11061946902655162,-1.7869298842750125,-2.612321307011567,True,3.0,False,,False,,ROC5_PASS
CHOP_2015_2016,MKC,legacy,ROC5_PASS,2016-09-22,2016-09-23,94.836,GREEN,212.88,211.67680000000001,199.88865,1.395570373898547,True,2016-09-16,92.854,2.1345337842203937,True,12.0,3.8086802480070903,-3.964739128600958,3.8086802480070903,-2.8997427137373966,2.872326964443883,-1.1736049601417164,-2.331393141844873,-3.2624741659285417,True,5.0,True,5.0,False,,ROC5_PASS
CHOP_2015_2016,LEG,legacy,ROC5_PASS,2016-09-23,2016-09-26,46.941,GREEN,211.7,211.69539999999998,199.95425,1.2240604379841313,True,2016-09-13,47.037,-0.2040946488934159,True,0.0,0.6412304808163238,-7.496644724228297,0.0745616838158547,-1.5743166954261811,-5.9436313670352074,-4.948765471549388,-5.487739928846846,-6.748897552246436,False,,False,,False,,ROC5_PASS
CHOP_2015_2016,SYY,legacy,ROC5_PASS,2016-09-23,2016-09-26,47.749,GREEN,211.7,211.69539999999998,199.95425,1.2240604379841313,True,2016-09-13,47.207,1.1481348105153888,True,6.0,0.6282854091185008,-3.4953611593960154,0.48796833441537846,-2.525707344656436,-0.7288110745774734,-1.5351106829462502,-1.4345850174872776,-2.4942930742005154,False,,False,,False,,ROC5_PASS
CHOP_2015_2016,DOV,legacy,ROC5_PASS,2016-10-18,2016-10-19,66.485,GREEN,209.47,211.3858,201.11519999999996,0.12906309751434808,True,2016-10-12,64.392,3.250403776866695,True,12.0,6.204407009099788,-3.677521245393689,4.203955779499147,-3.677521245393689,0.8528239452508135,-2.501316086335259,3.307512972851012,3.924193427088807,True,0.0,True,0.0,False,,ROC5_PASS
CHOP_2015_2016,ED,legacy,ROC5_PASS,2016-10-18,2016-10-19,70.68,GREEN,209.47,211.3858,201.11519999999996,0.12906309751434808,True,2016-10-04,68.832,2.6847977684797852,True,16.0,3.7733446519524483,-5.830503678551224,3.7733446519524483,-5.830503678551224,0.8474816072439051,0.7625919637803902,-1.3653084323712594,-3.754951895868719,True,8.0,True,8.0,False,,ROC5_PASS
CHOP_2015_2016,ABBV,legacy,ROC5_PASS,2016-10-19,2016-10-20,59.286,GREEN,210.03,211.3306,201.19350000000003,0.2673413854012541,True,2016-10-12,57.752,2.656185067183814,True,6.0,5.85973079647808,-10.395371588570669,0.8652970347130751,-10.395371588570669,0.016867388590902088,-9.04598050129879,4.151064332220078,0.40819080389973283,False,,False,,False,,ROC5_PASS
CHOP_2015_2016,MDT,legacy,ROC5_PASS,2016-10-19,2016-10-20,81.808,GREEN,210.03,211.3306,201.19350000000003,0.2673413854012541,True,2016-10-14,80.576,1.5289912629070868,True,4.0,1.7088793272051594,-8.689859182476056,1.172256991981202,-3.5314394680227013,-3.025376491296705,-2.461861920594577,-1.124584392724426,-2.2247212986505116,False,,False,,False,,ROC5_PASS
CHOP_2015_2016,APD,legacy,ROC5_PASS,2016-10-20,2016-10-21,129.97,GREEN,209.64,211.2782,201.28215,0.40710762009674717,True,2016-10-05,126.6,2.6619273301737856,False,,5.839809186735412,-3.2622912979918373,5.839809186735412,-3.2622912979918373,0.34623374624913605,0.015388166499974432,3.885512041240302,3.4546433792413733,True,1.0,True,12.0,True,14.0,ROC5_PASS
CHOP_2015_2016,EMR,legacy,ROC5_PASS,2016-10-24,2016-10-25,48.568,GREEN,210.63,211.15960000000004,201.52129999999997,1.176866173503699,True,2016-10-12,47.61,2.0121823146397766,False,,12.946796244440794,-1.6512930324493524,12.946796244440794,-1.6512930324493524,1.573052215450499,3.2140504035578887,12.162329105583925,9.285949596442112,True,5.0,True,5.0,True,11.0,ROC5_PASS
CHOP_2015_2016,ABT,legacy,ROC5_PASS,2016-11-07,2016-11-08,38.715,GREEN,208.93,210.08539999999996,202.7637,0.28800460807372197,True,2016-10-13,37.424,3.449657973492948,True,10.0,4.81725429420119,-5.656722200697417,4.81725429420119,-4.569288389513126,0.4778509621593541,-3.840888544491805,-3.913211933359162,-2.8774376856515627,True,1.0,True,1.0,False,,ROC5_PASS
CHOP_2015_2016,XOM,legacy,ROC5_PASS,2016-11-07,2016-11-08,81.624,GREEN,208.93,210.08539999999996,202.7637,0.28800460807372197,True,2016-11-01,79.027,3.286218634137694,False,,4.44844653533274,-1.2643340194060548,4.44844653533274,-1.2643340194060548,2.4649612858963055,2.2995687542879617,3.0321964128197765,3.9412427717337994,True,1.0,True,2.0,False,,ROC5_PASS
CHOP_2015_2016,ECL,legacy,ROC5_PASS,2016-11-08,2016-11-09,110.52,GREEN,209.87,210.02360000000002,202.89520000000002,1.4698061209688973,True,2016-10-13,109.37,1.0514766389320584,False,,7.111834961997832,-0.6695620702135363,7.111834961997832,-0.6695620702135363,2.651103872602256,4.460731089395598,5.9717698154180265,6.985161056822298,True,0.0,True,0.0,True,10.0,ROC5_PASS
CHOP_2015_2016,CINF,legacy,ROC5_PASS,2016-11-09,2016-11-10,68.877,GREEN,212.09,210.01319999999998,203.04775,3.1666504523786276,True,2016-10-24,66.335,3.83206452099194,False,,11.092236886043239,-0.3716770474904596,11.092236886043239,-0.3716770474904596,4.666289182165317,8.426615561072648,8.709728937090766,10.591343990011183,True,2.0,True,5.0,True,6.0,ROC5_PASS
CHOP_2015_2016,PEP,legacy,ROC5_PASS,2016-11-22,2016-11-23,99.69,GREEN,216.21,210.43599999999998,204.42965,1.0563215704604056,True,2016-11-14,97.666,2.0723690946695905,True,5.0,4.674490921857766,-3.2179757247467133,0.7021767479185481,-3.2179757247467133,-2.697361821647104,0.37115056675696145,3.4607282575985554,3.5108837395927406,False,,False,,False,,ROC5_PASS
CHOP_2015_2016,PG,legacy,ROC5_PASS,2016-11-25,2016-11-28,80.61,GREEN,217.14,210.74880000000002,204.8204,1.155315382465294,True,2016-11-18,79.232,1.7391962843295694,False,,3.1385684158293126,-2.3471033370549454,3.1385684158293126,-2.3471033370549454,-0.1687135591117661,2.405408758218597,1.8992680808832763,1.767770748046149,True,10.0,True,12.0,False,,ROC5_PASS
CHOP_2015_2016,JNJ,legacy,ROC5_PASS,2016-12-07,2016-12-08,108.4,GREEN,220.14,211.71599999999998,206.08505000000002,1.9119485209018183,True,2016-11-21,107.2,1.1194029850746245,False,,6.11623616236161,-0.5535055350553542,6.11623616236161,-0.5535055350553542,4.843173431734327,4.428044280442811,4.225092250922513,5.193726937269361,True,2.0,True,2.0,True,4.0,ROC5_PASS
CHOP_2015_2016,AFL,legacy,ROC5_PASS,2016-12-08,2016-12-09,67.593,GREEN,220.69,211.88279999999997,206.2448,2.541585354520959,True,2016-12-02,66.974,0.9242392570251168,False,,2.936694628141967,-1.8611394671046,2.936694628141967,-1.8611394671046,0.9172547453138558,1.992809906351245,1.439498172887732,0.9453641649283195,True,3.0,False,,False,,ROC5_PASS
CHOP_2015_2016,MHFI,legacy,ROC5_PASS,2016-12-13,2016-12-14,115.31,GREEN,223.26,212.54460000000003,206.74785,2.7380240209838425,True,2016-11-23,111.6,3.324372759856642,True,4.0,0.6417483305870997,-7.848408637585635,0.6417483305870997,-3.91986818142398,-3.980574104587631,-6.63429017431273,-1.4916312548781563,-3.356170323475849,False,,False,,False,,ROC5_PASS
CHOP_2015_2016,NUE,legacy,ROC5_PASS,2016-12-21,2016-12-22,60.305,GREEN,222.6,213.9176,207.63715,0.5374644325008004,True,2016-12-20,58.991,2.2274584258615615,True,5.0,1.7709974297321907,-4.0494154713539565,1.6880855650443616,-3.449133571014007,-3.236879197413145,-3.041207196749862,-2.2303291601028064,-0.9617776303789016,False,,False,,False,,ROC5_PASS
COVID_2020,CAH,yfinance,ROC5_PASS,2020-01-08,2020-01-09,42.595466693791465,GREEN,295.7424011230469,285.25481079101564,268.8043406677246,0.8046994614983705,True,2019-12-17,41.5178531109671,2.595542645098159,False,,20.47806606173519,-1.0557820437035126,20.47806606173519,-1.0557820437035126,8.406338026202675,7.211144986909801,2.0119473505064267,16.01591968852125,True,3.0,True,3.0,True,4.0,ROC5_PASS
COVID_2020,APD,yfinance,ROC5_PASS,2020-01-09,2020-01-10,200.21758467575597,GREEN,297.7477722167969,285.7075421142578,269.0301196289063,0.5479299023201101,True,2020-01-06,192.02959918045954,4.263918442907233,False,,7.462698430431103,-1.3859275053304865,7.462698430431103,-1.3859275053304865,1.0660961100484645,-0.43922422457944865,3.6290045783167413,7.339033902436887,True,9.0,True,9.0,True,16.0,ROC5_PASS
COVID_2020,LIN,yfinance,ROC5_PASS,2020-01-09,2020-01-10,192.1304968413,GREEN,297.7477722167969,285.7075421142578,269.0301196289063,0.5479299023201101,True,2020-01-06,186.15888094408706,3.20780607775919,True,14.0,3.169777103854865,-3.6870395476577777,1.7461980160537127,-3.6870395476577777,1.5943559475395608,-2.7807031357924616,-0.6169118976532939,2.2302152762691874,False,,False,,False,,ROC5_PASS
COVID_2020,SHW,yfinance,ROC5_PASS,2020-01-09,2020-01-10,178.60043255719444,GREEN,297.7477722167969,285.7075421142578,269.0301196289063,0.5479299023201101,True,2020-01-06,175.93955900586235,1.5123793457066936,True,14.0,5.652896010518682,-2.932126744720265,5.652896010518682,-2.932126744720265,4.687846210628055,2.8916194032663656,1.2432982602235132,0.780119096326759,True,3.0,True,3.0,True,6.0,ROC5_PASS
COVID_2020,LEG,yfinance,ROC5_PASS,2020-01-10,2020-01-13,38.08722310906288,GREEN,296.8908996582031,286.14476806640624,269.2582183074951,1.0235249257628976,True,2020-01-09,37.74907076458842,0.895789850254225,True,13.0,4.439091892072855,-9.806275651987239,4.439091892072855,-4.156544533285766,3.188073327543961,1.3115841853594157,-4.096025746125909,-8.232434597227966,True,0.0,True,2.0,False,,ROC5_PASS
COVID_2020,PG,yfinance,ROC5_PASS,2020-01-10,2020-01-13,104.45630842744478,GREEN,296.8908996582031,286.14476806640624,269.2582183074951,1.0235249257628976,True,2020-01-06,102.66201703737927,1.7477655727455632,False,,3.912095259585646,-0.15322777532763565,3.912095259585646,-0.15322777532763565,1.685492159332913,2.2409252827678916,1.9407711101939285,0.7239178284481618,True,3.0,True,10.0,False,,ROC5_PASS
COVID_2020,PEP,yfinance,ROC5_PASS,2020-01-13,2020-01-14,111.23918816472,GREEN,298.9327697753906,286.6059600830078,269.49176414489745,1.3317166485839582,True,2020-01-07,109.41763502157775,1.6647710789791992,False,,7.754464783195436,-0.3524715474774953,7.754464783195436,-0.3524715474774953,5.287146781715402,4.075501750034793,5.962713885113646,7.2698093470277,True,1.0,True,3.0,True,5.0,ROC5_PASS
COVID_2020,ED,yfinance,ROC5_PASS,2020-01-14,2020-01-15,69.699521316225,GREEN,298.4770202636719,287.07273193359373,269.7150794219971,1.4625217140074032,True,2020-01-08,68.61514242306161,1.5803784046346747,False,,7.994566778728229,-0.12491552736914047,7.994566778728229,-0.12491552736914047,5.348629155193607,7.585753754148028,6.1435365238478035,6.336571382650025,True,2.0,True,3.0,True,5.0,ROC5_PASS
COVID_2020,PPG,yfinance,ROC5_PASS,2020-01-14,2020-01-15,113.26779393312961,GREEN,298.4770202636719,287.07273193359373,269.7150794219971,1.4625217140074032,True,2020-01-06,111.30301787358997,1.7652495835926985,True,1.0,1.6729612648407333,-7.987028045366884,1.6729612648407333,-3.338200054960694,-2.6597736879939715,-5.088261238944492,-4.1245759166852025,-7.131284090990741,False,,False,,False,,ROC5_PASS
COVID_2020,TGT,yfinance,ROC5_PASS,2020-01-14,2020-01-15,97.54789584301687,GREEN,298.4770202636719,287.07273193359373,269.7150794219971,1.4625217140074032,True,2020-01-06,101.84038357248319,-4.21491708778886,True,0.0,1.6256734163226705,-6.060101735503077,1.6256734163226705,-1.642693284762542,-1.6682244409515712,-2.400200665158636,-2.0001786971571067,0.6724038451290548,False,,False,,False,,ROC5_PASS
COVID_2020,GPC,yfinance,ROC5_PASS,2020-01-15,2020-01-16,82.43779447586562,GREEN,299.1515197753906,287.5020166015625,269.92671699523925,1.15273245885541,True,2020-01-07,80.84356387837947,1.971994455717585,True,6.0,3.046096455719449,-6.342676499235955,3.046096455719449,-4.128250319466698,-1.733453304082555,-6.242477619188569,-4.428856127236635,-3.3366407664070397,True,1.0,True,1.0,False,,ROC5_PASS
COVID_2020,NUE,yfinance,ROC5_PASS,2020-01-15,2020-01-16,47.600269750198805,GREEN,299.1515197753906,287.5020166015625,269.92671699523925,1.15273245885541,True,2019-12-31,46.57394465716236,2.203646482150856,True,2.0,0.37174089046063674,-13.011161661357939,0.37174089046063674,-3.215608077119614,-6.449824040729402,-11.728629903100863,-10.929351172573254,-12.36059984476574,False,,False,,False,,ROC5_PASS
COVID_2020,CB,yfinance,ROC5_PASS,2020-01-16,2020-01-17,137.85904142367394,GREEN,301.6399841308594,287.95875671386716,270.1501682281494,1.3072178122724987,True,2020-01-14,134.969117998164,2.141173824333098,False,,9.885346936066242,-2.3321435035450477,9.885346936066242,-2.3321435035450477,-1.4870520389511532,0.3799323358969042,7.009505004941863,7.107759184797602,True,11.0,True,12.0,True,12.0,ROC5_PASS
COVID_2020,SYY,yfinance,ROC5_PASS,2020-01-21,2020-01-22,70.10166867832854,GREEN,301.9862976074219,288.90900939941406,270.596037979126,1.021476445799352,True,2020-01-15,68.95313174870242,1.6656776864202971,True,5.0,0.597943056179151,-11.038030003754063,0.597943056179151,-2.343932998890419,-2.0689197483313104,-9.47142206641095,-7.366651732416473,-8.263590325681102,False,,False,,False,,ROC5_PASS
COVID_2020,WMT,yfinance,ROC5_PASS,2020-01-23,2020-01-24,35.39292482536734,GREEN,302.36920166015625,289.80155517578123,271.0241506195068,1.0756027203811414,True,2020-01-17,34.941356971068664,1.2923592368566883,True,0.0,3.4051868324054047,-2.8620653212634406,0.025857727252764917,-1.5948327954117048,-1.3017064796161937,0.38792787469714707,1.6293319231843961,0.27587838184197633,False,,False,,False,,ROC5_PASS
COVID_2020,ABBV,yfinance,ROC5_PASS,2020-02-04,2020-02-05,65.6660175412691,GREEN,299.944580078125,292.31745666503906,272.51810356140135,0.6638420740845197,True,2020-01-24,62.07623345737582,5.782863881968892,False,,15.04822111258386,-4.091236250605467,15.04822111258386,-4.091236250605467,14.96592660698688,10.780658871978721,0.42328162373896916,6.5248088578667485,True,0.0,True,1.0,True,2.0,ROC5_PASS
COVID_2020,ROST,yfinance,ROC5_PASS,2020-02-04,2020-02-05,109.9264567553084,GREEN,299.944580078125,292.31745666503906,272.51810356140135,0.6638420740845197,True,2020-01-28,104.67755531813884,5.0143523329494455,True,16.0,6.0562128324385345,-13.983074208182355,6.0562128324385345,-8.806684182185787,2.5540275895579834,5.7572411772175425,-4.381977003337512,-13.137421461214005,True,1.0,True,5.0,True,8.0,ROC5_PASS
COVID_2020,CAT,yfinance,ROC5_PASS,2020-02-05,2020-02-06,122.10058174038794,GREEN,303.4083251953125,292.75695434570315,272.73107795715333,1.9105034071872362,True,2020-01-24,114.23742257349862,6.883172772766533,True,12.0,1.6642793805152323,-14.015895449318649,1.6642793805152323,-7.199693952322006,1.099880705676104,-0.7163189392578762,-10.101273043320525,-12.149034019006189,False,,False,,False,,ROC5_PASS
COVID_2020,DOV,yfinance,ROC5_PASS,2020-02-05,2020-02-06,109.48965568874777,GREEN,303.4083251953125,292.75695434570315,272.73107795715333,1.9105034071872362,True,2020-02-04,105.67653983370575,3.6082898446925027,True,11.0,0.6781242404637844,-16.398628446399588,0.6781242404637844,-4.395155882854141,0.09208991457556603,-0.008369786631012843,-13.598204462976549,-14.649404407807133,False,,False,,False,,ROC5_PASS
COVID_2020,EMR,yfinance,ROC5_PASS,2020-02-05,2020-02-06,66.2710303060913,GREEN,303.4083251953125,292.75695434570315,272.73107795715333,1.9105034071872362,True,2020-01-28,61.57506918925122,7.626400065271599,True,11.0,0.0,-19.576306706100187,0.0,-9.355852250723274,-3.917190350730626,-5.296561594747984,-15.779758873213135,-18.367720474560134,False,,False,,False,,ROC5_PASS
COVID_2020,GWW,yfinance,ROC5_PASS,2020-02-05,2020-02-06,292.6402433195421,GREEN,303.4083251953125,292.75695434570315,272.73107795715333,1.9105034071872362,True,2020-01-28,275.94561188546413,6.049971702759804,True,11.0,0.0,-14.697654699780538,0.0,-7.202670408657386,-3.145949364910172,-3.7930082471816617,-11.969906192431157,-9.721082496785272,False,,False,,False,,ROC5_PASS
COVID_2020,PNR,yfinance,ROC5_PASS,2020-02-05,2020-02-06,40.929178472310475,GREEN,303.4083251953125,292.75695434570315,272.73107795715333,1.9105034071872362,True,2020-01-29,39.09202901538802,4.699550018750087,True,12.0,0.044683186847271905,-16.9718611212747,0.044683186847271905,-5.381867883156655,-0.3126340105054748,-0.49126571170717837,-12.03662792491269,-14.515410735958334,False,,False,,False,,ROC5_PASS
COVID_2020,EXPD,yfinance,ROC5_PASS,2020-02-07,2020-02-10,67.81968763101794,GREEN,302.8067932128906,293.57557983398436,273.1385921478271,3.254303020111249,True,2020-01-22,67.11470261281114,1.0504181509585209,True,10.0,4.951484854689414,-9.725034540548116,4.951484854689414,-1.832825952542838,1.8055256001312303,-1.0531818743713228,-3.952938875371237,-4.32222712046012,True,4.0,True,5.0,False,,ROC5_PASS
COVID_2020,MMM,yfinance,ROC5_PASS,2020-02-07,2020-02-10,106.38411346725398,GREEN,302.8067932128906,293.57557983398436,273.1385921478271,3.254303020111249,True,2020-01-28,103.84089032262621,2.449153832104245,True,9.0,3.0147968488082766,-9.587441169527555,3.0147968488082766,-4.1267855931756525,0.06789654477916685,-7.509001242719826,-8.523030343477133,-3.4465738718508887,True,2.0,True,2.0,False,,ROC5_PASS
COVID_2020,MKC,yfinance,ROC5_PASS,2020-02-11,2020-02-12,71.24976709232753,GREEN,305.5960693359375,294.36787963867187,273.56167167663574,1.8841778225632488,True,2020-02-03,70.04487641702329,1.7201696068827932,True,8.0,3.4679296978763263,-19.68016032422244,3.4679296978763263,-3.155426011386453,0.37987043028773204,-7.9345691835102645,-5.924856953366964,-19.625018882215308,True,1.0,True,2.0,False,,ROC5_PASS
COVID_2020,VFC,yfinance,ROC5_PASS,2020-02-12,2020-02-13,68.05030040335214,GREEN,307.5649108886719,294.8172180175781,273.7792555999756,1.3699642851539018,True,2020-01-16,66.99935488284379,1.5685905070967454,True,6.0,1.0415437013053142,-35.88343294233638,1.0415437013053142,-3.5077126018203564,0.22746847481851518,-13.803430644877078,-16.04214634452742,-28.2289880247125,False,,False,,False,,ROC5_PASS
COVID_2020,LEG,yfinance,ROC5_PASS,2020-03-04,2020-03-05,30.11012365983304,GREEN,285.1779479980469,296.43811889648435,276.0731898498535,0.43659293923425935,True,2020-01-31,29.356994808780176,2.5654153497605803,True,1.0,0.7401758888935905,-43.10889344248605,0.7401758888935905,-5.997937968103151,-23.22410408913207,-32.46925289680331,-21.726299955296824,-37.4791739469591,False,,False,,False,,ROC5_PASS
COVID_2020,CAH,yfinance,ROC5_PASS,2020-03-25,2020-03-26,36.1637162253248,YELLOW,226.27664184570312,278.6528765869141,274.71460342407227,3.433831400368792,True,2020-03-20,33.13451459858369,9.142133703900956,False,,24.014191579218892,-1.9005105089004881,24.014191579218892,-1.9005105089004881,10.008382307238527,19.511455940175047,21.407363965965033,19.250794166524578,True,0.0,True,0.0,True,0.0,ROC5_PASS
COVID_2020,DOV,yfinance,ROC5_PASS,2020-03-25,2020-03-26,75.83552274495374,YELLOW,226.27664184570312,278.6528765869141,274.71460342407227,3.433831400368792,True,2020-03-09,57.96315667196707,30.8340109461815,False,,13.04032201443377,-6.714429029239277,13.04032201443377,-6.714429029239277,-2.1369666274670296,8.559997539483955,7.442925459660721,10.45410856369735,True,0.0,True,2.0,True,3.0,ROC5_PASS
COVID_2020,ITW,yfinance,ROC5_PASS,2020-03-25,2020-03-26,126.5743636970031,YELLOW,226.27664184570312,278.6528765869141,274.71460342407227,3.433831400368792,True,2020-03-20,99.43779224284992,27.289997939495116,False,,12.13283143424122,-9.04436607412682,12.13283143424122,-9.04436607412682,-3.3302120330984897,8.73983107436862,8.261963060048249,8.022980832099558,True,0.0,True,7.0,True,8.0,ROC5_PASS
COVID_2020,JNJ,yfinance,ROC5_PASS,2020-03-25,2020-03-26,101.36116691904827,YELLOW,226.27664184570312,278.6528765869141,274.71460342407227,3.433831400368792,True,2020-03-23,91.76897603475584,10.452542132168464,False,,30.214831133452225,-0.15758683079303282,30.214831133452225,-0.15758683079303282,10.433755309464088,17.135261237074385,26.084401864455977,28.439920199686732,True,0.0,True,0.0,True,0.0,ROC5_PASS
COVID_2020,PEP,yfinance,ROC5_PASS,2020-03-25,2020-03-26,92.68929889394188,YELLOW,226.27664184570312,278.6528765869141,274.71460342407227,3.433831400368792,True,2020-03-20,83.40475241520757,11.131915400352433,False,,22.997073898745946,-0.11533781782797625,22.997073898745946,-0.11533781782797625,9.892649655290754,18.560914086792636,22.038846273075862,19.20859029672153,True,0.0,True,0.0,True,0.0,ROC5_PASS
COVID_2020,PG,yfinance,ROC5_PASS,2020-03-25,2020-03-26,88.02732939016101,YELLOW,226.27664184570312,278.6528765869141,274.71460342407227,3.433831400368792,True,2020-03-23,79.94317516673377,10.112375705076149,False,,20.321528152522504,-1.2995749998219064,20.321528152522504,-1.2995749998219064,10.127068594527856,10.377365049270226,20.032737783097467,15.106017085351287,True,0.0,True,0.0,True,1.0,ROC5_PASS
COVID_2020,PNR,yfinance,ROC5_PASS,2020-03-25,2020-03-26,26.816932069134797,YELLOW,226.27664184570312,278.6528765869141,274.71460342407227,3.433831400368792,True,2020-03-09,20.117262138913514,33.30309007239052,False,,16.257649903806982,-8.11180889127845,16.257649903806982,-8.11180889127845,-5.453320219418822,11.92908743079557,8.570141036933432,8.604458747585774,True,0.0,True,0.0,True,0.0,ROC5_PASS
COVID_2020,SPGI,yfinance,ROC5_PASS,2020-03-25,2020-03-26,207.90163120077042,YELLOW,226.27664184570312,278.6528765869141,274.71460342407227,3.433831400368792,True,2020-03-18,167.0719820888751,24.43835800677561,False,,23.793893895244132,-0.6133071308466409,23.793893895244132,-0.6133071308466409,4.237041817449283,22.467944351060343,22.053296066727015,22.6364209045663,True,0.0,True,0.0,True,0.0,ROC5_PASS
COVID_2020,ABBV,yfinance,ROC5_PASS,2020-03-26,2020-03-27,55.298120662194165,YELLOW,239.48892211914062,277.4731146240234,274.6141355895996,9.241189705183771,True,2020-03-23,48.28838360461121,14.516404431714246,False,,20.90272843755581,-1.284375546868266,20.90272843755581,-1.284375546868266,2.429130405294311,12.103862573935608,19.0040980345858,19.9958840470422,True,0.0,True,0.0,True,1.0,ROC5_PASS
COVID_2020,CTAS,yfinance,ROC5_PASS,2020-03-26,2020-03-27,43.95976087421202,YELLOW,239.48892211914062,277.4731146240234,274.6141355895996,9.241189705183771,True,2020-03-16,36.19457690986299,21.453998436525534,False,,13.668382391502899,-15.23152866139872,13.668382391502899,-15.23152866139872,-12.38260899766994,4.075981470195389,3.451768296712965,13.353616925843426,True,7.0,True,7.0,True,9.0,ROC5_PASS
COVID_2020,KMB,yfinance,ROC5_PASS,2020-03-26,2020-03-27,96.83458164928649,YELLOW,239.48892211914062,277.4731146240234,274.6141355895996,9.241189705183771,True,2020-03-23,87.82651607094868,10.256658218186466,False,,18.514864687169297,-0.3852153204442543,18.514864687169297,-0.3852153204442543,6.483076872322435,8.7697699675666,14.515197263354196,15.039735668602994,True,0.0,True,0.0,True,0.0,ROC5_PASS
COVID_2020,KO,yfinance,ROC5_PASS,2020-03-26,2020-03-27,36.154795225966986,YELLOW,239.48892211914062,277.4731146240234,274.6141355895996,9.241189705183771,True,2020-03-20,30.035150818906384,20.37494149424559,False,,13.902896286664257,-4.260219795512398,13.902896286664257,-4.260219795512398,0.3893994995132877,7.489693372458106,6.5735066805047815,7.146110174208942,True,1.0,True,1.0,True,6.0,ROC5_PASS
COVID_2020,T,yfinance,ROC5_PASS,2020-03-26,2020-03-27,14.41630563756043,YELLOW,239.48892211914062,277.4731146240234,274.6141355895996,9.241189705183771,True,2020-03-20,12.663428377249902,13.842043466361819,False,,8.305811225961746,-8.218238011278212,8.305811225961746,-8.218238011278212,-7.510932971425155,4.065962061520945,6.789122131403791,5.272417847262889,True,0.0,True,0.0,True,9.0,ROC5_PASS
COVID_2020,TGT,yfinance,ROC5_PASS,2020-03-30,2020-03-31,79.55791590739372,YELLOW,239.9014892578125,274.9024249267578,274.37883209228517,17.358151283650415,True,2020-03-27,77.59568638132758,2.5287868663512736,True,3.0,19.72082861020621,-5.363152799424665,1.574307324955515,-5.363152799424665,3.127614379190513,11.502945041631074,12.132645501712425,17.653236263138126,False,,False,,False,,ROC5_PASS
COVID_2020,CAH,yfinance,ROC5_PASS,2020-07-14,2020-07-15,44.54479769165052,GREEN,293.6979675292969,279.32607421875,276.0004891204834,1.6381086234285913,True,2020-07-09,41.74182390442607,6.715024704340333,False,,14.527090832207712,-0.5826433132226416,14.527090832207712,-0.5826433132226416,9.069733820019055,12.060583100450728,11.866374777430178,4.525166573028816,True,1.0,True,2.0,True,4.0,ROC5_PASS
COVID_2020,ECL,yfinance,ROC5_PASS,2020-08-06,2020-08-07,181.8746259874175,GREEN,307.8892517089844,290.53077026367185,278.7353620147705,3.201028479693546,True,2020-07-30,171.59963593547548,5.987769144105637,False,,8.077324355714977,-0.9484688192105684,8.077324355714977,-0.9484688192105684,0.36596428827697647,0.43815791021293293,3.350535033323254,5.5463957023,True,2.0,True,2.0,True,18.0,ROC5_PASS
COVID_2020,AOS,yfinance,ROC5_PASS,2020-08-07,2020-08-10,43.84044588143655,GREEN,308.11029052734375,291.1372381591797,278.9198137664795,2.465434441670067,True,2020-08-03,42.40980683547261,3.3733684558245214,True,20.0,3.2225355936671862,-3.69160498975466,3.2225355936671862,-3.69160498975466,1.386904662292321,1.386904662292321,-0.12235660732755615,-3.610028189957404,True,1.0,True,2.0,False,,ROC5_PASS
COVID_2020,ABBV,yfinance,ROC5_PASS,2020-08-12,2020-08-13,75.45297053577056,GREEN,310.7532958984375,292.8295452880859,279.4609775543213,1.6049017344178074,True,2020-07-31,72.78824359779372,3.660930400658291,True,17.0,2.3964533156794365,-6.411615269548221,2.3964533156794365,-5.98066826788547,0.06304742000662333,-0.882929922307174,-3.437053579369198,-5.717905004552948,True,2.0,False,,False,,ROC5_PASS
COVID_2020,CLX,yfinance,ROC5_PASS,2020-08-18,2020-08-19,187.56354468888043,GREEN,311.8583984375,294.48142883300784,280.17239906311033,1.7548090686361206,True,2020-08-13,182.4044730724997,2.828369024881394,True,4.0,0.4154330232020609,-10.503748128812418,0.4154330232020609,-4.351046417962301,-3.6688775685068564,-2.1602010410156858,-5.995261996737589,-9.546076836974681,False,,False,,False,,ROC5_PASS
COVID_2020,TROW,yfinance,ROC5_PASS,2020-08-26,2020-08-27,104.86963800480775,GREEN,320.0821533203125,298.0389099121094,281.2433898162842,3.0661851353677827,True,2020-08-21,103.5191359508282,1.3045916985059192,True,6.0,4.2460888612693815,-9.885555270285796,4.2460888612693815,-3.546961715430419,-0.596066729885103,-7.469274998269359,-5.149347589932052,-7.187618634333215,True,0.0,True,4.0,False,,ROC5_PASS
COVID_2020,CAH,yfinance,ROC5_PASS,2020-08-27,2020-08-28,43.77483418717114,GREEN,320.78204345703125,298.7394573974609,281.448840713501,2.9709117611562252,True,2020-08-17,42.77131011261777,2.346255169437339,True,2.0,2.5691724196414745,-11.758859036304415,1.2450907659260047,-4.011826899770076,-1.7391262706274557,-7.015811545129591,-6.916981972173419,-6.027646530989306,False,,False,,False,,ROC5_PASS
COVID_2020,ROP,yfinance,ROC5_PASS,2020-09-02,2020-09-03,427.8470252409049,GREEN,329.4109802246094,301.8423132324219,282.3209297943115,2.914510167944706,True,2020-08-21,409.9132409021457,4.375019528349511,True,1.0,0.11261768269459349,-14.39478213473998,0.11261768269459349,-6.121893932776967,-9.995942783601174,-11.849628389160195,-10.329288211278431,-10.869863593813145,False,,False,,False,,ROC5_PASS
COVID_2020,EMR,yfinance,ROC5_PASS,2020-09-15,2020-09-16,61.018604845786584,GREEN,313.2673645019531,306.3258807373047,283.45482444763184,2.088767341046349,True,2020-09-10,59.487168287233516,2.5743981477795996,True,3.0,3.293184134664884,-8.370799305359611,1.0010216171786102,-6.934552884974732,-7.311777474039449,-4.874504038600147,-0.07254560212301975,0.6528261028750926,False,,False,,False,,ROC5_PASS
COVID_2020,JNJ,yfinance,ROC5_PASS,2020-09-15,2020-09-16,127.30194890080853,GREEN,313.2673645019531,306.3258807373047,283.45482444763184,2.088767341046349,True,2020-09-08,124.85630071880915,1.9587703367147213,True,3.0,2.5101780977490717,-4.304168876350101,0.4484893042925764,-4.304168876350101,-3.3134741063436834,-0.3414059612324327,-1.0107746968711528,-0.863517051056617,False,,False,,False,,ROC5_PASS
COVID_2020,MKC,yfinance,ROC5_PASS,2020-09-15,2020-09-16,88.57725271559555,GREEN,313.2673645019531,306.3258807373047,283.45482444763184,2.088767341046349,True,2020-09-14,87.53471884811023,1.190994706105486,True,0.0,1.3034601557165848,-9.008709650330937,0.6158152013336471,-1.4203419754084678,-7.88139407181303,-3.6054845135284674,-3.2552863381035135,-1.3471033536073929,False,,False,,False,,ROC5_PASS
COVID_2020,ABT,yfinance,ROC5_PASS,2020-09-28,2020-09-29,94.77201297141399,GREEN,308.9921875,308.55053344726565,284.41033882141113,2.208117187494474,True,2020-09-24,89.70304791318812,5.650828122508678,False,,5.2447811480857975,-1.0282086079806185,5.2447811480857975,-1.0282086079806185,0.2263710554424314,2.226208877427127,2.557436872007113,2.765689077421829,True,1.0,True,1.0,True,9.0,ROC5_PASS
COVID_2020,AMCR,yfinance,ROC5_PASS,2020-09-28,2020-09-29,42.343095314679864,GREEN,308.9921875,308.55053344726565,284.41033882141113,2.208117187494474,True,2020-09-25,40.89513708936475,3.5406611357017947,False,,7.116437079818327,-3.1423247054872983,7.116437079818327,-3.1423247054872983,1.7559984316007915,5.452876176148491,3.419603777018465,-2.310537357640796,True,1.0,True,2.0,True,6.0,ROC5_PASS
COVID_2020,APD,yfinance,ROC5_PASS,2020-09-28,2020-09-29,254.6297575146694,GREEN,308.9921875,308.55053344726565,284.41033882141113,2.208117187494474,True,2020-09-25,246.30716508581526,3.3789485685300713,True,20.0,4.614403883432994,-3.493693814959953,4.614403883432994,-3.493693814959953,0.9933965427592062,2.664092614181124,0.4103524019932081,-3.336848530290304,True,1.0,True,4.0,False,,ROC5_PASS
COVID_2020,CAT,yfinance,ROC5_PASS,2020-09-28,2020-09-29,133.28008049410363,GREEN,308.9921875,308.55053344726565,284.41033882141113,2.208117187494474,True,2020-09-24,128.2136757390615,3.951532257255619,False,,15.71903740611198,-3.113820263752942,15.71903740611198,-3.113820263752942,2.129836756601655,9.267403508247574,13.89771276702656,7.079964454025545,True,4.0,True,4.0,True,6.0,ROC5_PASS
COVID_2020,DOV,yfinance,ROC5_PASS,2020-09-28,2020-09-29,101.17428661276358,GREEN,308.9921875,308.55053344726565,284.41033882141113,2.208117187494474,True,2020-09-23,98.33910789428589,2.8830632890482377,False,,7.203254873420861,-3.160582742820739,7.203254873420861,-3.160582742820739,1.1484621958051555,3.2984169806024255,4.961429342621315,2.4899028311699434,True,3.0,True,4.0,True,8.0,ROC5_PASS
COVID_2020,ITW,yfinance,ROC5_PASS,2020-09-28,2020-09-29,170.45563070446505,GREEN,308.9921875,308.55053344726565,284.41033882141113,2.208117187494474,True,2020-09-23,164.96646944849653,3.3274405849379463,False,,6.784319631443547,-3.4486263337457967,6.784319631443547,-3.4486263337457967,0.7954251502659382,4.2594183951945475,4.403165852379143,1.9295691338256482,True,5.0,True,5.0,True,8.0,ROC5_PASS
COVID_2020,KMB,yfinance,ROC5_PASS,2020-09-28,2020-09-29,118.84846067379715,GREEN,308.9921875,308.55053344726565,284.41033882141113,2.208117187494474,True,2020-09-10,116.23959474176046,2.244386637644924,True,17.0,5.318455682687828,-8.827922190131133,5.318455682687828,-7.831999047636085,1.6260261408932664,4.48512501003524,0.6233046513430596,-8.69919156501262,True,5.0,True,8.0,True,10.0,ROC5_PASS
COVID_2020,MDT,yfinance,ROC5_PASS,2020-09-28,2020-09-29,88.53738421483268,GREEN,308.9921875,308.55053344726565,284.41033882141113,2.208117187494474,True,2020-09-23,84.47772917651845,4.805592051168284,False,,7.001505292900045,-3.919340797031068,7.001505292900045,-3.919340797031068,-1.6553020034558164,1.7313306610528878,3.833689927564121,0.08560251052818213,True,7.0,True,7.0,True,13.0,ROC5_PASS
COVID_2020,PPG,yfinance,ROC5_PASS,2020-09-28,2020-09-29,108.30014974376925,GREEN,308.9921875,308.55053344726565,284.41033882141113,2.208117187494474,True,2020-09-23,103.6473086697295,4.489109397780844,False,,13.256925396622265,-1.800328945495966,13.256925396622265,-1.800328945495966,1.9230962901898296,9.304416100576107,10.17186931021865,4.2471278196196005,True,4.0,True,4.0,True,5.0,ROC5_PASS
COVID_2020,TROW,yfinance,ROC5_PASS,2020-09-28,2020-09-29,99.20527065711582,GREEN,308.9921875,308.55053344726565,284.41033882141113,2.208117187494474,True,2020-09-21,94.50269197809385,4.976131981628673,False,,16.64970661514147,-1.3476477594601133,16.64970661514147,-1.3476477594601133,4.889126659243459,12.967164921321285,14.972981527915374,11.494177837999331,True,4.0,True,4.0,True,5.0,ROC5_PASS
COVID_2020,WMT,yfinance,ROC5_PASS,2020-09-28,2020-09-29,42.420545528693005,GREEN,308.9921875,308.55053344726565,284.41033882141113,2.208117187494474,True,2020-09-18,41.64786511640256,1.8552701564194418,False,,6.812389346187353,-0.6265942516222478,6.812389346187353,-0.6265942516222478,2.462655886715126,6.542800732984766,4.8451563841883205,4.094717422251004,True,1.0,True,1.0,True,2.0,ROC5_PASS
COVID_2020,ABBV,yfinance,ROC5_PASS,2020-09-29,2020-09-30,68.99736834220104,GREEN,307.3094482421875,308.7233044433594,284.50860649108887,0.6266886588279119,True,2020-09-10,67.66501056931594,1.9690498260104938,True,15.0,2.0689411127609914,-6.51415226515798,2.0689411127609914,-3.8111473276206342,0.08043166549591696,0.2782727284711184,-3.426669390997561,-6.222882791629447,True,9.0,False,,False,,ROC5_PASS
COVID_2020,BF-B,yfinance,ROC5_PASS,2020-09-30,2020-10-01,67.54743163465123,GREEN,309.63946533203125,308.9299682617187,284.61766242980957,3.796790322374388,True,2020-09-24,65.53667437419882,3.0681405177373833,True,17.0,4.478387160256037,-9.483643015068722,4.478387160256037,-4.8998974388974155,2.739717990822599,0.4478533474734814,-0.9747242229273922,-8.298182334679572,True,4.0,True,6.0,False,,ROC5_PASS
COVID_2020,GPC,yfinance,ROC5_PASS,2020-09-30,2020-10-01,81.10712418737282,GREEN,309.63946533203125,308.9299682617187,284.61766242980957,3.796790322374388,True,2020-09-23,78.67451432819144,3.0919922162261138,True,19.0,8.255837588995174,-6.5524031071859,8.255837588995174,-6.5524031071859,5.705937974886832,5.841787589731728,1.1391070020641658,-5.622322668403356,True,2.0,True,3.0,True,5.0,ROC5_PASS
GFC_2007_2009,EMR,legacy,ROC5_PASS,2007-08-07,2007-08-08,39.741,GREEN,128.73,131.7652,126.52205,1.4101150149677055,True,2007-07-30,37.892,4.879657975298213,True,1.0,2.2898266274125056,-11.46674718804258,1.6959814800835415,-6.346090938828919,-5.087944440250613,-3.7115321708059756,-1.0669082307943945,-0.24911300671849324,False,,False,,False,,ROC5_PASS
GFC_2007_2009,GE,legacy,ROC5_PASS,2007-08-07,2007-08-08,31.802,GREEN,128.73,131.7652,126.52205,1.4101150149677055,True,2007-08-03,30.602,3.9213123325272825,True,4.0,2.4275202817432895,-8.354820451543931,2.4275202817432895,-5.8486887617130945,-6.581347085088984,-0.9087478774919777,-2.003018678070567,-0.2547009622036356,True,0.0,False,,False,,ROC5_PASS
GFC_2007_2009,SLM,legacy,ROC5_PASS,2007-08-07,2007-08-08,16.18,GREEN,128.73,131.7652,126.52205,1.4101150149677055,True,2007-08-01,15.604,3.6913611894386023,True,3.0,4.153275648949317,-8.992583436341162,4.153275648949317,-5.426452410383186,-5.302843016069225,1.378244746600732,0.6118665018541414,-1.4153275648949304,True,0.0,True,0.0,False,,ROC5_PASS
GFC_2007_2009,MMM,legacy,ROC5_PASS,2007-08-08,2007-08-09,74.674,GREEN,130.53,131.7232,126.57875,2.320294740142681,True,2007-08-03,73.578,1.4895756883851252,True,1.0,4.105846747194453,-5.337868602190865,0.2611350670916224,-3.5728633794895215,-2.8430243458231863,0.9668693253341187,1.660551195864679,1.1610466829150567,False,,False,,False,,ROC5_PASS
GFC_2007_2009,SVU,legacy,ROC5_PASS,2007-08-08,2007-08-09,265.69,GREEN,130.53,131.7232,126.57875,2.320294740142681,True,2007-07-26,250.43,6.093519147067039,False,,5.62309458391359,-9.462155143212014,5.62309458391359,-9.462155143212014,-5.743535699499414,4.034777372125409,1.3436711957544478,-0.9522375701004782,True,1.0,True,1.0,True,2.0,ROC5_PASS
GFC_2007_2009,SWK,legacy,ROC5_PASS,2007-08-08,2007-08-09,47.743,GREEN,130.53,131.7232,126.57875,2.320294740142681,True,2007-07-26,44.997,6.102629064159837,False,,6.602014955071955,-5.680413882663437,6.602014955071955,-5.680413882663437,-2.0610351255681447,1.2441614477515017,0.4314768657185164,-3.288440190184949,True,1.0,True,1.0,True,6.0,ROC5_PASS
GFC_2007_2009,KO,legacy,ROC5_PASS,2007-09-04,2007-09-05,22.079,GREEN,129.88,129.60019999999997,127.1622,1.4608233731739695,True,2007-08-29,21.649,1.986234930019859,False,,7.763032746048282,-1.7256216314144646,7.763032746048282,-1.7256216314144646,3.1613750622763837,4.592599302504641,5.933239730060236,6.345396077720911,True,4.0,True,4.0,True,12.0,ROC5_PASS
GFC_2007_2009,VFC,legacy,ROC5_PASS,2007-09-04,2007-09-05,17.325,GREEN,129.88,129.60019999999997,127.1622,1.4608233731739695,True,2007-08-28,16.691,3.7984542567850887,False,,9.339105339105359,-3.84415584415585,9.339105339105359,-3.84415584415585,-0.36940836940837496,5.645021645021653,-0.5714285714285672,3.4054834054834116,True,9.0,True,9.0,True,10.0,ROC5_PASS
GFC_2007_2009,ADP,legacy,ROC5_PASS,2007-09-05,2007-09-06,33.884,GREEN,128.75,129.56459999999998,127.19605,2.8436776100327465,True,2007-08-28,33.396,1.4612528446520612,True,1.0,3.7598866721756607,-4.311769566757162,1.1244245071420078,-2.7859756817376957,-3.3112973674890855,0.5725416125605065,0.3305394876637946,3.2788336678078123,False,,False,,False,,ROC5_PASS
GFC_2007_2009,MO,legacy,ROC5_PASS,2007-09-19,2007-09-20,15.423,GREEN,133.62,129.1194,127.5677,3.734182128716723,True,2007-09-11,15.029,2.621598243396095,False,,4.499773066199841,-0.7197043376774959,4.499773066199841,-0.7197043376774959,1.5431498411463407,1.8349218699345027,2.210983595928151,3.5855540426635635,True,7.0,True,17.0,False,,ROC5_PASS
GFC_2007_2009,CTL,legacy,ROC5_PASS,2007-09-20,2007-09-21,29.272,GREEN,132.67,129.12439999999998,127.62025,2.2662452786556653,True,2007-09-13,28.368,3.186689227298367,False,,2.02241049467069,-3.344493030882756,2.02241049467069,-3.344493030882756,0.5431811970483924,0.28013118338343634,-0.9121344629680173,-1.6295435911451106,True,6.0,False,,False,,ROC5_PASS
GFC_2007_2009,SVU,legacy,ROC5_PASS,2007-09-27,2007-09-28,254.32,GREEN,133.36,128.89960000000002,127.8504,0.5200874349890805,True,2007-09-21,242.96,4.675666776424103,True,1.0,0.9201006605850992,-10.549701163888015,0.4875747090280047,-9.220666876376216,-3.857345077068264,-9.346492607738277,-4.6752123309216636,-0.971217363950927,False,,False,,False,,ROC5_PASS
GFC_2007_2009,LLY,legacy,ROC5_PASS,2007-10-30,2007-10-31,42.28,GREEN,133.34,131.5626,129.04305,0.8547008547008517,True,2007-10-18,40.687,3.915255487010594,True,5.0,1.0950804162724648,-8.805581835383158,1.0950804162724648,-4.418164616840114,-4.273888363292344,-1.4853358561967789,-8.805581835383158,-1.9252601702932859,False,,False,,False,,ROC5_PASS
GFC_2007_2009,MMM,legacy,ROC5_PASS,2007-11-19,2007-11-20,69.654,YELLOW,125.23,131.90220000000002,129.3428,0.0479348086602327,True,2007-10-23,67.096,3.81244783593655,False,,8.181870387917423,-1.3452206621299534,8.181870387917423,-1.3452206621299534,1.72710827806013,2.1563729290493105,5.695293881184127,3.5848623194647766,True,5.0,True,7.0,True,12.0,ROC5_PASS
GFC_2007_2009,GE,legacy,ROC5_PASS,2007-11-28,2007-11-29,30.828,YELLOW,128.18,131.3342,129.31635,1.7220855487659614,True,2007-11-21,29.403,4.846444240383629,True,3.0,0.9893603217853819,-5.793434540028541,0.9893603217853819,-5.793434540028541,-2.6956014013234664,-1.8586998832230472,-4.622421175554692,-2.4815103152977858,False,,False,,False,,ROC5_PASS
GFC_2007_2009,ADP,legacy,ROC5_PASS,2007-11-30,2007-12-03,33.226,GREEN,129.51,131.16320000000002,129.33575,3.137692123914948,True,2007-11-19,32.904,0.9786044249939119,True,10.0,3.828327213627869,-4.144344790224519,3.828327213627869,-1.658339854330948,3.500270872208522,-1.658339854330948,1.7275627520616288,-3.9487148618551626,True,2.0,True,5.0,False,,ROC5_PASS
GFC_2007_2009,BDX,legacy,ROC5_PASS,2007-12-06,2007-12-07,72.172,GREEN,131.49,130.9282,129.38015,2.542306792482263,True,2007-12-05,70.898,1.7969477277215207,False,,10.975170426204084,-1.607271518040232,10.975170426204084,-1.607271518040232,0.3408524081361275,2.6062739012359337,1.7028764617857295,7.907498752979003,True,1.0,True,11.0,True,16.0,ROC5_PASS
GFC_2007_2009,DOV,legacy,ROC5_PASS,2009-06-29,2009-06-30,24.071,GREEN,80.757,78.96798,77.89543,3.8301319139088186,True,2009-06-22,22.8,5.574561403508782,True,4.0,9.633999418387273,-9.633999418387285,0.5649952224668686,-7.660670516389024,-8.437538947280965,-0.8433384570645241,4.918781936770378,-0.2451082215113698,False,,False,,False,,ROC5_PASS
GFC_2007_2009,FHN,legacy,ROC5_PASS,2009-06-29,2009-06-30,10.842,GREEN,80.757,78.96798,77.89543,3.8301319139088186,True,2009-06-24,10.38,4.450867052023111,True,2.0,6.862202545655771,-8.356391809629226,2.6102195166943343,-5.939863493820329,-6.530160486995018,2.776240546024722,-3.5878989116399307,3.8369304556354678,True,0.0,False,,False,,ROC5_PASS
GFC_2007_2009,SWK,legacy,ROC5_PASS,2009-06-29,2009-06-30,29.285,GREEN,80.757,78.96798,77.89543,3.8301319139088186,True,2009-06-19,28.493,2.779630084582174,True,2.0,16.83455694041318,-8.533378862899088,0.2322007853850172,-4.954754994024246,-6.9694382789824205,5.224517671162721,11.053440327812858,14.512549086563077,False,,False,,False,,ROC5_PASS
GFC_2007_2009,LEG,legacy,ROC5_PASS,2009-07-13,2009-07-14,11.456,GREEN,78.491,79.57598,76.66879,0.33491416226718584,True,2009-07-07,10.837,5.711912891021509,False,,23.30656424581006,-0.6983240223463638,23.30656424581006,-0.6983240223463638,8.379888268156432,14.10614525139664,21.03701117318435,20.015712290502808,True,1.0,True,1.0,True,1.0,ROC5_PASS
GFC_2007_2009,BDX,legacy,ROC5_PASS,2009-08-12,2009-08-13,59.113,GREEN,87.813,82.19224,76.31468,0.3886913676220072,True,2009-08-03,55.688,6.150337595173094,False,,6.359007324953891,-4.293471825148442,6.359007324953891,-4.293471825148442,0.639453250554034,3.850252905452267,2.5138294452996757,5.986838766430402,True,6.0,True,7.0,True,11.0,ROC5_PASS
GFC_2007_2009,CLX,legacy,ROC5_PASS,2009-08-13,2009-08-14,47.733,GREEN,88.484,82.33022000000001,76.39143,1.6800349336949072,True,2009-08-06,46.524,2.5986587567707,False,,1.9944273353864395,-2.8072821737581855,1.9944273353864395,-2.8072821737581855,0.691345609955385,0.9134141998198286,0.5174617141181059,-0.7981899314939311,False,,False,,False,,ROC5_PASS
GFC_2007_2009,ADM,legacy,ROC5_PASS,2009-08-21,2009-08-24,24.498,GREEN,89.705,82.94026,76.4987,2.1638858834918118,True,2009-08-11,22.992,6.550104384133615,False,,2.424687729610575,-4.473834598742754,2.424687729610575,-4.473834598742754,0.10204914686913202,-0.21634419136256078,1.236835660053881,0.3347212017307477,True,0.0,False,,False,,ROC5_PASS
GFC_2007_2009,PEP,legacy,ROC5_PASS,2009-08-21,2009-08-24,47.387,GREEN,89.705,82.94026,76.4987,2.1638858834918118,True,2009-08-17,45.886,3.271150241903853,False,,4.007428197606933,-3.460864794141849,4.007428197606933,-3.460864794141849,-1.7641969316479211,1.023487454365113,1.0424800050646832,1.5426171734864047,True,13.0,True,18.0,False,,ROC5_PASS
GFC_2007_2009,SLM,legacy,ROC5_PASS,2009-08-21,2009-08-24,2.8841,GREEN,89.705,82.94026,76.4987,2.1638858834918118,True,2009-08-18,2.6776,7.712130265909778,False,,11.362296730349165,-7.728580839776711,11.362296730349165,-7.728580839776711,1.1372698588814512,-1.1372698588814512,-1.4770639020838416,0.45421448632156913,True,0.0,True,0.0,True,0.0,ROC5_PASS
GFC_2007_2009,CMA,legacy,ROC5_PASS,2009-09-08,2009-09-09,23.312,GREEN,89.678,84.96314000000001,77.12260500000001,0.4682948689222366,True,2009-09-02,21.978,6.069706069706071,False,,22.3232669869595,-0.9565888812628764,22.3232669869595,-0.9565888812628764,20.521619766643774,13.134866163349335,14.018531228551812,16.909746053534658,True,0.0,True,0.0,True,1.0,ROC5_PASS
GFC_2007_2009,NUE,legacy,ROC5_PASS,2009-09-08,2009-09-09,36.569,GREEN,89.678,84.96314000000001,77.12260500000001,0.4682948689222366,True,2009-09-02,34.591,5.718250411956882,False,,12.31370833219394,-3.029888703546735,12.31370833219394,-3.029888703546735,5.786321747928569,7.23563674150236,3.3662391643194844,-0.41565260193060505,True,1.0,True,1.0,True,2.0,ROC5_PASS
GFC_2007_2009,SWK,legacy,ROC5_PASS,2009-09-08,2009-09-09,35.004,GREEN,89.678,84.96314000000001,77.12260500000001,0.4682948689222366,True,2009-09-02,33.905,3.241409821560226,False,,6.336418695006296,-1.34841732373443,6.336418695006296,-1.34841732373443,4.070963318477894,4.242372300308528,4.710890183978966,3.8281339275511472,True,5.0,True,5.0,True,7.0,ROC5_PASS
GFC_2007_2009,KMB,legacy,ROC5_PASS,2009-09-11,2009-09-14,46.503,GREEN,91.271,85.59573999999999,77.441835,4.09320042882233,True,2009-09-04,45.881,1.3556810008500175,True,2.0,2.789067371997489,-2.0944885276218628,0.23869427778853147,-1.6127991742468262,-1.4085112788422283,0.2558974689804927,0.030105584585937706,2.072984538631917,False,,False,,False,,ROC5_PASS
GFC_2007_2009,SHW,legacy,ROC5_PASS,2009-09-14,2009-09-15,55.16,GREEN,91.718,85.86532000000001,77.52731,3.1559294583408226,True,2009-09-11,53.842,2.447903123955264,False,,5.928208846990568,-2.1573604060913687,5.928208846990568,-2.1573604060913687,2.1374184191443213,0.6870920957215532,0.1522842639593902,5.681653372008699,True,1.0,True,2.0,True,20.0,ROC5_PASS
GFC_2007_2009,WMT,legacy,ROC5_PASS,2009-10-07,2009-10-08,42.102,GREEN,92.167,89.5651,78.799955,0.19785834646952605,True,2009-09-28,41.42,1.6465475615644598,False,,4.985511377131746,-0.26364543252100914,4.985511377131746,-0.26364543252100914,2.8668471806565066,1.9167735499501237,1.7576362168068016,3.5342739062277584,True,3.0,True,6.0,False,,ROC5_PASS
GFC_2007_2009,BCR,legacy,ROC5_PASS,2009-10-08,2009-10-09,74.876,GREEN,92.872,89.72116,78.8851,3.5004624934526607,True,2009-09-23,73.299,2.1514618207615355,True,5.0,1.3088305999251926,-5.055024306854017,0.5889737699663389,-2.2957957155831044,-2.2330252684438445,-1.526523852769912,-3.6700678455045765,0.5889737699663389,False,,False,,False,,ROC5_PASS
GFC_2007_2009,BDX,legacy,ROC5_PASS,2009-10-08,2009-10-09,60.071,GREEN,92.872,89.72116,78.8851,3.5004624934526607,True,2009-10-05,58.63,2.457786116322702,True,13.0,3.7538912287127024,-3.2161941702318786,1.5614855754024548,-2.7051322601588157,1.2551813687136981,-1.316775149406535,-0.059929083917364956,3.1296299379068193,False,,False,,False,,ROC5_PASS
GFC_2007_2009,CLX,legacy,ROC5_PASS,2009-10-08,2009-10-09,48.301,GREEN,92.872,89.72116,78.8851,3.5004624934526607,True,2009-10-05,46.154,4.6518178272739075,False,,2.867435456822842,-2.1386720771826684,2.867435456822842,-2.1386720771826684,-1.3726423883563599,0.2712159168547279,0.4223515041096526,1.6086623465352723,True,16.0,False,,False,,ROC5_PASS
GFC_2007_2009,FHN,legacy,ROC5_PASS,2009-10-09,2009-10-12,12.005,GREEN,93.437,89.87078,78.976995,4.647933069763788,True,2009-10-01,11.258,6.6352815775448715,True,10.0,8.74635568513118,-12.927946688879643,8.74635568513118,-7.246980424823002,2.1074552269887414,-6.29737609329446,-10.73719283631821,-3.7067888379841762,True,2.0,True,2.0,True,4.0,ROC5_PASS
GFC_2007_2009,NUE,legacy,ROC5_PASS,2009-10-14,2009-10-15,36.594,GREEN,95.217,90.29724,79.25444499999999,3.309210454935063,True,2009-10-01,35.461,3.1950593609881395,True,7.0,3.2710280373831724,-15.915177351478393,3.2710280373831724,-5.00628518336339,-2.92397660818714,-9.359457834617713,-12.586762857299016,-10.769525058752805,True,4.0,True,4.0,False,,ROC5_PASS
GFC_2007_2009,AVY,legacy,ROC5_PASS,2009-11-04,2009-11-05,30.701,GREEN,91.403,91.90405999999999,80.488235,0.49034158998209065,True,2009-10-30,29.59,3.754646840148701,False,,9.087651868017321,-0.736132373538323,9.087651868017321,-0.736132373538323,5.1594410605517504,4.374450343636993,2.4364027230383334,5.863001205172469,True,0.0,True,2.0,True,2.0,ROC5_PASS
GFC_2007_2009,CTL,legacy,ROC5_PASS,2009-11-04,2009-11-05,21.331,GREEN,91.403,91.90405999999999,80.488235,0.49034158998209065,True,2009-11-03,20.568,3.709646052119786,False,,9.65261825512167,-0.037504102011154394,9.65261825512167,-0.037504102011154394,2.123669776381787,3.8629225071492357,8.386854812245105,8.485303080024376,True,0.0,True,0.0,True,11.0,ROC5_PASS
GFC_2007_2009,JCI,legacy,ROC5_PASS,2009-11-04,2009-11-05,14.55,GREEN,91.403,91.90405999999999,80.488235,0.49034158998209065,True,2009-10-28,14.101,3.1841713353662815,False,,9.828178694158062,-0.4398625429553271,9.828178694158062,-0.4398625429553271,4.646048109965628,7.7044673539518715,5.92439862542955,4.9140893470790425,True,2.0,True,2.0,True,5.0,ROC5_PASS
GFC_2007_2009,BAC,legacy,ROC5_PASS,2009-11-05,2009-11-06,14.084,GREEN,93.085,91.96817999999999,80.59322,0.18943267067774716,True,2009-10-23,13.312,5.799278846153855,False,,12.042033513206473,-0.6461232604373701,12.042033513206473,-0.6461232604373701,6.9653507526270975,7.703777335984108,6.106219823913661,6.368929281454139,True,0.0,True,1.0,True,1.0,ROC5_PASS
GFC_2007_2009,JNJ,legacy,ROC5_PASS,2009-11-05,2009-11-06,48.782,GREEN,93.085,91.96817999999999,80.59322,0.18943267067774716,True,2009-10-27,47.838,1.9733266440904673,False,,8.909023820261574,-0.6190808084949317,8.909023820261574,-0.6190808084949317,2.4906727891435443,3.9522774793981474,4.841949899553111,7.394120782255764,True,2.0,True,6.0,True,11.0,ROC5_PASS
GFC_2007_2009,MMM,legacy,ROC5_PASS,2009-11-05,2009-11-06,63.606,GREEN,93.085,91.96817999999999,80.59322,0.18943267067774716,True,2009-10-30,62.134,2.369073293205015,False,,5.700720057856179,-0.25469295349495047,5.700720057856179,-0.25469295349495047,3.2701317485771764,2.361412445366784,3.430493978555482,4.05622111121593,True,1.0,True,1.0,True,3.0,ROC5_PASS
GFC_2007_2009,PEP,legacy,ROC5_PASS,2009-11-05,2009-11-06,50.097,GREEN,93.085,91.96817999999999,80.59322,0.18943267067774716,True,2009-11-03,48.972,2.297231070815986,False,,5.7268898337225815,-0.3253687845579667,5.7268898337225815,-0.3253687845579667,1.564963969898403,1.7905263788250858,2.0180849152643843,5.313691438609092,True,1.0,True,2.0,True,20.0,ROC5_PASS
GFC_2007_2009,VFC,legacy,ROC5_PASS,2009-11-05,2009-11-06,15.708,GREEN,93.085,91.96817999999999,80.59322,0.18943267067774716,True,2009-10-29,14.938,5.154639175257736,False,,4.679144385026746,-3.692386045327223,4.679144385026746,-3.692386045327223,0.9103641456582601,-1.8143621084797612,-1.4769544181308825,-2.2536287242169606,True,1.0,True,1.0,False,,ROC5_PASS
GFC_2007_2009,GE,legacy,ROC5_PASS,2009-11-06,2009-11-09,12.64,GREEN,93.325,92.03310000000002,80.69783000000001,3.4427337922167345,True,2009-10-23,11.392,10.955056179775301,False,,5.023734177215178,-2.547468354430382,5.023734177215178,-2.547468354430382,1.8987341772152,2.033227848101271,2.990506329113929,0.13449367088607111,True,5.0,True,5.0,True,18.0,ROC5_PASS
GFC_2007_2009,PGR,legacy,ROC5_PASS,2009-11-06,2009-11-09,12.536,GREEN,93.325,92.03310000000002,80.69783000000001,3.4427337922167345,True,2009-11-03,12.221,2.5775304803207444,False,,6.932035737077213,-0.5504148053605551,6.932035737077213,-0.5504148053605551,5.089342693044041,4.961710274409703,2.8876834716017985,2.75207402680282,True,0.0,True,2.0,True,2.0,ROC5_PASS
GFC_2007_2009,SHW,legacy,ROC5_PASS,2009-11-06,2009-11-09,55.26,GREEN,93.325,92.03310000000002,80.69783000000001,3.4427337922167345,True,2009-10-22,51.833,6.61161808114521,False,,5.025334781035107,-1.48389431777054,5.025334781035107,-1.48389431777054,1.735432500904821,0.903003981179884,3.7242128121606877,2.756062251176261,True,5.0,True,12.0,True,16.0,ROC5_PASS
GFC_2007_2009,USB,legacy,ROC5_PASS,2009-11-06,2009-11-09,20.488,GREEN,93.325,92.03310000000002,80.69783000000001,3.4427337922167345,True,2009-11-04,19.726,3.862922031836158,True,13.0,4.221983600156198,-5.061499414291292,4.221983600156198,-4.846739554861379,-2.2549785240140507,-1.53748535728232,1.7522452167122227,-3.9193674345958662,True,0.0,True,2.0,False,,ROC5_PASS
GFC_2007_2009,BBT,legacy,ROC5_PASS,2009-11-09,2009-11-10,20.838,GREEN,95.447,92.14081999999999,80.81056000000001,5.024152463111098,True,2009-10-23,19.751,5.503518809174213,False,,6.555331605720327,-3.186486227085139,6.555331605720327,-3.186486227085139,-0.6046645551396557,0.07678280065264165,4.515788463384207,3.124100201554847,True,1.0,True,15.0,True,15.0,ROC5_PASS
GFC_2007_2009,CB,legacy,ROC5_PASS,2009-11-09,2009-11-10,44.853,GREEN,95.447,92.14081999999999,80.81056000000001,5.024152463111098,True,2009-10-27,43.069,4.142190438598514,True,7.0,0.42137649655540343,-9.14543062894344,0.42137649655540343,-5.297304528125224,-2.6129801796981322,-5.6049762557688565,-5.413238802309772,-5.8279267830468555,False,,False,,False,,ROC5_PASS
GFC_2007_2009,FITB,legacy,ROC5_PASS,2009-11-09,2009-11-10,8.2071,GREEN,95.447,92.14081999999999,80.81056000000001,5.024152463111098,True,2009-10-28,7.404,10.846839546191255,False,,12.141925893433726,-4.22317261883004,12.141925893433726,-4.22317261883004,1.9592791607266902,3.088788975399326,8.230678315117391,5.976532514530097,True,4.0,True,4.0,True,14.0,ROC5_PASS
GFC_2007_2009,LEG,legacy,ROC5_PASS,2009-11-09,2009-11-10,15.242,GREEN,95.447,92.14081999999999,80.81056000000001,5.024152463111098,True,2009-11-02,14.905,2.2609862462261043,False,,3.7396667104054426,-1.8960766303634746,3.7396667104054426,-1.8960766303634746,3.063902375016392,1.3187245768271794,2.657131610024921,2.3028473953549344,True,1.0,True,1.0,False,,ROC5_PASS
GFC_2007_2009,MTB,legacy,ROC5_PASS,2009-11-09,2009-11-10,54.17,GREEN,95.447,92.14081999999999,80.81056000000001,5.024152463111098,True,2009-10-30,50.603,7.048989190364208,False,,4.336348532397993,-5.305519660328595,4.336348532397993,-5.305519660328595,-1.7611223924681618,2.739523721617143,1.223924681558053,-1.0688573010891655,True,8.0,True,9.0,False,,ROC5_PASS
GFC_2007_2009,PFE,legacy,ROC5_PASS,2009-11-09,2009-11-10,13.556,GREEN,95.447,92.14081999999999,80.81056000000001,5.024152463111098,True,2009-11-03,13.086,3.591624637016655,False,,9.634110357037473,-0.5163765122454866,9.634110357037473,-0.5163765122454866,3.5851283564473313,5.7096488639716725,8.195632930067864,5.318678076128647,True,0.0,True,2.0,True,6.0,ROC5_PASS
GFC_2007_2009,STT,legacy,ROC5_PASS,2009-11-09,2009-11-10,38.353,GREEN,95.447,92.14081999999999,80.81056000000001,5.024152463111098,True,2009-10-21,35.393,8.363235668069958,False,,0.48236122337235177,-8.81808463483953,0.48236122337235177,-8.81808463483953,-3.856282429014679,-4.54983964748521,-1.1498448622011326,-5.835267123823429,False,,False,,False,,ROC5_PASS
GFC_2007_2009,CMA,legacy,ROC5_PASS,2009-11-10,2009-11-11,25.22,GREEN,95.467,92.26496000000002,80.91969999999999,4.715470340470329,True,2009-10-28,23.735,6.256583105119029,False,,4.940523394131646,-3.271213322759714,4.940523394131646,-3.271213322759714,3.4853291038858147,2.0618556701030855,-1.740681998413962,-0.2180808881839802,True,0.0,True,0.0,False,,ROC5_PASS
GFC_2007_2009,SWK,legacy,ROC5_PASS,2009-12-02,2009-12-03,42.655,GREEN,96.905,93.87411999999999,82.673235,0.20059765693665188,True,2009-12-01,41.845,1.9357151392042082,True,0.0,7.52080647051927,-3.4087445785957127,0.9635447192591684,-2.175594889227528,-0.14535224475441533,2.37017934591488,6.937053100457158,6.097761106552579,False,,False,,False,,ROC5_PASS
GFC_2007_2009,TGT,legacy,ROC5_PASS,2009-12-02,2009-12-03,38.882,GREEN,96.905,93.87411999999999,82.673235,0.20059765693665188,True,2009-11-19,37.98,2.3749341758820375,True,1.0,5.174630934622715,-4.189599300447499,0.35749189856488783,-4.058433208168289,-2.319839514428268,0.8873000360063665,3.325446221902162,3.117123604752847,False,,False,,False,,ROC5_PASS
GFC_2007_2009,SVU,legacy,ROC5_PASS,2009-12-04,2009-12-07,94.129,GREEN,96.73,94.05239999999999,82.959955,1.3442014940228564,True,2009-11-16,89.124,5.615771284951321,True,1.0,1.3088421209191736,-14.42700974194987,1.3088421209191736,-9.593217818100698,-8.693388859968776,-12.62735182568604,-12.835576708559538,-11.177214248531275,False,,False,,False,,ROC5_PASS
GFC_2007_2009,MCD,legacy,ROC5_PASS,2009-12-11,2009-12-14,50.399,GREEN,96.809,94.52102000000001,83.71659000000001,0.0816706295875047,True,2009-12-04,48.61,3.6803126928615537,False,,2.682592908589454,-1.9107521974642383,2.682592908589454,-1.9107521974642383,0.6607273953848303,2.1528204924700978,-1.2857397964245343,0.5396932478819005,True,7.0,False,,False,,ROC5_PASS
GFC_2007_2009,VFC,legacy,ROC5_PASS,2009-12-11,2009-12-14,15.727,GREEN,96.809,94.52102000000001,83.71659000000001,0.0816706295875047,True,2009-12-09,15.049,4.505282743039407,False,,3.0457175557957683,-3.3700006358491796,3.0457175557957683,-3.3700006358491796,-1.4688115978889749,0.32428308005341133,0.7884529789534023,1.6722833343930876,True,16.0,True,18.0,False,,ROC5_PASS
GFC_2007_2009,BAC,legacy,ROC5_PASS,2009-12-14,2009-12-15,14.566,GREEN,97.447,94.68421999999998,83.89630500000001,0.9018803843605205,True,2009-12-10,14.227,2.382793280382378,True,2.0,11.190443498558288,-3.995606206233704,0.3913222573115327,-3.995606206233704,-0.7757792118632478,-2.464643690786761,9.577097349993124,8.856240560208706,False,,False,,False,,ROC5_PASS
GFC_2007_2009,LLY,legacy,ROC5_PASS,2009-12-15,2009-12-16,28.23,GREEN,96.993,94.81172000000001,84.076055,1.5824972246077706,True,2009-12-14,27.578,2.364203350496785,True,15.0,2.061636556854407,-3.0712008501594057,2.061636556854407,-3.0712008501594057,0.0,-0.6376195536663132,-2.624867162592981,-0.340063761955367,True,4.0,False,,False,,ROC5_PASS
GFC_2007_2009,ADP,legacy,ROC5_PASS,2009-12-22,2009-12-23,31.694,GREEN,97.32,95.19619999999999,84.96978500000002,0.33713773158887683,True,2009-12-17,30.993,2.2618010518504095,True,19.0,1.438758124566153,-4.335205401653308,1.438758124566153,-4.243705433205025,-0.2397930207610255,-1.1642582192213036,-1.5239477503628418,-3.8461538461538436,False,,False,,False,,ROC5_PASS
GFC_2007_2009,AVY,legacy,ROC5_PASS,2009-12-22,2009-12-23,31.008,GREEN,97.32,95.19619999999999,84.96978500000002,0.33713773158887683,True,2009-12-17,30.165,2.7946295375435026,False,,8.262383900928793,-2.231682146542824,8.262383900928793,-2.231682146542824,-1.8027605779153633,2.4509803921568762,6.25,3.82481940144479,True,7.0,True,7.0,True,11.0,ROC5_PASS
GFC_2007_2009,CTL,legacy,ROC5_PASS,2009-12-22,2009-12-23,22.906,GREEN,97.32,95.19619999999999,84.96978500000002,0.33713773158887683,True,2009-12-18,22.288,2.7727925340990556,True,9.0,2.868244128176034,-5.5924211996856705,2.868244128176034,-3.1782065834279116,0.6592159259582564,-3.1520125731249404,-2.5015279839343374,-3.3441019820134366,True,3.0,False,,False,,ROC5_PASS
GFC_2007_2009,PEP,legacy,ROC5_PASS,2009-12-22,2009-12-23,50.001,GREEN,97.32,95.19619999999999,84.96978500000002,0.33713773158887683,True,2009-12-14,48.275,3.5753495598135565,False,,3.367932641347182,-1.2999740005199878,3.367932641347182,-1.2999740005199878,-0.11799764004719604,-0.16599668006639368,2.3359532809343886,-1.0519789604207852,True,7.0,True,14.0,False,,ROC5_PASS
GFC_2007_2009,PPG,legacy,ROC5_PASS,2009-12-23,2009-12-24,26.446,GREEN,97.525,95.27446,85.141,0.4015030627477323,True,2009-12-18,25.688,2.9507941451261344,False,,8.273462905543362,-1.436890266959101,8.273462905543362,-1.436890266959101,2.1023973379717065,3.924979202904022,8.224306133252647,1.0398547984572293,True,5.0,True,6.0,True,13.0,ROC5_PASS
