window,ticker,data_source,signal_type,signal_date,entry_date,entry_open,regime,spy_close,spy_ma50,spy_ma200,spy_roc5_pct,spy_roc5_pass,swing_start,swing_low,swing_distance_pct,stop_hit_20d,days_to_stop,mfe_20d_pct,mae_20d_pct,mfe_before_stop_pct,mae_before_stop_pct,ret_5d_pct,ret_10d_pct,ret_15d_pct,ret_20d_pct,hit_2pct_before_stop,days_to_2pct,hit_3pct_before_stop,days_to_3pct,hit_5pct_before_stop,days_to_5pct,roc5_group
BEAR_2022,ED,yfinance,ROC5_FAIL,2022-01-24,2022-01-25,69.67709399811079,GREEN,413.8538513183594,436.6819873046875,413.57709701538084,-5.353774141267342,False,2022-01-20,68.62345975963838,1.535384899220893,False,,7.782167056734135,-0.6884575697809536,7.782167056734135,-0.6884575697809536,5.790522028097178,6.2454031358258,0.9855330532970941,4.758857413382711,True,2.0,True,3.0,True,4.0,ROC5_FAIL
BEAR_2022,LOW,yfinance,ROC5_FAIL,2022-01-25,2022-01-26,212.55732578811873,YELLOW,408.8011169433594,436.1611639404297,413.7037185668945,-4.823760902328722,False,2022-01-19,201.26041029801905,5.613083801911967,True,18.0,3.504484463690316,-11.317517702517833,3.504484463690316,-9.373921311127775,2.8164872792608486,0.4730104449603756,-2.3864835490986502,-8.234443523141188,True,3.0,True,5.0,False,,ROC5_FAIL
BEAR_2022,O,yfinance,ROC5_FAIL,2022-01-25,2022-01-26,54.57356215835114,YELLOW,408.8011169433594,436.1611639404297,413.7037185668945,-4.823760902328722,False,2022-01-20,51.71038671281361,5.536944562876478,True,19.0,1.2824748753005988,-7.569956860505311,1.2824748753005988,-5.6750733557267115,0.964258702026255,-0.8293777762361065,-2.4494523146884495,-4.908439852264457,False,,False,,False,,ROC5_FAIL
BEAR_2022,FRT,yfinance,ROC5_FAIL,2022-01-26,2022-01-27,102.3995966946343,YELLOW,407.7755432128906,435.5541943359375,413.8195297241211,-4.066411484929966,False,2022-01-19,97.21156712725657,5.336843876394104,True,18.0,2.90777429064748,-8.900494949943027,2.90777429064748,-6.814340238670102,0.4027431826230776,-0.1208186285667101,-4.639546502516245,-3.0608144102101886,True,2.0,False,,False,,ROC5_FAIL
BEAR_2022,WST,yfinance,ROC5_FAIL,2022-01-26,2022-01-27,378.3264274167572,YELLOW,407.7755432128906,435.5541943359375,413.8195297241211,-4.066411484929966,False,2022-01-05,356.0208263560753,6.265251751978385,True,18.0,6.788876833177371,-8.833370558467891,6.788876833177371,-6.734023598248484,5.005482033617836,4.326600066498787,1.1279795288670957,0.9112738808038312,True,1.0,True,2.0,True,4.0,ROC5_FAIL
BEAR_2022,KMB,yfinance,ROC5_FAIL,2022-02-15,2022-02-16,110.2642416906226,GREEN,419.7439880371094,431.6576202392578,416.13423248291014,-1.073298926391797,False,2022-02-08,109.01333860536955,1.147477089736082,True,5.0,1.6217284943204513,-9.869227316589502,1.6217284943204513,-3.327253498139693,-2.10903673071815,-0.4735680878305115,-7.971654228852021,-6.780882052384774,False,,False,,False,,ROC5_FAIL
BEAR_2022,DOV,yfinance,ROC5_FAIL,2022-02-16,2022-02-17,152.53988392283867,GREEN,420.2144470214844,431.45844970703126,416.29938232421875,-2.391037626441783,False,2022-02-15,151.45246896203625,0.7179909104519044,True,0.0,0.5268973506914465,-9.397240668634787,0.5268973506914465,-1.3079596544468886,-1.107466755233233,-6.132317657359043,-6.325098309376099,-0.952007845260372,False,,False,,False,,ROC5_FAIL
BEAR_2022,GPC,yfinance,ROC5_FAIL,2022-02-16,2022-02-17,114.44299398744478,GREEN,420.2144470214844,431.45844970703126,416.29938232421875,-2.391037626441783,False,2022-02-14,110.58082000517068,3.492625558477047,True,2.0,2.7611525616694665,-11.31308885117621,2.7611525616694665,-5.867471166289717,-5.307557770914562,-5.2963513075390605,-5.991612028475702,-0.3444544708963826,True,0.0,False,,False,,ROC5_FAIL
BEAR_2022,CL,yfinance,ROC5_FAIL,2022-02-18,2022-02-22,71.25402162410306,YELLOW,408.5753173828125,430.26862182617185,416.5099290466309,-1.4144260217334281,False,2022-02-10,69.4762529015122,2.5588149163872975,True,2.0,0.5544385559755893,-9.022190715952249,0.5544385559755893,-4.914300545647887,-4.183489564138543,-5.657758735583329,-4.876510000578849,-6.123998181296764,False,,False,,False,,ROC5_FAIL
BEAR_2022,PEP,yfinance,ROC5_FAIL,2022-02-22,2022-02-23,146.3259888131334,YELLOW,404.1906433105469,429.6072058105469,416.5646836853027,-2.152508739734693,False,2022-02-14,142.3633276372179,2.783484512256895,True,1.0,0.0,-8.716441442476642,0.0,-5.221131980465898,-2.7199409651246564,-6.317852038735394,-4.94891354105892,-2.6991059372569848,False,,False,,False,,ROC5_FAIL
BEAR_2022,ESS,yfinance,ROC5_FAIL,2022-02-24,2022-02-25,269.2966079017338,YELLOW,402.9956359863281,428.0306317138672,416.68868270874026,-4.097624714524839,False,2022-02-14,259.3852338466905,3.821101883116995,False,,9.27801820629519,-1.6754917299482308,9.27801820629519,-1.6754917299482308,6.727117115560666,5.431253939502656,7.182076135850823,7.150696916303079,True,3.0,True,3.0,True,5.0,ROC5_FAIL
BEAR_2022,MCD,yfinance,ROC5_FAIL,2022-03-14,2022-03-15,206.63158302063667,YELLOW,392.36322021484375,418.92803771972655,417.6699151611328,-0.5793666056778557,False,2022-03-02,197.29610317872485,4.731710201825456,False,,12.062468725117292,0.0,12.062468725117292,0.0,4.447763553738859,8.856059885770273,9.005190643330408,9.294701480178414,True,0.0,True,1.0,True,4.0,ROC5_FAIL
BULL_2013_2014,AFL,legacy,ROC5_FAIL,2013-02-20,2013-02-21,44.66,GREEN,137.62,133.69899999999998,127.00555,-0.43409058023440306,False,2013-02-11,43.172,3.4466784026683905,False,,4.236453201970458,-2.648902821316612,4.236453201970458,-2.648902821316612,0.23958799820871235,3.490819525302302,1.6636811464397772,2.4697716077026532,True,8.0,True,9.0,False,,ROC5_FAIL
BULL_2013_2014,MHFI,legacy,ROC5_FAIL,2013-02-20,2013-02-21,42.541,GREEN,137.62,133.69899999999998,127.00555,-0.43409058023440306,False,2013-02-06,39.241,8.409571621518296,False,,9.595449096166053,-0.8932559178204458,9.595449096166053,-0.8932559178204458,2.689170447333167,5.291365976352247,7.811287933993083,7.193060811922614,True,2.0,True,2.0,True,8.0,ROC5_FAIL
BULL_2013_2014,HCP,legacy,ROC5_FAIL,2013-03-22,2013-03-25,38.116,GREEN,142.1,138.00979999999998,129.31210000000002,-0.14054813773718422,False,2013-03-20,37.464,1.7403373905616082,False,,8.21439815300662,-0.650645398257943,8.21439815300662,-0.650645398257943,2.641935145345786,5.142197502361223,6.72158673522929,7.891699024031906,True,4.0,True,5.0,True,10.0,ROC5_FAIL
BULL_2013_2014,CAH,legacy,ROC5_FAIL,2013-04-04,2013-04-05,38.504,GREEN,142.33,139.3324,130.29385,-0.21733034212000346,False,2013-03-20,37.486,2.715680520727748,False,,10.76771244546022,-0.4259297735300094,10.76771244546022,-0.4259297735300094,2.3685850820693855,1.8985040515271168,4.054124246831492,9.749636401412864,True,3.0,True,4.0,True,13.0,ROC5_FAIL
BULL_2013_2014,DOV,legacy,ROC5_FAIL,2013-04-05,2013-04-08,54.401,GREEN,141.7,139.4502,130.40009999999998,-0.964495387195996,False,2013-04-02,52.948,2.744201858427142,True,7.0,3.477877244903582,-6.643260234186876,3.477877244903582,-4.095512950129598,-2.463190014889438,-5.8785684086689605,-3.5293468870057576,-0.37131670373706793,True,2.0,True,3.0,False,,ROC5_FAIL
BULL_2013_2014,EMR,legacy,ROC5_FAIL,2013-04-05,2013-04-08,48.211,GREEN,141.7,139.4502,130.40009999999998,-0.964495387195996,False,2013-04-02,47.371,1.7732367904413904,True,5.0,3.611209060172982,-4.631723050756042,3.0553193254651445,-3.741884632137893,-3.741884632137893,-3.3747485013793432,-0.6492294289684786,2.930866399784282,True,1.0,True,3.0,False,,ROC5_FAIL
BULL_2013_2014,XOM,legacy,ROC5_FAIL,2013-04-19,2013-04-22,74.516,GREEN,141.99,140.735,131.5526,-2.0893669838642936,False,2013-04-16,72.314,3.045053516608154,False,,6.53014117773365,-0.3623382897632865,6.53014117773365,-0.3623382897632865,0.6830747758870492,3.391217993451079,3.5549412206774322,6.33689408985989,True,1.0,True,10.0,True,13.0,ROC5_FAIL
BULL_2013_2014,KMB,legacy,ROC5_FAIL,2013-05-24,2013-05-28,90.723,GREEN,150.97,145.3918,134.77800000000002,-0.97081010167267,False,2013-05-22,87.961,3.1400279669398845,True,1.0,0.34059720247345826,-9.321781687113518,0.34059720247345826,-4.637192332705043,-6.410722749468167,-5.269887459629874,-3.8270339384720464,-7.5416377324383,False,,False,,False,,ROC5_FAIL
BULL_2013_2014,WMT,legacy,ROC5_FAIL,2013-05-28,2013-05-29,68.824,GREEN,151.88,145.5834,134.90735,-0.3673576489110486,False,2013-05-21,68.019,1.183492847586698,True,1.0,0.0,-5.387655469022434,0.0,-1.8685342322445675,-2.3393002441008948,-2.866732535162153,-3.3636522143438263,-2.6458793444147366,False,,False,,False,,ROC5_FAIL
BULL_2013_2014,KO,legacy,ROC5_FAIL,2013-06-04,2013-06-05,35.981,GREEN,149.39,146.4452,135.50424999999998,-1.639452199104563,False,2013-05-30,34.444,4.462315642782477,True,11.0,0.8032016897807193,-5.222200605875338,0.8032016897807193,-5.222200605875338,-1.7675995664378497,-1.7147939190128247,-1.9093410411050393,-1.5202467969206102,False,,False,,False,,ROC5_FAIL
BULL_2013_2014,MCD,legacy,ROC5_FAIL,2013-06-04,2013-06-05,85.827,GREEN,149.39,146.4452,135.50424999999998,-1.639452199104563,False,2013-05-31,84.456,1.6233304916169367,True,0.0,2.4747457093921454,-3.0305148729420806,0.027963228354721537,-2.0518018805271043,0.10952264438930381,0.6885944982348402,0.7223833991634399,2.2603609586726803,False,,False,,False,,ROC5_FAIL
BULL_2013_2014,PEP,legacy,ROC5_FAIL,2013-06-04,2013-06-05,71.712,GREEN,149.39,146.4452,135.50424999999998,-1.639452199104563,False,2013-05-30,70.19,2.1684000569881734,True,11.0,2.8405287817938385,-3.3285921463632295,2.8405287817938385,-2.6243864346274015,1.5060240963855387,0.0,0.5034024988844088,-0.1980142793395978,True,3.0,False,,False,,ROC5_FAIL
BULL_2013_2014,ADM,legacy,ROC5_FAIL,2013-06-05,2013-06-06,29.336,GREEN,147.28,146.5602,135.6079,-2.392471336735358,False,2013-05-31,28.608,2.5447427293064706,False,,7.482274338696482,-1.499863648759192,7.482274338696482,-1.499863648759192,2.0759476411235323,-0.3101990728115567,3.061085355876747,6.6334878647395845,True,4.0,True,8.0,True,17.0,ROC5_FAIL
BULL_2013_2014,BCR,legacy,ROC5_FAIL,2013-06-05,2013-06-06,101.81,GREEN,147.28,146.5602,135.6079,-2.392471336735358,False,2013-05-31,100.26,1.5459804508278552,False,,7.916707592574412,-1.0018662213927887,7.916707592574412,-1.0018662213927887,4.970042235536787,4.685197917689821,4.253020331990953,4.12533149985268,True,5.0,True,5.0,True,5.0,ROC5_FAIL
BULL_2013_2014,T,legacy,ROC5_FAIL,2013-06-05,2013-06-06,27.906,GREEN,147.28,146.5602,135.6079,-2.392471336735358,False,2013-05-28,27.409,1.8132730125141272,True,10.0,3.354117394108802,-3.16061062137174,3.354117394108802,-2.5263384218447538,3.0961083637927267,-2.429585035476234,1.2040421414749591,1.766645165914138,True,1.0,True,5.0,False,,ROC5_FAIL
BULL_2013_2014,GWW,legacy,ROC5_FAIL,2013-06-25,2013-06-26,234.39,GREEN,145.61,148.0578,137.10535,-3.817953629698112,False,2013-06-21,225.58,3.9054880751839605,False,,3.9762788514868586,-2.3763812449336563,3.9762788514868586,-2.3763812449336563,-0.7380860958231983,2.8414181492384616,2.3763812449336674,-0.635692649003794,True,8.0,True,10.0,False,,ROC5_FAIL
BULL_2013_2014,WMT,legacy,ROC5_FAIL,2013-06-25,2013-06-26,66.653,GREEN,145.61,148.0578,137.10535,-3.817953629698112,False,2013-06-20,65.116,2.3604029731556064,False,,5.4536179916882865,-0.7111457848859026,5.4536179916882865,-0.7111457848859026,0.18753844538130782,4.032826729479533,3.642746763086424,4.542931300916675,True,7.0,True,8.0,True,18.0,ROC5_FAIL
BULL_2013_2014,CVX,legacy,ROC5_FAIL,2013-06-26,2013-06-27,100.06,GREEN,147.02,148.12300000000002,137.195,-1.5139335476956006,False,2013-06-21,97.96,2.1437321355655348,False,,7.8852688386967795,-0.4097541475114874,7.8852688386967795,-0.4097541475114874,1.6889866080351812,4.687187687387562,7.085748550869475,7.645412752348579,True,6.0,True,6.0,True,8.0,ROC5_FAIL
BULL_2013_2014,EMR,legacy,ROC5_FAIL,2013-06-26,2013-06-27,48.637,GREEN,147.02,148.12300000000002,137.195,-1.5139335476956006,False,2013-06-21,46.586,4.402610226248238,False,,9.287168205275819,-2.370623188107812,9.287168205275819,-2.370623188107812,1.1801714743919112,2.596788453235188,5.43002241092172,7.22289614902234,True,6.0,True,7.0,True,15.0,ROC5_FAIL
BULL_2013_2014,LOW,legacy,ROC5_FAIL,2013-06-26,2013-06-27,37.768,GREEN,147.02,148.12300000000002,137.195,-1.5139335476956006,False,2013-06-21,36.028,4.829576995670037,False,,11.623596695615346,-0.14827367083244392,11.623596695615346,-0.14827367083244392,4.98305443761915,7.561957212454984,8.644884558356281,8.345689472569372,True,3.0,True,3.0,True,3.0,ROC5_FAIL
BULL_2013_2014,TROW,legacy,ROC5_FAIL,2013-06-26,2013-06-27,64.181,GREEN,147.02,148.12300000000002,137.195,-1.5139335476956006,False,2013-06-24,61.145,4.965246545097712,False,,9.124195634221977,-1.4848631214845476,9.124195634221977,-1.4848631214845476,2.4742525046353325,5.30375033109487,7.6564715414219275,3.6724264190336697,True,5.0,True,6.0,True,9.0,ROC5_FAIL
BULL_2013_2014,XOM,legacy,ROC5_FAIL,2013-06-26,2013-06-27,77.286,GREEN,147.02,148.12300000000002,137.195,-1.5139335476956006,False,2013-06-24,75.383,2.5244418502845534,False,,5.813472038920375,-0.3118287917604712,5.813472038920375,-0.3118287917604712,1.4724529669021713,3.4999870610459727,5.460238594312039,5.039722588825923,True,6.0,True,7.0,True,14.0,ROC5_FAIL
BULL_2013_2014,MCD,legacy,ROC5_FAIL,2013-07-29,2013-07-30,85.711,GREEN,154.78,150.79840000000002,139.57299999999998,-0.5461671914155364,False,2013-07-23,84.224,1.7655300151975695,True,11.0,1.4688896407695662,-4.071822753205534,1.4688896407695662,-2.4069255988146243,0.7046936799244063,-1.579727222876881,-2.5504310998588187,-3.2224568608463344,False,,False,,False,,ROC5_FAIL
BULL_2013_2014,CB,legacy,ROC5_FAIL,2013-08-14,2013-08-15,80.874,GREEN,154.92,151.88379999999998,141.1308,-0.2575328354365247,False,2013-07-31,80.343,0.6609163212725422,True,2.0,2.8909167346736986,-2.8241462027351116,0.974355169770269,-0.8766723545267863,1.0720379850137407,-1.5357222345871224,-1.6136211885154572,2.268961594579233,False,,False,,False,,ROC5_FAIL
BULL_2013_2014,APD,legacy,ROC5_FAIL,2013-08-21,2013-08-22,91.503,GREEN,151.09,152.15540000000001,141.72969999999998,-2.4722437387038387,False,2013-08-14,89.381,2.3741063536993234,False,,9.067462268996639,-0.9639028228582758,9.067462268996639,-0.9639028228582758,0.3038151754587437,0.8491524868037059,3.9539687223369757,6.289411276133028,True,2.0,True,11.0,True,16.0,ROC5_FAIL
BULL_2013_2014,BDX,legacy,ROC5_FAIL,2013-08-22,2013-08-23,91.956,GREEN,152.45,152.2498,141.8517,-0.20293270489657456,False,2013-08-05,90.248,1.8925627160712777,False,,4.5913262864848425,-2.258688938187825,4.5913262864848425,-2.258688938187825,-1.0929140023489547,1.2777850276219027,2.3043629561964485,3.477750228370091,True,11.0,True,17.0,False,,ROC5_FAIL
BULL_2013_2014,BF-B,legacy,ROC5_FAIL,2013-08-22,2013-08-23,33.501,GREEN,152.45,152.2498,141.8517,-0.20293270489657456,False,2013-08-14,32.472,3.1688839615668707,True,3.0,2.8417062177248598,-5.835646697113517,0.10148950777588706,-4.080475209695223,-5.017760663860771,-2.1372496343392777,0.271633682576633,-0.1223844064356161,False,,False,,False,,ROC5_FAIL
BULL_2013_2014,GPC,legacy,ROC5_FAIL,2013-08-22,2013-08-23,70.804,GREEN,152.45,152.2498,141.8517,-0.20293270489657456,False,2013-08-14,69.157,2.381537660685118,True,3.0,4.389582509462753,-3.5718320998813557,0.49291000508446814,-3.326083272131519,-2.5563527484323,1.5535845432461448,1.1355290661544615,2.6297949268402787,False,,False,,False,,ROC5_FAIL
BULL_2013_2014,MCD,legacy,ROC5_FAIL,2013-08-28,2013-08-29,84.333,GREEN,150.47,152.35479999999998,142.35825,-0.4103514461579194,False,2013-08-14,82.221,2.5686868318312683,False,,3.4909228890232846,-1.600796841094232,3.4909228890232846,-1.600796841094232,0.6367614101241648,1.7786631567713762,1.307910307945881,1.5343934165747752,True,9.0,True,13.0,False,,ROC5_FAIL
BULL_2013_2014,XOM,legacy,ROC5_FAIL,2013-08-28,2013-08-29,76.43,GREEN,150.47,152.35479999999998,142.35825,-0.4103514461579194,False,2013-08-06,74.499,2.591981100417473,False,,1.3999738322648003,-2.2818265079157407,1.3999738322648003,-2.2818265079157407,-1.5556718566008154,-0.2603689650660934,0.03270966897814809,-1.950804657856875,False,,False,,False,,ROC5_FAIL
BULL_2013_2014,CTAS,legacy,ROC5_FAIL,2013-08-30,2013-09-03,44.847,GREEN,150.24,152.4768,142.61710000000002,-1.7910838018041497,False,2013-08-29,44.345,1.1320329236667037,False,,8.161081008763116,-1.308894686378137,8.161081008763116,-1.308894686378137,3.0659798871719435,4.597854928980749,5.781880616317703,7.191116462639635,True,4.0,True,5.0,True,9.0,ROC5_FAIL
BULL_2013_2014,ED,legacy,ROC5_FAIL,2013-08-30,2013-09-03,48.236,GREEN,150.24,152.4768,142.61710000000002,-1.7910838018041497,False,2013-08-15,47.492,1.5665796344647598,True,0.0,1.451198275147192,-3.540923791359152,0.19487519694834088,-1.996434198523911,-1.0780330043950515,-2.1747242723277216,-0.4436520441164271,-2.3695994692760514,False,,False,,False,,ROC5_FAIL
BULL_2013_2014,SWK,legacy,ROC5_FAIL,2013-08-30,2013-09-03,79.06,GREEN,150.24,152.4768,142.61710000000002,-1.7910838018041497,False,2013-08-29,77.521,1.9852685078881827,False,,7.909182899063993,-0.987857323551744,7.909182899063993,-0.987857323551744,4.024791297748553,4.291677207184419,4.22210979003288,7.444978497343779,True,3.0,True,4.0,True,9.0,ROC5_FAIL
BULL_2013_2014,ADM,legacy,ROC5_FAIL,2013-09-03,2013-09-04,32.148,GREEN,150.92,152.5744,142.7582,-0.9646302250803873,False,2013-08-21,30.841,4.2378651794688915,False,,4.908547965658805,-0.6159014557670872,4.908547965658805,-0.6159014557670872,1.3189000870971634,4.065571730745288,2.8337688192111354,4.261540375762096,True,4.0,True,8.0,False,,ROC5_FAIL
BULL_2013_2014,CLX,legacy,ROC5_FAIL,2013-09-03,2013-09-04,73.505,GREEN,150.92,152.5744,142.7582,-0.9646302250803873,False,2013-08-27,72.561,1.3009743526136486,False,,2.8678321202639356,-1.6339024556152548,2.8678321202639356,-1.6339024556152548,1.4760900619005701,2.1998503503163125,-0.5224134412625037,0.09387116522685535,True,7.0,False,,False,,ROC5_FAIL
BULL_2013_2014,HRL,legacy,ROC5_FAIL,2013-09-03,2013-09-04,19.156,GREEN,150.92,152.5744,142.7582,-0.9646302250803873,False,2013-08-27,18.855,1.5963935295677523,False,,7.204009187721883,-0.21925245353935363,7.204009187721883,-0.21925245353935363,3.7377323031948295,6.958655251618295,3.3775318438087343,2.3334725412403667,True,2.0,True,4.0,True,8.0,ROC5_FAIL
BULL_2013_2014,PEP,legacy,ROC5_FAIL,2013-09-03,2013-09-04,71.168,GREEN,150.92,152.5744,142.7582,-0.9646302250803873,False,2013-08-13,69.687,2.1252170419160166,False,,4.053788219424437,-1.7437612410071912,4.053788219424437,-1.7437612410071912,0.1784509892086339,3.9765062949640217,0.6266861510791255,-0.18688174460432805,True,9.0,True,10.0,False,,ROC5_FAIL
BULL_2013_2014,SYY,legacy,ROC5_FAIL,2013-09-03,2013-09-04,28.691,GREEN,150.92,152.5744,142.7582,-0.9646302250803873,False,2013-08-14,27.941,2.684227479331458,False,,3.81652783102715,-2.3979645184901144,3.81652783102715,-2.3979645184901144,0.9306054163326527,3.6631696350772014,-0.6238890244327444,-0.8051305287372301,True,7.0,True,8.0,False,,ROC5_FAIL
BULL_2013_2014,VFC,legacy,ROC5_FAIL,2013-09-03,2013-09-04,42.669,GREEN,150.92,152.5744,142.7582,-0.9646302250803873,False,2013-08-16,41.725,2.262432594367869,False,,8.460474817783425,0.0,8.460474817783425,0.0,2.1139468935292616,5.952799456279756,5.444233518479469,3.6208957322646507,True,1.0,True,6.0,True,8.0,ROC5_FAIL
BULL_2013_2014,MKC,legacy,ROC5_FAIL,2013-10-07,2013-10-08,60.089,GREEN,154.46,154.53959999999998,146.10735,-0.3483870967741831,False,2013-09-30,58.421,2.8551377073312567,False,,7.628684118557483,-0.9086521659538382,7.628684118557483,-0.9086521659538382,1.3080597114280446,5.370367288522027,7.615370533708354,6.289004643112728,True,2.0,True,6.0,True,8.0,ROC5_FAIL
BULL_2013_2014,PG,legacy,ROC5_FAIL,2013-10-09,2013-10-10,67.691,GREEN,152.77,154.4572,146.33045,-2.126978025498105,False,2013-09-30,65.758,2.9395662885124407,False,,8.191635520231632,-0.3368246886587656,8.191635520231632,-0.3368246886587656,3.4007475144406163,4.946004638725965,5.132144598247934,7.175252249191177,True,4.0,True,5.0,True,9.0,ROC5_FAIL
BULL_2013_2014,WMT,legacy,ROC5_FAIL,2013-10-09,2013-10-10,66.032,GREEN,152.77,154.4572,146.33045,-2.126978025498105,False,2013-10-01,64.263,2.752750416258176,False,,6.533196026169152,-2.4351829416040527,6.533196026169152,-2.4351829416040527,3.130300460382851,4.001090380421624,4.450872304337294,5.483704870365891,True,3.0,True,5.0,True,12.0,ROC5_FAIL
BULL_2013_2014,NUE,legacy,ROC5_FAIL,2013-12-05,2013-12-06,46.37,GREEN,165.08,161.4828,151.96875,-1.202944520916871,False,2013-11-25,44.614,3.9359842201999395,False,,4.27215872331248,-3.6747897347422898,4.27215872331248,-3.6747897347422898,-1.3823592840198407,-0.6189346560276032,2.9631227086478473,1.621738192797073,True,12.0,True,14.0,False,,ROC5_FAIL
BULL_2013_2014,SHW,legacy,ROC5_FAIL,2013-12-05,2013-12-06,175.99,GREEN,165.08,161.4828,151.96875,-1.202944520916871,False,2013-12-03,170.81,3.0326093320063308,True,6.0,2.716063412693903,-6.852662083072902,2.3524063867265133,-3.4774703108131133,-2.8467526564009416,-0.5625319620433,-0.5057105517359051,2.4149099380646577,True,1.0,False,,False,,ROC5_FAIL
BULL_2013_2014,DOV,legacy,ROC5_FAIL,2013-12-06,2013-12-09,69.952,GREEN,166.94,161.6908,152.113,-0.029941912689390726,False,2013-12-03,67.244,4.027125096662898,False,,5.769670631290036,-2.6461001829826136,5.769670631290036,-2.6461001829826136,0.0,3.4452195791399687,5.270757090576383,2.7161482159195005,True,9.0,True,9.0,True,12.0,ROC5_FAIL
BULL_2013_2014,LOW,legacy,ROC5_FAIL,2013-12-06,2013-12-09,44.738,GREEN,166.94,161.6908,152.113,-0.029941912689390726,False,2013-11-22,42.738,4.6796761664092745,False,,4.112834726630621,-3.024274665832183,4.112834726630621,-3.024274665832183,-1.5870177477759428,1.0684429344181678,3.4668514461978717,1.3769055389154516,True,8.0,True,13.0,False,,ROC5_FAIL
BULL_2013_2014,WAG,legacy,ROC5_FAIL,2013-12-11,2013-12-12,53.43,GREEN,164.89,162.329,152.5581,-0.5668455647349857,False,2013-12-04,51.906,2.9360767541324773,False,,8.128392288976238,-4.6902489238255685,8.128392288976238,-4.6902489238255685,-1.0780460415496962,-0.23020774845592396,-0.7280553995882566,4.5835672842972075,True,6.0,True,7.0,True,18.0,ROC5_FAIL
BULL_2013_2014,TROW,legacy,ROC5_FAIL,2013-12-16,2013-12-17,70.546,GREEN,165.34,162.8774,152.95215,-1.201075590080669,False,2013-12-12,68.513,2.967320070643531,False,,5.477277237547118,-0.7087574065148927,5.477277237547118,-0.7087574065148927,4.1703285799336465,3.165310577495517,4.078190117086722,4.725994386641319,True,1.0,True,1.0,True,13.0,ROC5_FAIL
BULL_2013_2014,MDT,legacy,ROC5_FAIL,2013-12-17,2013-12-18,52.556,GREEN,164.82,163.08460000000002,153.07485,-1.163348524826091,False,2013-12-12,51.283,2.482304077374553,False,,7.53291726919858,-1.316690767942763,7.53291726919858,-1.316690767942763,0.9342415708958107,2.960651495547606,5.803333587030979,5.027018798995364,True,10.0,True,10.0,True,11.0,ROC5_FAIL
BULL_2013_2014,MMM,legacy,ROC5_FAIL,2013-12-17,2013-12-18,119.61,GREEN,164.82,163.08460000000002,153.07485,-1.163348524826091,False,2013-12-13,114.6,4.371727748691101,False,,6.788730039294366,0.0,6.788730039294366,0.0,5.200234094139278,5.308920658807792,3.5782961290862003,4.431067636485242,True,0.0,True,0.0,True,2.0,ROC5_FAIL
BULL_2013_2014,CAH,legacy,ROC5_FAIL,2014-01-29,2014-01-30,63.677,GREEN,164.52,167.7966,156.85174999999998,-3.766963032288251,False,2014-01-27,60.316,5.57231911930498,False,,5.557736702420013,-5.771314603388977,5.557736702420013,-5.771314603388977,-3.607267930335911,1.7007710790395425,4.364213138181761,4.045416712470762,True,9.0,True,9.0,True,16.0,ROC5_FAIL
BULL_2013_2014,CB,legacy,ROC5_FAIL,2014-01-29,2014-01-30,86.4,GREEN,164.52,167.7966,156.85174999999998,-3.766963032288251,False,2014-01-10,83.987,2.8730636884279903,False,,3.6550925925926014,-2.516203703703712,3.6550925925926014,-2.516203703703712,-1.2175925925925979,1.5821759259259105,2.69328703703704,3.41203703703703,True,8.0,True,12.0,False,,ROC5_FAIL
BULL_2013_2014,TROW,legacy,ROC5_FAIL,2014-01-29,2014-01-30,70.161,GREEN,164.52,167.7966,156.85174999999998,-3.766963032288251,False,2014-01-22,67.435,4.042411210795582,True,2.0,2.63821781331508,-5.051239292484421,0.548737902823504,-5.051239292484421,-2.7265859950684757,1.2913156882028431,0.5102549849631544,1.9811576231809624,False,,False,,False,,ROC5_FAIL
BULL_2013_2014,BMS,legacy,ROC5_FAIL,2014-01-30,2014-01-31,34.722,GREEN,166.26,167.7996,156.96425000000002,-1.9462137296532234,False,2014-01-24,34.078,1.8897822642173878,True,1.0,4.625309601981464,-3.1161799435516446,1.028166580266121,-2.2809745982374285,0.7545648292148988,2.966418985081498,1.8892920914693745,3.2054605149473003,False,,False,,False,,ROC5_FAIL
BULL_2013_2014,VFC,legacy,ROC5_FAIL,2014-01-30,2014-01-31,53.956,GREEN,166.26,167.7996,156.96425000000002,-1.9462137296532234,False,2014-01-15,52.871,2.052164702767123,True,1.0,3.686337015345842,-5.995626065683157,0.24279042182520083,-3.916153903180364,0.1519756838905595,-3.08399436577953,0.3132181777744769,-0.16680257987990998,False,,False,,False,,ROC5_FAIL
BULL_2013_2014,CTAS,legacy,ROC5_FAIL,2014-01-31,2014-02-03,53.845,GREEN,165.27,167.79440000000002,157.0823,-0.39775809076115776,False,2014-01-27,53.241,1.134464040870764,True,0.0,10.766087844739536,-3.1163524932677045,0.36957934812889004,-2.9046336707215126,0.9638777973813628,4.1823753366143634,4.953106137988672,6.63385643978085,False,,False,,False,,ROC5_FAIL
BULL_2013_2014,BDX,legacy,ROC5_FAIL,2014-02-06,2014-02-07,101.0,GREEN,164.65,167.5704,157.49205,-0.9683628052447935,False,2014-02-03,98.768,2.2598412441276583,False,,8.653465346534638,-0.08910891089108919,8.653465346534638,-0.08910891089108919,6.316831683168322,6.891089108910875,6.831683168316838,7.950495049504958,True,0.0,True,1.0,True,2.0,ROC5_FAIL
BULL_2013_2014,ECL,legacy,ROC5_FAIL,2014-02-06,2014-02-07,96.157,GREEN,164.65,167.5704,157.49205,-0.9683628052447935,False,2014-02-04,93.527,2.8120221967987913,False,,10.111588339902443,-1.2583587258337858,10.111588339902443,-1.2583587258337858,2.7392701519390217,1.9904947117734606,7.553272252670129,10.017991409881777,True,4.0,True,6.0,True,12.0,ROC5_FAIL
BULL_2013_2014,ITW,legacy,ROC5_FAIL,2014-02-06,2014-02-07,72.702,GREEN,164.65,167.5704,157.49205,-0.9683628052447935,False,2014-01-27,70.385,3.2918945798110277,False,,5.665593793843371,-1.0316084839481765,5.665593793843371,-1.0316084839481765,-0.215950042639812,3.7839399191218925,3.910483893152872,4.4565486506561,True,7.0,True,9.0,True,10.0,ROC5_FAIL
BULL_2013_2014,LOW,legacy,ROC5_FAIL,2014-02-06,2014-02-07,43.161,GREEN,164.65,167.5704,157.49205,-0.9683628052447935,False,2014-01-29,41.679,3.555747498740369,False,,11.406130534510318,-1.2789323695002408,11.406130534510318,-1.2789323695002408,2.7130974722550327,2.58798452306479,9.033618312828718,8.604990616528818,True,3.0,True,6.0,True,11.0,ROC5_FAIL
BULL_2013_2014,MMM,legacy,ROC5_FAIL,2014-02-06,2014-02-07,117.88,GREEN,164.65,167.5704,157.49205,-0.9683628052447935,False,2014-01-24,112.46,4.819491374711005,False,,5.022056328469637,-0.6023074312860532,5.022056328469637,-0.6023074312860532,2.621309806582972,2.689175432643376,2.6976586359009236,3.749575839837127,True,5.0,True,6.0,True,14.0,ROC5_FAIL
BULL_2013_2014,SYY,legacy,ROC5_FAIL,2014-02-06,2014-02-07,31.965,GREEN,164.65,167.5704,157.49205,-0.9683628052447935,False,2014-01-27,30.861,3.577330611451335,False,,3.1471922415141407,-0.5412169560456648,3.1471922415141407,-0.5412169560456648,1.1856718285624845,1.9271077741279674,2.008446738620373,2.549663694666049,True,6.0,True,10.0,False,,ROC5_FAIL
BULL_2013_2014,MDT,legacy,ROC5_FAIL,2014-03-26,2014-03-27,54.929,GREEN,172.33,170.2552,161.26035,-0.46782950213698493,False,2014-03-25,54.095,1.5417321379055382,True,13.0,6.699557610733864,-5.261337362777407,6.699557610733864,-5.261337362777407,5.7000855650021,1.9497897285586818,-0.6790584208705819,-1.2543465200531623,True,1.0,True,2.0,True,3.0,ROC5_FAIL
BULL_2013_2014,GPC,legacy,ROC5_FAIL,2014-03-28,2014-03-31,77.861,GREEN,172.82,170.31760000000003,161.50085,-0.38044731381139396,False,2014-03-14,75.838,2.6675281521137295,False,,3.8594418258177887,-2.354195296746764,3.8594418258177887,-2.354195296746764,-1.2355351202784526,-1.0017852326582033,0.526579417166495,0.46621543519862474,True,2.0,True,15.0,False,,ROC5_FAIL
BULL_2013_2014,ADP,legacy,ROC5_FAIL,2014-04-16,2014-04-17,60.786,GREEN,173.42,171.8876,163.13645,-0.5105845906718032,False,2014-04-08,59.282,2.5370264161128198,False,,5.157437567861023,-0.33560359293258735,5.157437567861023,-0.33560359293258735,0.5576942059026813,3.0566248807291085,3.7623794952785117,3.4169052084361606,True,4.0,True,8.0,True,16.0,ROC5_FAIL
BULL_2013_2014,BDX,legacy,ROC5_FAIL,2014-04-16,2014-04-17,106.25,GREEN,173.42,171.8876,163.13645,-0.5105845906718032,False,2014-04-10,104.83,1.3545740723075461,False,,5.214117647058836,-1.4211764705882368,5.214117647058836,-1.4211764705882368,-0.07529411764706229,-0.03764705882353114,4.188235294117648,3.275294117647065,True,13.0,True,14.0,True,16.0,ROC5_FAIL
BULL_2013_2014,HRL,legacy,ROC5_FAIL,2014-04-16,2014-04-17,22.388,GREEN,173.42,171.8876,163.13645,-0.5105845906718032,False,2014-04-11,21.936,2.060539752005841,False,,4.011077362872961,-0.9916026442737258,4.011077362872961,-0.9916026442737258,0.08486689297837469,0.7504020010719925,2.3316062176165664,2.831874218331243,True,15.0,True,16.0,False,,ROC5_FAIL
BULL_2013_2014,SHW,legacy,ROC5_FAIL,2014-04-16,2014-04-17,186.88,GREEN,173.42,171.8876,163.13645,-0.5105845906718032,False,2014-04-08,181.36,3.0436700485222623,False,,5.324272260273988,-0.347816780821919,5.324272260273988,-0.347816780821919,3.478167808219168,3.5477311643835607,2.996575342465757,3.306934931506844,True,0.0,True,0.0,True,3.0,ROC5_FAIL
BULL_2013_2014,TROW,legacy,ROC5_FAIL,2014-04-16,2014-04-17,71.352,GREEN,173.42,171.8876,163.13645,-0.5105845906718032,False,2014-04-08,68.026,4.889307029665146,False,,4.8884404081175115,-2.413387151025914,4.8884404081175115,-2.413387151025914,1.0399147886534177,1.5234331203049623,0.8044623836752862,-0.9614306536607331,True,3.0,True,3.0,False,,ROC5_FAIL
BULL_2013_2014,VFC,legacy,ROC5_FAIL,2014-04-16,2014-04-17,55.534,GREEN,173.42,171.8876,163.13645,-0.5105845906718032,False,2014-04-07,53.189,4.408806332136339,False,,6.451903338495324,-0.8967479382000154,6.451903338495324,-0.8967479382000154,2.213058666762713,1.7430763136096816,2.7442647747325966,4.426117333525403,True,5.0,True,5.0,True,17.0,ROC5_FAIL
BULL_2013_2014,T,legacy,ROC5_FAIL,2014-04-29,2014-04-30,29.591,GREEN,174.92,173.013,164.07715,-0.07426449585834494,False,2014-04-25,28.663,3.2376234169486873,False,,4.0316312392281395,-1.2267243418606966,4.0316312392281395,-1.2267243418606966,0.9259572167212848,2.696765908553278,-0.45621979655976475,-0.12165861241594245,True,6.0,True,6.0,False,,ROC5_FAIL
BULL_2013_2014,ECL,legacy,ROC5_FAIL,2014-05-09,2014-05-12,101.04,GREEN,175.12,173.6514,164.88909999999998,-0.057071110603812425,False,2014-05-08,99.85,1.191787681522305,False,,5.186064924782263,-0.31670625494854,5.186064924782263,-0.31670625494854,1.8507521773554858,3.295724465558192,3.701504354710994,4.592240696753769,True,5.0,True,10.0,True,18.0,ROC5_FAIL
BULL_2013_2014,EMR,legacy,ROC5_FAIL,2014-05-09,2014-05-12,60.137,GREEN,175.12,173.6514,164.88909999999998,-0.057071110603812425,False,2014-05-08,59.183,1.611949377354982,True,6.0,2.151753496183706,-2.9831883865174436,1.5398174168980816,-2.9831883865174436,-0.6767880007316651,-0.49886093420024036,-0.36250561218551525,0.4689292781482113,False,,False,,False,,ROC5_FAIL
BULL_2013_2014,GPC,legacy,ROC5_FAIL,2014-05-09,2014-05-12,77.516,GREEN,175.12,173.6514,164.88909999999998,-0.057071110603812425,False,2014-05-06,76.136,1.8125459703688174,True,6.0,2.9310077919397104,-2.260178543784519,1.253934671551682,-2.260178543784519,-0.5366633985241953,0.5289230610454609,0.29542288043757914,1.6332112080086558,False,,False,,False,,ROC5_FAIL
BULL_2013_2014,MKC,legacy,ROC5_FAIL,2014-05-19,2014-05-20,65.959,GREEN,175.85,173.9294,165.50980000000004,-0.5542046032913084,False,2014-05-16,65.781,0.2705948526170232,True,0.0,3.8372322200154407,-0.8763019451477505,0.21528525296017342,-0.8095938385967116,0.9339134917145442,3.500659500598857,2.236237662790508,2.8184175017814006,False,,False,,False,,ROC5_FAIL
BULL_2013_2014,MCD,legacy,ROC5_FAIL,2014-06-16,2014-06-17,91.207,GREEN,181.01,176.20359999999997,167.96705000000003,-0.6640324882010828,False,2014-06-11,89.847,1.5136843745478412,True,20.0,1.3628339930049416,-2.134704573113888,1.3628339930049416,-2.134704573113888,0.5514927582312756,0.08880897299550217,0.15897902573267508,-1.6281645049173843,False,,False,,False,,ROC5_FAIL
BULL_2013_2014,SYY,legacy,ROC5_FAIL,2014-07-11,2014-07-14,33.841,GREEN,184.07,179.93739999999997,170.5634,-0.7869347275373251,False,2014-07-10,33.52,0.9576372315035719,True,3.0,1.566147572471266,-4.207913477734104,0.34868945953134833,-1.6725274075825247,-0.972193493100082,-1.1908631541621029,-2.857480570905113,1.0283384060754575,False,,False,,False,,ROC5_FAIL
BULL_2013_2014,ADM,legacy,ROC5_FAIL,2014-08-05,2014-08-06,44.161,GREEN,179.75,182.75539999999998,172.9368,-2.5058306665943553,False,2014-08-01,42.245,4.53544798200971,False,,5.378048504336408,0.0,5.378048504336408,0.0,3.79520391295487,3.797468354430378,3.3355222934263296,4.630782817418089,True,3.0,True,3.0,True,18.0,ROC5_FAIL
BULL_2013_2014,BF-B,legacy,ROC5_FAIL,2014-08-05,2014-08-06,42.188,GREEN,179.75,182.75539999999998,172.9368,-2.5058306665943553,False,2014-07-25,41.351,2.0241348455902086,False,,6.103631364369,0.0,6.103631364369,0.0,4.020100502512558,5.060680762302061,4.325874656300366,4.373281501848858,True,0.0,True,1.0,True,7.0,ROC5_FAIL
BULL_2013_2014,BMS,legacy,ROC5_FAIL,2014-08-05,2014-08-06,36.27,GREEN,179.75,182.75539999999998,172.9368,-2.5058306665943553,False,2014-07-29,35.783,1.360981471648559,False,,4.648469809760125,-0.6065618968844944,4.648469809760125,-0.6065618968844944,1.2489660876757513,2.531017369727051,3.192721257237374,4.039150813344361,True,8.0,True,11.0,False,,ROC5_FAIL
BULL_2013_2014,JNJ,legacy,ROC5_FAIL,2014-08-05,2014-08-06,91.104,GREEN,179.75,182.75539999999998,172.9368,-2.5058306665943553,False,2014-08-01,90.31,0.8791938877200645,False,,5.167720407446441,-0.0889093782929451,5.167720407446441,-0.0889093782929451,2.08223568668775,3.562961011591148,4.262161924833152,4.890015806111703,True,3.0,True,8.0,True,12.0,ROC5_FAIL
BULL_2013_2014,MKC,legacy,ROC5_FAIL,2014-08-05,2014-08-06,62.274,GREEN,179.75,182.75539999999998,172.9368,-2.5058306665943553,False,2014-07-24,60.949,2.173948711217588,False,,5.9093682756848676,0.0,5.9093682756848676,0.0,2.9835886565822145,4.586183640042374,4.902527539583135,4.253781674535118,True,1.0,True,3.0,True,11.0,ROC5_FAIL
BULL_2013_2014,PEP,legacy,ROC5_FAIL,2014-08-05,2014-08-06,80.888,GREEN,179.75,182.75539999999998,172.9368,-2.5058306665943553,False,2014-07-31,79.768,1.4040718082439119,False,,5.778360201760457,-0.2917614479280073,5.778360201760457,-0.2917614479280073,3.443032341014729,3.9931757491840525,3.9931757491840525,4.303481356937988,True,0.0,True,3.0,True,11.0,ROC5_FAIL
BULL_2013_2014,CL,legacy,ROC5_FAIL,2014-08-07,2014-08-08,59.889,GREEN,178.84,182.7936,173.12115000000003,-1.0731275583582223,False,2014-07-24,58.511,2.3551127138486727,False,,2.0671575748467896,-1.1521314431698682,2.0671575748467896,-1.1521314431698682,-0.3740252801015309,0.3105745629414347,0.5576984087227954,-1.137103641737225,True,1.0,False,,False,,ROC5_FAIL
BULL_2013_2014,CLX,legacy,ROC5_FAIL,2014-08-07,2014-08-08,80.081,GREEN,178.84,182.7936,173.12115000000003,-1.0731275583582223,False,2014-07-23,79.043,1.3132092658426409,False,,3.0381738489779098,-0.02372597744784155,3.0381738489779098,-0.02372597744784155,1.4697618661105638,2.351369238645873,1.6533260074174772,2.4425269414717565,True,1.0,True,19.0,False,,ROC5_FAIL
BULL_2013_2014,KMB,legacy,ROC5_FAIL,2014-08-07,2014-08-08,96.276,GREEN,178.84,182.7936,173.12115000000003,-1.0731275583582223,False,2014-07-24,93.74,2.7053552378920376,False,,3.154472558062249,-0.5172628692508896,3.154472558062249,-0.5172628692508896,1.33054966969961,2.2975611782791283,1.5943745066267834,1.42091486974949,True,1.0,True,11.0,False,,ROC5_FAIL
BULL_2013_2014,ABT,legacy,ROC5_FAIL,2014-08-11,2014-08-12,38.909,GREEN,181.43,182.86540000000002,173.31834999999998,-0.03856749311293983,False,2014-08-07,38.204,1.8453565071720135,False,,2.791128016654243,-1.1693952555963838,2.791128016654243,-1.1693952555963838,1.5035081857667887,2.1229021563134554,2.0329486751137438,2.359351306895574,True,10.0,False,,False,,ROC5_FAIL
BULL_2013_2014,CVX,legacy,ROC5_FAIL,2014-08-11,2014-08-12,111.05,GREEN,181.43,182.86540000000002,173.31834999999998,-0.03856749311293983,False,2014-08-04,108.82,2.0492556515346427,False,,2.74651058081945,-2.4223322827555127,2.74651058081945,-2.4223322827555127,1.2336785231877645,1.728950923007666,1.4317874831157207,-1.4137775776677075,True,10.0,False,,False,,ROC5_FAIL
BULL_2013_2014,DOV,legacy,ROC5_FAIL,2014-08-11,2014-08-12,79.486,GREEN,181.43,182.86540000000002,173.31834999999998,-0.03856749311293983,False,2014-07-31,77.902,2.03332391979667,False,,5.755730568905215,-0.02264549732028387,5.755730568905215,-0.02264549732028387,4.365548650076745,3.969252446971794,3.4182120121782456,1.5537327328082995,True,1.0,True,3.0,True,6.0,ROC5_FAIL
BULL_2013_2014,EMR,legacy,ROC5_FAIL,2014-08-11,2014-08-12,56.078,GREEN,181.43,182.86540000000002,173.31834999999998,-0.03856749311293983,False,2014-08-07,55.183,1.6218763024844707,False,,5.240914440600597,-0.28888334106067504,5.240914440600597,-0.28888334106067504,2.749741431577446,3.4077534862156256,3.327508113698774,4.484824708441804,True,4.0,True,5.0,True,16.0,ROC5_FAIL
BULL_2013_2014,GPC,legacy,ROC5_FAIL,2014-08-11,2014-08-12,76.861,GREEN,181.43,182.86540000000002,173.31834999999998,-0.03856749311293983,False,2014-07-23,75.106,2.336697467579163,False,,5.889853111460952,-0.6765459725999068,5.889853111460952,-0.6765459725999068,2.9624907300191294,4.462601319264636,4.742327057935758,4.812583755090349,True,3.0,True,5.0,True,7.0,ROC5_FAIL
BULL_2013_2014,HCP,legacy,ROC5_FAIL,2014-08-11,2014-08-12,34.113,GREEN,181.43,182.86540000000002,173.31834999999998,-0.03856749311293983,False,2014-08-06,33.758,1.0516025830914044,False,,7.416527423562869,-0.126051651862924,7.416527423562869,-0.126051651862924,4.013132823263854,4.1362530413625365,6.065136458241738,3.8460410987013693,True,1.0,True,2.0,True,7.0,ROC5_FAIL
BULL_2013_2014,MMM,legacy,ROC5_FAIL,2014-08-11,2014-08-12,129.55,GREEN,181.43,182.86540000000002,173.31834999999998,-0.03856749311293983,False,2014-07-31,127.54,1.5759761643405978,False,,4.05248938633731,-0.13894249324585273,4.05248938633731,-0.13894249324585273,2.5781551524507673,3.450405248938626,2.8869162485526623,3.473562331146285,True,4.0,True,5.0,False,,ROC5_FAIL
BULL_2013_2014,PPG,legacy,ROC5_FAIL,2014-08-11,2014-08-12,95.044,GREEN,181.43,182.86540000000002,173.31834999999998,-0.03856749311293983,False,2014-07-31,93.369,1.7939573091711347,False,,3.7508943226295166,-0.44400488194941135,3.7508943226295166,-0.44400488194941135,2.6471949833761332,3.554143344135352,2.0927149530743705,1.5561213753629843,True,3.0,True,7.0,False,,ROC5_FAIL
BULL_2013_2014,XOM,legacy,ROC5_FAIL,2014-08-11,2014-08-12,87.055,GREEN,181.43,182.86540000000002,173.31834999999998,-0.03856749311293983,False,2014-08-04,85.944,1.2927022247044562,True,20.0,2.1388777209809806,-2.4226063982539903,2.1388777209809806,-2.4226063982539903,1.3026247774395427,1.4576991557061492,0.9201079777152232,-1.4232381827580354,True,10.0,False,,False,,ROC5_FAIL
BULL_2013_2014,BDX,legacy,ROC5_FAIL,2014-09-25,2014-09-26,108.4,GREEN,184.66,185.252,176.8293,-2.2704419158507516,False,2014-09-23,106.78,1.5171380408316226,False,,14.32656826568266,-0.7933579335793306,14.32656826568266,-0.7933579335793306,1.7250922509224997,12.287822878228782,6.891143911439124,10.405904059040584,True,5.0,True,6.0,True,6.0,ROC5_FAIL
BULL_2013_2014,ED,legacy,ROC5_FAIL,2014-09-29,2014-09-30,50.567,GREEN,185.78,185.324,177.03060000000002,-0.8115323011211983,False,2014-09-25,49.807,1.5258899351496824,False,,11.206913599778524,-0.6189807582019924,11.206913599778524,-0.6189807582019924,0.8681551209286598,8.683528783594042,7.799553068206544,10.995313148891572,True,6.0,True,6.0,True,9.0,ROC5_FAIL
BULL_2013_2014,HCP,legacy,ROC5_FAIL,2014-10-02,2014-10-03,33.402,GREEN,182.82,185.21800000000002,177.3152,-0.9964258637495949,False,2014-09-12,32.866,1.630864723422376,False,,10.104185378121077,-0.7993533321358104,10.104185378121077,-0.7993533321358104,4.829052152565705,6.305011675947547,7.230105981677748,9.978444404526666,True,3.0,True,4.0,True,5.0,ROC5_FAIL
BULL_2013_2014,BMS,legacy,ROC5_FAIL,2014-10-03,2014-10-06,35.795,GREEN,184.84,185.1956,177.4153,-0.6930639875355915,False,2014-09-15,34.839,2.744051206980691,True,5.0,3.366391954183534,-11.009917586255069,0.3128928621315641,-3.754714345578991,-3.6792848163151315,0.15924011733481347,-0.33244866601480627,-1.37449364436375,False,,False,,False,,ROC5_FAIL
BULL_2013_2014,CB,legacy,ROC5_FAIL,2014-10-03,2014-10-06,99.52,GREEN,184.84,185.1956,177.4153,-0.6930639875355915,False,2014-10-01,96.3,3.3437175493250315,True,5.0,2.934083601286175,-5.453175241157549,0.1406752411575507,-3.631430868167196,-3.5339630225080354,-1.7594453376205688,1.0952572347266987,1.7182475884244486,False,,False,,False,,ROC5_FAIL
BULL_2013_2014,LOW,legacy,ROC5_FAIL,2014-10-03,2014-10-06,50.859,GREEN,184.84,185.1956,177.4153,-0.6930639875355915,False,2014-10-01,49.61,2.517637573069953,True,6.0,7.404785780294532,-7.292711221219461,1.822686250221195,-4.779881633535865,-2.420417231955019,-0.08258125405533612,3.6178454157572926,7.3123734245659655,False,,False,,False,,ROC5_FAIL
BULL_2013_2014,MDT,legacy,ROC5_FAIL,2014-10-03,2014-10-06,61.403,GREEN,184.84,185.1956,177.4153,-0.6930639875355915,False,2014-09-25,57.958,5.943959418889544,False,,4.822239955702501,-8.322068954285623,4.822239955702501,-8.322068954285623,-3.3744279595459448,-2.1790466263863384,1.5324984121297014,4.428122404442791,True,14.0,True,17.0,False,,ROC5_FAIL
BULL_2013_2014,ABT,legacy,ROC5_FAIL,2014-10-06,2014-10-07,39.078,GREEN,184.63,185.18599999999998,177.50025000000002,-0.6190117343094048,False,2014-09-25,37.983,2.88286865176528,True,6.0,5.230564512001634,-6.187624750499021,1.064537591483683,-5.990582936690725,-1.9294743845642226,1.2462254977224863,1.5046829418086771,4.155790982138274,False,,False,,False,,ROC5_FAIL
BULL_2013_2014,PG,legacy,ROC5_FAIL,2014-10-06,2014-10-07,75.223,GREEN,184.63,185.18599999999998,177.50025000000002,-0.6190117343094048,False,2014-10-02,74.773,0.6018215131130322,True,7.0,7.403320792842627,-2.168219826382889,2.281217180915407,-2.168219826382889,0.20472461880010062,1.4769418927721656,4.503941613602236,7.124150858115197,True,3.0,False,,False,,ROC5_FAIL
BULL_2013_2014,APD,legacy,ROC5_FAIL,2014-10-15,2014-10-16,115.74,YELLOW,175.35,184.7688,177.84470000000002,-5.190592051905918,False,2014-10-09,109.25,5.940503432494282,False,,8.769656125799209,-0.5529635389666554,8.769656125799209,-0.5529635389666554,3.412821842059799,6.678762744081568,7.810609987903927,8.233972697425273,True,0.0,True,0.0,True,3.0,ROC5_FAIL
BULL_2013_2014,LEG,legacy,ROC5_FAIL,2014-10-15,2014-10-16,30.554,YELLOW,175.35,184.7688,177.84470000000002,-5.190592051905918,False,2014-10-08,29.993,1.870436435168199,False,,24.900176736270208,-0.26837729920795583,24.900176736270208,-0.26837729920795583,11.366760489624927,17.588531779799688,20.540682071087257,22.851345159389936,True,0.0,True,1.0,True,2.0,ROC5_FAIL
BULL_2013_2014,MMM,legacy,ROC5_FAIL,2014-10-15,2014-10-16,123.51,YELLOW,175.35,184.7688,177.84470000000002,-5.190592051905918,False,2014-10-09,121.04,2.0406477197620676,False,,19.36685288640596,-0.3805359889887394,19.36685288640596,-0.3805359889887394,8.849485871589335,14.136507165411704,17.11602299408954,18.81629017893287,True,0.0,True,1.0,True,3.0,ROC5_FAIL
BULL_2013_2014,BEN,legacy,ROC5_FAIL,2014-10-16,2014-10-17,48.521,YELLOW,175.2,184.6766,177.86405,-3.3539276257722905,False,2014-10-08,46.222,4.973821989528804,False,,11.055007110323366,-0.7357638960450053,11.055007110323366,-0.7357638960450053,3.586076131984095,7.856392077657093,10.512973763937271,9.344407576101066,True,2.0,True,4.0,True,7.0,ROC5_FAIL
BULL_2013_2014,ITW,legacy,ROC5_FAIL,2014-10-16,2014-10-17,78.654,YELLOW,175.2,184.6766,177.86405,-3.3539276257722905,False,2014-09-24,74.133,6.098498644328432,False,,11.799781320721149,-1.1938362956747217,11.799781320721149,-1.1938362956747217,4.885956213288578,8.54629135199736,10.641543977420099,11.799781320721149,True,2.0,True,2.0,True,5.0,ROC5_FAIL
BULL_2013_2014,NUE,legacy,ROC5_FAIL,2014-10-16,2014-10-17,45.569,YELLOW,175.2,184.6766,177.86405,-3.3539276257722905,False,2014-09-29,43.103,5.721179500266804,False,,9.317737935877446,-0.6056749105751824,9.317737935877446,-0.6056749105751824,5.644187934780209,8.181000241392166,8.424586890210438,7.884746209045623,True,2.0,True,2.0,True,3.0,ROC5_FAIL
BULL_2013_2014,PPG,legacy,ROC5_FAIL,2014-10-16,2014-10-17,87.898,YELLOW,175.2,184.6766,177.86405,-3.3539276257722905,False,2014-10-07,81.791,7.466591678791068,False,,12.908143530000693,-0.38908735124804084,12.908143530000693,-0.38908735124804084,6.229948349222969,10.479191790484421,12.582766388313726,10.955880679878959,True,0.0,True,1.0,True,2.0,ROC5_FAIL
BULL_2013_2014,SHW,legacy,ROC5_FAIL,2014-10-16,2014-10-17,207.2,YELLOW,175.2,184.6766,177.86405,-3.3539276257722905,False,2014-10-13,195.64,5.908812103864247,False,,12.673745173745177,-0.20270270270269508,12.673745173745177,-0.20270270270269508,7.002895752895766,7.316602316602339,10.328185328185334,12.28281853281854,True,0.0,True,2.0,True,2.0,ROC5_FAIL
BULL_2013_2014,SWK,legacy,ROC5_FAIL,2014-10-16,2014-10-17,78.784,YELLOW,175.2,184.6766,177.86405,-3.3539276257722905,False,2014-09-25,74.432,5.846947549441106,False,,15.4206437855402,-0.34651705930139887,15.4206437855402,-0.34651705930139887,7.735073111291624,11.942780259951258,13.58016856214459,14.368399675060918,True,2.0,True,2.0,True,3.0,ROC5_FAIL
BULL_2013_2014,BF-B,legacy,ROC5_FAIL,2014-10-17,2014-10-20,41.729,YELLOW,177.27,184.64520000000002,177.90200000000002,-1.082528876736788,False,2014-10-02,39.28,6.23472505091649,False,,8.912267248196692,-0.7333029787437884,8.912267248196692,-0.7333029787437884,2.8876800306741,6.599726808694184,8.150207289894329,8.095089745740381,True,2.0,True,5.0,True,7.0,ROC5_FAIL
BULL_2013_2014,CVX,legacy,ROC5_FAIL,2014-10-17,2014-10-20,98.253,YELLOW,177.27,184.64520000000002,177.90200000000002,-1.082528876736788,False,2014-09-25,93.95,4.580095795635963,False,,7.75243504015144,-0.4976947268785725,7.75243504015144,-0.4976947268785725,3.1215331847373573,4.709270963736478,5.727051591300003,4.739804382563384,True,1.0,True,1.0,True,3.0,ROC5_FAIL
BULL_2013_2014,DOV,legacy,ROC5_FAIL,2014-10-17,2014-10-20,69.452,YELLOW,177.27,184.64520000000002,177.90200000000002,-1.082528876736788,False,2014-09-09,65.204,6.514937733881365,False,,9.642630881760073,-0.8048724298796217,9.642630881760073,-0.8048724298796217,4.050279329608952,6.997638656914118,9.158843517825277,8.46195933882392,True,1.0,True,2.0,True,3.0,ROC5_FAIL
BULL_2013_2014,ECL,legacy,ROC5_FAIL,2014-10-17,2014-10-20,104.33,YELLOW,177.27,184.64520000000002,177.90200000000002,-1.082528876736788,False,2014-10-09,99.76,4.580994386527659,False,,5.578452985718396,-1.14061152113486,5.578452985718396,-1.14061152113486,2.3291478960989265,1.811559474743607,4.265311990798426,3.766893510974789,True,1.0,True,1.0,True,2.0,ROC5_FAIL
BULL_2013_2014,MHFI,legacy,ROC5_FAIL,2014-10-17,2014-10-20,76.236,YELLOW,177.27,184.64520000000002,177.90200000000002,-1.082528876736788,False,2014-10-01,71.165,7.1256938101594836,False,,16.092134949367743,-0.36596883362192134,16.092134949367743,-0.36596883362192134,6.80256047011909,13.895010231386728,14.347552337478353,15.194921034681762,True,1.0,True,1.0,True,3.0,ROC5_FAIL
BULL_2013_2014,WMT,legacy,ROC5_FAIL,2014-12-15,2014-12-16,77.477,GREEN,187.63,188.3678,182.26684999999998,-3.4527117423073017,False,2014-12-10,76.809,0.8696897498991163,False,,8.788414626276175,-0.8131445461233788,8.788414626276175,-0.8131445461233788,3.6346270506085743,2.701446881009839,8.1921086257857,4.495527704996305,True,2.0,True,3.0,True,14.0,ROC5_FAIL
BULL_2013_2014,NUE,legacy,ROC5_FAIL,2014-12-31,2015-01-02,45.237,GREEN,194.4,191.74339999999995,183.4218,-1.0687022900763288,False,2014-12-12,44.018,2.7693216411468047,True,1.0,0.40453610982160715,-12.794836085505235,0.40453610982160715,-4.5891637376483825,-2.9467029201759587,-9.775184030771278,-9.95424099741362,-10.199615359108705,False,,False,,False,,ROC5_FAIL
BULL_2017,CVX,yfinance,ROC5_FAIL,2017-01-13,2017-01-17,77.78242225933266,GREEN,195.5269012451172,190.4107238769531,183.029979095459,-0.07040430773295192,False,2017-01-10,76.7533356707505,1.3407711594407346,True,8.0,1.2199118713128287,-5.223393928798636,1.2199118713128287,-3.0498325457680386,-0.025763856956817488,-4.33846408875711,-4.304143672023574,-2.408036281694803,False,,False,,False,,ROC5_FAIL
BULL_2017,MKC,yfinance,ROC5_FAIL,2017-04-05,2017-04-06,41.89489913746467,GREEN,203.06320190429688,201.9972915649414,190.09770126342772,-0.32266426805005466,False,2017-03-30,40.28052488155931,4.007828251126955,False,,1.502225905999155,-1.6115871062441833,1.502225905999155,-1.6115871062441833,-1.3231093703706787,-0.11935755739835852,-0.61677633919337,-0.35810109029599246,False,,False,,False,,ROC5_FAIL
BULL_2017,SYY,yfinance,ROC5_FAIL,2017-04-06,2017-04-07,40.678163464435876,GREEN,203.63406372070312,202.11603271484375,190.22811164855958,-0.3597330444976343,False,2017-04-04,40.21464404326106,1.1526135123219872,False,,8.59463499627724,-0.2129318828425708,8.59463499627724,-0.2129318828425708,0.8904223934369737,2.3228552475876185,2.3034901898204563,6.271760947517313,True,10.0,True,12.0,True,18.0,ROC5_FAIL
BULL_2017,ABBV,yfinance,ROC5_FAIL,2017-04-07,2017-04-10,44.29307061458371,GREEN,203.42648315429688,202.234755859375,190.35893211364746,-0.2290686971851641,False,2017-04-03,43.71828452128748,1.3147498800332835,True,5.0,4.0786864986130045,-2.6748639167355037,0.4274790523616234,-2.6748639167355037,-1.8576494766556317,0.37811283790303296,2.7372391976151045,2.02793899999254,False,,False,,False,,ROC5_FAIL
BULL_2017,ADP,yfinance,ROC5_FAIL,2017-04-07,2017-04-10,83.5334010060419,GREEN,203.42648315429688,202.234755859375,190.35893211364746,-0.2290686971851641,False,2017-03-30,82.47044186087062,1.2888971141497008,True,16.0,3.445574436530996,-6.5191975267659625,3.445574436530996,-6.5191975267659625,-0.22514553353374378,2.789762844480159,1.8108964879821388,-4.972603979155654,True,10.0,True,12.0,False,,ROC5_FAIL
BULL_2017,CLX,yfinance,ROC5_FAIL,2017-04-11,2017-04-12,100.32379581087372,GREEN,203.30538940429688,202.5090609741211,190.6297306060791,-0.178346308298849,False,2017-03-29,99.40905697278912,0.9201765572879328,True,13.0,2.631300016618865,-4.045385913709543,2.631300016618865,-2.3987486580394513,1.9921946473878016,0.7515979999012767,-0.48147752945928435,-0.28599690111913434,True,3.0,False,,False,,ROC5_FAIL
BULL_2017,KMB,yfinance,ROC5_FAIL,2017-04-11,2017-04-12,95.4959085057746,GREEN,203.30538940429688,202.5090609741211,190.6297306060791,-0.178346308298849,False,2017-03-31,94.20153105787946,1.3740513910541763,True,6.0,1.0843075263505364,-5.4593424658933465,1.0843075263505364,-2.5526997232526494,-1.1822450633154125,-2.1084293286442235,-3.471401163554899,-3.531624032656233,False,,False,,False,,ROC5_FAIL
BULL_2017,MMM,yfinance,ROC5_FAIL,2017-04-11,2017-04-12,117.11809835383933,GREEN,203.30538940429688,202.5090609741211,190.6297306060791,-0.178346308298849,False,2017-04-10,116.30575832648755,0.6984521136704336,True,1.0,5.039149249626362,-0.8880288003924264,0.09457986326339984,-0.8880288003924264,0.4466552282629488,3.0476682756568563,4.834208084281322,3.3839286161541526,False,,False,,False,,ROC5_FAIL
BULL_2017,PG,yfinance,ROC5_FAIL,2017-04-11,2017-04-12,69.38539428849718,GREEN,203.30538940429688,202.5090609741211,190.6297306060791,-0.178346308298849,False,2017-03-31,68.65052256963197,1.0704532046639903,True,9.0,1.6082381607051,-3.5255122574409437,1.6082381607051,-1.582129085434758,0.35007599572087766,-1.4922498522751293,-2.8852043319876453,-3.1997357010233207,False,,False,,False,,ROC5_FAIL
BULL_2017,BF-B,yfinance,ROC5_FAIL,2017-04-12,2017-04-13,30.72486364655604,GREEN,202.41452026367188,202.6385467529297,190.791693649292,-0.31944814941444744,False,2017-03-31,30.423453053787647,0.9907178920009807,False,,8.175272366703146,-0.8720288376815821,8.175272366703146,-0.8720288376815821,0.8502540948934989,3.161132839318137,6.845470097569373,7.259669219630505,True,6.0,True,7.0,True,14.0,ROC5_FAIL
BULL_2017,JNJ,yfinance,ROC5_FAIL,2017-04-12,2017-04-13,97.10945784173215,GREEN,202.41452026367188,202.6385467529297,190.791693649292,-0.31944814941444744,False,2017-03-30,96.19370979021065,0.9519832986155441,True,2.0,0.5434463355576069,-3.3404876515419457,0.5434463355576069,-3.3404876515419457,-2.6931799781887866,-1.3266064506982644,-1.2946226812210027,-1.1907520311942532,False,,False,,False,,ROC5_FAIL
BULL_2017,ADM,yfinance,ROC5_FAIL,2017-04-18,2017-04-19,34.465756588533424,GREEN,202.276123046875,202.97042907714842,191.18517181396484,-0.6246395625446599,False,2017-04-11,33.59138757578511,2.602955923674366,True,9.0,1.2795213149838114,-9.331561001448275,1.2795213149838114,-8.40497485676167,-0.1323553587808335,-8.868285192207159,-6.70636279937683,-7.704105874662859,False,,False,,False,,ROC5_FAIL
BULL_2017,AFL,yfinance,ROC5_FAIL,2017-05-18,2017-05-19,29.77540197358518,GREEN,204.78439331054688,204.58874725341798,193.71722534179688,-1.0903333806481341,False,2017-05-11,29.379962259921523,1.345950379940053,False,,8.859753091402212,-0.3387992910939164,8.859753091402212,-0.3387992910939164,2.0168109041527327,3.270922942559573,5.806294741889451,8.041875740427407,True,5.0,True,8.0,True,14.0,ROC5_FAIL
BULL_2017,T,yfinance,ROC5_FAIL,2017-05-19,2017-05-22,15.0715333182717,GREEN,206.1163330078125,204.6315768432617,193.82708198547363,-0.2803701958486893,False,2017-05-17,14.760168191199934,2.1094957932620506,False,,2.955001645307642,-0.6014794623338537,2.955001645307642,-0.6014794623338537,0.8106601607498654,1.281367932978572,1.1506259685780673,1.098315261981453,True,8.0,False,,False,,ROC5_FAIL
BULL_2017,LEG,yfinance,ROC5_FAIL,2017-05-23,2017-05-24,35.83420134866303,GREEN,207.62127685546875,204.73760833740235,194.05005554199218,-0.01250700855429665,False,2017-05-15,34.917894267170425,2.62417623033504,False,,5.5804636607615254,0.0,5.5804636607615254,0.0,1.717776414115968,1.62015801434916,2.7896200563101825,3.49716715996351,True,1.0,True,12.0,True,17.0,ROC5_FAIL
BULL_2017,NUE,yfinance,ROC5_FAIL,2017-05-23,2017-05-24,48.6864096895395,GREEN,207.62127685546875,204.73760833740235,194.05005554199218,-0.01250700855429665,False,2017-05-11,45.262179817633644,7.565322495961224,True,15.0,2.2094605452835037,-8.905401184959395,2.2094605452835037,-7.977716590979755,-0.37107057577716596,-0.2529699964750165,-7.910256465329413,-4.36837519613007,True,12.0,False,,False,,ROC5_FAIL
BULL_2017,PPG,yfinance,ROC5_FAIL,2017-05-23,2017-05-24,89.42686455846226,GREEN,207.62127685546875,204.73760833740235,194.05005554199218,-0.01250700855429665,False,2017-05-15,87.83594865532899,1.8112355220025744,False,,4.625485368145266,-1.0393050709351148,4.625485368145266,-1.0393050709351148,2.209752562656342,1.0487010863702961,4.232214466590989,3.529975015664344,True,5.0,True,5.0,False,,ROC5_FAIL
BULL_2017,WBA,legacy_fallback,ROC5_FAIL,2017-06-27,2017-06-28,76.664,GREEN,209.74624633789062,208.13953125,197.0236887359619,-0.6913351628877074,False,2017-06-22,74.379,3.072103685179961,False,,5.239747469477196,-1.4830950641761431,5.239747469477196,-1.4830950641761431,0.2974016487529818,0.6704581028905254,2.981842846707705,1.6657101116560602,True,1.0,True,1.0,True,1.0,ROC5_FAIL
BULL_2017,LOW,yfinance,ROC5_FAIL,2017-06-30,2017-07-03,65.56572465841498,GREEN,210.15469360351562,208.615810546875,197.44401168823242,-0.5470716994576796,False,2017-06-26,63.70803181910568,2.915947622717474,True,12.0,0.5769191644130478,-8.230758772064995,0.5769191644130478,-8.230758772064995,-2.243570649707205,-2.615389705203619,-2.419726087190821,0.3392123805706415,False,,False,,False,,ROC5_FAIL
BULL_2017,ITW,yfinance,ROC5_FAIL,2017-07-03,2017-07-05,116.3825926490093,GREEN,210.51112365722656,208.7680551147461,197.57967582702636,-0.4438873802468546,False,2017-06-29,113.7226468541636,2.3389763327059887,True,15.0,2.42398119119156,-3.379739123702008,2.42398119119156,-3.0473383588004888,1.2812470206692295,2.2785265653339826,-2.9919316143718566,-1.814554383974032,True,5.0,False,,False,,ROC5_FAIL
BULL_2017,MMM,yfinance,ROC5_FAIL,2017-08-01,2017-08-02,125.7913448954505,GREEN,214.95230102539062,211.46890075683595,200.49357772827148,-0.040417773318446315,False,2017-07-27,122.37403146040916,2.7925152046224033,False,,2.6773201124801416,-0.34548949503623305,2.6773201124801416,-0.34548949503623305,1.6191856164916807,2.327894750428916,0.3178173320896205,0.8226778225383757,True,1.0,False,,False,,ROC5_FAIL
BULL_2017,ABBV,yfinance,ROC5_FAIL,2017-08-03,2017-08-04,49.0430096285183,GREEN,214.63943481445312,211.7671371459961,200.82067070007324,-0.09709323272738546,False,2017-07-31,48.119622285725484,1.9189413776149467,False,,6.786588939426674,-2.388637909397584,6.786588939426674,-2.388637909397584,-0.7587523859856726,-1.700148517378175,1.8406518093542878,5.971636082624698,True,15.0,True,16.0,True,19.0,ROC5_FAIL
BULL_2017,SWK,yfinance,ROC5_FAIL,2017-08-03,2017-08-04,110.91636221145383,GREEN,214.63943481445312,211.7671371459961,200.82067070007324,-0.09709323272738546,False,2017-07-28,108.34178347398978,2.3763488609010563,True,4.0,2.7588467293671926,-4.3969148576870065,0.09115681518911956,-3.0364761370247018,-2.419347336768962,-3.5764161185845467,-2.6437862826528713,0.4834601042010611,False,,False,,False,,ROC5_FAIL
BULL_2017,ABT,yfinance,ROC5_FAIL,2017-08-15,2017-08-16,41.627953879275736,GREEN,214.24835205078125,212.49003265380858,202.05711051940918,-0.3033223019037856,False,2017-08-09,40.787579715207855,2.060367812789199,False,,7.259365264777218,-0.9380327452421455,7.259365264777218,-0.9380327452421455,1.2234541477067484,2.1818763626785254,4.9958739238624705,5.403754108858783,True,1.0,True,11.0,True,15.0,ROC5_FAIL
BULL_2017,CTAS,yfinance,ROC5_FAIL,2017-08-15,2017-08-16,30.282490257554866,GREEN,214.24835205078125,212.49003265380858,202.05711051940918,-0.3033223019037856,False,2017-08-11,29.55103722090383,2.475219503069148,False,,1.7478212183259956,-2.355400078354286,1.7478212183259956,-2.355400078354286,0.5551058538529219,0.3450817124424743,-0.12749622518014592,0.9751856292726124,False,,False,,False,,ROC5_FAIL
BULL_2017,MHFI,yfinance,ROC5_FAIL,2017-08-15,2017-08-16,132.84485585551084,GREEN,214.24835205078125,212.49003265380858,202.05711051940918,-0.3033223019037856,False,2017-08-08,128.4347214469214,3.433755575521702,False,,2.1701200523826847,-2.0247134412560874,2.1701200523826847,-2.0247134412560874,-0.5456445668560517,1.2077770687317413,-0.2028512401226812,1.3264062564579904,True,13.0,False,,False,,ROC5_FAIL
BULL_2017,SHW,yfinance,ROC5_FAIL,2017-08-16,2017-08-17,102.57176624332786,GREEN,214.62203979492188,212.5753857421875,202.2204261779785,-0.12539116839730413,False,2017-07-31,101.64847909834795,0.908313782134007,True,0.0,5.918269969435164,-1.809454643958286,0.3216109648638499,-1.0159340143376272,0.8596622406647825,1.9747678990996498,3.5617840586044336,2.488733439543034,False,,False,,False,,ROC5_FAIL
BULL_2017,BEN,yfinance,ROC5_FAIL,2017-08-23,2017-08-24,26.35524335346281,GREEN,212.55352783203125,212.67714813232422,203.01914093017578,-0.9637928913857841,False,2017-08-01,25.827756091544007,2.0423270997649734,True,8.0,2.5900517806932255,-3.578997062912237,2.5900517806932255,-2.142718457449855,1.789476510483201,-3.3670983855337178,0.023528979492337676,0.9888968397541831,True,5.0,False,,False,,ROC5_FAIL
BULL_2017,ADP,yfinance,ROC5_FAIL,2017-08-29,2017-08-30,86.57215252299285,GREEN,212.80557250976562,212.76455383300782,203.58534187316894,-0.24038571585529578,False,2017-08-18,84.54105514732473,2.4024982561770214,False,,4.980080290415878,-0.5889011439743741,4.980080290415878,-0.5889011439743741,4.00611092068921,1.9722056267275523,1.9722056267275523,4.101561905514872,True,2.0,True,4.0,False,,ROC5_FAIL
BULL_2017,EMR,yfinance,ROC5_FAIL,2017-08-29,2017-08-30,47.25686979442863,GREEN,212.80557250976562,212.76455383300782,203.58534187316894,-0.24038571585529578,False,2017-08-21,46.81961533400242,0.9339129706788851,False,,9.972604141831365,-0.08567381175057509,9.972604141831365,-0.08567381175057509,3.1700096871912775,6.048682442928288,8.704609263935481,7.710768791656486,True,4.0,True,5.0,True,8.0,ROC5_FAIL
BULL_2017,GPC,yfinance,ROC5_FAIL,2017-11-17,2017-11-20,66.51188855013103,GREEN,225.22511291503906,222.07225646972657,211.65384742736816,-0.0891121532460959,False,2017-10-23,65.41532124077501,1.6763157140509577,False,,11.063445990223064,-0.998492647534055,11.063445990223064,-0.998492647534055,3.726926747899628,9.323125461106297,8.443906010007684,8.771326328761454,True,5.0,True,5.0,True,6.0,ROC5_FAIL
BULL_2017,PNR,yfinance,ROC5_FAIL,2017-11-17,2017-11-20,40.43923689488865,GREEN,225.22511291503906,222.07225646972657,211.65384742736816,-0.0891121532460959,False,2017-11-07,39.637876710872,2.021703104487571,False,,4.560723017852353,-0.9179517590883424,4.560723017852353,-0.9179517590883424,1.0053736011315317,-0.11655909128397424,1.5299515388725426,0.8159652139367646,True,1.0,True,7.0,False,,ROC5_FAIL
BULL_2017,EMR,yfinance,ROC5_FAIL,2017-11-20,2017-11-21,49.2611131123045,GREEN,225.60943603515625,222.25254486083983,211.7961653137207,-0.011604587084990126,False,2017-11-02,46.918060581858946,4.993924517313708,False,,15.578373824982261,-0.5303276334355456,15.578373824982261,-0.5303276334355456,5.85018359073286,7.275443399285941,11.368917559486391,14.285701137026274,True,1.0,True,3.0,True,4.0,ROC5_FAIL
BULL_2017,PPG,yfinance,ROC5_FAIL,2017-11-20,2017-11-21,97.59809324660397,GREEN,225.60943603515625,222.25254486083983,211.7961653137207,-0.011604587084990126,False,2017-11-10,95.60578847932487,2.083874626179072,False,,2.8630669009562792,-2.0326998817786213,2.8630669009562792,-2.0326998817786213,1.210953356162392,0.5016637688711301,0.5536009487682403,0.47572644754383386,True,6.0,False,,False,,ROC5_FAIL
CHOP_2015_2016,PG,legacy,ROC5_FAIL,2015-01-16,2015-01-20,82.955,GREEN,190.69,192.93380000000002,184.3969,-1.2787326568647783,False,2015-01-13,81.219,2.1374308967113675,True,5.0,1.1958290639503488,-7.643903321077683,1.1958290639503488,-5.061780483394607,-4.542221686456516,-5.137725272738236,-5.754927370260987,-4.7965764571152985,False,,False,,False,,ROC5_FAIL
CHOP_2015_2016,ABBV,legacy,ROC5_FAIL,2015-04-07,2015-04-08,53.006,GREEN,196.9,196.43220000000002,189.69775,-0.46506925487816986,False,2015-04-06,51.357,3.210857332009276,False,,14.894540240727473,-0.9395162811757118,14.894540240727473,-0.9395162811757118,6.914311587367461,11.206278534505532,13.119269516658495,10.208278308116059,True,1.0,True,1.0,True,2.0,ROC5_FAIL
CHOP_2015_2016,PPG,legacy,ROC5_FAIL,2015-04-30,2015-05-01,106.36,GREEN,198.03,198.22440000000003,191.01170000000002,-1.276235106436019,False,2015-04-27,104.85,1.4401525989508945,False,,4.945468221135774,-0.48890560361037894,4.945468221135774,-0.48890560361037894,3.619781872884542,4.842045881910506,3.6949981195938397,3.619781872884542,True,2.0,True,5.0,False,,ROC5_FAIL
CHOP_2015_2016,MMM,legacy,ROC5_FAIL,2015-05-06,2015-05-07,147.42,GREEN,197.62,198.19580000000002,191.30475,-1.2048192771084265,False,2015-04-27,146.29,0.772438307471468,False,,4.375254375254389,0.0,4.375254375254389,0.0,3.7579704246371026,3.7172703839370547,1.8111518111518121,0.5223171889838563,True,1.0,True,5.0,False,,ROC5_FAIL
CHOP_2015_2016,ITW,legacy,ROC5_FAIL,2015-06-03,2015-06-04,89.488,GREEN,201.31,199.44760000000002,193.06419999999997,-0.3613145911700588,False,2015-06-01,88.086,1.5916263651431617,True,2.0,0.4648667977829479,-2.868541033434646,0.15644555694618312,-2.03267477203648,0.3698819953513288,-1.0057214375111756,-1.6639102449490517,-0.6235472912569207,False,,False,,False,,ROC5_FAIL
CHOP_2015_2016,GWW,legacy,ROC5_FAIL,2015-06-09,2015-06-10,227.92,GREEN,198.02,199.6616,193.3216,-1.3795507744409519,False,2015-06-08,225.68,0.9925558312654958,True,2.0,1.7593892593892768,-3.821516321516316,0.9477009477009579,-1.8076518076518,-0.7371007371007265,0.7722007722007707,-2.0884520884520863,-2.492102492102488,False,,False,,False,,ROC5_FAIL
CHOP_2015_2016,CL,legacy,ROC5_FAIL,2015-06-10,2015-06-11,62.847,GREEN,200.39,199.713,193.39115,-0.4570066067259515,False,2015-05-28,61.316,2.496901298192955,False,,1.685044632202004,-1.9269018409788785,1.685044632202004,-1.9269018409788785,1.0867662736486983,0.015911658472167467,-0.4375706079844721,0.28481868665171106,False,,False,,False,,ROC5_FAIL
CHOP_2015_2016,MHFI,legacy,ROC5_FAIL,2015-06-10,2015-06-11,100.52,GREEN,200.39,199.713,193.39115,-0.4570066067259515,False,2015-06-01,97.833,2.7465170239080905,True,12.0,2.7755670513330832,-3.3953442101074427,2.7755670513330832,-2.8889773179466727,1.8603263032232364,-0.139275766016711,-1.3479904496617512,-0.2984480700358061,True,5.0,False,,False,,ROC5_FAIL
CHOP_2015_2016,CLX,legacy,ROC5_FAIL,2015-06-17,2015-06-18,99.65,GREEN,200.05,200.05379999999997,193.69774999999998,-0.16966914516691745,False,2015-06-03,97.381,2.3300233105020496,False,,4.836929252383326,-2.1605619668841003,4.836929252383326,-2.1605619668841003,0.030105368790778186,-0.06021073758153417,1.39488208730556,3.9939789262418257,True,13.0,True,14.0,False,,ROC5_FAIL
CHOP_2015_2016,WBA,legacy,ROC5_FAIL,2015-07-02,2015-07-06,81.082,GREEN,197.89,200.23760000000001,194.38514999999998,-1.2179903159786454,False,2015-07-01,81.002,0.09876299350632944,False,,14.52850201031055,-0.23433067758564796,14.52850201031055,-0.23433067758564796,11.242939246688533,12.621790286376777,11.12454058854,12.927653486593815,True,1.0,True,1.0,True,3.0,ROC5_FAIL
CHOP_2015_2016,LOW,legacy,ROC5_FAIL,2015-07-09,2015-07-10,64.468,GREEN,195.58,199.9168,194.55385,-1.2621163166397387,False,2015-06-30,62.955,2.403303947263935,False,,4.588322888875096,-1.6861078364459936,4.588322888875096,-1.6861078364459936,0.17683191660977648,0.07290438667244548,3.3210274865049128,3.5738661041136766,True,13.0,True,15.0,False,,ROC5_FAIL
CHOP_2015_2016,TGT,legacy,ROC5_FAIL,2015-07-29,2015-07-30,75.433,GREEN,201.2,200.137,195.7152,-0.2775574940523384,False,2015-07-23,73.168,3.095615569647925,True,6.0,4.463563692283201,-11.227181737435876,0.9558150941895383,-3.653573369745333,-2.5002319939549156,-3.175002982779429,-0.4255431972744139,-3.896172762584027,False,,False,,False,,ROC5_FAIL
CHOP_2015_2016,SWK,legacy,ROC5_FAIL,2015-08-06,2015-08-07,100.62,GREEN,198.89,199.9332,196.42585,-1.1726708074534242,False,2015-08-03,98.485,2.1678428187033694,True,10.0,1.5603259789306323,-13.274696879348035,1.5603259789306323,-3.889882727092031,0.2583979328165231,-3.8093818326376483,-4.419598489365939,-6.473862055257418,False,,False,,False,,ROC5_FAIL
CHOP_2015_2016,LEG,legacy,ROC5_FAIL,2015-08-12,2015-08-13,44.923,GREEN,199.42,199.81220000000002,196.75710000000004,-0.5485737083582798,False,2015-08-04,43.985,2.132545185858814,True,7.0,3.592814371257469,-17.334105024152436,3.592814371257469,-17.334105024152436,0.3539389622242428,-8.6258709347105,-8.398815751396837,-7.3036083965897225,True,3.0,True,4.0,False,,ROC5_FAIL
CHOP_2015_2016,ECL,legacy,ROC5_FAIL,2015-08-27,2015-08-28,106.57,YELLOW,190.22,198.26620000000003,196.95875,-2.3059935288377686,False,2015-08-21,100.36,6.1877241929055415,False,,5.677019799193039,-4.128741672140368,5.677019799193039,-4.128741672140368,-2.674298583090917,-0.21582058740733379,3.2842263301116725,-1.6702636764567735,True,7.0,True,12.0,True,13.0,ROC5_FAIL
CHOP_2015_2016,MKC,legacy,ROC5_FAIL,2015-08-27,2015-08-28,75.81,YELLOW,190.22,198.26620000000003,196.95875,-2.3059935288377686,False,2015-08-21,72.559,4.480491737758241,False,,6.789341775491353,-2.2648727080860076,6.789341775491353,-2.2648727080860076,-0.3812161983907103,2.569581849360225,5.195884447961996,3.0747922437673214,True,4.0,True,7.0,True,12.0,ROC5_FAIL
CHOP_2015_2016,BF-B,legacy,ROC5_FAIL,2015-12-15,2015-12-16,49.91,YELLOW,196.74,197.755,196.89344999999997,-0.9265787088327149,False,2015-12-11,48.169,3.614357781975963,True,11.0,1.1420557002604692,-12.027649769585258,1.1420557002604692,-7.15487878180725,0.8254858745742499,-2.9773592466439514,-9.088359046283301,-10.09617311160087,False,,False,,False,,ROC5_FAIL
CHOP_2015_2016,LOW,legacy,ROC5_FAIL,2015-12-22,2015-12-23,73.372,YELLOW,196.44,198.148,196.8702,-0.15248551387618825,False,2015-12-21,71.376,2.7964581932302,True,8.0,2.052554107834048,-11.707463337512959,2.052554107834048,-3.5667557106253134,-0.09131548819711899,-6.870468298533494,-8.989805375347547,-7.789074851441969,True,3.0,False,,False,,ROC5_FAIL
CHOP_2015_2016,MMM,legacy,ROC5_FAIL,2015-12-23,2015-12-24,144.24,GREEN,198.87,198.28239999999997,196.89765,-0.37072290967387067,False,2015-12-17,140.29,2.815596264879905,True,7.0,1.9065446478092163,-10.718247365501943,1.9065446478092163,-4.901552967276778,-2.655296727676104,-6.884359400998341,-8.243205768164186,-4.000277315585143,False,,False,,False,,ROC5_FAIL
CHOP_2015_2016,SWK,legacy,ROC5_FAIL,2015-12-23,2015-12-24,103.34,GREEN,198.87,198.28239999999997,196.89765,-0.37072290967387067,False,2015-12-21,99.98,3.3606721344268786,True,6.0,1.5192568221404912,-15.395780917360169,1.5192568221404912,-4.13295916392491,-1.848267853686858,-9.882910779949682,-10.463518482678536,-9.949680665763495,False,,False,,False,,ROC5_FAIL
CHOP_2015_2016,MCD,legacy,ROC5_FAIL,2016-01-12,2016-01-13,111.98,YELLOW,186.93,197.47660000000005,196.6579,-3.8277511961722466,False,2016-01-11,109.96,1.8370316478719673,True,0.0,6.063582782639743,-4.259689230219688,0.12502232541524716,-2.232541525272369,0.09823182711199419,3.9739239149848116,2.5093766744061385,-0.8394356135024039,False,,False,,False,,ROC5_FAIL
CHOP_2015_2016,MKC,legacy,ROC5_FAIL,2016-01-12,2016-01-13,83.017,YELLOW,186.93,197.47660000000005,196.6579,-3.8277511961722466,False,2016-01-08,80.325,3.351384998443807,True,3.0,6.427599166435782,-8.50307768288423,0.5372393606128734,-5.7626751147355275,-6.950383656359538,-0.38546321837694686,0.10479781249623787,5.36637074334172,False,,False,,False,,ROC5_FAIL
CHOP_2015_2016,SYY,legacy,ROC5_FAIL,2016-01-12,2016-01-13,38.928,YELLOW,186.93,197.47660000000005,196.6579,-3.8277511961722466,False,2016-01-07,37.98,2.4960505529225907,True,4.0,8.035347307850383,-4.585388409371138,0.4187217427044976,-4.585388409371138,-3.198212083847096,-2.9490341142622167,6.730374023838892,4.693279901356373,False,,False,,False,,ROC5_FAIL
CHOP_2015_2016,KO,legacy,ROC5_FAIL,2016-01-13,2016-01-14,39.668,YELLOW,182.27,197.1318,196.58015,-5.023187952686148,False,2016-01-07,39.007,1.6945676417053468,False,,3.5721488353332775,-2.949480689724715,3.5721488353332775,-2.949480689724715,0.16890188565090725,2.218412826459626,1.0713925582333417,2.667137239084405,True,10.0,True,10.0,False,,ROC5_FAIL
CHOP_2015_2016,BDX,legacy,ROC5_FAIL,2016-01-14,2016-01-15,138.43,YELLOW,185.22,196.7988,196.52575000000002,-1.1052378664103801,False,2016-01-06,135.4,2.237813884785811,True,13.0,4.088709094849374,-9.029834573430618,4.088709094849374,-3.474680343856107,1.791519179368617,2.5789207541717873,-6.660405981362416,-0.15892508849237874,True,5.0,True,5.0,False,,ROC5_FAIL
CHOP_2015_2016,LEG,legacy,ROC5_FAIL,2016-04-25,2016-04-26,46.095,GREEN,202.4,195.31939999999997,193.7718,-0.305388631661907,False,2016-04-21,45.165,2.0591165725672544,False,,4.950645406226273,-1.1845102505694705,4.950645406226273,-1.1845102505694705,3.2845210977329398,3.4732617420544454,0.9567198177676595,3.763965722963447,True,3.0,True,4.0,False,,ROC5_FAIL
CHOP_2015_2016,ED,legacy,ROC5_FAIL,2016-04-26,2016-04-27,68.559,GREEN,202.71,195.7708,193.79505,-0.4566882734236777,False,2016-04-22,67.486,1.5899593989864513,False,,6.137779139135624,-1.9005528085298762,6.137779139135624,-1.9005528085298762,5.405563091643706,2.9171954083344165,-0.740967633716938,0.16482154057089193,True,1.0,True,2.0,True,5.0,ROC5_FAIL
CHOP_2015_2016,MCD,legacy,ROC5_FAIL,2016-04-26,2016-04-27,122.65,GREEN,202.71,195.7708,193.79505,-0.4566882734236777,False,2016-04-25,119.83,2.353333889677045,True,17.0,3.139013452914785,-4.541377904606614,3.139013452914785,-4.541377904606614,1.0843864655523783,0.9376273950264968,-1.3615980432123975,-3.6689767631471693,True,7.0,True,9.0,False,,ROC5_FAIL
CHOP_2015_2016,MKC,legacy,ROC5_FAIL,2016-04-27,2016-04-28,90.038,GREEN,203.12,196.1696,193.80945,-0.34832949026150084,False,2016-04-15,88.337,1.9255804476040472,False,,7.452408982873915,-0.21657522379439076,7.452408982873915,-0.21657522379439076,2.3867700304315953,6.76158955107844,3.759523756636085,5.325529220995584,True,2.0,True,5.0,True,8.0,ROC5_FAIL
CHOP_2015_2016,HRL,legacy,ROC5_FAIL,2016-04-28,2016-04-29,37.49,GREEN,201.31,196.4722,193.81045000000003,-0.720027617497665,False,2016-04-11,36.44,2.881448957189914,True,13.0,5.0893571619098354,-11.125633502267274,5.0893571619098354,-8.893038143504938,-0.0506801813817126,3.4462523339557016,-9.621232328620966,-9.826620432115241,True,6.0,True,6.0,True,10.0,ROC5_FAIL
CHOP_2015_2016,PG,legacy,ROC5_FAIL,2016-05-02,2016-05-03,77.146,GREEN,201.78,197.097,193.80175,-0.30632411067194054,False,2016-04-28,75.78,1.8025864344154208,False,,2.5795245378891885,-1.714930132476089,2.5795245378891885,-1.714930132476089,2.0791745521478777,-0.22165763617039147,0.21128768827936018,1.226246338112147,True,4.0,False,,False,,ROC5_FAIL
CHOP_2015_2016,CB,legacy,ROC5_FAIL,2016-05-03,2016-05-04,114.06,GREEN,200.01,197.33700000000002,193.78765000000004,-1.331952049726215,False,2016-04-28,113.05,0.8934099955771879,False,,8.872523233385943,-0.6750832894967473,8.872523233385943,-0.6750832894967473,5.155181483429772,6.733298264071541,8.048395581273017,8.600736454497637,True,1.0,True,1.0,True,4.0,ROC5_FAIL
CHOP_2015_2016,KMB,legacy,ROC5_FAIL,2016-05-04,2016-05-05,122.27,GREEN,198.91,197.6028,193.7675,-2.072666404096102,False,2016-04-25,118.07,3.5572118234945327,False,,2.1755132084730677,-2.26547804040238,2.1755132084730677,-2.26547804040238,1.6766173223194514,-0.8832910771243929,0.01635724216897394,1.6847959434039383,True,5.0,False,,False,,ROC5_FAIL
CHOP_2015_2016,GPC,legacy,ROC5_FAIL,2016-05-06,2016-05-09,92.565,GREEN,199.59,198.0674,193.74045,-0.2947347387351362,False,2016-05-03,91.415,1.257999234261331,True,6.0,1.9143304704802189,-4.503862150920968,1.5221736077351222,-2.7126883811375735,0.3521849511154418,-2.9816885431858564,0.33057851239668423,1.5902338896991441,False,,False,,False,,ROC5_FAIL
CHOP_2015_2016,TGT,legacy,ROC5_FAIL,2016-05-09,2016-05-10,75.573,GREEN,199.75,198.2962,193.73605,-1.00604618891863,False,2016-05-03,73.452,2.887600065348783,True,1.0,0.8151059240734115,-17.35540470803064,0.8151059240734115,-5.2346737591467685,-7.12423749222606,-13.331480819869512,-13.68345837799213,-13.417490373546093,False,,False,,False,,ROC5_FAIL
CHOP_2015_2016,PPG,legacy,ROC5_FAIL,2016-05-23,2016-05-24,104.06,GREEN,199.09,199.7782,193.72494999999998,-0.7675821163335428,False,2016-05-03,102.49,1.5318567665138172,False,,4.4013069383048276,-1.4126465500672647,4.4013069383048276,-1.4126465500672647,1.3261579857774208,4.113011724005378,0.038439361906594804,1.1627906976744207,True,1.0,True,10.0,False,,ROC5_FAIL
CHOP_2015_2016,PNR,legacy,ROC5_FAIL,2016-06-16,2016-06-17,58.541,GREEN,202.16,201.641,194.55715,-1.749611197511658,False,2016-06-14,56.238,4.09509584266865,True,5.0,5.8728070924651155,-8.170342153362586,3.68972173348594,-4.726601868775726,-4.366170717958351,-2.7109205514084134,2.8629507524640774,4.135563109615492,True,1.0,True,1.0,False,,ROC5_FAIL
CHOP_2015_2016,ADM,legacy,ROC5_FAIL,2016-06-29,2016-06-30,40.203,GREEN,201.54,201.6938,195.21765000000002,-0.699645250295633,False,2016-06-27,37.609,6.897285224281435,False,,8.852573191055392,-1.1715543616148127,8.852573191055392,-1.1715543616148127,4.270825560281577,5.395119767181544,4.84540954655126,8.106360221873988,True,0.0,True,1.0,True,10.0,ROC5_FAIL
CHOP_2015_2016,PPG,legacy,ROC5_FAIL,2016-06-30,2016-07-01,101.86,GREEN,204.31,201.7034,195.29205000000002,-0.6225983754073683,False,2016-06-28,96.102,5.991550644107302,False,,5.586098566660125,-2.4896917337522084,5.586098566660125,-2.4896917337522084,2.199096799528766,4.771254663263291,2.1794620066758252,0.34360887492637104,True,4.0,True,6.0,True,7.0,ROC5_FAIL
CHOP_2015_2016,AFL,legacy,ROC5_FAIL,2016-08-04,2016-08-05,70.352,GREEN,211.06,206.0546,197.76649999999998,-0.16555508254103568,False,2016-08-03,69.468,1.2725283583808311,False,,3.454059586081404,-1.03621787582443,3.454059586081404,-1.03621787582443,0.3709915851717094,0.6339549692972346,1.0234250625426489,2.7447691607914493,True,15.0,True,17.0,False,,ROC5_FAIL
CHOP_2015_2016,CLX,legacy,ROC5_FAIL,2016-08-04,2016-08-05,129.55,GREEN,211.06,206.0546,197.76649999999998,-0.16555508254103568,False,2016-07-21,125.44,3.276466836734704,False,,0.6792744114241467,-3.095329988421458,0.6792744114241467,-3.095329988421458,-0.27788498649171656,-2.238517946738716,-2.3620223851794853,-1.3585488228483267,False,,False,,False,,ROC5_FAIL
CHOP_2015_2016,CVX,legacy,ROC5_FAIL,2016-08-04,2016-08-05,96.059,GREEN,211.06,206.0546,197.76649999999998,-0.16555508254103568,False,2016-07-27,93.126,3.149496381246908,False,,3.6654556054091847,-1.2606835382421244,3.6654556054091847,-1.2606835382421244,1.15345777074507,2.386033583526803,1.3845657356416297,0.9910575791961085,True,6.0,True,9.0,False,,ROC5_FAIL
CHOP_2015_2016,WBA,legacy,ROC5_FAIL,2016-08-04,2016-08-05,77.974,GREEN,211.06,206.0546,197.76649999999998,-0.16555508254103568,False,2016-07-28,75.836,2.8192415211772737,False,,4.522020160566331,-1.7236514735681219,4.522020160566331,-1.7236514735681219,3.825634185754212,3.3831790083874047,-0.6220022058634922,2.920204170620977,True,3.0,True,3.0,False,,ROC5_FAIL
CHOP_2015_2016,LOW,legacy,ROC5_FAIL,2016-08-25,2016-08-26,75.541,GREEN,212.32,208.7764,198.78255000000001,-0.5247376311844132,False,2016-08-24,74.811,0.975792330004932,True,2.0,0.722786301478684,-9.06924716379185,0.722786301478684,-1.28936603963411,-0.6076170556386651,-6.366079347639031,-7.902993076607401,-8.548999880859398,False,,False,,False,,ROC5_FAIL
CHOP_2015_2016,ADM,legacy,ROC5_FAIL,2016-08-30,2016-08-31,41.973,GREEN,212.61,209.4002,198.9899,-0.4355155942680433,False,2016-08-26,40.955,2.485654987181052,True,6.0,1.8488075667691284,-4.357563195387515,1.8488075667691284,-2.820861029709565,0.0,-2.215710099349577,-0.6003859624044039,-3.9549234031401093,False,,False,,False,,ROC5_FAIL
CHOP_2015_2016,JNJ,legacy,ROC5_FAIL,2016-08-30,2016-08-31,116.42,GREEN,212.61,209.4002,198.9899,-0.4355155942680433,False,2016-08-09,115.25,1.0151843817787443,True,6.0,0.36935234495789615,-2.0872702284830846,0.36935234495789615,-1.1338258031266202,-0.060127125923392644,-0.7558838687510727,-0.06871671534101065,-1.898299261295322,False,,False,,False,,ROC5_FAIL
CHOP_2015_2016,WMT,legacy,ROC5_FAIL,2016-09-01,2016-09-02,71.017,GREEN,212.01,209.75560000000002,199.1518,-0.1460060286360254,False,2016-08-23,68.974,2.961985675761869,True,4.0,0.2745821423039585,-3.6850331610740916,0.2745821423039585,-3.6850331610740916,-1.436275821282218,-1.2306912429418282,-1.8756072489685471,-1.3433403269639599,False,,False,,False,,ROC5_FAIL
CHOP_2015_2016,GWW,legacy,ROC5_FAIL,2016-09-15,2016-09-16,219.22,GREEN,209.95,211.4206,199.6318,-1.4828023086668973,False,2016-09-13,215.23,1.85383078567114,True,0.0,0.9989964419304886,-5.975732141227985,0.3968616002189673,-4.853571754401964,-4.2468752851017255,-0.5884499589453474,-0.7800383176717496,-5.291488002919442,False,,False,,False,,ROC5_FAIL
CHOP_2015_2016,ITW,legacy,ROC5_FAIL,2016-09-19,2016-09-20,114.95,GREEN,209.18,211.55180000000001,199.71220000000002,-0.8578605621119451,False,2016-09-09,112.02,2.6156043563649423,False,,3.123096998695085,-2.931709438886476,3.123096998695085,-2.931709438886476,0.9134406263592743,1.5224010439321534,-1.9051761635493714,-1.8703784254023526,True,2.0,True,9.0,False,,ROC5_FAIL
CHOP_2015_2016,BEN,legacy,ROC5_FAIL,2016-09-29,2016-09-30,34.437,GREEN,210.43,211.6948,200.25979999999998,-1.1508831266441089,False,2016-09-27,33.438,2.9876188767270717,True,11.0,5.331474867148733,-3.7604901704561766,5.331474867148733,-3.7604901704561766,2.366640531985964,-2.8486801986235544,-1.739408194674319,-2.564102564102555,True,1.0,True,1.0,True,1.0,ROC5_FAIL
CHOP_2015_2016,PEP,legacy,ROC5_FAIL,2016-10-14,2016-10-17,103.88,GREEN,208.9,211.5418,200.98105000000004,-0.8919252300977343,False,2016-10-11,102.09,1.7533548829464118,True,18.0,1.9541778975741275,-5.981902194840194,1.9541778975741275,-4.149018097805158,0.442818636888731,0.3369272237196741,0.12514439738160466,-5.098190219484011,False,,False,,False,,ROC5_FAIL
CHOP_2015_2016,BCR,legacy,ROC5_FAIL,2016-10-17,2016-10-18,219.66,GREEN,208.18,211.4496,201.03800000000004,-1.7416340208618486,False,2016-10-13,215.04,2.1484375,True,5.0,2.1123554584357773,-7.552581261950286,1.9803332422835274,-2.440134753710277,-2.4173723026495453,-2.5084221068924606,1.7618137121005129,-3.6602021305654153,False,,False,,False,,ROC5_FAIL
CHOP_2015_2016,WMT,legacy,ROC5_FAIL,2016-10-17,2016-10-18,66.717,GREEN,208.18,211.4496,201.03800000000004,-1.7416340208618486,False,2016-10-10,65.258,2.235741211805453,False,,5.135122982148488,-0.8453617518773271,5.135122982148488,-0.8453617518773271,1.1526297645277905,1.06569539997301,1.7791567366638228,4.154863078375826,True,7.0,True,16.0,True,17.0,ROC5_FAIL
CHOP_2015_2016,CL,legacy,ROC5_FAIL,2016-10-26,2016-10-27,70.145,GREEN,209.5,211.02359999999996,201.7567,-0.25234490310908075,False,2016-10-12,69.059,1.5725683835560833,True,0.0,0.20956589920879676,-8.670610877468087,0.20956589920879676,-2.050039204504961,-1.6023950388480923,-6.29980754152113,-7.987739682087103,-7.2350131869698515,False,,False,,False,,ROC5_FAIL
CHOP_2015_2016,GPC,legacy,ROC5_FAIL,2016-10-26,2016-10-27,88.736,GREEN,209.5,211.02359999999996,201.7567,-0.25234490310908075,False,2016-10-19,85.947,3.2450230956287074,True,4.0,7.299179588892879,-5.221105301117934,0.0,-3.546474936891464,-3.7977821853588223,2.3181121529029847,3.5228092318788207,7.134646592138472,False,,False,,False,,ROC5_FAIL
CHOP_2015_2016,PG,legacy,ROC5_FAIL,2016-10-26,2016-10-27,84.856,GREEN,209.5,211.02359999999996,201.7567,-0.25234490310908075,False,2016-10-18,81.512,4.102463440965742,True,10.0,0.20623173376073112,-6.627698689544637,0.20623173376073112,-6.0903177147166865,-1.0394079381540355,-5.1993966248703565,-5.074479117563868,-4.627840105590641,False,,False,,False,,ROC5_FAIL
CHOP_2015_2016,JNJ,legacy,ROC5_FAIL,2016-10-27,2016-10-28,112.8,GREEN,208.95,210.9432,201.89010000000002,-0.3291356611333729,False,2016-10-19,110.04,2.5081788440566966,False,,5.762411347517737,-3.014184397163111,5.762411347517737,-3.014184397163111,-0.6117021276595747,2.2960992907801403,0.2925531914893531,-1.648936170212767,True,8.0,True,8.0,True,8.0,ROC5_FAIL
CHOP_2015_2016,GWW,legacy,ROC5_FAIL,2016-10-28,2016-10-31,202.81,GREEN,208.32,210.84079999999997,202.00560000000002,-0.677028702202731,False,2016-10-13,195.74,3.6119341984264697,False,,10.497509984714748,-3.4317834426310423,10.497509984714748,-3.4317834426310423,0.31556629357525345,7.3714313889847505,6.784675311868238,8.80134115674769,True,7.0,True,7.0,True,7.0,ROC5_FAIL
CHOP_2015_2016,ITW,legacy,ROC5_FAIL,2016-10-28,2016-10-31,112.07,GREEN,208.32,210.84079999999997,202.00560000000002,-0.677028702202731,False,2016-10-21,109.3,2.5343092406221457,False,,10.350673686089063,-2.444900508610681,10.350673686089063,-2.444900508610681,2.471669492281614,8.030695101275986,8.003926117605076,9.868831980012494,True,5.0,True,6.0,True,7.0,ROC5_FAIL
CHOP_2015_2016,BDX,legacy,ROC5_FAIL,2016-11-03,2016-11-04,170.5,GREEN,204.65,210.30300000000003,202.52195,-2.0579085905718997,False,2016-10-13,162.89,4.671864448400775,True,6.0,3.8064516129032278,-6.2287390029325485,3.8064516129032278,-6.2287390029325485,-1.6539589442815195,-0.7917888563049869,-1.683284457478007,-5.096774193548381,True,1.0,True,1.0,False,,ROC5_FAIL
CHOP_2015_2016,MHFI,legacy,ROC5_FAIL,2016-11-04,2016-11-07,123.4,GREEN,204.42,210.145,202.6246,-1.872119815668205,False,2016-11-01,117.94,4.629472613193153,True,14.0,2.2528363047001676,-9.489465153970833,2.2528363047001676,-4.9432739059967705,-0.9157212317666197,-2.5121555915721294,-3.9222042139384183,-8.784440842787689,True,1.0,False,,False,,ROC5_FAIL
CHOP_2015_2016,SWK,legacy,ROC5_FAIL,2016-11-04,2016-11-07,114.43,GREEN,204.42,210.145,202.6246,-1.872119815668205,False,2016-11-01,110.83,3.248217991518554,False,,8.756444988202382,-0.7515511666521091,8.756444988202382,-0.7515511666521091,4.614174604561727,3.9500131084505785,2.927553963121543,2.315826269334953,True,2.0,True,2.0,True,3.0,ROC5_FAIL
COVID_2020,GD,yfinance,ROC5_FAIL,2020-01-03,2020-01-06,155.66375623774778,GREEN,293.8829345703125,283.9170257568359,268.16708671569825,-0.16409241591974766,False,2019-12-27,150.32207861287216,3.5534883991540367,False,,2.924528801207593,-3.1797159332994096,2.924528801207593,-3.1797159332994096,-0.23135562296987544,1.5286462713756332,1.716999449355061,-0.5541291563816109,True,10.0,False,,False,,ROC5_FAIL
COVID_2020,SWK,yfinance,ROC5_FAIL,2020-03-02,2020-03-03,115.7958485309756,GREEN,281.741455078125,296.88032470703126,275.8556141662598,-4.134366549418111,False,2020-02-24,106.76691773830368,8.456674580418944,True,2.0,2.2198652933145047,-50.51254667244247,2.2198652933145047,-10.477184961138308,-7.6776101680847475,-35.72994278325902,-36.1824124068992,-29.30363414179258,True,0.0,False,,False,,ROC5_FAIL
COVID_2020,ADM,yfinance,ROC5_FAIL,2020-03-03,2020-03-04,32.4203186857138,YELLOW,273.6745300292969,296.5560711669922,275.93146545410156,-3.9693143575708967,False,2020-02-21,29.920023334517076,8.356595592331217,True,3.0,1.5991718456650483,-25.40622253971595,1.5991718456650483,-9.775563973803802,-9.54342122376175,-14.831019730239392,-15.656378202621745,-12.63860227223379,False,,False,,False,,ROC5_FAIL
COVID_2020,AMCR,yfinance,ROC5_FAIL,2020-03-03,2020-03-04,37.17790572320751,YELLOW,273.6745300292969,296.5560711669922,275.93146545410156,-3.9693143575708967,False,2020-02-14,34.54655834122837,7.616814838654573,True,3.0,0.8238960497728876,-40.26776754066389,0.8238960497728876,-11.328528694077333,-17.71368389324859,-34.19155974779551,-20.597318324188308,-19.052514897660366,False,,False,,False,,ROC5_FAIL
COVID_2020,APD,yfinance,ROC5_FAIL,2020-03-03,2020-03-04,197.5879028111136,YELLOW,273.6745300292969,296.5560711669922,275.93146545410156,-3.9693143575708967,False,2020-02-26,182.55233044038394,8.236308095579092,True,3.0,2.6013327802665076,-27.651041948475807,2.6013327802665076,-11.528811500906034,-10.206567837169745,-12.898634776856532,-17.401272516259848,-17.675190727014012,True,0.0,False,,False,,ROC5_FAIL
COVID_2020,ATO,yfinance,ROC5_FAIL,2020-03-03,2020-03-04,92.44537602283924,YELLOW,273.6745300292969,296.5560711669922,275.93146545410156,-3.9693143575708967,False,2020-02-26,87.12680843315137,6.104398502980368,True,6.0,4.82675464761162,-27.811736141443234,4.82675464761162,-16.1478502780685,-4.715583978622506,-1.945517204934577,-16.34242199206546,-12.3216496318307,True,0.0,True,0.0,False,,ROC5_FAIL
COVID_2020,BF-B,yfinance,ROC5_FAIL,2020-03-03,2020-03-04,55.14759128681889,YELLOW,273.6745300292969,296.5560711669922,275.93146545410156,-3.9693143575708967,False,2020-02-26,52.25159051492955,5.542416495555047,True,3.0,3.5222616232532644,-28.26432203908007,3.5222616232532644,-15.050676959793297,-10.52304898846933,-12.353360499142497,-16.3672267732186,-14.151582882797964,True,0.0,True,0.0,False,,ROC5_FAIL
COVID_2020,ED,yfinance,ROC5_FAIL,2020-03-03,2020-03-04,67.67614814812782,YELLOW,273.6745300292969,296.5560711669922,275.93146545410156,-3.9693143575708967,False,2020-02-25,62.082366821573025,9.010257844440005,True,12.0,11.578850651970019,-26.8600252604295,11.578850651970019,-16.200907755021852,1.9927280801794067,8.713617419098929,-16.36597808059235,-8.489543960178313,True,0.0,True,0.0,True,3.0,ROC5_FAIL
COVID_2020,HRL,yfinance,ROC5_FAIL,2020-03-03,2020-03-04,35.86482803456111,YELLOW,273.6745300292969,296.5560711669922,275.93146545410156,-3.9693143575708967,False,2020-02-24,32.83791902890537,9.217724798551696,True,6.0,17.541049922674024,-11.017354572254378,2.760034398405975,-11.017354572254378,-3.581221569429971,10.104922724217369,-4.333943178831989,5.725365484757594,True,0.0,False,,False,,ROC5_FAIL
COVID_2020,LIN,yfinance,ROC5_FAIL,2020-03-03,2020-03-04,180.88012430406667,YELLOW,273.6745300292969,296.5560711669922,275.93146545410156,-3.9693143575708967,False,2020-02-26,169.52954472803725,6.6953400920401585,True,3.0,3.7046402871113493,-25.705296084211714,3.7046402871113493,-12.736280364914487,-11.926022991894191,-20.23611003667032,-16.291224807783045,-18.5346145030016,True,0.0,True,0.0,False,,ROC5_FAIL
COVID_2020,LOW,yfinance,ROC5_FAIL,2020-03-03,2020-03-04,98.14126182524807,YELLOW,273.6745300292969,296.5560711669922,275.93146545410156,-3.9693143575708967,False,2020-02-27,91.2444898674703,7.558562679012293,True,3.0,2.5652641954392985,-45.80436075244931,2.5652641954392985,-15.861290139833251,-10.441707212462081,-41.27000018895895,-24.379026285838567,-27.35978478588229,True,0.0,False,,False,,ROC5_FAIL
COVID_2020,MDT,yfinance,ROC5_FAIL,2020-03-03,2020-03-04,84.79547201510621,YELLOW,273.6745300292969,296.5560711669922,275.93146545410156,-3.9693143575708967,False,2020-02-20,79.84252468643038,6.203395180861082,True,3.0,1.3944419918291429,-29.663580953674785,1.3944419918291429,-10.570480266058556,-9.858613806416871,-27.313504231978094,-15.338880997793947,-17.468153576259905,False,,False,,False,,ROC5_FAIL
COVID_2020,PPG,yfinance,ROC5_FAIL,2020-03-03,2020-03-04,92.85473404257012,YELLOW,273.6745300292969,296.5560711669922,275.93146545410156,-3.9693143575708967,False,2020-02-18,87.89981537480413,5.63700691137774,True,3.0,1.9644898800633026,-34.104640446436875,1.9644898800633026,-9.83186503079747,-8.415197386544705,-31.129565190925522,-19.049866806652528,-24.546628989946306,False,,False,,False,,ROC5_FAIL
COVID_2020,ROP,yfinance,ROC5_FAIL,2020-03-03,2020-03-04,345.01340288075136,YELLOW,273.6745300292969,296.5560711669922,275.93146545410156,-3.9693143575708967,False,2020-02-26,327.76669641524086,5.261884948695639,True,3.0,2.3170345425375993,-33.162513956203114,2.3170345425375993,-16.450314978496174,-10.022814471160824,-19.99830477880803,-20.580336416256383,-18.218756823913008,True,0.0,False,,False,,ROC5_FAIL
COVID_2020,SYY,yfinance,ROC5_FAIL,2020-03-03,2020-03-04,57.98770671368052,YELLOW,273.6745300292969,296.5560711669922,275.93146545410156,-3.9693143575708967,False,2020-02-26,54.92777534930165,5.5708270450056885,True,3.0,2.1685702467944212,-62.411444446576006,2.1685702467944212,-12.895760060270057,-20.268897855912606,-54.83590511978353,-34.00316026897355,-39.46797790689679,True,0.0,False,,False,,ROC5_FAIL
COVID_2020,UTX,yfinance,ROC5_FAIL,2020-03-03,2020-03-04,72.89577104979885,YELLOW,273.6745300292969,296.5560711669922,275.93146545410156,-3.9693143575708967,False,2020-02-25,68.23269747852933,6.8340747817229985,True,3.0,4.016658541912266,-48.66111899695238,4.016658541912266,-16.312130574857754,-20.031247819365216,-40.94020423153454,-28.451364442253734,-32.03661340170498,True,0.0,True,0.0,False,,ROC5_FAIL
COVID_2020,TROW,yfinance,ROC5_FAIL,2020-03-16,2020-03-17,76.05325857361673,YELLOW,218.6278839111328,289.46354248046873,275.92715492248533,-12.536941978797167,False,2020-03-09,67.62842623820084,12.45753125430118,True,4.0,10.312177996384552,-16.908353103346474,10.312177996384552,-16.908353103346474,-9.869101420275006,-1.661639099036205,2.6183230225458987,-0.3222737640725337,True,0.0,True,0.0,True,0.0,ROC5_FAIL
COVID_2020,CAT,yfinance,ROC5_FAIL,2020-03-17,2020-03-18,83.04076638013768,YELLOW,230.43206787109375,288.19452514648435,275.84263694763183,-12.350057535235326,False,2020-03-09,77.30684260582602,7.417097350033974,False,,37.887065484919155,-3.5642081562254457,37.887065484919155,-3.5642081562254457,11.362921570140404,18.470081664188598,35.54637227530848,20.45965945417203,True,0.0,True,0.0,True,0.0,ROC5_FAIL
COVID_2020,ALB,yfinance,ROC5_FAIL,2020-03-18,2020-03-19,61.711479150395114,YELLOW,218.76463317871094,286.66973480224607,275.70292655944826,-12.523693474140263,False,2020-03-10,53.14327293792351,16.122842532638316,True,1.0,1.923363967844427,-26.536464098890654,1.923363967844427,-20.330585106131593,-9.151042141408627,-19.368912948360617,0.7062244752837676,-7.633384119333508,False,,False,,False,,ROC5_FAIL
COVID_2020,O,yfinance,ROC5_FAIL,2020-03-23,2020-03-24,32.31548143300037,YELLOW,204.4182586669922,281.58503326416013,275.05904747009276,-6.499456972248108,False,2020-03-16,26.683793457418595,21.105274947389695,False,,32.54559265907204,-5.255965887898428,32.54559265907204,-5.255965887898428,8.821427543329596,7.664735071513018,12.400767876504437,9.519820153676717,True,0.0,True,0.0,True,0.0,ROC5_FAIL
COVID_2020,TGT,yfinance,ROC5_FAIL,2020-07-13,2020-07-14,99.67220734473008,GREEN,289.9405822753906,278.637802734375,275.87898262023924,-0.6970292327295624,False,2020-07-09,98.26199090433542,1.435159645572015,False,,13.348484233047886,-1.1116723248880689,13.348484233047886,-1.1116723248880689,1.229589271874354,3.8319076272827823,9.861889223346143,10.931442809904102,True,1.0,True,1.0,True,8.0,ROC5_FAIL
COVID_2020,BDX,yfinance,ROC5_FAIL,2020-08-19,2020-08-20,180.4851413108503,GREEN,310.559814453125,294.8101104736328,280.3367617034912,-0.06226207344096624,False,2020-08-10,176.79597373380463,2.086680764913984,True,2.0,0.6570115810578425,-13.563119710377869,0.6570115810578425,-2.2591928126971306,-5.263770600154305,-9.686106354541991,-9.102707637949937,-10.598471066283954,False,,False,,False,,ROC5_FAIL
COVID_2020,AOS,yfinance,ROC5_FAIL,2020-09-10,2020-09-11,43.45596074640727,GREEN,307.484130859375,304.983369140625,283.0682904815674,-6.656380837786136,False,2020-09-08,42.22202979374675,2.922481365032037,False,,18.58026917839064,0.0,18.58026917839064,0.0,9.547343911798588,7.32509815862572,10.14406682753075,17.67491420747136,True,1.0,True,1.0,True,3.0,ROC5_FAIL
COVID_2020,BEN,yfinance,ROC5_FAIL,2020-09-16,2020-09-17,15.535845449528658,GREEN,312.02410888671875,306.7870745849609,283.5894550323486,-0.28547804992511416,False,2020-09-09,14.974846034381585,3.7462783514370823,True,3.0,15.778402929105063,-7.992290232511112,3.033211610452957,-5.825737976301681,-7.221949099420755,-2.468980790558084,8.899039413808495,15.241724224068065,True,1.0,True,1.0,False,,ROC5_FAIL
COVID_2020,BDX,yfinance,ROC5_FAIL,2020-09-18,2020-09-21,161.00154555778795,GREEN,305.71923828125,307.47322326660156,283.84716789245607,-0.6245457314904668,False,2020-09-04,156.00572553541502,3.2023311998499837,True,1.0,4.0451087935089225,-5.138486552776234,0.0,-3.7339478663552472,-2.7615516852949495,2.9171748714836188,3.01225232638922,2.5886875721387703,False,,False,,False,,ROC5_FAIL
COVID_2020,CLX,yfinance,ROC5_FAIL,2020-09-22,2020-09-23,174.90788241967888,GREEN,305.39556884765625,307.97919494628906,284.0580619049072,-2.5128042516691207,False,2020-09-17,167.82130213803333,4.222694134393512,False,,4.740903631739246,-2.686987978054056,4.740903631739246,-2.686987978054056,-1.4443287583661646,0.8816026109966346,2.6635115653750763,-0.8909630462931806,True,13.0,True,14.0,False,,ROC5_FAIL
COVID_2020,CAH,yfinance,ROC5_FAIL,2020-09-25,2020-09-28,41.499592143761014,GREEN,303.9439392089844,308.2962188720703,284.29136665344237,-0.5806958967470743,False,2020-09-23,38.62741314172569,7.43559759359802,False,,4.3755403805278315,-4.598017480467931,4.3755403805278315,-4.598017480467931,-0.6799703385541256,1.7846056937156574,0.8998813784742099,1.173714989053587,True,8.0,True,9.0,False,,ROC5_FAIL
COVID_2020,GWW,yfinance,ROC5_FAIL,2020-09-25,2020-09-28,329.3199341351625,GREEN,303.9439392089844,308.2962188720703,284.29136665344237,-0.5806958967470743,False,2020-09-21,316.04100240278694,4.201648403662461,False,,11.698260248931014,-0.6658737234017331,11.698260248931014,-0.6658737234017331,5.617196346989939,10.597015189684612,6.635938028207677,2.8057550964249556,True,2.0,True,4.0,True,5.0,ROC5_FAIL
COVID_2020,HRL,yfinance,ROC5_FAIL,2020-09-25,2020-09-28,40.47669314662181,GREEN,303.9439392089844,308.2962188720703,284.29136665344237,-0.5806958967470743,False,2020-09-10,39.16299091725244,3.3544481629227185,False,,4.307008964888426,-1.22472123496975,4.307008964888426,-1.22472123496975,1.0410295283190374,2.26578121778771,0.525324765534041,1.407112054006543,True,10.0,True,11.0,False,,ROC5_FAIL
COVID_2020,PEP,yfinance,ROC5_FAIL,2020-09-25,2020-09-28,113.5542589071851,GREEN,303.9439392089844,308.2962188720703,284.29136665344237,-0.5806958967470743,False,2020-09-16,107.9783974274811,5.1638675999509775,False,,5.932090821176783,-0.6542035638132604,5.932090821176783,-0.6542035638132604,1.3893051590227357,4.4766047694552835,2.6756850357441797,1.4848588177473587,True,1.0,True,3.0,True,10.0,ROC5_FAIL
GFC_2007_2009,ABT,legacy,ROC5_FAIL,2007-08-01,2007-08-02,20.72,GREEN,127.57,132.15339999999998,126.3529,-3.4145972138098224,False,2007-07-26,20.072,3.228377839776808,False,,11.192084942084946,-1.6505791505791456,11.192084942084946,-1.6505791505791456,7.326254826254841,1.3175675675675569,1.9015444015444194,0.419884169884166,True,2.0,True,2.0,True,3.0,ROC5_FAIL
GFC_2007_2009,ADP,legacy,ROC5_FAIL,2007-08-01,2007-08-02,34.697,GREEN,127.57,132.15339999999998,126.3529,-3.4145972138098224,False,2007-07-24,33.311,4.160787727777615,False,,4.579646655330438,-3.7496037121365067,4.579646655330438,-3.7496037121365067,1.1931867308412558,-0.7781652592443233,-0.37755425541112775,-2.510303484451115,True,1.0,True,3.0,False,,ROC5_FAIL
GFC_2007_2009,WMT,legacy,ROC5_FAIL,2007-08-02,2007-08-03,39.697,GREEN,128.58,132.0692,126.4006,-0.2791996277338171,False,2007-07-27,38.653,2.700954647763454,True,7.0,3.6778597878932784,-8.096329697458259,3.6778597878932784,-6.806559689649106,-1.3502279769252112,-6.872055822858158,-6.343048593092682,-6.574804141370882,True,3.0,True,3.0,False,,ROC5_FAIL
GFC_2007_2009,MCD,legacy,ROC5_FAIL,2007-08-06,2007-08-07,39.67,GREEN,127.37,131.8338,126.47345,-0.8099057705786117,False,2007-07-27,38.456,3.1568545870605424,False,,5.87849760524326,-4.812200655407106,5.87849760524326,-4.812200655407106,-1.8351399042097372,-1.0763801361230119,-0.7335518023695586,0.4965969246281787,True,0.0,True,1.0,True,2.0,ROC5_FAIL
GFC_2007_2009,VFC,legacy,ROC5_FAIL,2007-08-06,2007-08-07,18.87,GREEN,127.37,131.8338,126.47345,-0.8099057705786117,False,2007-07-23,17.999,4.839157730985066,True,6.0,5.728669846316903,-11.547429782723906,5.728669846316903,-8.108108108108114,-3.529411764705881,-7.23900370959194,-11.494435612082675,-8.404875463699002,True,0.0,True,0.0,True,0.0,ROC5_FAIL
GFC_2007_2009,GWW,legacy,ROC5_FAIL,2007-08-13,2007-08-14,76.297,YELLOW,126.52,131.277,126.67945,-0.6673470990029129,False,2007-07-24,73.324,4.054606949975459,True,1.0,7.10381797449442,-8.422349502601678,0.31324953798970157,-5.735481080514293,0.8873219130503207,0.5308203468026296,3.9188958936786644,0.09305739413083547,False,,False,,False,,ROC5_FAIL
GFC_2007_2009,CB,legacy,ROC5_FAIL,2007-08-17,2007-08-20,49.121,YELLOW,126.07,130.6202,126.75785,0.0,False,2007-08-15,45.528,7.891846775610611,False,,4.159117281814284,-3.1167932248936325,4.159117281814284,-3.1167932248936325,1.7670650027483026,1.107469310478204,-0.1201115612467274,2.080576535493983,True,0.0,True,2.0,False,,ROC5_FAIL
GFC_2007_2009,PPG,legacy,ROC5_FAIL,2007-08-17,2007-08-20,32.35,YELLOW,126.07,130.6202,126.75785,0.0,False,2007-08-15,30.216,7.06248345247551,False,,4.343122102009267,-3.2364760432766593,4.343122102009267,-3.2364760432766593,0.8964451313755673,1.4188562596599619,-0.06491499227202491,4.275115919629036,True,2.0,True,16.0,False,,ROC5_FAIL
GFC_2007_2009,TGT,legacy,ROC5_FAIL,2007-08-17,2007-08-20,51.077,YELLOW,126.07,130.6202,126.75785,0.0,False,2007-08-16,46.297,10.324643065425398,False,,8.923781741292558,-5.7520997709340715,8.923781741292558,-5.7520997709340715,0.6480411927090479,3.8667110441098718,-0.08222879182411269,8.767155471151412,True,2.0,True,2.0,True,9.0,ROC5_FAIL
GFC_2007_2009,CB,legacy,ROC5_FAIL,2007-10-23,2007-10-24,51.502,GREEN,132.21,130.7152,128.81125,-1.306360107494775,False,2007-10-19,49.564,3.910096037446542,True,6.0,5.046405964816891,-8.20356491010058,5.046405964816891,-5.269698264145095,0.017475049512638563,-6.223059298668021,-2.083414236340342,-4.376529066832369,True,4.0,True,5.0,True,5.0,ROC5_FAIL
GFC_2007_2009,TGT,legacy,ROC5_FAIL,2007-10-25,2007-10-26,52.018,GREEN,132.28,131.0512,128.9015,-1.195100089632506,False,2007-10-18,49.551,4.9787088050695205,True,4.0,1.3841362605252039,-20.223768695451582,1.3841362605252039,-7.489715098619709,-5.807605059787003,-10.794340420623637,-14.456534276596567,-12.330347187512015,False,,False,,False,,ROC5_FAIL
GFC_2007_2009,GWW,legacy,ROC5_FAIL,2007-11-06,2007-11-07,76.578,GREEN,132.48,132.0092,129.24085000000002,-0.6449677516124241,False,2007-10-19,76.076,0.6598664493401518,True,0.0,5.438898900467493,-2.987803285538926,0.0,-1.633628457259273,1.5631121209746857,-2.987803285538926,2.2996160777246644,3.6211444540207305,False,,False,,False,,ROC5_FAIL
GFC_2007_2009,CTL,legacy,ROC5_FAIL,2009-06-24,2009-06-25,20.026,GREEN,78.508,78.65804,78.31306500000001,-1.5660067454894344,False,2009-06-22,19.522,2.581702694396082,True,5.0,2.5416957954659036,-8.104464196544503,2.5416957954659036,-5.717567162688509,-5.717567162688509,-7.150704084689896,-5.238190352541694,-2.756416658344152,True,0.0,False,,False,,ROC5_FAIL
GFC_2007_2009,EMR,legacy,ROC5_FAIL,2009-06-25,2009-06-26,26.792,GREEN,80.218,78.77706,78.17735499999999,-0.15185461787403653,False,2009-06-19,25.528,4.9514258853024185,True,6.0,12.720214989549117,-7.722454464019124,1.9856673633920519,-6.901313825022393,-4.378172588832497,-3.557031949835787,6.292923260674832,12.197670946551199,False,,False,,False,,ROC5_FAIL
GFC_2007_2009,GWW,legacy,ROC5_FAIL,2009-06-25,2009-06-26,72.933,GREEN,80.218,78.77706,78.17735499999999,-0.15185461787403653,False,2009-06-22,67.883,7.43927050955322,False,,7.543910164123235,-6.261911617511973,7.543910164123235,-6.261911617511973,-1.287483032372183,-2.0758778605021178,5.938326957618623,7.350582041051368,True,12.0,True,15.0,True,15.0,ROC5_FAIL
GFC_2007_2009,PPG,legacy,ROC5_FAIL,2009-06-25,2009-06-26,19.492,GREEN,80.218,78.77706,78.17735499999999,-0.15185461787403653,False,2009-06-17,18.311,6.449675058707882,False,,21.84998973938026,-5.781859224297159,21.84998973938026,-5.781859224297159,-1.6519597783706041,-0.400164169915862,15.339626513441406,20.726451877693396,True,12.0,True,12.0,True,12.0,ROC5_FAIL
GFC_2007_2009,SHW,legacy,ROC5_FAIL,2009-06-25,2009-06-26,49.243,GREEN,80.218,78.77706,78.17735499999999,-0.15185461787403653,False,2009-06-22,47.629,3.3886917634214475,True,4.0,7.91381516154579,-4.140690047316376,1.549458806327797,-4.140690047316376,0.5584550088337359,-0.37568791503361787,7.599049611112241,5.127632353837086,False,,False,,False,,ROC5_FAIL
GFC_2007_2009,ADM,legacy,ROC5_FAIL,2009-06-26,2009-06-29,22.804,GREEN,80.008,78.87006,78.038445,-0.21700631064329734,False,2009-06-23,21.921,4.028100907805299,False,,19.847395193825633,-3.017014558849318,19.847395193825633,-3.017014558849318,1.5611296263813523,1.6751447114541351,9.138747588142436,16.07174179968427,True,0.0,True,2.0,True,12.0,ROC5_FAIL
GFC_2007_2009,JCI,legacy,ROC5_FAIL,2009-06-26,2009-06-29,11.363,GREEN,80.008,78.87006,78.038445,-0.21700631064329734,False,2009-06-18,10.937,3.8950352016092094,False,,12.637507700431216,-4.91067499779988,12.637507700431216,-4.91067499779988,-3.7490099445568914,1.3640763882777573,9.284519933116254,10.419783507876446,True,10.0,True,11.0,True,12.0,ROC5_FAIL
GFC_2007_2009,KO,legacy,ROC5_FAIL,2009-06-26,2009-06-29,19.636,GREEN,80.008,78.87006,78.038445,-0.21700631064329734,False,2009-06-23,19.242,2.04760419914769,False,,5.999185170095744,-0.6926054186188635,5.999185170095744,-0.6926054186188635,1.02363006722348,2.3833774699531407,4.593603585251582,2.587084946017515,True,2.0,True,2.0,True,11.0,ROC5_FAIL
GFC_2007_2009,LOW,legacy,ROC5_FAIL,2009-06-26,2009-06-29,17.106,GREEN,80.008,78.87006,78.038445,-0.21700631064329734,False,2009-06-18,15.947,7.267824669216805,False,,14.117853384777268,-4.66502981410033,14.117853384777268,-4.66502981410033,-3.624459254062906,1.2334853267859103,6.360341400678116,11.791184379749797,True,0.0,True,11.0,True,13.0,ROC5_FAIL
GFC_2007_2009,PGR,legacy,ROC5_FAIL,2009-06-26,2009-06-29,11.614,GREEN,80.008,78.87006,78.038445,-0.21700631064329734,False,2009-06-15,11.007,5.514672481148364,False,,4.374031341484397,-6.552436714310328,4.374031341484397,-6.552436714310328,-4.632340278973657,-3.573273635267793,-1.5929051145169626,3.8488031685896207,True,8.0,True,8.0,False,,ROC5_FAIL
GFC_2007_2009,TGT,legacy,ROC5_FAIL,2009-07-09,2009-07-10,31.836,YELLOW,76.812,79.51938,76.92755,-4.503070840689261,False,2009-07-07,30.028,6.021047022778747,False,,15.281442392260347,-2.7233320768940694,15.281442392260347,-2.7233320768940694,2.622816936801109,10.79281316748335,13.14863676341249,11.358210830506344,True,3.0,True,3.0,True,8.0,ROC5_FAIL
GFC_2007_2009,NUE,legacy,ROC5_FAIL,2009-07-10,2009-07-13,33.135,YELLOW,76.627,79.52929999999999,76.794335,-2.060353532125936,False,2009-07-02,31.52,5.12373096446701,False,,20.829938131884717,-0.8963331824354825,20.829938131884717,-0.8963331824354825,8.743020974800064,9.443186962426452,14.685377999094618,14.293043609476408,True,0.0,True,0.0,True,1.0,ROC5_FAIL
GFC_2007_2009,MCD,legacy,ROC5_FAIL,2009-08-11,2009-08-12,45.266,GREEN,86.881,82.08858000000001,76.25475,-0.9632264095023158,False,2009-07-27,44.261,2.270621992273103,True,3.0,2.343922590907077,-2.6443688419564237,1.3232890027835564,-2.52728317059161,-0.4661335218486218,1.9440639773781632,-0.9631953342464583,-1.8954623779437019,False,,False,,False,,ROC5_FAIL
GFC_2007_2009,KO,legacy,ROC5_FAIL,2009-08-17,2009-08-18,19.885,GREEN,85.646,82.50484,76.44485,-2.652875653557629,False,2009-08-12,19.342,2.807362216937248,False,,8.34297208951471,-0.8800603469952262,8.34297208951471,-0.8800603469952262,-0.025144581342728678,-0.46266029670607445,3.85214986170479,8.03620819713351,True,3.0,True,11.0,True,17.0,ROC5_FAIL
GFC_2007_2009,JNJ,legacy,ROC5_FAIL,2009-08-20,2009-08-21,49.719,GREEN,87.98,82.7982,76.48754,-0.5695945029609795,False,2009-08-17,48.426,2.670053277165163,False,,0.6536736458898851,-2.9626500935256095,0.6536736458898851,-2.9626500935256095,-1.3073472917798035,-1.2570647036344251,-1.2248838472213919,-0.6898771093545752,False,,False,,False,,ROC5_FAIL
GFC_2007_2009,CB,legacy,ROC5_FAIL,2009-09-25,2009-09-28,43.989,GREEN,90.993,88.40843999999998,78.261615,-2.1275451484871755,False,2009-09-21,41.728,5.418424079754591,False,,7.497328877673959,-0.4251062765691316,7.497328877673959,-0.4251062765691316,3.9759939984996384,4.751187796949252,6.5266316579144945,3.2212598604196563,True,0.0,True,0.0,True,3.0,ROC5_FAIL
GFC_2007_2009,FITB,legacy,ROC5_FAIL,2009-09-29,2009-09-30,8.4439,GREEN,92.341,88.81013999999999,78.410885,-0.9928484887473665,False,2009-09-25,7.9703,5.942059897368979,True,2.0,9.213751939269766,-12.315399282322147,1.8013003469960598,-9.41389642226932,1.5987872902331945,3.5990478333471465,1.2008668979973658,-11.51363706344224,False,,False,,False,,ROC5_FAIL
GFC_2007_2009,MO,legacy,ROC5_FAIL,2009-09-30,2009-10-01,12.987,GREEN,91.985,88.98470000000002,78.483185,-0.5578318072237076,False,2009-09-23,12.761,1.7710210798526749,False,,5.343805343805341,-2.7720027720027685,5.343805343805341,-2.7720027720027685,0.4543004543004381,2.7181027181027106,2.302302302302306,3.31870331870332,True,7.0,True,11.0,True,13.0,ROC5_FAIL
GFC_2007_2009,BBT,legacy,ROC5_FAIL,2009-10-05,2009-10-06,22.552,GREEN,90.618,89.30254,78.65260500000001,-2.1636328302131247,False,2009-10-01,21.031,7.232181066045373,True,16.0,5.689074139765871,-12.269421780773326,5.689074139765871,-8.917169208939335,2.4033345157857378,-2.4343738914508695,-6.380808797445903,-8.287513302589566,True,4.0,True,6.0,True,6.0,ROC5_FAIL
GFC_2007_2009,DOV,legacy,ROC5_FAIL,2009-10-06,2009-10-07,27.201,GREEN,91.918,89.42730000000002,78.723255,-0.4580847077679362,False,2009-10-05,26.475,2.742209631728043,False,,9.584206462997692,-1.6139112532627453,9.584206462997692,-1.6139112532627453,5.911547369581993,5.069666556376595,-1.0551082680783752,2.135950884158677,True,1.0,True,2.0,True,5.0,ROC5_FAIL
GFC_2007_2009,GWW,legacy,ROC5_FAIL,2009-10-06,2009-10-07,77.637,GREEN,91.918,89.42730000000002,78.723255,-0.4580847077679362,False,2009-10-02,75.03,3.4746101559376186,False,,11.673557710885273,-0.5577237657302669,11.673557710885273,-0.5577237657302669,5.722786815564751,8.749694089158533,5.641639939719467,7.229800224119942,True,1.0,True,2.0,True,3.0,ROC5_FAIL
GFC_2007_2009,MMM,legacy,ROC5_FAIL,2009-10-06,2009-10-07,62.473,GREEN,91.918,89.42730000000002,78.723255,-0.4580847077679362,False,2009-10-02,60.844,2.6773387679968508,False,,7.766555151825605,-1.0964736766283067,7.766555151825605,-1.0964736766283067,4.120179917724465,3.7968402349815022,1.2549421350023238,0.7235125574247991,True,3.0,True,5.0,True,6.0,ROC5_FAIL
GFC_2007_2009,PGR,legacy,ROC5_FAIL,2009-10-06,2009-10-07,12.682,GREEN,91.918,89.42730000000002,78.723255,-0.4580847077679362,False,2009-10-02,12.243,3.585722453646989,False,,4.123955212111641,-3.5641066077905736,4.123955212111641,-3.5641066077905736,2.3655574830468318,-1.277401040845294,-2.609998422961679,-2.9727172370288657,True,5.0,True,6.0,False,,ROC5_FAIL
GFC_2007_2009,SLM,legacy,ROC5_FAIL,2009-10-06,2009-10-07,2.812,GREEN,91.918,89.42730000000002,78.723255,-0.4580847077679362,False,2009-10-02,2.6252,7.115648331555691,False,,34.72972972972974,-0.7005689900426715,34.72972972972974,-0.7005689900426715,11.536273115220496,25.174253200568984,17.599573257468016,13.75177809388337,True,0.0,True,0.0,True,1.0,ROC5_FAIL
GFC_2007_2009,VFC,legacy,ROC5_FAIL,2009-10-06,2009-10-07,15.231,GREEN,91.918,89.42730000000002,78.723255,-0.4580847077679362,False,2009-10-05,14.7,3.6122448979591937,False,,11.49629046024554,-1.9237082266430283,11.49629046024554,-1.9237082266430283,6.604950430043988,5.863042479154346,-1.1686691615783507,0.026262228350071304,True,1.0,True,1.0,True,1.0,ROC5_FAIL
GFC_2007_2009,KO,legacy,ROC5_FAIL,2009-10-28,2009-10-29,21.83,GREEN,90.957,91.65906,80.02803,-3.532793144408619,False,2009-10-27,21.653,0.8174386920980936,False,,9.166284928996804,-1.4154832798900507,9.166284928996804,-1.4154832798900507,1.6399450297755358,4.516720109940442,6.2803481447549325,6.839212093449398,True,7.0,True,7.0,True,9.0,ROC5_FAIL
GFC_2007_2009,SNV,legacy,ROC5_FAIL,2009-10-30,2009-11-02,14.383,GREEN,90.219,91.82044,80.20853,-4.1833938698782935,False,2009-10-27,11.681,23.131581200239705,True,7.0,3.9212959744142406,-36.6884516443023,3.9212959744142406,-22.283251060279486,-2.203990822498769,-15.29583536119029,-29.694778558019873,-17.916985329903355,True,0.0,True,0.0,False,,ROC5_FAIL
GFC_2007_2009,PPG,legacy,ROC5_FAIL,2009-11-03,2009-11-04,26.082,GREEN,91.168,91.8734,80.397325,-1.6664329705650682,False,2009-10-28,24.905,4.725958642842798,False,,5.46353807223372,-1.7253278122843274,5.46353807223372,-1.7253278122843274,4.524192929990023,3.373974388467138,3.6500268384326295,1.8096771719960048,True,3.0,True,3.0,True,5.0,ROC5_FAIL
GFC_2007_2009,FITB,legacy,ROC5_FAIL,2009-12-21,2009-12-22,8.6126,GREEN,96.973,95.1258,84.79754500000001,-0.48641825813006134,False,2009-12-17,7.9703,8.058667804223196,False,,24.74746301929729,-4.316931008057967,24.74746301929729,-4.316931008057967,-3.9233216450317077,8.745326614495031,15.516800966026501,18.744629960755166,True,8.0,True,9.0,True,10.0,ROC5_FAIL
GFC_2007_2009,RF,legacy,ROC5_FAIL,2009-12-21,2009-12-22,4.9325,GREEN,96.973,95.1258,84.79754500000001,-0.48641825813006134,False,2009-12-15,4.69,5.1705756929637525,False,,32.42777496198681,-5.650278763304605,32.42777496198681,-5.650278763304605,-3.097820577800303,12.387227572225035,19.31677648251393,20.22301064368981,True,8.0,True,9.0,True,10.0,ROC5_FAIL
GFC_2007_2009,USB,legacy,ROC5_FAIL,2009-12-21,2009-12-22,19.642,GREEN,96.973,95.1258,84.79754500000001,-0.48641825813006134,False,2009-12-09,18.647,5.335978977851674,False,,17.045107422869354,-3.243050605844622,17.045107422869354,-3.243050605844622,-2.092454943488431,5.401690255574798,10.452092454943497,7.585785561551783,True,8.0,True,9.0,True,10.0,ROC5_FAIL
