window,ticker,data_source,signal_type,signal_date,entry_date,entry_open,regime,spy_close,spy_ma50,spy_ma200,macd_hist,macd_hist_1,macd_hist_2,macd_pass,swing_start,swing_low,swing_distance_pct,stop_hit_20d,days_to_stop,mfe_20d_pct,mae_20d_pct,mfe_before_stop_pct,mae_before_stop_pct,ret_5d_pct,ret_10d_pct,ret_15d_pct,ret_20d_pct,hit_2pct_before_stop,days_to_2pct,hit_3pct_before_stop,days_to_3pct,hit_5pct_before_stop,days_to_5pct,macd_group
BEAR_2022,CTAS,yfinance,MACD_PASS,2022-01-12,2022-01-13,97.26968348116858,GREEN,443.191650390625,438.34759643554685,411.9108235168457,-0.9077848606073871,-1.0942807694720642,-1.2564767246149737,True,2022-01-05,93.42931556150522,4.110452802295472,True,3.0,0.3466341421913377,-8.621568136661873,0.3466341421913377,-4.747145918166562,-6.701558610107005,-5.029855333561805,-6.136148592826373,-7.6799941897709445,False,,False,,False,,MACD_PASS
BEAR_2022,NUE,yfinance,MACD_FAIL,2022-01-12,2022-01-13,106.71646836468072,GREEN,443.191650390625,438.34759643554685,411.9108235168457,-0.35554187311823804,-0.4358885356532334,-0.17233284432682705,False,2022-01-11,100.55686940257469,6.125487993710665,True,2.0,8.210525079058506,-22.368415170348488,1.9035071657415026,-7.56139289717761,-18.377189759421807,-12.464906796612585,-2.403509972922291,3.8684287736334477,False,,False,,False,,MACD_FAIL
BEAR_2022,ROP,yfinance,MACD_PASS,2022-01-12,2022-01-13,452.3666019576257,GREEN,443.191650390625,438.34759643554685,411.9108235168457,-2.1960350443684615,-2.638524852922396,-2.689214456817791,True,2022-01-07,432.3210359859858,4.636731572851249,True,3.0,0.13740706988596418,-10.356829354441954,0.13740706988596418,-6.286232792125479,-5.977082360352459,-6.50737454720105,-3.827997816846096,-6.000707570111807,False,,False,,False,,MACD_PASS
BEAR_2022,SPGI,yfinance,MACD_PASS,2022-01-12,2022-01-13,407.71207551176116,GREEN,443.191650390625,438.34759643554685,411.9108235168457,-3.172620273449218,-3.7976570696952625,-3.8296645514596124,True,2022-01-05,389.94978702319946,4.555019410102901,True,2.0,0.5001889340131349,-13.584313771093504,0.5001889340131349,-6.071495006871719,-6.899951716243291,-9.202145491029734,-7.46711125567685,-13.268849749206456,False,,False,,False,,MACD_PASS
BEAR_2022,PG,yfinance,MACD_FAIL,2022-01-19,2022-01-20,142.4562194370952,GREEN,425.0601501464844,438.0079052734375,413.05893020629884,-0.7177174452422954,-0.974287621720678,-0.8559356971105219,False,2022-01-18,138.0807881584662,3.168747323203003,False,,3.26631109336617,-4.221830055454845,3.26631109336617,-4.221830055454845,-0.6182704613820422,2.510635517314408,-1.8423585915753105,-0.18735836332833822,True,0.0,True,1.0,False,,MACD_FAIL
BEAR_2022,CB,yfinance,MACD_FAIL,2022-01-24,2022-01-25,183.1850307303101,GREEN,413.8538818359375,436.68198059082033,413.577098236084,-0.5822858749447095,-0.7538687536776705,-0.6156015116770843,False,2022-01-21,177.07540382885165,3.45029674892825,False,,9.00199793299954,-2.5528805530264598,9.00199793299954,-2.5528805530264598,2.8720089542991767,7.004979785231846,4.817530263756287,3.6646145556764598,True,2.0,True,5.0,True,6.0,MACD_FAIL
BEAR_2022,ED,yfinance,MACD_PASS,2022-01-24,2022-01-25,69.67709399811079,GREEN,413.8538818359375,436.68198059082033,413.577098236084,-0.410186059007656,-0.42306262750428536,-0.4737647015596773,True,2022-01-20,68.62347466854963,1.5353628399758623,False,,7.782156021495701,-0.6884575697809536,7.782156021495701,-0.6884575697809536,5.790500128806908,6.24538123653553,0.9855549525873641,4.758857413382711,True,2.0,True,3.0,True,4.0,MACD_PASS
BEAR_2022,DOV,yfinance,MACD_FAIL,2022-01-25,2022-01-26,162.13745547061492,YELLOW,408.801025390625,436.16115478515627,413.7037190246582,-1.2598282515800223,-1.0686871496493409,-0.985191570184998,False,2022-01-21,156.8705930979354,3.3574567856649695,True,6.0,2.117001695839993,-11.757171478109797,2.117001695839993,-5.464531428315356,-0.7056503743162468,-2.262778992978143,-4.968804985996322,-9.39524080217412,True,1.0,False,,False,,MACD_FAIL
BEAR_2022,GPC,yfinance,MACD_FAIL,2022-01-25,2022-01-26,116.74273707984011,YELLOW,408.801025390625,436.16115478515627,413.7037190246582,-0.8351761585878208,-0.7953408708753232,-0.9691302578590445,False,2022-01-19,112.45922288540106,3.8089487767526853,True,11.0,2.0375821359811974,-13.060153520054929,2.0375821359811974,-4.81954633358389,1.684197818031663,-0.6766895653918747,-2.285712975101162,-9.12782021778147,True,5.0,False,,False,,MACD_FAIL
BEAR_2022,GWW,yfinance,MACD_FAIL,2022-01-25,2022-01-26,466.1045348784898,YELLOW,408.801025390625,436.16115478515627,413.7037190246582,-3.0399125189824376,-2.7725371212712506,-2.8943166012286814,False,2022-01-21,454.5218825829521,2.5483156563806952,True,11.0,7.641401781085433,-6.7405363379930305,7.641401781085433,-3.8309440536534622,2.66527367356324,0.2253512397914159,-2.396915386577214,-4.148342814363081,True,4.0,True,4.0,True,6.0,MACD_FAIL
BEAR_2022,ITW,yfinance,MACD_FAIL,2022-01-25,2022-01-26,211.1882123363355,YELLOW,408.801025390625,436.16115478515627,413.7037190246582,-1.3638743623384013,-1.1511756952940284,-1.0954955452897146,False,2022-01-21,206.6879843180967,2.177305097384319,True,7.0,5.057207594607349,-10.97784521328422,5.057207594607349,-4.215067533309935,0.36577847527268226,-3.555775791389182,-6.3927612073355515,-8.919236054772705,True,6.0,True,6.0,True,6.0,MACD_FAIL
BEAR_2022,JNJ,yfinance,MACD_FAIL,2022-01-25,2022-01-26,147.3833944783963,YELLOW,408.801025390625,436.16115478515627,413.7037190246582,-0.7693065741573162,-1.0217467752091962,-0.929099610134747,False,2022-01-14,139.2198851849617,5.863752353041307,False,,3.62903102242802,-6.458374228987873,3.62903102242802,-6.458374228987873,3.1216628516439915,2.3576745982359038,-0.19694897771567188,-5.004671677539918,True,1.0,True,3.0,False,,MACD_FAIL
BEAR_2022,LOW,yfinance,MACD_PASS,2022-01-25,2022-01-26,212.55731023097778,YELLOW,408.801025390625,436.16115478515627,413.7037190246582,-2.43359904726619,-2.737351507962895,-3.1832111033667685,True,2022-01-19,201.26043921977688,5.613060895124389,True,18.0,3.504492039218321,-11.317504274330481,3.504492039218321,-9.373928779265961,2.8164948044340887,0.4729962626020878,-2.386476404732585,-8.234429628118711,True,3.0,True,5.0,False,,MACD_PASS
BEAR_2022,O,yfinance,MACD_PASS,2022-01-25,2022-01-26,54.57356605447486,YELLOW,408.801025390625,436.16115478515627,413.7037190246582,-0.34331743286580024,-0.39894002755339797,-0.4170818908210465,True,2022-01-20,51.71038671281361,5.536952097385428,True,19.0,1.2824466084077057,-7.56996345928399,1.2824466084077057,-5.675087075509177,0.9642305239441873,-0.8293778662299967,-2.449424328985106,-4.908446641054532,False,,False,,False,,MACD_PASS
BEAR_2022,ALB,yfinance,MACD_FAIL,2022-01-26,2022-01-27,201.2120775169926,YELLOW,407.7754821777344,435.55418579101564,413.8195297241211,-2.2025127485228904,-2.0888197295345154,-1.6903959972585136,False,2022-01-20,186.37854067350293,7.9588222924628305,True,15.0,16.515509445457276,-20.15694813468253,16.515509445457276,-8.457465146095721,1.0477827805378537,10.90540019676871,-7.428473856569317,-9.810651014403826,True,2.0,True,2.0,True,3.0,MACD_FAIL
BEAR_2022,BEN,yfinance,MACD_FAIL,2022-01-26,2022-01-27,25.535018756288547,YELLOW,407.7754821777344,435.55418579101564,413.8195297241211,-0.3155836678055644,-0.3204950379021955,-0.28719017275305214,False,2022-01-20,24.00164640566512,6.388613200557369,True,15.0,2.7691301993211237,-13.814563318384876,2.7691301993211237,-6.782830129980377,-3.6714653749858384,-2.3335436435622414,-6.316123505180671,-6.004994724110269,True,3.0,False,,False,,MACD_FAIL
BEAR_2022,ESS,yfinance,MACD_FAIL,2022-01-26,2022-01-27,278.8276983098833,YELLOW,407.7754821777344,435.55418579101564,413.8195297241211,-1.9235047378643493,-1.828748018076145,-1.7402675507880598,False,2022-01-19,271.8398752429154,2.570565874753883,True,0.0,2.8607081639915766,-6.972920905038526,1.042456602687536,-3.184938803926207,-0.06364513778567282,-3.1334107103366593,-4.6637458660188535,-1.627307694566782,False,,False,,False,,MACD_FAIL
BEAR_2022,FRT,yfinance,MACD_PASS,2022-01-26,2022-01-27,102.39961987596882,YELLOW,407.7754821777344,435.55418579101564,413.8195297241211,-1.1940880157095093,-1.2920036609986896,-1.435563424334129,True,2022-01-19,97.21155250848778,5.336883563327577,True,18.0,2.9077509942764257,-8.900537132000263,2.9077509942764257,-6.814339001617276,0.40272790395188274,-0.12083378871343697,-4.639575540925078,-3.0608214541892997,True,2.0,False,,False,,MACD_PASS
BEAR_2022,WST,yfinance,MACD_PASS,2022-01-26,2022-01-27,378.3264274167572,YELLOW,407.7754821777344,435.55418579101564,413.8195297241211,-1.4343382696924571,-2.3632527867748276,-3.412033193190677,True,2022-01-05,356.0208263560753,6.265251751978385,True,18.0,6.788876833177371,-8.833355671808851,6.788876833177371,-6.73401553855002,5.005473967150387,4.326583933563888,1.1279795288670957,0.9112980802061799,True,1.0,True,2.0,True,4.0,MACD_PASS
BEAR_2022,MKC,yfinance,MACD_FAIL,2022-01-27,2022-01-28,88.3279903338221,YELLOW,405.761962890625,434.90394470214846,413.9318403625488,-0.36250907355352946,-0.6719100659346517,-0.553164672807001,False,2022-01-26,82.28943866084869,7.33818552081873,False,,5.715727146858174,-5.888978749024343,5.715727146858174,-5.888978749024343,3.6474626199034077,2.6490023837916654,-0.3668148219581946,-3.0361789798215133,True,1.0,True,3.0,True,4.0,MACD_FAIL
BEAR_2022,MCD,yfinance,MACD_PASS,2022-01-28,2022-01-31,229.8608428696535,GREEN,415.8392333984375,434.4205560302734,414.07394943237307,-1.028732937601267,-1.5725835383744373,-1.617261103535008,True,2022-01-12,221.05469701268447,3.9836954274098613,True,17.0,3.082115959138365,-6.042661657816895,3.082115959138365,-6.042661657816895,1.8939642033711124,-0.6391673816403154,-0.9097300911671602,-5.512104142380325,True,2.0,True,3.0,False,,MACD_PASS
BEAR_2022,ABT,yfinance,MACD_PASS,2022-01-31,2022-02-01,116.4223002034917,GREEN,423.328857421875,434.1083367919922,414.2470320129394,-0.43188892098844045,-0.8757193122277536,-1.2853522867568237,True,2022-01-12,108.77173222585219,7.033599466591167,True,13.0,2.802869387206197,-10.15937201799899,2.802869387206197,-9.83747288480339,1.0049557345180649,-2.661524361139045,-7.945349094215615,-5.50364376010738,True,1.0,False,,False,,MACD_PASS
BEAR_2022,APD,yfinance,MACD_PASS,2022-01-31,2022-02-01,252.2272004328193,GREEN,423.328857421875,434.1083367919922,414.2470320129394,-1.140540371654092,-1.6560962499359393,-1.8888403791750008,True,2022-01-14,242.47677960409598,4.021177138958754,True,3.0,1.243810307249027,-19.27915065555027,1.243810307249027,-7.890458354947027,-10.667845625379469,-12.427565359679594,-17.077739443253115,-17.55124930922376,False,,False,,False,,MACD_PASS
BEAR_2022,HRL,yfinance,MACD_PASS,2022-01-31,2022-02-01,40.699737636248344,GREEN,423.328857421875,434.1083367919922,414.2470320129394,-0.34393297093042857,-0.37844660284062703,-0.388347364827469,True,2022-01-26,39.45504274918097,3.1547168633931255,False,,6.91241720328255,-3.3096043524433294,6.91241720328255,-3.3096043524433294,-0.3351614896411781,-0.984498382736676,-0.08380224948132398,5.739394096273043,True,19.0,True,19.0,True,19.0,MACD_PASS
BEAR_2022,LIN,yfinance,MACD_PASS,2022-01-31,2022-02-01,301.46344962188726,GREEN,423.328857421875,434.1083367919922,414.2470320129394,-1.4460652179125262,-2.1579014412506665,-2.701907340466672,True,2022-01-18,286.11931190950037,5.3628458736264095,True,3.0,1.2701581309235044,-13.634384276977329,1.2701581309235044,-7.155769522507438,-6.781294694430439,-5.785794868830186,-9.159271758795807,-9.4370103285918,False,,False,,False,,MACD_PASS
BEAR_2022,NEE,yfinance,MACD_PASS,2022-01-31,2022-02-01,69.04485881070427,GREEN,423.328857421875,434.1083367919922,414.2470320129394,-0.7941146141302129,-1.2041533965744495,-1.2180649151390641,True,2022-01-07,61.74578880859491,11.821162451638067,False,,1.8323940138387007,-9.354149463882566,1.8323940138387007,-9.354149463882566,-3.305953236222914,-3.7801048602178144,-7.329534745009059,-0.07749007765351923,False,,False,,False,,MACD_PASS
BEAR_2022,ADP,yfinance,MACD_PASS,2022-02-01,2022-02-02,185.85774956152048,GREEN,426.1893310546875,433.8235113525391,414.4439657592773,-2.296110301904023,-2.9012586072071382,-3.6045624099560616,True,2022-01-14,174.22132318954587,6.679105725373602,False,,2.8361513503182723,-6.4701175816902605,2.8361513503182723,-6.4701175816902605,2.724263959640272,-0.6421270696062353,-2.5977649692465854,-0.4183572479718456,True,5.0,False,,False,,MACD_PASS
BEAR_2022,CLX,yfinance,MACD_PASS,2022-02-01,2022-02-02,140.46513455794897,GREEN,426.1893310546875,433.8235113525391,414.4439657592773,-1.3416739512655986,-1.5280458026513157,-1.6296992736735176,True,2022-01-26,138.56841893343278,1.3687935816222074,True,2.0,1.5440211870250797,-16.07025132505192,1.5440211870250797,-15.192253549447743,-13.515012134545346,-14.453546527995798,-13.266726405912365,-11.928562357887618,False,,False,,False,,MACD_PASS
BEAR_2022,EXPD,yfinance,MACD_PASS,2022-02-01,2022-02-02,108.51973011101752,GREEN,426.1893310546875,433.8235113525391,414.4439657592773,-0.5812228323448396,-0.8384975029552799,-1.1357504843962927,True,2022-01-11,104.32836108005334,4.017478073625691,True,2.0,0.9000338669375996,-12.749044416345756,0.9000338669375996,-5.898282557545298,-2.4816619431287212,-6.1691672781572615,-8.222654997648405,-11.385887734134414,False,,False,,False,,MACD_PASS
BEAR_2022,SHW,yfinance,MACD_PASS,2022-02-01,2022-02-02,281.78583175975126,GREEN,426.1893310546875,433.8235113525391,414.4439657592773,-1.4361211902593034,-2.32513899075032,-2.760796535673343,True,2022-01-07,262.6738986611546,7.275916334287458,True,7.0,0.6979869621264179,-14.392256149965732,0.6979869621264179,-7.320404504396382,-2.4106431328710487,-7.17399647471979,-11.835222339143003,-11.937598907976877,False,,False,,False,,MACD_PASS
BEAR_2022,ECL,yfinance,MACD_PASS,2022-02-02,2022-02-03,180.85910354041295,GREEN,430.3293151855469,433.6372375488281,414.6757595825195,-1.395333810799599,-2.1526875404145542,-2.980062433323406,True,2022-01-14,171.35870833075123,5.544156642056586,True,10.0,1.0558420560994097,-12.575516270406373,1.0558420560994097,-6.303519482548204,-1.5863803645343455,-6.298261424379559,-5.2896880963137605,-11.693020129055498,False,,False,,False,,MACD_PASS
BEAR_2022,AMCR,yfinance,MACD_PASS,2022-02-09,2022-02-10,47.99625073577407,GREEN,430.5081481933594,432.3279095458984,415.5765510559082,-0.19751721338194345,-0.25703677769444244,-0.2626909848194308,True,2022-02-07,47.17368183271362,1.743702995194285,True,12.0,3.084831350352246,-7.722575239063989,3.084831350352246,-3.0481169581935807,1.028267172301156,2.1457428653496313,-2.2690252775222297,-5.645041743986057,True,4.0,True,6.0,False,,MACD_PASS
BEAR_2022,KMB,yfinance,MACD_PASS,2022-02-15,2022-02-16,110.26421109851094,GREEN,419.7439880371094,431.65761413574216,416.1342323303223,-0.44259580438115353,-0.5125712863153071,-0.6357887195625769,True,2022-02-08,109.01335357366996,1.1474351387563475,True,5.0,1.6217636880597075,-9.869209125012713,1.6217636880597075,-3.3272061776331907,-2.1089888139046553,-0.4735335556542708,-7.971621776972604,-6.78086310852084,False,,False,,False,,MACD_PASS
BEAR_2022,CL,yfinance,MACD_PASS,2022-02-18,2022-02-22,71.25401394536156,YELLOW,408.57525634765625,430.26861572265625,416.50992767333986,-0.24429108861390247,-0.3312306088176974,-0.3983870435161032,True,2022-02-10,69.4762529015122,2.558803864061976,True,2.0,0.5544385559755893,-9.022170204342428,0.5544385559755893,-4.914290298667179,-4.18345782376357,-5.657727154084058,-4.876510456844551,-6.123988064680019,False,,False,,False,,MACD_PASS
BEAR_2022,PEP,yfinance,MACD_PASS,2022-02-22,2022-02-23,146.32603525682455,YELLOW,404.1905822753906,429.60719909667966,416.56468170166016,-0.41663611483137397,-0.5754890078550403,-0.7154769599128095,True,2022-02-14,142.3633125399178,2.7835280355643643,True,1.0,0.0,-8.716460064758502,0.0,-5.2211518580482235,-2.719971841687463,-6.317871345387394,-4.9489332822101995,-2.6991472483713586,False,,False,,False,,MACD_PASS
BEAR_2022,ESS,yfinance,MACD_PASS,2022-02-24,2022-02-25,269.2966079017338,YELLOW,402.99566650390625,428.03062316894534,416.68868072509764,-0.06922240710325145,-0.29490207388547507,-0.3257460767895699,True,2022-02-14,259.3852634453957,3.8210900359898714,False,,9.27801820629519,-1.675502926504635,9.27801820629519,-1.675502926504635,6.727094450902271,5.431265271831864,7.182064803521637,7.150708248632265,True,3.0,True,3.0,True,5.0,MACD_PASS
BEAR_2022,WST,yfinance,MACD_FAIL,2022-02-24,2022-02-25,372.9723682663992,YELLOW,402.99566650390625,428.03062316894534,416.68868072509764,-1.6795169723333592,-2.5938978803352732,-1.641336832256517,False,2022-02-23,344.9075084825873,8.13692340514205,False,,10.909524512833201,-5.029667148870621,10.909524512833201,-5.029667148870621,2.5505702487187643,-3.800747351047473,9.83419938149732,7.331269837656329,True,0.0,True,1.0,True,13.0,MACD_FAIL
BEAR_2022,AOS,yfinance,MACD_FAIL,2022-02-25,2022-02-28,62.67903362376843,YELLOW,411.8873596191406,427.5792126464844,416.85975204467775,-0.17889199563771951,-0.27943554892935785,-0.23489065801839892,False,2022-01-19,59.89921196984549,4.640831761396735,False,,2.019880316566658,-5.005859939502644,2.019880316566658,-5.005859939502644,-1.4636940961682332,-3.571444207717611,-0.5854907488703653,-2.429756120511306,True,2.0,False,,False,,MACD_FAIL
BEAR_2022,BEN,yfinance,MACD_FAIL,2022-02-25,2022-02-28,23.429608719294965,YELLOW,411.8873596191406,427.5792126464844,416.85975204467775,-0.05726528494636596,-0.12041668365952884,-0.10156814507489076,False,2022-02-22,22.00746742183961,6.462085210422996,True,5.0,2.000678728949068,-10.308578409523793,2.000678728949068,-8.27400615770687,-7.731449949484004,-9.02001042849917,-6.239411129672279,-5.086475741982199,True,0.0,False,,False,,MACD_FAIL
BEAR_2022,CTAS,yfinance,MACD_FAIL,2022-02-25,2022-02-28,89.37023552398995,YELLOW,411.8873596191406,427.5792126464844,416.85975204467775,0.2295543926806849,0.0948479447586501,-0.018530358026718652,False,2022-02-22,85.4913399593805,4.537179516021661,False,,13.562601950129082,-2.5242045549520142,13.562601950129082,-2.5242045549520142,-0.47480635820539296,0.5955000293152102,4.965261153036504,13.533090462765717,True,2.0,True,3.0,True,13.0,MACD_FAIL
BEAR_2022,DOV,yfinance,MACD_FAIL,2022-02-25,2022-02-28,148.57382292621088,YELLOW,411.8873596191406,427.5792126464844,416.85975204467775,-0.24846856246247517,-0.5579078549628824,-0.552428991308211,False,2022-02-22,143.0746768006908,3.8435495703971645,True,5.0,2.694452528559843,-6.97866124761839,1.596220200447207,-6.352958209088633,-6.231643919916474,-3.3201216863910643,0.9832760510119387,1.2961363396253534,False,,False,,False,,MACD_FAIL
BEAR_2022,FRT,yfinance,MACD_PASS,2022-02-25,2022-02-28,97.29406043549214,YELLOW,411.8873596191406,427.5792126464844,416.85975204467775,-0.036354262929042314,-0.2800078353118587,-0.35495717869515975,True,2022-02-18,93.2855036858811,4.297084317740296,False,,3.424873082897628,-2.3482543218375507,3.424873082897628,-2.3482543218375507,-1.5683329899926712,-1.373352027978747,0.43197642485275356,2.0662172191594497,True,3.0,True,7.0,False,,MACD_PASS
BEAR_2022,GPC,yfinance,MACD_FAIL,2022-02-25,2022-02-28,106.77131123293283,YELLOW,411.8873596191406,427.5792126464844,416.85975204467775,-0.578229401954153,-0.7500330483189448,-0.7010892298028419,False,2022-02-22,101.4959563936989,5.197600994832774,False,,7.643974443174395,-2.151616945606949,7.643974443174395,-2.151616945606949,-1.8038455793220054,1.102534323487947,6.219760847454436,5.689818478589803,True,2.0,True,2.0,True,12.0,MACD_FAIL
BEAR_2022,GWW,yfinance,MACD_FAIL,2022-02-25,2022-02-28,450.4961305054774,YELLOW,411.8873596191406,427.5792126464844,416.85975204467775,0.004236352695333068,-0.8182923353464524,-0.9520152293069977,False,2022-02-23,434.6865893319718,3.636997680973275,False,,9.162648514980255,-1.6355764125362326,9.162648514980255,-1.6355764125362326,4.423933835382909,2.8138721967355673,7.675936570220365,9.130739966746493,True,1.0,True,3.0,True,5.0,MACD_FAIL
BEAR_2022,ITW,yfinance,MACD_PASS,2022-02-25,2022-02-28,193.7171976189349,YELLOW,411.8873596191406,427.5792126464844,416.85975204467775,-0.24542935360084606,-0.6681102004671153,-0.823023639283603,True,2022-02-08,188.0042972773506,3.0387073190973,True,5.0,1.0386674377899752,-5.963090736183297,1.0386674377899752,-4.270630741110759,-4.233534471119816,-4.409747205101578,-1.7017376987528476,-0.6260058643620781,False,,False,,False,,MACD_PASS
BEAR_2022,JNJ,yfinance,MACD_FAIL,2022-02-25,2022-02-28,144.19498791646902,YELLOW,411.8873596191406,427.5792126464844,416.85975204467775,-0.5837602972871669,-0.9874173586321031,-0.8305480135445431,False,2022-02-22,137.864823311596,4.591573436079366,False,,9.400103348625223,-0.3008474544512918,9.400103348625223,-0.3008474544512918,5.734639252017515,5.41535756945275,7.957251192862369,9.185213708047968,True,2.0,True,3.0,True,5.0,MACD_FAIL
BEAR_2022,LOW,yfinance,MACD_FAIL,2022-02-25,2022-02-28,198.5732860487535,YELLOW,411.8873596191406,427.5792126464844,416.85975204467775,-0.7076844475452884,-1.0539841961213536,-0.9157464767146948,False,2022-02-17,188.50112756018495,5.343288190863826,False,,9.716483356785432,-4.529126051128496,9.716483356785432,-4.529126051128496,2.301391237013717,4.257576042388322,4.75929350665194,-1.6017573212770309,True,1.0,True,1.0,True,2.0,MACD_FAIL
BEAR_2022,O,yfinance,MACD_PASS,2022-02-25,2022-02-28,52.68787875692002,YELLOW,411.8873596191406,427.5792126464844,416.85975204467775,-0.06007702031086626,-0.16241916510798537,-0.17134636444743018,True,2022-02-15,50.442367045722904,4.4516382610706895,False,,3.338329068527357,-3.563944391310103,3.338329068527357,-3.563944391310103,-2.7519148713012753,-2.436076498710682,0.12027901915634409,3.338329068527357,True,19.0,True,20.0,False,,MACD_PASS
BEAR_2022,XOM,yfinance,MACD_FAIL,2022-02-25,2022-02-28,65.79357176817419,YELLOW,411.8873596191406,427.5792126464844,416.85975204467775,-0.6436406558802077,-0.7388918866921408,-0.6804326808337668,False,2022-02-24,63.66094163540749,3.3499820737501462,False,,19.605321114000507,-0.4051825634984185,19.605321114000507,-0.4051825634984185,13.867489003513533,7.018707856420536,7.436950846666934,8.234219299350798,True,0.0,True,0.0,True,1.0,MACD_FAIL
BEAR_2022,AFL,yfinance,MACD_PASS,2022-02-28,2022-03-01,54.98430024087267,YELLOW,410.8335266113281,426.97095642089846,417.00287048339845,-0.5109304857097106,-0.5182835334089729,-0.5747754352132011,True,2022-02-23,53.140294644099676,3.4700703282188883,True,0.0,9.218585431310222,-3.750207341058265,0.46258483337340284,-3.750207341058265,-2.147686992984299,1.2060285598742615,6.492655037725714,7.91344579000417,False,,False,,False,,MACD_PASS
BEAR_2022,ALB,yfinance,MACD_PASS,2022-02-28,2022-03-01,183.86378896633815,YELLOW,410.8335266113281,426.97095642089846,417.00287048339845,-3.0808235441791876,-3.882941876323695,-4.384181816747328,True,2022-02-22,160.6538634111752,14.447163026362952,False,,15.360603974194674,-12.58229882768368,15.360603974194674,-12.58229882768368,-7.065017936642959,-6.442828031809011,5.936586704659441,14.634091514905778,True,13.0,True,14.0,True,15.0,MACD_PASS
BEAR_2022,IBM,yfinance,MACD_PASS,2022-02-28,2022-03-01,103.89790844517856,YELLOW,410.8335266113281,426.97095642089846,417.00287048339845,-0.9604620381488196,-1.0567055304657211,-1.2542098893803957,True,2022-02-16,100.62859995904073,3.2488859901345757,False,,8.290523996650311,-1.6059356404244496,8.290523996650311,-1.6059356404244496,2.4537210107180796,2.4211173594745894,5.209082012698585,7.556853315147283,True,2.0,True,2.0,True,13.0,MACD_PASS
BEAR_2022,MKC,yfinance,MACD_PASS,2022-02-28,2022-03-01,85.53819929621267,YELLOW,410.8335266113281,426.97095642089846,417.00287048339845,-0.7567020160497203,-0.7705343322824904,-0.8333334627353982,True,2022-02-18,83.12637375362304,2.90139631224382,False,,12.940575115102714,-0.26301945499555,12.940575115102714,-0.26301945499555,2.6301998693473827,3.3981947786607902,1.8200970224360402,1.9463584002449963,True,0.0,True,1.0,True,3.0,MACD_PASS
BEAR_2022,LIN,yfinance,MACD_FAIL,2022-03-09,2022-03-10,264.9853968736675,YELLOW,402.15826416015625,422.0887731933594,417.583263092041,-0.09234921883124514,-1.3358100361259453,-1.0495773845659135,False,2022-03-07,251.66802229837134,5.291643512622124,False,,17.273794227280128,-0.13545479120197212,17.273794227280128,-0.13545479120197212,10.276600852480012,13.36705021254696,13.862510243177084,13.370608873421052,True,0.0,True,1.0,True,3.0,MACD_FAIL
BEAR_2022,AMCR,yfinance,MACD_FAIL,2022-03-10,2022-03-11,45.57767401075892,YELLOW,400.34228515625,421.1216973876953,417.63684814453126,-0.25690393328432926,-0.24882876834241735,-0.28844800469501286,False,2022-03-07,44.289704160774114,2.908057017742549,False,,7.474952189814998,-0.8204137844315618,7.474952189814998,-0.8204137844315618,6.381023820769016,3.3728584896324687,5.195996855761353,6.836843983364749,True,1.0,True,1.0,True,1.0,MACD_FAIL
BEAR_2022,SYY,yfinance,MACD_FAIL,2022-03-10,2022-03-11,71.56326079725113,YELLOW,400.34228515625,421.1216973876953,417.63684814453126,-0.9278324815193095,-0.9802616503523085,-0.9781838732837738,False,2022-03-08,66.67951738989242,7.324203291397868,False,,7.831378462510941,-5.9202488027628615,7.831378462510941,-5.9202488027628615,0.6192607044552156,0.21054805653215602,2.649700192353044,6.585780924765339,True,12.0,True,12.0,True,20.0,MACD_FAIL
BEAR_2022,MCD,yfinance,MACD_PASS,2022-03-14,2022-03-15,206.63158302063667,YELLOW,392.36322021484375,418.92803833007815,417.6699139404297,-1.309874969665331,-1.7257478763216527,-2.2263007706976854,True,2022-03-02,197.29610317872485,4.731710201825456,False,,12.062468725117292,0.0,12.062468725117292,0.0,4.447756169200234,8.856052501231648,9.005168489714531,9.294701480178414,True,0.0,True,1.0,True,4.0,MACD_PASS
BEAR_2022,KO,yfinance,MACD_PASS,2022-03-15,2022-03-16,52.75349461106612,YELLOW,400.991455078125,418.0098876953125,417.71836029052736,-0.30842755363711294,-0.42943902474461637,-0.48886917998124757,True,2022-03-09,50.356016106352804,4.761056751689408,False,,8.5145359503493,-1.9571732901247807,8.5145359503493,-1.9571732901247807,1.037130546488374,4.064895633646759,5.5536787704348,8.280344981368138,True,3.0,True,7.0,True,12.0,MACD_PASS
BULL_2013_2014,ABT,legacy,MACD_FAIL,2013-01-28,2013-01-29,29.738,GREEN,136.43,130.1228,125.9065,-0.06810976902611954,-0.07559396974048105,-0.06762527229900755,False,2013-01-25,29.495,0.823868452280041,False,,7.034770327527062,-0.03026430829242699,7.034770327527062,-0.03026430829242699,2.636357522361954,4.035241105656051,4.701055888089312,3.9108211715650043,True,2.0,True,3.0,True,8.0,MACD_FAIL
BULL_2013_2014,MKC,legacy,MACD_PASS,2013-01-31,2013-02-01,57.336,GREEN,136.11,130.9474,126.10955,-0.40127125932316926,-0.44532510291382665,-0.4772713912168413,True,2013-01-28,55.377,3.53756974917383,False,,9.981512487791267,-0.6871773405888071,9.981512487791267,-0.6871773405888071,1.0447188502860305,2.72603599832566,3.8823775638342495,9.916980605553238,True,8.0,True,9.0,True,14.0,MACD_PASS
BULL_2013_2014,PPG,legacy,MACD_FAIL,2013-02-05,2013-02-06,64.106,GREEN,137.35,131.6206,126.31115000000001,-0.46563674165448465,-0.4459715145248966,-0.42245356666036216,False,2013-02-04,63.672,0.6816182937555038,True,4.0,1.547437057373724,-6.651483480485442,1.2791314385549146,-1.8095030106386245,0.8501544317224718,-5.284996724175572,-1.945215736436512,-1.3649268399213654,False,,False,,False,,MACD_FAIL
BULL_2013_2014,APD,legacy,MACD_FAIL,2013-02-07,2013-02-08,77.232,GREEN,137.27,132.016,126.4535,-0.28567471184846394,-0.2808879856986912,-0.2754381076345591,False,2013-02-06,76.547,0.8948750440905595,True,8.0,1.9214833229749262,-3.883105448518742,1.8062461155997411,-2.910710586285481,0.7781748498031815,-3.7898798425523017,-1.3828464885021763,1.4631240936399337,False,,False,,False,,MACD_FAIL
BULL_2013_2014,ITW,legacy,MACD_PASS,2013-02-11,2013-02-12,56.753,GREEN,137.98,132.4486,126.60915000000001,-0.20334818785722808,-0.2403881179916646,-0.2770901311403114,True,2013-02-04,55.622,2.0333680917622443,True,7.0,2.835092418021956,-5.0235229855690395,2.835092418021956,-2.4791640970521445,0.39821683435237176,-2.2606734445756227,-0.4123130054798918,-2.463305904533686,True,3.0,False,,False,,MACD_PASS
BULL_2013_2014,SWK,legacy,MACD_FAIL,2013-02-12,2013-02-13,70.042,GREEN,138.22,132.64700000000002,126.67849999999999,-0.1800072463857525,-0.2541038862267716,-0.21833422918174128,False,2013-02-11,68.451,2.3242903682926697,True,7.0,5.378201650438297,-3.1980811513092067,2.498500899460332,-3.122412266925556,-1.9088546871876888,1.4662630992832826,1.3563290597070399,5.206875874475303,True,3.0,False,,False,,MACD_FAIL
BULL_2013_2014,BF-B,legacy,MACD_FAIL,2013-02-15,2013-02-19,30.976,GREEN,138.3,133.2778,126.87615,-0.007341883986685532,-0.03474360362926564,-0.03239577654565111,False,2013-02-13,30.323,2.153480856115819,False,,5.859375,0.0,5.859375,0.0,0.6714876033057982,4.3194731404958775,4.535769628099184,5.336389462809921,True,1.0,True,9.0,True,16.0,MACD_FAIL
BULL_2013_2014,AFL,legacy,MACD_PASS,2013-02-20,2013-02-21,44.66,GREEN,137.62,133.69899999999998,127.00555,-0.15693106856917605,-0.23280843604133494,-0.30019691229753587,True,2013-02-11,43.172,3.4466784026683905,False,,4.236453201970458,-2.648902821316612,4.236453201970458,-2.648902821316612,0.23958799820871235,3.490819525302302,1.6636811464397772,2.4697716077026532,True,8.0,True,9.0,False,,MACD_PASS
BULL_2013_2014,MCD,legacy,MACD_FAIL,2013-02-20,2013-02-21,80.44,GREEN,137.62,133.69899999999998,127.00555,-0.2769574081280095,-0.278732392870651,-0.26579648693772695,False,2013-02-15,80.241,0.24800289128998898,False,,7.557185479860773,-0.15042267528592168,7.557185479860773,-0.15042267528592168,3.457235206365006,4.74390850323223,7.141969169567375,6.29537543510692,True,2.0,True,2.0,True,11.0,MACD_FAIL
BULL_2013_2014,MHFI,legacy,MACD_PASS,2013-02-20,2013-02-21,42.541,GREEN,137.62,133.69899999999998,127.00555,-0.24125968764196948,-0.4305890053752477,-0.676878691149291,True,2013-02-06,39.241,8.409571621518296,False,,9.595449096166053,-0.8932559178204458,9.595449096166053,-0.8932559178204458,2.689170447333167,5.291365976352247,7.811287933993083,7.193060811922614,True,2.0,True,2.0,True,8.0,MACD_PASS
BULL_2013_2014,BCR,legacy,MACD_FAIL,2013-02-27,2013-02-28,96.584,GREEN,138.11,134.4964,127.367,-0.3337034659530087,-0.40875103201164864,-0.39599754618874977,False,2013-02-26,94.798,1.8840059916875873,False,,3.5264640106021705,-1.2838565393854195,3.5264640106021705,-1.2838565393854195,0.5943013335542036,3.0398409674480265,1.1016317402468223,1.8346724095088085,True,6.0,True,6.0,False,,MACD_FAIL
BULL_2013_2014,LOW,legacy,MACD_FAIL,2013-02-27,2013-02-28,34.833,GREEN,138.11,134.4964,127.367,-0.3476681877608651,-0.4130021930474181,-0.38459696238285024,False,2013-02-25,33.097,5.245188385654287,False,,5.164642723853818,-0.5023971521258441,5.164642723853818,-0.5023971521258441,2.5406941693222107,3.8698934918037553,0.05454597651650683,0.4794304251715342,True,1.0,True,4.0,True,7.0,MACD_FAIL
BULL_2013_2014,SHW,legacy,MACD_PASS,2013-02-27,2013-02-28,153.63,GREEN,138.11,134.4964,127.367,-0.8145939039917154,-1.2050267975656794,-1.2219432680203575,True,2013-02-22,146.69,4.731065512304866,False,,6.945258087613104,-0.9242986395886166,6.945258087613104,-0.9242986395886166,2.2456551454794083,4.875349866562528,4.777712686324298,4.764694395625857,True,2.0,True,3.0,True,9.0,MACD_PASS
BULL_2013_2014,MDT,legacy,MACD_PASS,2013-02-28,2013-03-01,40.689,GREEN,137.84,134.6874,127.4487,-0.3164091743567984,-0.3866079893836526,-0.4308374804871151,True,2013-02-21,39.516,2.968417856058303,False,,4.927621715942898,-0.6488240064882467,4.927621715942898,-0.6488240064882467,1.791639017916391,1.3861240138612452,2.656737693234046,4.460665044606649,True,2.0,True,4.0,False,,MACD_PASS
BULL_2013_2014,NUE,legacy,MACD_PASS,2013-02-28,2013-03-01,38.682,GREEN,137.84,134.6874,127.4487,-0.32387840652553485,-0.3855244775104798,-0.44284420865512664,True,2013-02-22,37.575,2.94610778443114,False,,7.380693862778553,-1.5873015873016039,7.380693862778553,-1.5873015873016039,6.62065043172535,4.268135049894006,3.2624993537045732,1.8199679437464367,True,2.0,True,2.0,True,4.0,MACD_PASS
BULL_2013_2014,TROW,legacy,MACD_PASS,2013-02-28,2013-03-01,61.513,GREEN,137.84,134.6874,127.4487,-0.3829514456353572,-0.40820520529407134,-0.47130549637806707,True,2013-02-25,60.341,1.9422946255448048,False,,7.274884983662,-1.3753190382520764,7.274884983662,-1.3753190382520764,5.6053192008193475,6.64737535155171,4.618535919236577,4.811990961260215,True,2.0,True,2.0,True,4.0,MACD_PASS
BULL_2013_2014,ABT,legacy,MACD_PASS,2013-03-05,2013-03-06,31.272,GREEN,140.28,135.21460000000002,127.7366,-0.08010519769579844,-0.12238257274010489,-0.1511733421286542,True,2013-02-28,30.126,3.804023102967524,False,,6.395497569710917,-4.03875671527244,6.395497569710917,-4.03875671527244,0.984906625735471,-2.4814530570478333,-0.17587618316704523,5.714377078536703,True,18.0,True,18.0,True,20.0,MACD_PASS
BULL_2013_2014,WAG,legacy,MACD_FAIL,2013-03-08,2013-03-11,36.969,GREEN,141.35,135.8604,128.0919,-0.21922065732375628,-0.24283910940574227,-0.21985590941215416,False,2013-03-07,36.258,1.9609465497269607,False,,19.446022343044177,-0.17041304877060126,19.446022343044177,-0.17041304877060126,4.712056046958257,13.99280478238525,16.789742757445424,19.226919851767697,True,0.0,True,2.0,True,2.0,MACD_FAIL
BULL_2013_2014,CL,legacy,MACD_FAIL,2013-03-20,2013-03-21,51.372,GREEN,142.18,137.6484,129.0412,-0.18533831795024658,-0.24215631707693053,-0.22626811544337866,False,2013-03-18,50.115,2.5082310685423437,False,,5.674297282566387,-0.6676788912247877,5.674297282566387,-0.6676788912247877,3.4357237405590713,2.2911313556022828,3.7374445223078645,5.520517013158921,True,3.0,True,5.0,True,20.0,MACD_FAIL
BULL_2013_2014,HCP,legacy,MACD_PASS,2013-03-22,2013-03-25,38.116,GREEN,142.1,138.00979999999998,129.31210000000002,-0.10882969859456437,-0.13765329763258155,-0.14215185282433696,True,2013-03-20,37.464,1.7403373905616082,False,,8.21439815300662,-0.650645398257943,8.21439815300662,-0.650645398257943,2.641935145345786,5.142197502361223,6.72158673522929,7.891699024031906,True,4.0,True,5.0,True,10.0,MACD_PASS
BULL_2013_2014,EMR,legacy,MACD_FAIL,2013-03-28,2013-04-01,48.143,GREEN,143.08,138.71020000000001,129.81135,-0.158715463067345,-0.17673601584573145,-0.1463036401263382,False,2013-03-27,47.424,1.5161099865047323,True,10.0,3.200880709552778,-4.497019296678639,3.200880709552778,-3.605924018029627,0.7166150842282448,-3.605924018029627,-3.2382693226429504,-0.5089005670606217,True,6.0,True,8.0,False,,MACD_FAIL
BULL_2013_2014,GWW,legacy,MACD_PASS,2013-03-28,2013-04-01,203.85,GREEN,143.08,138.71020000000001,129.81135,-0.7381439422922698,-1.029071434715254,-1.1517691570208828,True,2013-03-25,198.3,2.798789712556715,True,2.0,11.194505764042194,-3.4584253127299402,0.13245033112583293,-3.4584253127299402,0.08830022075054789,0.5788570026980633,8.599460387539848,9.428501349031148,False,,False,,False,,MACD_PASS
BULL_2013_2014,ITW,legacy,MACD_FAIL,2013-03-28,2013-04-01,55.252,GREEN,143.08,138.71020000000001,129.81135,-0.07385230391969339,-0.06493401348660649,-0.014212329210010866,False,2013-03-27,54.665,1.0738132260129873,False,,8.405125606312879,-1.3284586983276614,8.405125606312879,-1.3284586983276614,1.7646420039093558,1.1565192210236663,-0.07601534786071396,6.57894736842104,True,3.0,True,7.0,True,17.0,MACD_FAIL
BULL_2013_2014,LOW,legacy,MACD_PASS,2013-04-03,2013-04-04,35.01,GREEN,141.77,139.1978,130.1784,-0.09858754564659411,-0.11059623370081356,-0.13484547448244819,True,2013-04-01,34.455,1.6107966913365246,True,10.0,3.9245929734361695,-2.2165095686946468,3.9245929734361695,-2.2165095686946468,2.3964581548129082,-1.613824621536697,0.04284490145671782,2.907740645529855,True,0.0,True,3.0,False,,MACD_PASS
BULL_2013_2014,CAH,legacy,MACD_PASS,2013-04-04,2013-04-05,38.504,GREEN,142.33,139.3324,130.29385,-0.09090157419830758,-0.16953046421221618,-0.2573995379638928,True,2013-03-20,37.486,2.715680520727748,False,,10.76771244546022,-0.4259297735300094,10.76771244546022,-0.4259297735300094,2.3685850820693855,1.8985040515271168,4.054124246831492,9.749636401412864,True,3.0,True,4.0,True,13.0,MACD_PASS
BULL_2013_2014,DOV,legacy,MACD_PASS,2013-04-05,2013-04-08,54.401,GREEN,141.7,139.4502,130.40009999999998,-0.22300542171164808,-0.25580594534760764,-0.3026382038531086,True,2013-04-02,52.948,2.744201858427142,True,7.0,3.477877244903582,-6.643260234186876,3.477877244903582,-4.095512950129598,-2.463190014889438,-5.8785684086689605,-3.5293468870057576,-0.37131670373706793,True,2.0,True,3.0,False,,MACD_PASS
BULL_2013_2014,APD,legacy,MACD_PASS,2013-04-08,2013-04-09,76.455,GREEN,142.65,139.5864,130.5099,-0.2152632016890475,-0.2768373121381393,-0.3030954451952262,True,2013-04-01,74.74,2.294621354027293,False,,5.73670786737297,-1.6741874305146842,5.73670786737297,-1.6741874305146842,0.61604865607221,-0.9168792099927936,1.1575436531293004,4.724347655483618,True,17.0,True,17.0,True,17.0,MACD_PASS
BULL_2013_2014,CVX,legacy,MACD_FAIL,2013-04-08,2013-04-09,98.817,GREEN,142.65,139.5864,130.5099,-0.3934825996406093,-0.3975319476472132,-0.3552842506309457,False,2013-04-04,97.312,1.5465718513646864,True,6.0,5.042654603964913,-3.274740176285451,2.6847607193094314,-3.274740176285451,-0.8186850440713656,-0.4219921673396132,3.403260572573563,4.29379560197134,True,2.0,False,,False,,MACD_FAIL
BULL_2013_2014,NUE,legacy,MACD_PASS,2013-04-08,2013-04-09,38.392,GREEN,142.65,139.5864,130.5099,-0.2332077257937616,-0.27061103166901335,-0.2889357984026498,True,2013-04-02,37.084,3.5271276022004194,True,7.0,3.201187747447376,-6.095019795790801,3.201187747447376,-5.451656595123988,-1.3857053552823628,-3.8653886226297174,-0.8621587830798139,2.409356115857464,True,1.0,True,2.0,False,,MACD_PASS
BULL_2013_2014,SWK,legacy,MACD_FAIL,2013-04-09,2013-04-10,70.88,GREEN,143.15,139.71740000000003,130.6164,-0.46689425986945166,-0.4726526880333001,-0.4593893900572631,False,2013-04-03,69.273,2.319807139866903,True,6.0,2.7440744920993243,-5.279345372460487,2.7440744920993243,-3.064334085778775,-2.024548532731385,0.10581264108353583,-4.665632054176072,2.294018058690761,True,1.0,False,,False,,MACD_FAIL
BULL_2013_2014,AFL,legacy,MACD_FAIL,2013-04-10,2013-04-11,45.072,GREEN,144.89,139.8866,130.7326,-0.22052839252668166,-0.22655880446010335,-0.17785309004635533,False,2013-04-09,44.24,1.8806509945750394,True,2.0,11.430599929002462,-3.4411608093716795,0.17971246006389663,-2.6668441604543958,-2.7622470713525082,4.532747603833864,9.247426340078091,9.065495207667729,False,,False,,False,,MACD_FAIL
BULL_2013_2014,MKC,legacy,MACD_FAIL,2013-04-10,2013-04-11,65.246,GREEN,144.89,139.8866,130.7326,-0.32706265086017394,-0.3494029519508397,-0.3166569076068779,False,2013-04-09,64.08,1.819600499375773,False,,2.9457744536063757,-1.0958526193176388,2.9457744536063757,-1.0958526193176388,0.19924593078504138,0.5854765043067811,1.894369003463825,2.1166048493394207,True,15.0,False,,False,,MACD_FAIL
BULL_2013_2014,PPG,legacy,MACD_PASS,2013-04-10,2013-04-11,62.873,GREEN,144.89,139.8866,130.7326,-0.12078097008093758,-0.22881781304293702,-0.2803323524618653,True,2013-03-25,60.943,3.1668936547265547,False,,15.660140282792302,-2.4493820877006023,15.660140282792302,-2.4493820877006023,4.418430804956031,9.061123216643075,10.242870548566163,14.734464714583373,True,0.0,True,5.0,True,5.0,MACD_PASS
BULL_2013_2014,GPC,legacy,MACD_FAIL,2013-04-18,2013-04-19,64.902,GREEN,140.76,140.6442,131.4538,-0.47733727390973646,-0.4527724788241616,-0.390392381857954,False,2013-04-17,65.537,-0.9689183209484753,True,0.0,10.67609626821977,-2.124741918584938,1.8951650180271784,-2.124741918584938,2.1894548704200156,4.999845921543256,6.03217158176943,10.649902930572242,False,,False,,False,,MACD_FAIL
BULL_2013_2014,XOM,legacy,MACD_PASS,2013-04-19,2013-04-22,74.516,GREEN,141.99,140.735,131.5526,-0.24950725799569495,-0.3237897000604283,-0.33998229484920084,True,2013-04-16,72.314,3.045053516608154,False,,6.53014117773365,-0.3623382897632865,6.53014117773365,-0.3623382897632865,0.6830747758870492,3.391217993451079,3.5549412206774322,6.33689408985989,True,1.0,True,10.0,True,13.0,MACD_PASS
BULL_2013_2014,ADM,legacy,MACD_PASS,2013-04-22,2013-04-23,28.832,GREEN,142.62,140.842,131.6528,-0.15595483138708893,-0.18267742081784605,-0.20795761084082331,True,2013-04-15,28.093,2.63054853522231,False,,9.02816315205326,-0.9225860155382959,9.02816315205326,-0.9225860155382959,4.98404550499445,6.225721420643726,5.941315205327413,7.970310765815758,True,2.0,True,3.0,True,4.0,MACD_PASS
BULL_2013_2014,BCR,legacy,MACD_FAIL,2013-04-23,2013-04-24,97.257,GREEN,144.09,140.9636,131.75635,-0.35459046196325833,-0.3452258964582637,-0.21462347405476612,False,2013-04-22,95.862,1.4552168742567595,False,,8.547456738332437,-1.7654256248907485,8.547456738332437,-1.7654256248907485,0.04215634864328521,3.5915152636828207,7.580945330413225,5.863845275918433,True,7.0,True,10.0,True,12.0,MACD_FAIL
BULL_2013_2014,BEN,legacy,MACD_PASS,2013-04-23,2013-04-24,47.216,GREEN,144.09,140.9636,131.75635,-0.16922556009004386,-0.25916528683062623,-0.2746049162001407,True,2013-04-19,44.945,5.052842362887966,False,,11.277956624872921,-0.5167739749237565,11.277956624872921,-0.5167739749237565,0.777278888512356,5.239749237546598,9.287106065740414,7.359793290410033,True,4.0,True,4.0,True,10.0,MACD_PASS
BULL_2013_2014,MDT,legacy,MACD_FAIL,2013-04-23,2013-04-24,42.684,GREEN,144.09,140.9636,131.75635,-0.10360748400548173,-0.1386640722685463,-0.13698396806303575,False,2013-04-19,41.469,2.9298994429573844,False,,15.171961390685041,-1.2159122856339577,15.171961390685041,-1.2159122856339577,-0.18976665729546482,4.437259863180598,6.99793833755038,10.252085090432029,True,7.0,True,10.0,True,11.0,MACD_FAIL
BULL_2013_2014,PNR,legacy,MACD_FAIL,2013-04-23,2013-04-24,48.418,GREEN,144.09,140.9636,131.75635,-0.16000555771502503,-0.3148399782617135,-0.26808229986263776,False,2013-04-19,45.18,7.166888003541394,False,,10.549795530587813,-0.097071337106025,10.549795530587813,-0.097071337106025,0.9438638522863307,4.678012309471691,8.978066008509234,7.66243958858277,True,0.0,True,1.0,True,10.0,MACD_FAIL
BULL_2013_2014,BMS,legacy,MACD_FAIL,2013-05-01,2013-05-02,34.825,GREEN,144.55,141.7382,132.46939999999998,-0.18518223137987933,-0.1813929755021084,-0.19239486350386303,False,2013-04-29,34.543,0.8163737949801853,False,,5.720028715003589,-0.17516152189519518,5.720028715003589,-0.17516152189519518,1.108399138549876,4.051687006460858,3.474515434314407,0.8470926058865569,True,1.0,True,8.0,True,11.0,MACD_FAIL
BULL_2013_2014,MMM,legacy,MACD_PASS,2013-05-01,2013-05-02,94.041,GREEN,144.55,141.7382,132.46939999999998,-0.28755558333479436,-0.3058859835307055,-0.3278417630915512,True,2013-04-29,92.115,2.090864680019533,False,,7.591369721717145,-0.12973064939760803,7.591369721717145,-0.12973064939760803,4.625642007209629,5.726225795131912,5.704958475558541,5.56778426431026,True,1.0,True,1.0,True,5.0,MACD_PASS
BULL_2013_2014,CLX,legacy,MACD_FAIL,2013-05-02,2013-05-03,76.235,GREEN,145.88,141.9034,132.58935,-0.4303973532635532,-0.44464366871935557,-0.36452498908830777,False,2013-04-30,73.479,3.7507315015174347,True,19.0,2.1761658031088205,-4.946546861677703,2.1761658031088205,-3.806650488620711,-0.25709975732930435,1.1556371745261362,0.27546402570997053,-3.6912179445136695,True,7.0,False,,False,,MACD_FAIL
BULL_2013_2014,TROW,legacy,MACD_PASS,2013-05-02,2013-05-03,63.596,GREEN,145.88,141.9034,132.58935,-0.29816422522027,-0.3653453334416698,-0.38243272600989925,True,2013-04-26,61.585,3.2654055370625823,False,,9.393672558022503,-0.5582112082520907,9.393672558022503,-0.5582112082520907,2.651110132712753,6.979998742059257,5.011321466758933,3.72979432668723,True,3.0,True,6.0,True,8.0,MACD_PASS
BULL_2013_2014,CB,legacy,MACD_PASS,2013-05-03,2013-05-06,80.89,GREEN,147.38,142.1156,132.71825,-0.1347509143080785,-0.21835226638312655,-0.2240494745317423,True,2013-05-01,79.133,2.2203126382166705,False,,3.2290765236741237,-2.116454444307092,3.2290765236741237,-2.116454444307092,1.4229200148349497,1.0001236246754752,-0.6960069229818289,-1.4970948201260992,True,2.0,True,8.0,False,,MACD_PASS
BULL_2013_2014,LEG,legacy,MACD_PASS,2013-05-03,2013-05-06,28.524,GREEN,147.38,142.1156,132.71825,-0.11447516493495954,-0.16751665487897432,-0.17474773771862528,True,2013-05-01,27.421,4.022464534480874,True,20.0,4.38227457579583,-6.177254242041785,4.38227457579583,-6.177254242041785,2.3804515495722933,3.137708596269806,1.2235310615621886,-4.445379329687283,True,3.0,True,6.0,False,,MACD_PASS
BULL_2013_2014,PG,legacy,MACD_PASS,2013-05-03,2013-05-06,67.727,GREEN,147.38,142.1156,132.71825,-0.2290091496163394,-0.30042127961936715,-0.3561046241160019,True,2013-04-26,66.468,1.8941445507612675,False,,5.533982016034944,-2.4465870332363915,5.533982016034944,-2.4465870332363915,0.7161102662158303,1.359871247803679,3.6248468114636667,-0.8445671593308446,True,7.0,True,7.0,True,14.0,MACD_PASS
BULL_2013_2014,WAG,legacy,MACD_FAIL,2013-05-07,2013-05-08,44.697,GREEN,148.49,142.5692,132.97055,-0.27760551837836567,-0.3354310039881805,-0.28795248548215224,False,2013-05-06,43.577,2.5701631594648555,False,,5.199454102065015,-4.423115645345332,5.199454102065015,-4.423115645345332,2.1231850012304987,2.928608183994452,0.6063046736917377,-0.977694252410688,True,5.0,True,5.0,True,10.0,MACD_FAIL
BULL_2013_2014,HCP,legacy,MACD_FAIL,2013-05-14,2013-05-15,41.917,GREEN,150.9,143.72379999999998,133.66725,-0.12201494552716208,-0.18213352877690303,-0.16458001035397785,False,2013-05-13,40.546,3.381344645587725,True,7.0,4.699763818975589,-15.585561943841409,4.699763818975589,-5.794784932127783,1.1928334565928012,-10.556576090846203,-10.838084786602098,-14.104062790753147,True,3.0,True,4.0,False,,MACD_FAIL
BULL_2013_2014,ED,legacy,MACD_PASS,2013-05-21,2013-05-22,51.352,GREEN,152.68,144.8358,134.37585,-0.17993472502296248,-0.21603347581207477,-0.2605738004000644,True,2013-05-10,50.761,1.164279663521195,True,0.0,0.625097367191163,-8.354105000778933,0.625097367191163,-2.136236173858841,-5.1000934725035085,-5.674559900295984,-5.296775198629067,-8.223632964636229,False,,False,,False,,MACD_PASS
BULL_2013_2014,KMB,legacy,MACD_PASS,2013-05-24,2013-05-28,90.723,GREEN,150.97,145.3918,134.77800000000002,-0.3425961022194911,-0.42161557556348206,-0.4381418549660272,True,2013-05-22,87.961,3.1400279669398845,True,1.0,0.34059720247345826,-9.321781687113518,0.34059720247345826,-4.637192332705043,-6.410722749468167,-5.269887459629874,-3.8270339384720464,-7.5416377324383,False,,False,,False,,MACD_PASS
BULL_2013_2014,T,legacy,MACD_FAIL,2013-05-24,2013-05-28,29.36,GREEN,150.97,145.3918,134.77800000000002,-0.08015159252365701,-0.08266979343079915,-0.0786883209911841,False,2013-05-22,28.815,1.891376019434321,True,0.0,0.2997275204359662,-7.956403269754764,0.2997275204359662,-2.3739782016348743,-3.6955040871934686,-3.474114441416898,-2.3467302452316097,-5.439373297002714,False,,False,,False,,MACD_FAIL
BULL_2013_2014,CINF,legacy,MACD_FAIL,2013-05-28,2013-05-29,41.15,GREEN,151.88,145.5834,134.90735,-0.2330418175529483,-0.245966604375995,-0.23616170863771446,False,2013-05-22,40.513,1.5723348061116305,True,4.0,0.554070473876056,-6.150668286755767,0.554070473876056,-3.616038882138517,-4.763061968408266,-4.660996354799507,-2.4860267314702256,-3.8153098420413145,False,,False,,False,,MACD_FAIL
BULL_2013_2014,WMT,legacy,MACD_PASS,2013-05-28,2013-05-29,68.824,GREEN,151.88,145.5834,134.90735,-0.2600387901715332,-0.29533902982017446,-0.33130689006535147,True,2013-05-21,68.019,1.183492847586698,True,1.0,0.0,-5.387655469022434,0.0,-1.8685342322445675,-2.3393002441008948,-2.866732535162153,-3.3636522143438263,-2.6458793444147366,False,,False,,False,,MACD_PASS
BULL_2013_2014,KO,legacy,MACD_PASS,2013-06-04,2013-06-05,35.981,GREEN,149.39,146.4452,135.50424999999998,-0.20220733008394853,-0.2571036608456551,-0.27010323784343615,True,2013-05-30,34.444,4.462315642782477,True,11.0,0.8032016897807193,-5.222200605875338,0.8032016897807193,-5.222200605875338,-1.7675995664378497,-1.7147939190128247,-1.9093410411050393,-1.5202467969206102,False,,False,,False,,MACD_PASS
BULL_2013_2014,MCD,legacy,MACD_PASS,2013-06-04,2013-06-05,85.827,GREEN,149.39,146.4452,135.50424999999998,-0.3038716098434707,-0.3748923576191693,-0.41836765161803857,True,2013-05-31,84.456,1.6233304916169367,True,0.0,2.4747457093921454,-3.0305148729420806,0.027963228354721537,-2.0518018805271043,0.10952264438930381,0.6885944982348402,0.7223833991634399,2.2603609586726803,False,,False,,False,,MACD_PASS
BULL_2013_2014,PEP,legacy,MACD_PASS,2013-06-04,2013-06-05,71.712,GREEN,149.39,146.4452,135.50424999999998,-0.28090285735959863,-0.32996859660270483,-0.3638511100024172,True,2013-05-30,70.19,2.1684000569881734,True,11.0,2.8405287817938385,-3.3285921463632295,2.8405287817938385,-2.6243864346274015,1.5060240963855387,0.0,0.5034024988844088,-0.1980142793395978,True,3.0,False,,False,,MACD_PASS
BULL_2013_2014,SYY,legacy,MACD_FAIL,2013-06-04,2013-06-05,30.129,GREEN,149.39,146.4452,135.50424999999998,-0.10158756670891397,-0.11778304326216725,-0.10827053059607966,False,2013-05-31,29.216,3.125,False,,2.157389890139072,-2.827840286766903,2.157389890139072,-2.827840286766903,0.155995884363902,0.13608151614723507,0.0,-0.22569617312224732,True,7.0,False,,False,,MACD_FAIL
BULL_2013_2014,ADM,legacy,MACD_PASS,2013-06-05,2013-06-06,29.336,GREEN,147.28,146.5602,135.6079,-0.21481820439082674,-0.21518887980702006,-0.2362980501443218,True,2013-05-31,28.608,2.5447427293064706,False,,7.482274338696482,-1.499863648759192,7.482274338696482,-1.499863648759192,2.0759476411235323,-0.3101990728115567,3.061085355876747,6.6334878647395845,True,4.0,True,8.0,True,17.0,MACD_PASS
BULL_2013_2014,BCR,legacy,MACD_PASS,2013-06-05,2013-06-06,101.81,GREEN,147.28,146.5602,135.6079,-0.38792365977741916,-0.39928300108173387,-0.4136418228680878,True,2013-05-31,100.26,1.5459804508278552,False,,7.916707592574412,-1.0018662213927887,7.916707592574412,-1.0018662213927887,4.970042235536787,4.685197917689821,4.253020331990953,4.12533149985268,True,5.0,True,5.0,True,5.0,MACD_PASS
BULL_2013_2014,CLX,legacy,MACD_FAIL,2013-06-05,2013-06-06,73.347,GREEN,147.28,146.5602,135.6079,-0.33231709718111624,-0.3161708626976796,-0.36090573520218683,False,2013-05-31,72.464,1.2185361006844753,True,10.0,4.223758299589631,-2.380465458709957,4.223758299589631,-2.380465458709957,2.710403970169195,-1.696047554773883,0.9748183293113666,0.865747747010781,True,1.0,True,6.0,False,,MACD_FAIL
BULL_2013_2014,ABT,legacy,MACD_FAIL,2013-06-07,2013-06-10,33.925,GREEN,150.49,146.8364,135.82745,-0.09651827682238723,-0.14892452729249903,-0.14294679489240641,False,2013-06-06,32.62,4.000613120784791,True,8.0,0.45099484156228,-10.013264554163593,0.45099484156228,-6.402358142962406,-1.538688282977152,-6.673544583640368,-6.514369933677222,-7.289609432571842,False,,False,,False,,MACD_FAIL
BULL_2013_2014,BDX,legacy,MACD_PASS,2013-06-07,2013-06-10,91.817,GREEN,150.49,146.8364,135.82745,-0.44074113808628157,-0.5187881453193985,-0.5242523838080886,True,2013-06-04,89.159,2.981190906133979,False,,1.8732914384046673,-4.616792097324018,1.8732914384046673,-4.616792097324018,1.3755622597122485,-1.1337769694065303,0.4465404010150831,-0.049010531818716174,False,,False,,False,,MACD_PASS
BULL_2013_2014,BF-B,legacy,MACD_PASS,2013-06-07,2013-06-10,33.194,GREEN,150.49,146.8364,135.82745,-0.12761931793670608,-0.1833365528079589,-0.2188410230311399,True,2013-05-30,32.243,2.949477405948575,True,8.0,1.8135807676086024,-4.922576369223364,1.8135807676086024,-4.922576369223364,0.9971681629209916,-3.2505874555642578,-3.4765319033560393,-0.3163222269084942,False,,False,,False,,MACD_PASS
BULL_2013_2014,BMS,legacy,MACD_PASS,2013-06-07,2013-06-10,35.563,GREEN,150.49,146.8364,135.82745,-0.09891698238621381,-0.14577120672326016,-0.16041386035024752,True,2013-05-31,34.557,2.911132332089017,True,10.0,2.415431768973364,-4.619970193740686,1.583106037173443,-4.293788488035322,0.8548210218485286,-3.610494052807689,-0.4527177122290005,2.345133987571346,False,,False,,False,,MACD_PASS
BULL_2013_2014,CAH,legacy,MACD_FAIL,2013-06-07,2013-06-10,42.805,GREEN,150.49,146.8364,135.82745,-0.20638344312579315,-0.24360603262741887,-0.2198396064809619,False,2013-06-06,41.53,3.0700698290392348,False,,4.254175914028724,-1.4250671650508084,4.254175914028724,-1.4250671650508084,2.6772573297511926,-0.8713935287933627,1.922672584978402,2.819764046256279,True,3.0,True,5.0,False,,MACD_FAIL
BULL_2013_2014,CB,legacy,MACD_PASS,2013-06-07,2013-06-10,80.691,GREEN,150.49,146.8364,135.82745,-0.146073104561487,-0.24625929611765052,-0.3045386411914165,True,2013-06-04,78.458,2.846108746080711,True,8.0,2.816918863318074,-5.768920945334677,0.4486250015491189,-3.9793781214757518,-0.45110359271790523,-4.58911154899555,-0.163587017139466,2.7400825370859083,False,,False,,False,,MACD_PASS
BULL_2013_2014,CL,legacy,MACD_PASS,2013-06-07,2013-06-10,53.682,GREEN,150.49,146.8364,135.82745,-0.3168885692320501,-0.4072737010064121,-0.4203254944938207,True,2013-05-31,51.683,3.867809531180466,True,8.0,1.0841622890354286,-6.4230095749040705,1.0841622890354286,-6.052308036213261,0.6128683730114437,-5.27737416638725,-2.240974628367054,-0.5048247084683877,False,,False,,False,,MACD_PASS
BULL_2013_2014,CVX,legacy,MACD_FAIL,2013-06-07,2013-06-10,103.82,GREEN,150.49,146.8364,135.82745,-0.558554313847341,-0.5632677198855551,-0.44165431236701247,False,2013-06-06,100.18,3.633459772409653,True,8.0,0.6357156617222248,-5.6443845116547875,0.028896166441927384,-4.379695627046809,-1.41591215565402,-4.980735889038712,-3.14968214216913,0.24080138701598752,False,,False,,False,,MACD_FAIL
BULL_2013_2014,EMR,legacy,MACD_FAIL,2013-06-07,2013-06-10,50.537,GREEN,150.49,146.8364,135.82745,-0.18123756858565193,-0.25060836625393484,-0.22940289557807358,False,2013-06-05,48.531,4.133440481341832,True,8.0,0.01978748243860462,-7.818034311494548,0.01978748243860462,-6.349803114549724,-2.4022003680471693,-6.814808951857043,-4.487801017076598,-0.5857094801828389,False,,False,,False,,MACD_FAIL
BULL_2013_2014,GWW,legacy,MACD_FAIL,2013-06-07,2013-06-10,237.96,GREEN,150.49,146.8364,135.82745,-1.1296487995967404,-1.584013810828186,-1.5483752831017492,False,2013-06-06,227.94,4.395893656225325,True,8.0,1.2691208606488313,-5.20255505126912,0.0,-4.878971255673226,-2.5424441082534943,-3.8535888384602535,-2.4794083039166304,0.2941670869053503,False,,False,,False,,MACD_FAIL
BULL_2013_2014,JNJ,legacy,MACD_PASS,2013-06-07,2013-06-10,75.516,GREEN,150.49,146.8364,135.82745,-0.38434465099188225,-0.4540318036068334,-0.49406427441092826,True,2013-05-31,73.418,2.857609850445386,True,8.0,4.788389215530486,-3.397955400180097,1.7519466073414813,-3.397955400180097,0.7269982520260454,-0.47142327453786326,1.901583770326809,4.551353355580279,False,,False,,False,,MACD_PASS
BULL_2013_2014,LOW,legacy,MACD_FAIL,2013-06-07,2013-06-10,38.539,GREEN,150.49,146.8364,135.82745,-0.3356693622902357,-0.3986453058873709,-0.3902862424503335,False,2013-06-04,36.668,5.102541725755438,True,9.0,5.770777653805226,-6.515477827655114,0.6227457899789846,-5.558006175562424,-0.5059809543579208,-5.122084122577142,-1.248086354082878,5.360803342069054,False,,False,,False,,MACD_FAIL
BULL_2013_2014,MMM,legacy,MACD_FAIL,2013-06-07,2013-06-10,100.31,GREEN,150.49,146.8364,135.82745,-0.27221539529207195,-0.3819689477986239,-0.3165168684586499,False,2013-06-06,96.898,3.5212285083283446,True,10.0,1.8941282025720207,-3.828132788356098,1.644900807496752,-3.828132788356098,0.4386402153324642,-3.507127903499152,-1.9031003887947429,1.7246535739208424,False,,False,,False,,MACD_FAIL
BULL_2013_2014,PPG,legacy,MACD_FAIL,2013-06-07,2013-06-10,73.11,GREEN,150.49,146.8364,135.82745,-0.5226931630833853,-0.6372078579160521,-0.6110716992054239,False,2013-06-05,69.848,4.6701408773336395,True,9.0,0.7810149090411667,-7.321843797018179,0.7810149090411667,-5.365887019559567,0.0711257009984978,-5.9772944877581775,-4.851593489262751,0.33511147585829626,False,,False,,False,,MACD_FAIL
BULL_2013_2014,SHW,legacy,MACD_FAIL,2013-06-07,2013-06-10,175.66,GREEN,150.49,146.8364,135.82745,-1.4608870584860545,-1.608124769474863,-1.5643779681412995,False,2013-06-05,170.05,3.2990296971478816,True,8.0,0.5123534099965799,-7.508823864283276,0.5123534099965799,-4.48593874530342,-0.20494136399862306,-5.470795855630184,-2.8805647273141277,-0.07969941933279046,False,,False,,False,,MACD_FAIL
BULL_2013_2014,SWK,legacy,MACD_PASS,2013-06-07,2013-06-10,73.003,GREEN,150.49,146.8364,135.82745,-0.17909489015201585,-0.26985966417944307,-0.28098984509331515,True,2013-06-05,70.418,3.6709364083046925,True,9.0,1.9314274755831917,-7.59968768406778,1.9314274755831917,-5.371012150185617,0.250674629809744,-5.997013821349806,-1.8656767530101481,0.9287289563442602,False,,False,,False,,MACD_PASS
BULL_2013_2014,TROW,legacy,MACD_FAIL,2013-06-07,2013-06-10,66.054,GREEN,150.49,146.8364,135.82745,-0.3586984167890144,-0.4450929733120725,-0.4030425328842756,False,2013-06-04,62.954,4.924230390443829,True,9.0,1.5290519877675601,-7.431798225694131,0.7327338238410919,-5.728646259121328,-1.5805250249795622,-6.783843521966881,-2.676597935022862,1.1399763829593956,False,,False,,False,,MACD_FAIL
BULL_2013_2014,XOM,legacy,MACD_FAIL,2013-06-07,2013-06-10,78.728,GREEN,150.49,146.8364,135.82745,-0.2139311035077055,-0.2796360140278702,-0.26281462509578646,False,2013-06-05,76.221,3.2891197963815566,True,10.0,1.6449039731734505,-4.248806015648821,0.3772482471293692,-4.248806015648821,-0.4521898181079065,-3.750889137282787,-1.7681129966466758,1.536937303119612,False,,False,,False,,MACD_FAIL
BULL_2013_2014,ADP,legacy,MACD_PASS,2013-06-10,2013-06-11,53.858,GREEN,150.49,146.9846,135.9415,-0.28571106570706284,-0.32455572673897237,-0.37648659369989035,True,2013-05-31,53.033,1.5556351705541704,False,,5.859853689331218,-1.0750492034609427,5.859853689331218,-1.0750492034609427,2.5177318132868054,1.3962642504363298,3.2232908760072787,5.685320658026671,True,5.0,True,6.0,True,19.0,MACD_PASS
BULL_2013_2014,ECL,legacy,MACD_PASS,2013-06-10,2013-06-11,79.739,GREEN,150.49,146.9846,135.9415,-0.44591175397141186,-0.5227278457204059,-0.6211901988121556,True,2013-05-30,79.016,0.9150045560392783,False,,6.275473733054082,-1.3130337726833918,6.275473733054082,-1.3130337726833918,3.648152096213897,0.8728476655087247,2.9295576819373226,5.9556804073289005,True,4.0,True,4.0,True,19.0,MACD_PASS
BULL_2013_2014,GPC,legacy,MACD_PASS,2013-06-10,2013-06-11,68.509,GREEN,150.49,146.9846,135.9415,-0.38358017678823125,-0.5057959750587275,-0.6229423038759114,True,2013-05-31,66.862,2.463282582034654,False,,10.78544424820096,-2.3763301172108786,10.78544424820096,-2.3763301172108786,3.4725364550643123,0.4291406968427447,8.13469763096819,8.486476229400509,True,1.0,True,4.0,True,15.0,MACD_PASS
BULL_2013_2014,HRL,legacy,MACD_PASS,2013-06-10,2013-06-11,18.209,GREEN,150.49,146.9846,135.9415,-0.12707263708734315,-0.1542596328790784,-0.18306218824635032,True,2013-05-29,17.782,2.4013046901360857,True,7.0,3.9595804272612556,-4.854742160470105,3.9595804272612556,-4.657037728595748,-0.46131034104014423,-3.234664177055291,-0.9171288923059961,1.0599154264374855,True,3.0,True,4.0,False,,MACD_PASS
BULL_2013_2014,LEG,legacy,MACD_PASS,2013-06-10,2013-06-11,27.475,GREEN,150.49,146.9846,135.9415,-0.13745290348432015,-0.1806361038828624,-0.23106557944021733,True,2013-05-30,26.647,3.107291627575348,True,9.0,5.095541401273884,-5.594176524112838,5.095541401273884,-5.594176524112838,4.585987261146496,-2.751592356687904,-1.4449499545041045,1.3575978161965319,True,1.0,True,2.0,True,6.0,MACD_PASS
BULL_2013_2014,MKC,legacy,MACD_PASS,2013-06-10,2013-06-11,64.606,GREEN,150.49,146.9846,135.9415,-0.28818510531471886,-0.3957846361413966,-0.5432437862144142,True,2013-05-30,62.83,2.826675155180647,False,,4.061542271615659,-3.086400643903031,4.061542271615659,-3.086400643903031,3.880444540754735,0.7801133021700934,-0.73832151812524,0.30182955143487344,True,2.0,True,4.0,False,,MACD_PASS
BULL_2013_2014,PG,legacy,MACD_PASS,2013-06-10,2013-06-11,67.425,GREEN,150.49,146.9846,135.9415,-0.19225567060044477,-0.2640776210609761,-0.32797299879790953,True,2013-05-31,65.818,2.441581330335163,True,7.0,3.1130886169818295,-3.325176121616602,2.301816833518733,-3.325176121616602,1.7486095661846557,-1.2784575454208302,0.9744160177975525,2.727474972191324,True,4.0,False,,False,,MACD_PASS
BULL_2013_2014,NUE,legacy,MACD_PASS,2013-06-13,2013-06-14,39.526,GREEN,149.97,147.36759999999998,136.26995,-0.11485124950448435,-0.20206024579580129,-0.20762636667550266,True,2013-06-04,37.922,4.229734718632994,True,6.0,2.3883013712493018,-6.80058695542175,0.24034812528461735,-6.80058695542175,-2.8689976218185476,-3.562212214744731,-2.3124019632646875,0.802003744370805,False,,False,,False,,MACD_PASS
BULL_2013_2014,BEN,legacy,MACD_PASS,2013-06-18,2013-06-19,46.647,GREEN,151.39,147.84560000000002,136.61724999999998,-0.22903719049053195,-0.38128312226812155,-0.4673972357311277,True,2013-05-31,44.192,5.555304127443872,True,1.0,0.0793191416382566,-11.741376723047559,0.0793191416382566,-8.733680622548068,-8.590048663365268,-8.20631551868286,-6.898621561943951,-2.7675949149998824,False,,False,,False,,MACD_PASS
BULL_2013_2014,ED,legacy,MACD_FAIL,2013-06-25,2013-06-26,48.554,GREEN,145.61,148.0578,137.10535,0.02356352812045215,-0.00821997435757127,0.014965002588196663,False,2013-06-24,46.825,3.6924719701014297,False,,5.451662066976981,-1.5817440375664238,5.451662066976981,-1.5817440375664238,-0.012357375293492456,2.337603493018081,4.617539234666546,3.39415908061127,True,1.0,True,11.0,True,15.0,MACD_FAIL
BULL_2013_2014,HCP,legacy,MACD_FAIL,2013-06-25,2013-06-26,34.75,GREEN,145.61,148.0578,137.10535,-0.15135863266201022,-0.25095675922327176,-0.24599249058466977,False,2013-05-28,32.491,6.9526945923486405,False,,6.897841726618692,-3.0100719424460465,6.897841726618692,-3.0100719424460465,1.2172661870503587,4.874820143884895,5.528057553956822,1.7669064748201402,True,1.0,True,1.0,True,10.0,MACD_FAIL
BULL_2013_2014,T,legacy,MACD_FAIL,2013-06-25,2013-06-26,28.075,GREEN,145.61,148.0578,137.10535,-0.05131211609241709,-0.07801636147962465,-0.0634635984967934,False,2013-06-21,27.024,3.8891355831853103,False,,3.829029385574345,-0.9367764915405141,3.829029385574345,-0.9367764915405141,0.5592163846838805,2.5574354407836175,2.1834372217275133,1.3891362422083775,True,7.0,True,14.0,False,,MACD_FAIL
BULL_2013_2014,TGT,legacy,MACD_FAIL,2013-06-25,2013-06-26,60.657,GREEN,145.61,148.0578,137.10535,-0.1389672655271895,-0.1793312008828974,-0.15386774393214392,False,2013-06-17,59.208,2.4473044183218384,False,,5.753664045369877,-1.3930791170021606,5.753664045369877,-1.3930791170021606,-0.17640173434227968,4.416637815915725,4.200669337421892,3.3400926521258922,True,7.0,True,8.0,True,15.0,MACD_FAIL
BULL_2013_2014,WMT,legacy,MACD_PASS,2013-06-25,2013-06-26,66.653,GREEN,145.61,148.0578,137.10535,-0.0709159354538389,-0.11895355989632117,-0.1615994381414697,True,2013-06-20,65.116,2.3604029731556064,False,,5.4536179916882865,-0.7111457848859026,5.4536179916882865,-0.7111457848859026,0.18753844538130782,4.032826729479533,3.642746763086424,4.542931300916675,True,7.0,True,8.0,True,18.0,MACD_PASS
BULL_2013_2014,CINF,legacy,MACD_FAIL,2013-06-26,2013-06-27,39.669,GREEN,147.02,148.12300000000002,137.195,-0.014070379497162389,-0.048749408978176034,-0.04137025065219979,False,2013-06-24,38.619,2.718868950516584,False,,9.332224154881663,-0.5974438478408728,9.332224154881663,-0.5974438478408728,1.9637500315107692,7.5172048703017635,8.326400968010294,7.383599284075726,True,3.0,True,6.0,True,7.0,MACD_FAIL
BULL_2013_2014,DOV,legacy,MACD_FAIL,2013-06-26,2013-06-27,59.143,GREEN,147.02,148.12300000000002,137.195,-0.3435065495703271,-0.39660797548211246,-0.38559222821129424,False,2013-06-24,57.162,3.4655890276757306,False,,11.318330148960998,-2.8659351064369454,11.318330148960998,-2.8659351064369454,-0.25700421013475916,3.5811507701672296,9.093214750689004,8.273168422298504,True,7.0,True,9.0,True,14.0,MACD_FAIL
BULL_2013_2014,PNR,legacy,MACD_FAIL,2013-06-26,2013-06-27,52.52,GREEN,147.02,148.12300000000002,137.195,-0.3626147702004066,-0.41479804977678525,-0.41322105441058,False,2013-06-24,50.692,3.6060916909966156,False,,7.41241431835491,-0.19230769230770273,7.41241431835491,-0.19230769230770273,2.244859101294727,6.0529322162985455,5.653084539223152,5.89870525514089,True,3.0,True,7.0,True,9.0,MACD_FAIL
BULL_2013_2014,ITW,legacy,MACD_PASS,2013-06-27,2013-06-28,63.678,GREEN,147.9,148.24779999999998,137.28650000000002,-0.2562883858819433,-0.3964206859608712,-0.45843852416963354,True,2013-06-24,60.987,4.412415760735877,False,,6.2517667012155,-2.223687929897289,6.2517667012155,-2.223687929897289,1.4746066145293613,3.3543767078111575,5.676999905775948,2.7482018907629024,True,6.0,True,8.0,True,14.0,MACD_PASS
BULL_2013_2014,MHFI,legacy,MACD_PASS,2013-07-01,2013-07-02,51.045,GREEN,148.15,148.5014,137.47324999999998,-0.17576287578744637,-0.2465386085630454,-0.25618302225127443,True,2013-06-26,49.866,2.364336421609914,False,,15.245371730825742,-0.7601136252326501,15.245371730825742,-0.7601136252326501,3.2892545792927663,6.411989421099018,9.926535409932402,14.3206974238417,True,3.0,True,3.0,True,6.0,MACD_PASS
BULL_2013_2014,APD,legacy,MACD_FAIL,2013-07-03,2013-07-05,82.661,GREEN,148.07,148.68880000000001,137.64725,-0.49181958742182014,-0.48181554896666356,-0.3742391425942324,False,2013-07-02,80.746,2.3716345082109402,False,,20.33486166390437,-1.0621695842053636,20.33486166390437,-1.0621695842053636,4.760406963380559,5.1281741087090715,12.862172003726059,15.898670473379228,True,2.0,True,2.0,True,4.0,MACD_FAIL
BULL_2013_2014,ABT,legacy,MACD_PASS,2013-07-08,2013-07-09,32.106,GREEN,150.51,148.9134,137.82825,-0.05029394392997799,-0.11269095117771855,-0.15153836708547708,True,2013-07-01,30.528,5.169025157232721,False,,5.217093378184745,-2.111754812184641,5.217093378184745,-2.111754812184641,1.0807948670030543,3.855977075935968,4.419734629041283,2.2114246558275763,True,6.0,True,6.0,True,15.0,MACD_PASS
BULL_2013_2014,WAG,legacy,MACD_PASS,2013-07-09,2013-07-10,42.564,GREEN,151.61,149.055,137.928,-0.11451575048807405,-0.2879186082134896,-0.4232608208431351,True,2013-06-26,39.738,7.111580854597621,False,,11.270087397800953,-0.7118691852269432,11.270087397800953,-0.7118691852269432,7.203270369326198,10.107132788271777,8.312188704069158,7.113993045766365,True,0.0,True,0.0,True,1.0,MACD_PASS
BULL_2013_2014,GPC,legacy,MACD_FAIL,2013-07-29,2013-07-30,73.014,GREEN,154.78,150.79840000000002,139.57299999999998,-0.3482678151970806,-0.3371026664618263,-0.3556065901686454,False,2013-07-24,71.936,1.4985542704626154,True,11.0,3.2308872271071376,-5.282548552332433,3.2308872271071376,-1.8284164680746118,1.5832580053140477,-0.5601665434026293,-2.8049415180650294,-5.109978908154589,True,2.0,True,3.0,False,,MACD_FAIL
BULL_2013_2014,GWW,legacy,MACD_FAIL,2013-07-29,2013-07-30,235.83,GREEN,154.78,150.79840000000002,139.57299999999998,-0.7930300188862349,-0.8372556994648177,-0.7985511321937735,False,2013-07-26,231.16,2.0202457172521227,True,12.0,4.558368316159944,-4.091930627994744,4.558368316159944,-4.091930627994744,1.8911928083789054,-0.22897850146292864,-2.5018021456133632,-3.901115210108985,True,1.0,True,2.0,False,,MACD_FAIL
BULL_2013_2014,MCD,legacy,MACD_PASS,2013-07-29,2013-07-30,85.711,GREEN,154.78,150.79840000000002,139.57299999999998,-0.2754414673857606,-0.31853139061988445,-0.3744475368542732,True,2013-07-23,84.224,1.7655300151975695,True,11.0,1.4688896407695662,-4.071822753205534,1.4688896407695662,-2.4069255988146243,0.7046936799244063,-1.579727222876881,-2.5504310998588187,-3.2224568608463344,False,,False,,False,,MACD_PASS
BULL_2013_2014,TROW,legacy,MACD_FAIL,2013-08-01,2013-08-02,66.633,GREEN,156.67,150.9738,139.95995000000002,-0.2832463120688033,-0.3822527312949049,-0.3816037995732645,False,2013-07-29,64.495,3.314985657802927,True,8.0,0.784896372668209,-8.369726711989555,0.784896372668209,-3.56129845572013,-2.2001110560833093,-4.727387330601951,-4.9494994972461015,-8.147614545345395,False,,False,,False,,MACD_FAIL
BULL_2013_2014,PEP,legacy,MACD_FAIL,2013-08-05,2013-08-06,74.857,GREEN,156.71,151.19379999999998,140.23295,-0.2331190151161363,-0.2380296607199096,-0.21944658042536014,False,2013-08-02,73.936,1.2456719324821286,True,5.0,1.1742388821352812,-6.906501729965131,1.1742388821352812,-1.3973309109368448,-1.242368783146519,-4.912032274870748,-6.373485445582916,-5.140467825320272,False,,False,,False,,MACD_FAIL
BULL_2013_2014,WAG,legacy,MACD_FAIL,2013-08-12,2013-08-13,46.025,GREEN,155.26,151.66,140.8524,-0.1652767965406985,-0.1790083756675116,-0.14004202189463466,False,2013-08-09,45.205,1.8139586328945967,True,3.0,1.881586094513854,-6.198804997284091,1.5491580662683413,-2.4747419880499666,-2.170559478544254,-5.199348180336772,-0.7104834329168863,1.8185768604019659,False,,False,,False,,MACD_FAIL
BULL_2013_2014,CB,legacy,MACD_PASS,2013-08-14,2013-08-15,80.874,GREEN,154.92,151.88379999999998,141.1308,-0.25547188085686307,-0.32586205073970215,-0.3944583720665354,True,2013-07-31,80.343,0.6609163212725422,True,2.0,2.8909167346736986,-2.8241462027351116,0.974355169770269,-0.8766723545267863,1.0720379850137407,-1.5357222345871224,-1.6136211885154572,2.268961594579233,False,,False,,False,,MACD_PASS
BULL_2013_2014,BCR,legacy,MACD_FAIL,2013-08-20,2013-08-21,111.34,GREEN,152.02,152.1128,141.6132,-0.6054045906477883,-0.6669499224631894,-0.5801638220400245,False,2013-08-19,109.1,2.0531622364803104,False,,6.610382611819654,-0.6107418717442137,6.610382611819654,-0.6107418717442137,0.46703790192204053,2.739356924735037,4.347045087120538,5.676306807975573,True,8.0,True,10.0,True,13.0,MACD_FAIL
BULL_2013_2014,BMS,legacy,MACD_FAIL,2013-08-20,2013-08-21,36.794,GREEN,152.02,152.1128,141.6132,-0.14375595521495624,-0.1611620462057775,-0.13696434650076167,False,2013-08-19,36.43,0.9991765028822375,True,5.0,1.6198293199978453,-5.7699624938848615,1.6198293199978453,-1.4540414197966922,-1.252921672011742,-1.8209490677827733,-2.45964015872151,-4.470837636571168,False,,False,,False,,MACD_FAIL
BULL_2013_2014,SHW,legacy,MACD_FAIL,2013-08-20,2013-08-21,164.93,GREEN,152.02,152.1128,141.6132,-0.4370309044474441,-0.6585317224732159,-0.5093257939167117,False,2013-08-16,159.68,3.2878256513026116,False,,7.172739950281937,-3.3832535014854836,7.172739950281937,-3.3832535014854836,-1.6128054326077668,1.291456981749839,1.4490996180197557,5.475050021221128,True,10.0,True,14.0,True,19.0,MACD_FAIL
BULL_2013_2014,APD,legacy,MACD_PASS,2013-08-21,2013-08-22,91.503,GREEN,151.09,152.15540000000001,141.72969999999998,-0.7979311448603073,-0.8377603825346809,-0.9019348149479514,True,2013-08-14,89.381,2.3741063536993234,False,,9.067462268996639,-0.9639028228582758,9.067462268996639,-0.9639028228582758,0.3038151754587437,0.8491524868037059,3.9539687223369757,6.289411276133028,True,2.0,True,11.0,True,16.0,MACD_PASS
BULL_2013_2014,LOW,legacy,MACD_FAIL,2013-08-21,2013-08-22,42.783,GREEN,151.09,152.15540000000001,141.72969999999998,-0.1442535023933732,-0.25531799488896423,-0.25456537697127235,False,2013-08-19,40.501,5.634428779536327,False,,6.956033938713979,-1.7390084846784948,6.956033938713979,-1.7390084846784948,0.9770235841338737,-0.8063950634597861,1.9330107753079417,4.067035972231969,True,0.0,True,0.0,True,19.0,MACD_FAIL
BULL_2013_2014,BDX,legacy,MACD_PASS,2013-08-22,2013-08-23,91.956,GREEN,152.45,152.2498,141.8517,-0.27184417695839946,-0.3786135743157011,-0.45285792205816744,True,2013-08-05,90.248,1.8925627160712777,False,,4.5913262864848425,-2.258688938187825,4.5913262864848425,-2.258688938187825,-1.0929140023489547,1.2777850276219027,2.3043629561964485,3.477750228370091,True,11.0,True,17.0,False,,MACD_PASS
BULL_2013_2014,BF-B,legacy,MACD_PASS,2013-08-22,2013-08-23,33.501,GREEN,152.45,152.2498,141.8517,-0.17579590170532802,-0.22078672872315497,-0.22113745069384894,True,2013-08-14,32.472,3.1688839615668707,True,3.0,2.8417062177248598,-5.835646697113517,0.10148950777588706,-4.080475209695223,-5.017760663860771,-2.1372496343392777,0.271633682576633,-0.1223844064356161,False,,False,,False,,MACD_PASS
BULL_2013_2014,CLX,legacy,MACD_FAIL,2013-08-22,2013-08-23,74.599,GREEN,152.45,152.2498,141.8517,-0.2533127535925326,-0.26261025221863155,-0.23790327116770807,False,2013-08-19,73.789,1.0977245930965385,True,2.0,1.3592675505033514,-2.7319401064357374,0.7399562996822873,-1.8753602595209085,-1.3498840467030426,-0.6112682475636455,0.7748093137977863,-1.1957264842692439,False,,False,,False,,MACD_FAIL
BULL_2013_2014,HRL,legacy,MACD_FAIL,2013-08-22,2013-08-23,19.848,GREEN,152.45,152.2498,141.8517,-0.0880662613840768,-0.09473845090037597,-0.07181189802584131,False,2013-08-21,19.478,1.8995790122189105,True,2.0,3.4663442160419278,-5.003022974607008,0.30229746070133956,-3.441152760983479,-3.0582426440951216,-1.1487303506650393,0.8665860540104875,1.692865779927466,False,,False,,False,,MACD_FAIL
BULL_2013_2014,AFL,legacy,MACD_PASS,2013-08-23,2013-08-26,54.323,GREEN,152.98,152.31,141.9714,-0.28797103342216723,-0.316225495902245,-0.3518646093742961,True,2013-08-19,53.507,1.5250341076868512,True,1.0,5.213261417815662,-4.204480606741157,0.2853303388988149,-3.5565046113064436,-2.8717117979493056,0.06627027226036031,3.9099460633617467,3.5730721793715503,False,,False,,False,,MACD_PASS
BULL_2013_2014,CVX,legacy,MACD_PASS,2013-08-23,2013-08-26,101.94,GREEN,152.98,152.31,141.9714,-0.36593286629253896,-0.5003416639827628,-0.5594067175737536,True,2013-08-06,99.8,2.1442885771543185,False,,5.581714734157339,-1.383166568569738,5.581714734157339,-1.383166568569738,0.6768687463213574,2.7270943692368155,3.8552089464390926,3.9729252501471413,True,2.0,True,11.0,True,16.0,MACD_PASS
BULL_2013_2014,ECL,legacy,MACD_PASS,2013-08-23,2013-08-26,87.509,GREEN,152.98,152.31,141.9714,-0.37545192240683667,-0.4439423432515006,-0.5086682958263529,True,2013-08-19,85.935,1.8316169197649446,False,,8.555691414597355,-1.4821332662926068,8.555691414597355,-1.4821332662926068,0.8159160772034824,3.875029996914603,5.08519123747273,7.368384966117758,True,6.0,True,10.0,True,14.0,MACD_PASS
BULL_2013_2014,ITW,legacy,MACD_PASS,2013-08-23,2013-08-26,66.909,GREEN,152.98,152.31,141.9714,-0.1480124644786749,-0.2070993871740372,-0.2531617054376627,True,2013-08-19,65.67,1.8867062585655514,True,1.0,7.247156585810566,-2.978672525370296,0.6292128114304463,-2.509378409481533,-2.4032641348697537,1.6216054641378541,3.0623682912612527,6.49240012554364,False,,False,,False,,MACD_PASS
BULL_2013_2014,KMB,legacy,MACD_PASS,2013-08-23,2013-08-26,84.17,GREEN,152.98,152.31,141.9714,-0.24380301546359484,-0.3446262317298612,-0.4442945822938028,True,2013-08-15,82.125,2.4901065449010718,True,1.0,3.0378994891291367,-4.096471426874193,0.15682547225852606,-3.344422003088987,-3.429963169775452,-1.25222763454913,1.33182844243791,0.29226565284543593,False,,False,,False,,MACD_PASS
BULL_2013_2014,PG,legacy,MACD_PASS,2013-08-23,2013-08-26,69.888,GREEN,152.98,152.31,141.9714,-0.24861593777419008,-0.29065239421691325,-0.3160576328061125,True,2013-08-19,68.969,1.332482709623184,True,0.0,0.7583562271062272,-7.896920787545792,0.07440476190474499,-1.741357600732596,-2.715773809523825,-2.465373168498164,-0.11303800366301298,-1.6268887362637319,False,,False,,False,,MACD_PASS
BULL_2013_2014,T,legacy,MACD_PASS,2013-08-23,2013-08-26,27.539,GREEN,152.98,152.31,141.9714,-0.08715371148666323,-0.13291190631907923,-0.15277663563476782,True,2013-08-12,26.64,3.3746246246246336,False,,2.03711100620938,-3.1845746032898914,2.03711100620938,-3.1845746032898914,-2.8722902066160683,-0.9840589709139813,1.289080939758147,-0.620937579432812,True,16.0,False,,False,,MACD_PASS
BULL_2013_2014,BEN,legacy,MACD_PASS,2013-08-26,2013-08-27,43.091,GREEN,152.39,152.3772,142.10264999999998,-0.1857785735468471,-0.21111169922270925,-0.2366176824498392,True,2013-08-16,43.047,0.10221385927011717,True,0.0,17.451439975865025,-2.6316400176370935,0.1763709359263066,-2.4413450604534592,1.4388155299250416,4.365180664175816,13.819591097909068,8.992597062031503,False,,False,,False,,MACD_PASS
BULL_2013_2014,MHFI,legacy,MACD_PASS,2013-08-26,2013-08-27,56.213,GREEN,152.39,152.3772,142.10264999999998,-0.42057718296034885,-0.48149654854129,-0.5343328376419586,True,2013-08-19,55.498,1.2883347147645052,True,0.0,12.900930389767495,-1.8198637325885558,0.33800010673687986,-1.497874157223411,0.825431839610058,4.9027804956149,9.17047658015051,10.401508547844806,False,,False,,False,,MACD_PASS
BULL_2013_2014,MMM,legacy,MACD_PASS,2013-08-26,2013-08-27,102.66,GREEN,152.39,152.3772,142.10264999999998,-0.4637905098151011,-0.5004171399570938,-0.5322256302709969,True,2013-08-19,102.61,0.048728194133129676,True,0.0,7.831677381648161,-0.9156438729787664,0.3701539060978032,-0.6526397818040097,1.022793687901813,4.665887395285417,6.974478862263789,5.990648743424898,False,,False,,False,,MACD_PASS
BULL_2013_2014,MCD,legacy,MACD_PASS,2013-08-28,2013-08-29,84.333,GREEN,150.47,152.35479999999998,142.35825,-0.007543199292592617,-0.0964200294274915,-0.10874125488255237,True,2013-08-14,82.221,2.5686868318312683,False,,3.4909228890232846,-1.600796841094232,3.4909228890232846,-1.600796841094232,0.6367614101241648,1.7786631567713762,1.307910307945881,1.5343934165747752,True,9.0,True,13.0,False,,MACD_PASS
BULL_2013_2014,XOM,legacy,MACD_PASS,2013-08-28,2013-08-29,76.43,GREEN,150.47,152.35479999999998,142.35825,-0.035062549479978666,-0.19438345442882554,-0.2408984506814249,True,2013-08-06,74.499,2.591981100417473,False,,1.3999738322648003,-2.2818265079157407,1.3999738322648003,-2.2818265079157407,-1.5556718566008154,-0.2603689650660934,0.03270966897814809,-1.950804657856875,False,,False,,False,,MACD_PASS
BULL_2013_2014,CTAS,legacy,MACD_PASS,2013-08-30,2013-09-03,44.847,GREEN,150.24,152.4768,142.61710000000002,-0.11854139472781078,-0.14155501809639054,-0.14639559643546646,True,2013-08-29,44.345,1.1320329236667037,False,,8.161081008763116,-1.308894686378137,8.161081008763116,-1.308894686378137,3.0659798871719435,4.597854928980749,5.781880616317703,7.191116462639635,True,4.0,True,5.0,True,9.0,MACD_PASS
BULL_2013_2014,DOV,legacy,MACD_FAIL,2013-08-30,2013-09-03,65.2,GREEN,150.24,152.4768,142.61710000000002,-0.3372334347225653,-0.3220170843565303,-0.3492451482031158,False,2013-08-29,64.418,1.213946412493394,False,,8.203987730061346,-1.0352760736196287,8.203987730061346,-1.0352760736196287,4.322085889570548,4.4785276073619595,5.8972392638036775,5.628834355828216,True,2.0,True,5.0,True,9.0,MACD_FAIL
BULL_2013_2014,ED,legacy,MACD_PASS,2013-08-30,2013-09-03,48.236,GREEN,150.24,152.4768,142.61710000000002,-0.06753474758865752,-0.13333777807897024,-0.16578761027940192,True,2013-08-15,47.492,1.5665796344647598,True,0.0,1.451198275147192,-3.540923791359152,0.19487519694834088,-1.996434198523911,-1.0780330043950515,-2.1747242723277216,-0.4436520441164271,-2.3695994692760514,False,,False,,False,,MACD_PASS
BULL_2013_2014,SWK,legacy,MACD_PASS,2013-08-30,2013-09-03,79.06,GREEN,150.24,152.4768,142.61710000000002,-0.3716899731292157,-0.39059394001936776,-0.4071994538403332,True,2013-08-29,77.521,1.9852685078881827,False,,7.909182899063993,-0.987857323551744,7.909182899063993,-0.987857323551744,4.024791297748553,4.291677207184419,4.22210979003288,7.444978497343779,True,3.0,True,4.0,True,9.0,MACD_PASS
BULL_2013_2014,ADM,legacy,MACD_PASS,2013-09-03,2013-09-04,32.148,GREEN,150.92,152.5744,142.7582,-0.23611565186297323,-0.3006344682698898,-0.3602581809375835,True,2013-08-21,30.841,4.2378651794688915,False,,4.908547965658805,-0.6159014557670872,4.908547965658805,-0.6159014557670872,1.3189000870971634,4.065571730745288,2.8337688192111354,4.261540375762096,True,4.0,True,8.0,False,,MACD_PASS
BULL_2013_2014,GWW,legacy,MACD_PASS,2013-09-03,2013-09-04,230.6,GREEN,150.92,152.5744,142.7582,-0.3525877393267456,-0.6438519685271276,-0.7446283970962428,True,2013-08-28,224.18,2.8637701846730312,False,,9.67476149176063,-0.3859496964440545,9.67476149176063,-0.3859496964440545,7.0078057241977465,8.725065047701651,6.006071118820455,5.013009540329572,True,1.0,True,1.0,True,4.0,MACD_PASS
BULL_2013_2014,PEP,legacy,MACD_PASS,2013-09-03,2013-09-04,71.168,GREEN,150.92,152.5744,142.7582,-0.043889662581667266,-0.1250973266171751,-0.23790810010673746,True,2013-08-13,69.687,2.1252170419160166,False,,4.053788219424437,-1.7437612410071912,4.053788219424437,-1.7437612410071912,0.1784509892086339,3.9765062949640217,0.6266861510791255,-0.18688174460432805,True,9.0,True,10.0,False,,MACD_PASS
BULL_2013_2014,SYY,legacy,MACD_PASS,2013-09-03,2013-09-04,28.691,GREEN,150.92,152.5744,142.7582,-0.011436182505333958,-0.05482139014070109,-0.09593043787466204,True,2013-08-14,27.941,2.684227479331458,False,,3.81652783102715,-2.3979645184901144,3.81652783102715,-2.3979645184901144,0.9306054163326527,3.6631696350772014,-0.6238890244327444,-0.8051305287372301,True,7.0,True,8.0,False,,MACD_PASS
BULL_2013_2014,VFC,legacy,MACD_PASS,2013-09-03,2013-09-04,42.669,GREEN,150.92,152.5744,142.7582,-0.10912859413346077,-0.149795264065141,-0.23358931802623195,True,2013-08-16,41.725,2.262432594367869,False,,8.460474817783425,0.0,8.460474817783425,0.0,2.1139468935292616,5.952799456279756,5.444233518479469,3.6208957322646507,True,1.0,True,6.0,True,8.0,MACD_PASS
BULL_2013_2014,EMR,legacy,MACD_PASS,2013-09-04,2013-09-05,53.802,GREEN,152.18,152.734,142.9066,-0.19797613663328756,-0.2539331206425868,-0.2730811653848818,True,2013-08-29,52.793,1.9112382323414057,False,,8.977361436377818,-0.35686405709824953,8.977361436377818,-0.35686405709824953,3.7898219397048516,8.505260027508266,6.73766774469351,3.9812646370023463,True,2.0,True,3.0,True,7.0,MACD_PASS
BULL_2013_2014,KO,legacy,MACD_PASS,2013-09-04,2013-09-05,33.807,GREEN,152.18,152.734,142.9066,-0.0010762877691575246,-0.045971530601352784,-0.05025224474490825,True,2013-08-12,33.08,2.1977025392986738,True,19.0,3.4371579850326794,-3.1857307658177403,3.4371579850326794,-2.9727571213062465,0.22776348093589416,2.4994823557251467,1.0145827787144457,-3.114739550980583,True,7.0,True,9.0,False,,MACD_PASS
BULL_2013_2014,MDT,legacy,MACD_PASS,2013-09-04,2013-09-05,48.866,GREEN,152.18,152.734,142.9066,-0.11835344247770718,-0.23897095510334854,-0.302373794881752,True,2013-08-19,47.031,3.9016818694052935,False,,2.0382269880898862,-1.162362378750048,2.0382269880898862,-1.162362378750048,0.6753161707526711,1.4631850366307875,-0.5341136986862116,0.1862235501166376,True,11.0,False,,False,,MACD_PASS
BULL_2013_2014,NUE,legacy,MACD_PASS,2013-09-04,2013-09-05,40.777,GREEN,152.18,152.734,142.9066,-0.12819658213092192,-0.19128251539121052,-0.21667543050864727,True,2013-08-19,39.88,2.2492477432296765,False,,10.601564607499325,-0.6081859871986617,10.601564607499325,-0.6081859871986617,4.335777521642115,8.325771881207533,7.209946783726107,5.302008485175458,True,2.0,True,2.0,True,4.0,MACD_PASS
BULL_2013_2014,PNR,legacy,MACD_PASS,2013-09-04,2013-09-05,56.447,GREEN,152.18,152.734,142.9066,-0.2221697277046732,-0.31738667831232836,-0.3520820160424231,True,2013-08-21,54.942,2.739252302428019,False,,8.058887097631406,-0.6200506669973627,8.058887097631406,-0.6200506669973627,4.195085655570696,6.335146243378742,7.134125817138193,6.576080216840574,True,2.0,True,3.0,True,5.0,MACD_PASS
BULL_2013_2014,PPG,legacy,MACD_PASS,2013-09-04,2013-09-05,74.726,GREEN,152.18,152.734,142.9066,-0.1989613289946319,-0.2860205685471032,-0.31986003110838224,True,2013-08-29,73.047,2.2985201308746372,False,,8.417418301528269,-0.8056098279046187,8.417418301528269,-0.8056098279046187,2.530578379680448,5.759708802826324,4.9019083050076295,4.796188742873975,True,3.0,True,3.0,True,9.0,MACD_PASS
BULL_2013_2014,ABT,legacy,MACD_PASS,2013-09-05,2013-09-06,30.654,GREEN,152.35,152.86880000000002,143.05285,-0.10643118451222472,-0.15586614157493095,-0.1889488169182108,True,2013-08-12,29.726,3.1218461952499554,False,,5.924186076857829,-2.0747700137013103,5.924186076857829,-2.0747700137013103,3.405754550792728,4.648659228811902,-1.7224505774124044,-0.4730214653878795,True,3.0,True,3.0,True,8.0,MACD_PASS
BULL_2013_2014,GPC,legacy,MACD_PASS,2013-09-05,2013-09-06,70.639,GREEN,152.35,152.86880000000002,143.05285,-0.0507086888404934,-0.17616668461506624,-0.2381752148912003,True,2013-08-27,68.275,3.462467960454041,False,,4.633417800365258,-1.2429394527102566,4.633417800365258,-1.2429394527102566,1.2570959385042269,3.173884115007297,2.0073896855844486,2.332988858845697,True,2.0,True,3.0,False,,MACD_PASS
BULL_2013_2014,LEG,legacy,MACD_PASS,2013-09-05,2013-09-06,25.65,GREEN,152.35,152.86880000000002,143.05285,-0.011042201207195013,-0.03923405762840915,-0.06877553044166712,True,2013-08-16,25.065,2.333931777378795,False,,8.105263157894749,-0.7251461988304064,8.105263157894749,-0.7251461988304064,5.793372319688106,5.450292397660816,4.799220272904492,2.1754385964912304,True,1.0,True,1.0,True,3.0,MACD_PASS
BULL_2013_2014,TROW,legacy,MACD_PASS,2013-09-05,2013-09-06,62.157,GREEN,152.35,152.86880000000002,143.05285,-0.04673305372340253,-0.1041768911382297,-0.16268662889438523,True,2013-08-08,61.037,1.834952569752768,False,,5.835223707707926,-1.8662419357433513,5.835223707707926,-1.8662419357433513,0.9942564795598186,4.3824508904869885,2.2507521276766917,2.6191740270605113,True,6.0,True,8.0,True,9.0,MACD_PASS
BULL_2013_2014,CAH,legacy,MACD_PASS,2013-09-06,2013-09-09,46.377,GREEN,152.43,152.97699999999998,143.18695,-0.13356966888576016,-0.16392253420791547,-0.1797770287714396,True,2013-08-28,45.512,1.900597644577262,False,,7.6223127843543015,-0.31696746231969497,7.6223127843543015,-0.31696746231969497,5.252603661297628,5.248291178817088,3.6807037971408274,7.083252474286805,True,2.0,True,2.0,True,4.0,MACD_PASS
BULL_2013_2014,CINF,legacy,MACD_PASS,2013-09-06,2013-09-09,39.651,GREEN,152.43,152.97699999999998,143.18695,-0.12291630851591878,-0.1332129281658026,-0.16935894979840954,True,2013-08-19,39.161,1.2512448609586224,False,,5.495447781897034,-4.585004161307415,5.495447781897034,-4.585004161307415,3.2281657461350033,3.7830067337519813,4.080603263473792,4.8372046102242106,True,1.0,True,5.0,True,8.0,MACD_PASS
BULL_2013_2014,CL,legacy,MACD_PASS,2013-09-06,2013-09-09,52.829,GREEN,152.43,152.97699999999998,143.18695,-0.11130838185874758,-0.1706330553200947,-0.20249996994599212,True,2013-08-19,51.865,1.858671551142388,False,,5.655984402506209,0.0,5.655984402506209,0.0,3.4848284086391956,3.795263964867779,2.2468719831910455,2.0859755058774576,True,2.0,True,5.0,True,7.0,MACD_PASS
BULL_2013_2014,JNJ,legacy,MACD_PASS,2013-09-06,2013-09-09,78.214,GREEN,152.43,152.97699999999998,143.18695,-0.12772973042330205,-0.20585794681700742,-0.2919217216663619,True,2013-08-16,76.836,1.7934301629444427,False,,3.8113381236095867,-1.4179047229396224,3.8113381236095867,-1.4179047229396224,1.8769018334313659,1.9472217250108725,-0.8016467640064362,-0.9154371340169165,True,2.0,True,8.0,False,,MACD_PASS
BULL_2013_2014,WMT,legacy,MACD_PASS,2013-09-06,2013-09-09,65.466,GREEN,152.43,152.97699999999998,143.18695,-0.03385748369006647,-0.0629804116586733,-0.0988557029974465,True,2013-08-15,64.872,0.9156492785793446,True,20.0,5.327956496501995,-1.8375950875263336,5.327956496501995,-1.8375950875263336,2.6487031436165376,4.900253566736956,1.5229279320563283,-1.3426816973696076,True,3.0,True,5.0,True,7.0,MACD_PASS
BULL_2013_2014,MKC,legacy,MACD_PASS,2013-09-09,2013-09-10,62.641,GREEN,153.91,153.0972,143.32815,-0.11489283123420002,-0.2076920801728006,-0.25702290969049624,True,2013-08-16,61.288,2.2076099725884424,True,12.0,2.4951708944620954,-6.736801775195156,2.4951708944620954,-3.0395427914624573,0.7327469229418515,0.6273846202966116,-4.784406379208505,-4.061237847416221,True,6.0,False,,False,,MACD_PASS
BULL_2013_2014,TGT,legacy,MACD_FAIL,2013-09-10,2013-09-11,56.85,GREEN,155.04,153.25240000000002,143.47385,0.11095443745435052,-0.007968489520148614,-0.1029361661558097,False,2013-08-12,55.373,2.6673649612627193,True,18.0,1.329815303430082,-4.174142480211085,1.329815303430082,-3.1996481970096746,1.1574318381706306,-2.304309586631492,-1.6693051890941057,-3.1521547933157423,False,,False,,False,,MACD_FAIL
BULL_2013_2014,BCR,legacy,MACD_PASS,2013-10-02,2013-10-03,113.42,GREEN,156.09,154.542,145.73895000000002,-0.4359196218221887,-0.5065105535785369,-0.564344710387428,True,2013-09-26,112.31,0.9883358561125544,True,2.0,21.08975489331688,-1.9308763886439761,0.4672897196261738,-1.9308763886439761,0.22041967906893944,6.30400282137189,16.319873038264852,17.871627578910232,False,,False,,False,,MACD_PASS
BULL_2013_2014,CLX,legacy,MACD_PASS,2013-10-02,2013-10-03,73.549,GREEN,156.09,154.542,145.73895000000002,-0.07913377667586541,-0.12289161568514062,-0.129472694815566,True,2013-09-27,72.304,1.7218964372648804,False,,12.210907014371353,-2.964010387632743,12.210907014371353,-2.964010387632743,1.0401229112564137,3.1489211274116524,6.943670206257058,10.002855239364239,True,6.0,True,9.0,True,13.0,MACD_PASS
BULL_2013_2014,GWW,legacy,MACD_FAIL,2013-10-03,2013-10-04,242.34,GREEN,154.65,154.54059999999998,145.8633,-0.919782042249421,-0.8683630976995795,-0.8365372175200596,False,2013-10-01,238.81,1.4781625560068568,True,2.0,3.602376825947018,-5.158042419740861,0.37137905422135464,-2.6409177189073207,-2.6244119831641544,-0.2104481307254269,0.9614591070396861,1.9724354213089157,False,,False,,False,,MACD_FAIL
BULL_2013_2014,PEP,legacy,MACD_FAIL,2013-10-04,2013-10-07,70.76,GREEN,155.84,154.5556,145.9864,-0.10132599730527866,-0.10258539505420974,-0.07818435807861385,False,2013-10-03,70.649,0.15711475038571177,True,0.0,7.88157150932729,-0.49604296212549803,0.423968343697001,-0.3702656868287191,2.319106840022589,3.933013001695884,6.756642170717897,6.455624646693048,False,,False,,False,,MACD_FAIL
BULL_2013_2014,MKC,legacy,MACD_PASS,2013-10-07,2013-10-08,60.089,GREEN,154.46,154.53959999999998,146.10735,-0.18785943275962425,-0.2530180815280024,-0.3018092074601907,True,2013-09-30,58.421,2.8551377073312567,False,,7.628684118557483,-0.9086521659538382,7.628684118557483,-0.9086521659538382,1.3080597114280446,5.370367288522027,7.615370533708354,6.289004643112728,True,2.0,True,6.0,True,8.0,MACD_PASS
BULL_2013_2014,CL,legacy,MACD_FAIL,2013-10-09,2013-10-10,55.245,GREEN,152.77,154.4572,146.33045,-0.07585800820849017,-0.11938477387665322,-0.10011500076191157,False,2013-10-08,53.684,2.907756501005876,False,,9.49045162458142,-0.8905783328807981,9.49045162458142,-0.8905783328807981,4.552448185356139,4.501764865598701,7.303828400760248,7.41605575165174,True,4.0,True,5.0,True,8.0,MACD_FAIL
BULL_2013_2014,PG,legacy,MACD_PASS,2013-10-09,2013-10-10,67.691,GREEN,152.77,154.4572,146.33045,-0.08593287434669428,-0.1757464015824204,-0.2406075627755645,True,2013-09-30,65.758,2.9395662885124407,False,,8.191635520231632,-0.3368246886587656,8.191635520231632,-0.3368246886587656,3.4007475144406163,4.946004638725965,5.132144598247934,7.175252249191177,True,4.0,True,5.0,True,9.0,MACD_PASS
BULL_2013_2014,WMT,legacy,MACD_PASS,2013-10-09,2013-10-10,66.032,GREEN,152.77,154.4572,146.33045,-0.20083550121525873,-0.24098783259374323,-0.27322412839728183,True,2013-10-01,64.263,2.752750416258176,False,,6.533196026169152,-2.4351829416040527,6.533196026169152,-2.4351829416040527,3.130300460382851,4.001090380421624,4.450872304337294,5.483704870365891,True,3.0,True,5.0,True,12.0,MACD_PASS
BULL_2013_2014,ADM,legacy,MACD_FAIL,2013-10-10,2013-10-11,33.33,GREEN,156.08,154.481,146.46370000000002,-0.03938606362700772,-0.07940232370531147,-0.0704721407239775,False,2013-10-08,32.463,2.6707328343036574,False,,13.984398439843982,-1.7341734173417223,13.984398439843982,-1.7341734173417223,2.844284428442845,8.004800480048013,10.633063306330648,12.091209120912104,True,3.0,True,5.0,True,6.0,MACD_FAIL
BULL_2013_2014,APD,legacy,MACD_FAIL,2013-10-10,2013-10-11,97.65,GREEN,156.08,154.481,146.46370000000002,-0.31645164828711614,-0.5555292698913551,-0.5512020609961259,False,2013-10-03,92.195,5.916806768262939,False,,3.3794162826420893,-1.7634408602150597,3.3794162826420893,-1.7634408602150597,1.7716333845366083,3.184843830005124,-0.2826420890937098,1.0742447516640885,True,5.0,True,7.0,False,,MACD_FAIL
BULL_2013_2014,BDX,legacy,MACD_PASS,2013-10-10,2013-10-11,94.611,GREEN,156.08,154.481,146.46370000000002,-0.14240337920087587,-0.27938748893788046,-0.28175056582475194,True,2013-10-07,91.803,3.0587235711251326,False,,6.488674678420048,-0.2600120493388869,6.488674678420048,-0.2600120493388869,3.4668273245182846,4.187673737726039,3.8008265423682186,6.308991554893195,True,4.0,True,5.0,True,8.0,MACD_PASS
BULL_2013_2014,BEN,legacy,MACD_FAIL,2013-10-10,2013-10-11,47.646,GREEN,156.08,154.481,146.46370000000002,-0.1371672666581889,-0.1828648336002614,-0.1441618400833683,False,2013-10-08,46.173,3.190176076928064,False,,8.046845485455222,-1.1186668345716355,8.046845485455222,-1.1186668345716355,5.442219703647733,6.71619863157451,5.70037358854889,2.350669521051074,True,3.0,True,4.0,True,5.0,MACD_FAIL
BULL_2013_2014,BF-B,legacy,MACD_FAIL,2013-10-10,2013-10-11,33.204,GREEN,156.08,154.481,146.46370000000002,-0.013122890198270426,-0.0830128434374598,-0.06820697164297021,False,2013-09-27,31.944,3.9444027047332852,False,,7.234068184556075,-0.48789302493674747,7.234068184556075,-0.48789302493674747,3.8760390314420023,4.14709071196242,4.55969160342129,6.164919889169962,True,4.0,True,4.0,True,7.0,MACD_FAIL
BULL_2013_2014,BMS,legacy,MACD_PASS,2013-10-10,2013-10-11,34.78,GREEN,156.08,154.481,146.46370000000002,-0.02791396666740381,-0.06502858330464495,-0.06863037058913468,True,2013-10-03,34.202,1.6899596514823756,False,,4.358826912018388,-0.756181713628512,4.358826912018388,-0.756181713628512,1.4462334675100719,3.838412880966069,3.3985048878665935,1.420356526739508,True,6.0,True,7.0,False,,MACD_PASS
BULL_2013_2014,CB,legacy,MACD_FAIL,2013-10-10,2013-10-11,84.368,GREEN,156.08,154.481,146.46370000000002,-0.3122040100193554,-0.4074270910452652,-0.33688174435634155,False,2013-10-08,82.107,2.7537237994324393,False,,5.784183576711555,-0.40773753081736475,5.784183576711555,-0.40773753081736475,4.258723686705856,3.363834629243323,3.0663284657690193,5.664469941209949,True,3.0,True,3.0,True,6.0,MACD_FAIL
BULL_2013_2014,DOV,legacy,MACD_FAIL,2013-10-10,2013-10-11,67.443,GREEN,156.08,154.481,146.46370000000002,-0.31180884638200096,-0.403840031235709,-0.3475440620285014,False,2013-10-07,65.522,2.931839687433224,False,,4.344409353083356,-4.147205788591846,4.344409353083356,-4.147205788591846,0.16606615957179827,2.4435449194134318,2.790504574233066,3.8966238156665556,True,1.0,True,9.0,False,,MACD_FAIL
BULL_2013_2014,EMR,legacy,MACD_FAIL,2013-10-10,2013-10-11,56.927,GREEN,156.08,154.481,146.46370000000002,-0.21580503981937915,-0.3214589884965534,-0.310751171283389,False,2013-10-07,55.069,3.373949045742619,False,,4.194846030881649,-0.49361462926204025,4.194846030881649,-0.49361462926204025,1.2226184411614938,3.660828780719183,3.3622007131940856,3.272612292936561,True,6.0,True,7.0,False,,MACD_FAIL
BULL_2013_2014,GPC,legacy,MACD_FAIL,2013-10-10,2013-10-11,72.048,GREEN,156.08,154.481,146.46370000000002,-0.18331172101081233,-0.29206485892473866,-0.23487023029540768,False,2013-10-08,69.609,3.5038572598371065,False,,1.1561736620031127,-5.131301354652463,1.1561736620031127,-5.131301354652463,-2.1527315123251234,-1.6044858982900423,-1.7335665112147347,0.3858538751942975,False,,False,,False,,MACD_FAIL
BULL_2013_2014,HRL,legacy,MACD_PASS,2013-10-10,2013-10-11,19.836,GREEN,156.08,154.481,146.46370000000002,-0.03375214141249416,-0.07499157695068598,-0.08431622775468074,True,2013-09-30,19.228,3.162055335968361,False,,3.9272030651340994,-0.4285138132687938,3.9272030651340994,-0.4285138132687938,1.220004033071187,2.525710828796135,1.8955434563420193,1.5376083887880698,True,5.0,True,8.0,False,,MACD_PASS
BULL_2013_2014,ITW,legacy,MACD_FAIL,2013-10-10,2013-10-11,70.107,GREEN,156.08,154.481,146.46370000000002,-0.21552451208351586,-0.34355022065108143,-0.3148248134789918,False,2013-10-07,67.597,3.713182537686599,False,,4.384726204230671,-1.1553767812058746,4.384726204230671,-1.1553767812058746,1.427817478996407,2.902705863893762,3.4704095168813565,3.6002111058810016,True,7.0,True,8.0,False,,MACD_FAIL
BULL_2013_2014,JNJ,legacy,MACD_FAIL,2013-10-10,2013-10-11,79.315,GREEN,156.08,154.481,146.46370000000002,-0.04998198535696369,-0.16611612361236766,-0.1656966421688521,False,2013-10-04,76.524,3.647221786629018,False,,6.182941436046141,-0.6770472167937913,6.182941436046141,-0.6770472167937913,3.395322448464988,3.914770220008834,5.3596419340604,6.127466431318163,True,2.0,True,2.0,True,12.0,MACD_FAIL
BULL_2013_2014,KMB,legacy,MACD_PASS,2013-10-10,2013-10-11,84.841,GREEN,156.08,154.481,146.46370000000002,-0.013164960691075325,-0.142727322151346,-0.18708677659310352,True,2013-10-08,82.426,2.929900759469084,False,,14.4623472142007,-0.5751935974351974,14.4623472142007,-0.5751935974351974,3.475913768107408,10.070602656734383,12.688440730307281,12.712014238398893,True,3.0,True,4.0,True,7.0,MACD_PASS
BULL_2013_2014,LOW,legacy,MACD_FAIL,2013-10-10,2013-10-11,44.634,GREEN,156.08,154.481,146.46370000000002,-0.1612661564527509,-0.21484508796084545,-0.1732958497618151,False,2013-10-09,42.901,4.039532878021479,False,,6.194829054084328,-0.7931173544831305,6.194829054084328,-0.7931173544831305,-0.6273244611730955,5.88564771250617,2.9282609669758486,1.971591163686881,True,1.0,True,8.0,True,9.0,MACD_FAIL
BULL_2013_2014,MMM,legacy,MACD_FAIL,2013-10-10,2013-10-11,107.88,GREEN,156.08,154.481,146.46370000000002,-0.3311922746668078,-0.4309247162394887,-0.4030463070112559,False,2013-10-08,105.6,2.1590909090908994,False,,7.406377456433089,-0.6581386725991734,7.406377456433089,-0.6581386725991734,3.086763070077869,4.412309974045248,5.672969966629582,7.378568780126082,True,1.0,True,4.0,True,11.0,MACD_FAIL
BULL_2013_2014,SWK,legacy,MACD_FAIL,2013-10-10,2013-10-11,82.915,GREEN,156.08,154.481,146.46370000000002,-0.31780859556502605,-0.3725901012674554,-0.2694688883472105,False,2013-10-09,80.889,2.5046668891938406,True,3.0,1.6052583971537082,-17.772417536030883,1.6052583971537082,-16.34203702586988,-14.40873183380571,-12.968702888500271,-12.316227461858531,-10.287643972743176,False,,False,,False,,MACD_FAIL
BULL_2013_2014,VFC,legacy,MACD_PASS,2013-10-10,2013-10-11,43.973,GREEN,156.08,154.481,146.46370000000002,-0.21995492315516701,-0.26571016313958207,-0.2660240600103346,True,2013-10-04,42.752,2.856006736526928,False,,15.839265003524904,-0.6845109499010849,15.839265003524904,-0.6845109499010849,4.909831032679146,8.987333136242693,10.661087485502474,12.328019466490803,True,2.0,True,3.0,True,6.0,MACD_PASS
BULL_2013_2014,ADP,legacy,MACD_PASS,2013-10-11,2013-10-14,57.741,GREEN,157.08,154.4892,146.60469999999998,-0.10444525984130648,-0.21090832347025917,-0.3040780327775585,True,2013-10-02,55.788,3.500752850075295,False,,5.950710933305614,-0.30134566425936704,5.950710933305614,-0.30134566425936704,3.2368680833376517,4.57733672780174,4.355657158691395,4.703763357059976,True,3.0,True,5.0,True,10.0,MACD_PASS
BULL_2013_2014,CTAS,legacy,MACD_PASS,2013-10-11,2013-10-14,47.866,GREEN,157.08,154.4892,146.60469999999998,-0.07524062536427761,-0.16258075270372363,-0.21325072737918271,True,2013-10-07,46.241,3.5141973573235896,False,,6.129611833033888,-0.5034889065307357,6.129611833033888,-0.5034889065307357,3.551581498349554,4.6400367693143485,5.103831529687031,5.166506497304968,True,3.0,True,4.0,True,10.0,MACD_PASS
BULL_2013_2014,NUE,legacy,MACD_PASS,2013-10-11,2013-10-14,43.072,GREEN,157.08,154.4892,146.60469999999998,-0.1629716215607261,-0.21972560585809836,-0.2480723551569773,True,2013-10-07,41.989,2.5792469456286327,False,,12.634658246656771,-0.02089524517088215,12.634658246656771,-0.02089524517088215,4.401931649331359,5.2238112927191604,9.690750371471024,12.096025260029709,True,1.0,True,1.0,True,4.0,MACD_PASS
BULL_2013_2014,PPG,legacy,MACD_FAIL,2013-10-11,2013-10-14,77.84,GREEN,157.08,154.4892,146.60469999999998,-0.1830075483257121,-0.24531222287714471,-0.2385466795378316,False,2013-10-10,77.052,1.022685978300375,False,,13.186022610483029,-0.4689105858170728,13.186022610483029,-0.4689105858170728,6.738180883864331,9.316546762589928,10.881294964028765,10.453494347379234,True,3.0,True,3.0,True,3.0,MACD_FAIL
BULL_2013_2014,SHW,legacy,MACD_PASS,2013-10-11,2013-10-14,171.74,GREEN,157.08,154.4892,146.60469999999998,-0.6270827857473003,-0.71441767704047,-0.7314081889547772,True,2013-10-09,167.19,2.721454632454101,False,,8.961220449516706,-0.7569581926167523,8.961220449516706,-0.7569581926167523,2.2184697798998565,7.569581926167457,3.7673226971002727,2.8647956212879855,True,3.0,True,3.0,True,9.0,MACD_PASS
BULL_2013_2014,CVX,legacy,MACD_PASS,2013-10-14,2013-10-15,100.93,GREEN,157.73,154.505,146.7498,-0.401528551445854,-0.5762544705341188,-0.7168279652027008,True,2013-10-01,97.428,3.5944492343063628,False,,2.9228177945110456,-1.3078371148320667,2.9228177945110456,-1.3078371148320667,1.7635985336371673,2.486872089567016,-0.08917071237491969,1.1988506885960426,True,7.0,False,,False,,MACD_PASS
BULL_2013_2014,AFL,legacy,MACD_FAIL,2013-11-08,2013-11-11,59.487,GREEN,163.57,157.6612,149.43265000000002,-0.2209846286283108,-0.29825331514513365,-0.2690932834077008,False,2013-11-07,58.262,2.1025711441419848,False,,3.47975187856171,-0.8859078454116043,3.47975187856171,-0.8859078454116043,2.590481954040369,1.5465563904718538,0.5026308269033608,1.6205221308857265,True,3.0,True,5.0,False,,MACD_FAIL
BULL_2013_2014,BEN,legacy,MACD_FAIL,2013-11-08,2013-11-11,48.923,GREEN,163.57,157.6612,149.43265000000002,-0.34864758803810814,-0.32491197998237475,-0.2426066226542576,False,2013-11-07,47.348,3.326434062684802,False,,6.712589170737693,-1.6740592359422046,6.712589170737693,-1.6740592359422046,2.6102242299123057,5.688530956809679,4.654252601026099,4.870919608364166,True,2.0,True,3.0,True,9.0,MACD_FAIL
BULL_2013_2014,SHW,legacy,MACD_FAIL,2013-11-08,2013-11-11,176.97,GREEN,163.57,157.6612,149.43265000000002,-0.7896500531030515,-0.891524900765621,-0.5722952247395137,False,2013-11-07,172.9,2.353961827646045,True,15.0,2.045544442560887,-3.480815957506922,2.045544442560887,-2.9383511329603818,0.8871560151437974,0.339040515341571,-2.3732836073910746,0.25428038650618934,True,9.0,False,,False,,MACD_FAIL
BULL_2013_2014,ABBV,legacy,MACD_FAIL,2013-11-11,2013-11-12,42.211,GREEN,163.6,157.9284,149.5685,-0.1721945644725973,-0.20618674562460748,-0.20537009501334824,False,2013-11-07,40.799,3.460869138949474,False,,11.7196939186468,-2.4164317358034593,11.7196939186468,-2.4164317358034593,0.021321456492384705,0.3079765937788803,2.513562815379866,8.706261401056615,True,4.0,True,4.0,True,17.0,MACD_FAIL
BULL_2013_2014,GWW,legacy,MACD_PASS,2013-11-26,2013-11-27,236.88,GREEN,166.69,160.4174,151.12605000000002,-0.9943023181069273,-1.2785960358848147,-1.4977340114858788,True,2013-11-18,231.88,2.156287735035356,True,10.0,0.7852077001013313,-4.314420803782504,0.7852077001013313,-4.314420803782504,-1.0849375211077317,-2.3176291793313153,-1.773049645390068,-0.9878419452887588,False,,False,,False,,MACD_PASS
BULL_2013_2014,PEP,legacy,MACD_FAIL,2013-12-03,2013-12-04,74.629,GREEN,165.84,161.112,151.68615,-0.29218624588066044,-0.3062384565580243,-0.2504053703564161,False,2013-11-29,74.587,0.05631008084518996,True,0.0,0.37518926958688414,-3.6875745353682987,0.0,-1.097428613541651,-0.4220879282852641,-1.9228450066328118,-0.6874003403502749,-0.9393131356443263,False,,False,,False,,MACD_FAIL
BULL_2013_2014,NUE,legacy,MACD_PASS,2013-12-05,2013-12-06,46.37,GREEN,165.08,161.4828,151.96875,-0.22134515136961253,-0.3044303648976157,-0.37846594956682406,True,2013-11-25,44.614,3.9359842201999395,False,,4.27215872331248,-3.6747897347422898,4.27215872331248,-3.6747897347422898,-1.3823592840198407,-0.6189346560276032,2.9631227086478473,1.621738192797073,True,12.0,True,14.0,False,,MACD_PASS
BULL_2013_2014,APD,legacy,MACD_FAIL,2013-12-06,2013-12-09,98.63,GREEN,166.94,161.6908,152.113,-0.19774126998008956,-0.35607442537785716,-0.30344966831360304,False,2013-12-03,95.736,3.0228962981532437,False,,4.248200344722708,-3.3042684781506626,4.248200344722708,-3.3042684781506626,-1.8827942816587284,2.8794484436784007,2.849031734766294,1.287640677278734,True,9.0,True,11.0,False,,MACD_FAIL
BULL_2013_2014,DOV,legacy,MACD_PASS,2013-12-06,2013-12-09,69.952,GREEN,166.94,161.6908,152.113,-0.17762418007757197,-0.3138432584574031,-0.35631665299581317,True,2013-12-03,67.244,4.027125096662898,False,,5.769670631290036,-2.6461001829826136,5.769670631290036,-2.6461001829826136,0.0,3.4452195791399687,5.270757090576383,2.7161482159195005,True,9.0,True,9.0,True,12.0,MACD_PASS
BULL_2013_2014,ECL,legacy,MACD_FAIL,2013-12-06,2013-12-09,101.58,GREEN,166.94,161.6908,152.113,-0.526499248431379,-0.6716380754148629,-0.6022683482229475,False,2013-12-04,97.962,3.6932688185214557,True,5.0,0.009844457570395981,-4.556999409332551,0.009844457570395981,-3.847214018507583,-3.7369560937192237,-1.683402244536325,-1.703091159677106,-1.8212246505217466,False,,False,,False,,MACD_FAIL
BULL_2013_2014,LOW,legacy,MACD_PASS,2013-12-06,2013-12-09,44.738,GREEN,166.94,161.6908,152.113,-0.19828253370768312,-0.31626976088426406,-0.34343445931117145,True,2013-11-22,42.738,4.6796761664092745,False,,4.112834726630621,-3.024274665832183,4.112834726630621,-3.024274665832183,-1.5870177477759428,1.0684429344181678,3.4668514461978717,1.3769055389154516,True,8.0,True,13.0,False,,MACD_PASS
BULL_2013_2014,MMM,legacy,MACD_FAIL,2013-12-06,2013-12-09,117.17,GREEN,166.94,161.6908,152.113,-0.6284602939709447,-0.7016930879805889,-0.6177694616182152,False,2013-12-04,114.15,2.6456416995181753,False,,9.01254587351712,-2.193394213535893,9.01254587351712,-2.193394213535893,-0.8875992148160816,6.221729111547325,8.884526755995559,6.093709994025764,True,6.0,True,7.0,True,7.0,MACD_FAIL
BULL_2013_2014,SWK,legacy,MACD_FAIL,2013-12-06,2013-12-09,74.578,GREEN,166.94,161.6908,152.113,0.03224199962997354,-0.026055319115621534,-0.02245549988667811,False,2013-12-04,72.995,2.168641687786832,False,,1.1772908900748114,-1.996567352302292,1.1772908900748114,-1.996567352302292,-0.6838477835286572,0.45992115637318864,0.1367695567057403,-0.6181447611896207,False,,False,,False,,MACD_FAIL
BULL_2013_2014,GPC,legacy,MACD_PASS,2013-12-09,2013-12-10,74.238,GREEN,167.35,161.9206,152.27235,-0.02891171554763239,-0.07485237915905307,-0.08458928594902404,True,2013-12-06,72.958,1.7544340579511486,True,5.0,1.6460572752498681,-2.5593361890137167,0.9173199709043844,-2.171394703521101,-2.1013497130849434,0.5522778092082126,-0.4472103235539704,0.6586923139093148,False,,False,,False,,MACD_PASS
BULL_2013_2014,KMB,legacy,MACD_PASS,2013-12-09,2013-12-10,94.032,GREEN,167.35,161.9206,152.27235,-0.5420085163373689,-0.6213117785063448,-0.6863638034220545,True,2013-12-04,92.248,1.9339172664989857,True,5.0,0.7103964607793056,-2.7533180193976547,0.7103964607793056,-2.7533180193976547,-2.545941807044405,-0.5976688786795914,-1.5058703420112285,-1.602645907776068,False,,False,,False,,MACD_PASS
BULL_2013_2014,ABT,legacy,MACD_FAIL,2013-12-10,2013-12-11,33.778,GREEN,166.76,162.1558,152.4242,-0.1912973950256946,-0.19080105765310118,-0.18734548507231347,False,2013-12-05,33.675,0.3058648849294743,True,0.0,7.268044289182307,-1.977618568298889,0.269406122328153,-1.2996625022203778,3.02859849606254,3.6503049322043957,4.4289182308011155,6.94238853691751,False,,False,,False,,MACD_FAIL
BULL_2013_2014,CTAS,legacy,MACD_PASS,2013-12-10,2013-12-11,51.931,GREEN,166.76,162.1558,152.4242,-0.10725623832938802,-0.14060915744117009,-0.15261415015174473,True,2013-12-05,50.735,2.3573469991130303,False,,10.583273959677264,-1.1804124703934105,10.583273959677264,-1.1804124703934105,2.1605592035585763,7.821917544433976,7.714082147464896,7.56965974080992,True,5.0,True,7.0,True,7.0,MACD_PASS
BULL_2013_2014,WAG,legacy,MACD_PASS,2013-12-11,2013-12-12,53.43,GREEN,164.89,162.329,152.5581,-0.33509343583308415,-0.4362237686876037,-0.4595911296485948,True,2013-12-04,51.906,2.9360767541324773,False,,8.128392288976238,-4.6902489238255685,8.128392288976238,-4.6902489238255685,-1.0780460415496962,-0.23020774845592396,-0.7280553995882566,4.5835672842972075,True,6.0,True,7.0,True,18.0,MACD_PASS
BULL_2013_2014,BEN,legacy,MACD_FAIL,2013-12-16,2013-12-17,50.895,GREEN,165.34,162.8774,152.95215,-0.15760363506057373,-0.1965448069685931,-0.18852943036467595,False,2013-12-13,50.026,1.737096709710939,False,,7.480106100795747,-1.34590824245997,7.480106100795747,-1.34590824245997,3.9925336477060647,4.190981432360741,4.743098536201984,7.06159740642498,True,1.0,True,3.0,True,6.0,MACD_FAIL
BULL_2013_2014,EMR,legacy,MACD_FAIL,2013-12-16,2013-12-17,59.104,GREEN,165.34,162.8774,152.95215,-0.11146700671328624,-0.13794758108593175,-0.10973627770287014,False,2013-12-13,58.361,1.2731104676067861,False,,5.632444504602052,-1.3501624255549571,5.632444504602052,-1.3501624255549571,4.287357877639408,3.600433134813219,2.0607742284786124,4.571602598808866,True,2.0,True,3.0,True,6.0,MACD_FAIL
BULL_2013_2014,MHFI,legacy,MACD_FAIL,2013-12-16,2013-12-17,69.975,GREEN,165.34,162.8774,152.95215,-0.3188994548557632,-0.40278874643314755,-0.37433242365141206,False,2013-12-12,67.701,3.3588868702087105,False,,7.151125401929259,-2.0507324044301334,7.151125401929259,-2.0507324044301334,4.335834226509472,5.71061093247589,6.255091103965715,3.9285459092533115,True,3.0,True,3.0,True,6.0,MACD_FAIL
BULL_2013_2014,TROW,legacy,MACD_PASS,2013-12-16,2013-12-17,70.546,GREEN,165.34,162.8774,152.95215,-0.1935709589727284,-0.3114045449860082,-0.3208470406014333,True,2013-12-12,68.513,2.967320070643531,False,,5.477277237547118,-0.7087574065148927,5.477277237547118,-0.7087574065148927,4.1703285799336465,3.165310577495517,4.078190117086722,4.725994386641319,True,1.0,True,1.0,True,13.0,MACD_PASS
BULL_2013_2014,ADM,legacy,MACD_FAIL,2013-12-17,2013-12-18,37.74,GREEN,164.82,163.08460000000002,153.07485,-0.1437389204050542,-0.18477646132728265,-0.16475366090467203,False,2013-12-16,36.544,3.272767075306504,False,,5.569687334393203,-1.7514573396926414,5.569687334393203,-1.7514573396926414,4.750927397986215,3.6486486486486447,0.7472178060413226,-1.579226285108648,True,0.0,True,0.0,True,1.0,MACD_FAIL
BULL_2013_2014,MDT,legacy,MACD_PASS,2013-12-17,2013-12-18,52.556,GREEN,164.82,163.08460000000002,153.07485,-0.1721001766670623,-0.21303126579707204,-0.23754628537884248,True,2013-12-12,51.283,2.482304077374553,False,,7.53291726919858,-1.316690767942763,7.53291726919858,-1.316690767942763,0.9342415708958107,2.960651495547606,5.803333587030979,5.027018798995364,True,10.0,True,10.0,True,11.0,MACD_PASS
BULL_2013_2014,ADP,legacy,MACD_PASS,2013-12-18,2013-12-19,63.711,GREEN,167.64,163.384,153.2107,-0.20659434851658753,-0.31984523261971465,-0.33148736442481186,True,2013-12-10,61.52,3.5614434330299094,False,,4.602031046444099,-0.6435309444209003,4.602031046444099,-0.6435309444209003,1.7281160239205118,0.5776082623094814,-0.3767010406366289,1.2242783820690217,True,5.0,True,13.0,False,,MACD_PASS
BULL_2013_2014,BDX,legacy,MACD_PASS,2013-12-18,2013-12-19,101.74,GREEN,167.64,163.384,153.2107,-0.2112800115435489,-0.4206154022950892,-0.45538077301158986,True,2013-12-12,98.505,3.284097253946494,False,,4.0003931590328445,-1.0910163160998576,4.0003931590328445,-1.0910163160998576,1.8183605268331071,0.9730686062512373,2.467072931000591,2.8209160605464856,True,5.0,True,13.0,False,,MACD_PASS
BULL_2013_2014,BF-B,legacy,MACD_FAIL,2013-12-18,2013-12-19,35.615,GREEN,167.64,163.384,153.2107,-0.10982291256602747,-0.1583777604167897,-0.14357052750679658,False,2013-12-13,34.438,3.4177362216156526,False,,7.710234451775921,-2.052505966587115,7.710234451775921,-2.052505966587115,0.5784079741681714,-0.9321914923487329,4.329636389161862,6.738733679629361,True,15.0,True,15.0,True,17.0,MACD_FAIL
BULL_2013_2014,CINF,legacy,MACD_FAIL,2013-12-18,2013-12-19,45.309,GREEN,167.64,163.384,153.2107,-0.13692378595861981,-0.18728639225084254,-0.1806999955149559,False,2013-12-13,44.444,1.9462694626946053,False,,4.65470436337152,-2.2181023637687813,4.65470436337152,-2.2181023637687813,1.231543401973112,-0.6819837118453242,-1.6332296011829728,-1.6972345450131265,True,2.0,True,4.0,False,,MACD_FAIL
BULL_2013_2014,CL,legacy,MACD_FAIL,2013-12-18,2013-12-19,59.005,GREEN,167.64,163.384,153.2107,-0.21445596309845588,-0.28035385425397036,-0.26588559951238255,False,2013-12-12,57.511,2.5977639060353663,False,,1.8286585882552275,-1.5846114736039363,1.8286585882552275,-1.5846114736039363,1.4558088297601746,-0.45419879671214636,0.39827133293788286,0.4813151427845108,False,,False,,False,,MACD_FAIL
BULL_2013_2014,CVX,legacy,MACD_FAIL,2013-12-18,2013-12-19,104.36,GREEN,167.64,163.384,153.2107,-0.30947245013179836,-0.42227791086499517,-0.32203549708204887,False,2013-12-16,101.52,2.7974783293932326,False,,3.3633576082790384,-2.7692602529704846,3.3633576082790384,-2.7692602529704846,3.018397853583754,2.0218474511306983,-1.9068608662322628,-1.006132617861244,True,4.0,True,5.0,False,,MACD_FAIL
BULL_2013_2014,SHW,legacy,MACD_FAIL,2013-12-18,2013-12-19,172.88,GREEN,167.64,163.384,153.2107,-0.5068483582502713,-0.6872375758495071,-0.6471310090282132,False,2013-12-13,163.93,5.459647410480084,False,,10.116844053678854,-1.469227209625168,10.116844053678854,-1.469227209625168,1.4229523368810781,1.5270708005552969,6.235539102267462,10.047431744562708,True,5.0,True,11.0,True,12.0,MACD_FAIL
BULL_2013_2014,CB,legacy,MACD_PASS,2013-12-19,2013-12-20,91.091,GREEN,167.44,163.6774,153.34429999999998,-0.3249843661027695,-0.4045606131960342,-0.4783702897888028,True,2013-12-13,89.095,2.240305292103928,True,14.0,3.3164637560241905,-3.820355468707104,3.3164637560241905,-3.0771426375821975,2.487622267842049,-0.1503990514979514,-2.083630655059221,-3.7775411401784864,True,3.0,True,6.0,False,,MACD_PASS
BULL_2013_2014,JNJ,legacy,MACD_PASS,2013-12-19,2013-12-20,82.869,GREEN,167.44,163.6774,153.34429999999998,-0.31879857899412783,-0.3736659171108235,-0.49213014466368565,True,2013-12-12,80.906,2.426272464341328,False,,3.7323969156138004,-1.0220951139750634,3.7323969156138004,-1.0220951139750634,0.3825314653248091,2.5425671843511966,3.011982767983201,2.5787689003125447,True,10.0,True,12.0,False,,MACD_PASS
BULL_2013_2014,PG,legacy,MACD_PASS,2013-12-19,2013-12-20,72.248,GREEN,167.44,163.6774,153.34429999999998,-0.33982653626510295,-0.3695820806361902,-0.4331569177600737,True,2013-12-16,70.925,1.8653507225943056,True,8.0,0.6837559517218539,-2.9758609234857736,0.6837559517218539,-2.184143505702585,0.022145941756157583,-0.682371830362094,-1.3536706898460982,-2.622909976746779,False,,False,,False,,MACD_PASS
BULL_2013_2014,BCR,legacy,MACD_PASS,2013-12-24,2013-12-26,130.97,GREEN,169.69,164.408,153.7576,-0.5909696240104158,-0.7478558588043005,-0.8402009565946967,True,2013-12-12,128.32,2.0651496259351587,True,6.0,2.825074444529263,-3.9780102313506815,0.9696877147438387,-3.9780102313506815,-1.725586012063829,0.7024509429640391,1.4736199129571803,-2.5196609910666523,False,,False,,False,,MACD_PASS
BULL_2013_2014,WMT,legacy,MACD_PASS,2013-12-24,2013-12-26,70.558,GREEN,169.69,164.408,153.7576,-0.23964744429234475,-0.29839601088641726,-0.3563275588705064,True,2013-12-13,69.427,1.6290492171633586,True,14.0,1.805606734884746,-5.419654752118841,1.805606734884746,-2.192522463788671,0.7539896255562839,-0.02409365344824277,-2.39660988123247,-5.01147991723122,False,,False,,False,,MACD_PASS
BULL_2013_2014,ABBV,legacy,MACD_PASS,2014-01-10,2014-01-13,44.484,GREEN,170.81,166.47220000000002,155.31545,-0.3296289574665663,-0.35286117833182984,-0.39639141050230375,True,2014-01-06,43.448,2.3844595838703686,True,6.0,0.5147918352666148,-8.367053322542938,0.5147918352666148,-4.026166711626667,-1.301591583490691,-5.862782123909726,-5.347990288643123,-1.9714953691214898,False,,False,,False,,MACD_PASS
BULL_2013_2014,MMM,legacy,MACD_FAIL,2014-01-14,2014-01-15,125.34,GREEN,170.37,166.7536,155.58195,-0.46784001815608134,-0.5378780878389295,-0.3817211353586587,False,2014-01-13,122.4,2.401960784313717,True,6.0,0.8377213977979858,-10.27604914632201,0.8377213977979858,-5.473113132280194,-2.2339237274613066,-7.052816339556411,-6.45444391255785,-4.930588798468172,False,,False,,False,,MACD_FAIL
BULL_2013_2014,APD,legacy,MACD_PASS,2014-01-15,2014-01-16,100.76,GREEN,171.3,166.928,155.72235,-0.17004602916318068,-0.27036932062873564,-0.3170439633764117,True,2014-01-14,98.151,2.658149178306912,True,5.0,5.855498213576804,-7.475188566891633,1.9551409289400468,-3.939063120285835,-3.880508138150074,-5.289797538705832,-1.6256450972608194,5.716554188169898,False,,False,,False,,MACD_PASS
BULL_2013_2014,AFL,legacy,MACD_PASS,2014-01-16,2014-01-17,59.121,GREEN,171.07,167.0868,155.86885,-0.12330406144593908,-0.15587811592393752,-0.2022045450353256,True,2014-01-08,58.383,1.2640665947279084,True,3.0,1.0165592598230688,-6.728573603288179,1.0165592598230688,-2.393396593427033,-4.659934710170665,-6.310786353410802,-3.673821484751616,-2.166742781752673,False,,False,,False,,MACD_PASS
BULL_2013_2014,CLX,legacy,MACD_PASS,2014-01-16,2014-01-17,80.734,GREEN,171.07,167.0868,155.86885,-0.1976096930845903,-0.2862934569637232,-0.35649525624741507,True,2014-01-06,79.478,1.5803115327511996,True,5.0,1.569351202715108,-6.247677558401666,1.569351202715108,-2.1515098966977897,-2.0499417841306045,-3.2687591349369494,-3.537543042584279,-2.162657616369801,False,,False,,False,,MACD_PASS
BULL_2013_2014,NUE,legacy,MACD_FAIL,2014-01-16,2014-01-17,46.342,GREEN,171.07,167.0868,155.86885,-0.16750649732639422,-0.1731865524838837,-0.14527827734151072,False,2014-01-15,45.781,1.2253991830672106,True,1.0,0.3495748996590553,-10.651245090846317,0.3495748996590553,-2.893703336066633,-6.7433429718182225,-10.206723922144057,-7.142548875749865,-1.1371973587674278,False,,False,,False,,MACD_FAIL
BULL_2013_2014,XOM,legacy,MACD_FAIL,2014-01-17,2014-01-21,85.527,GREEN,170.34,167.24079999999998,156.00889999999998,-0.3487971466963813,-0.3644766791777272,-0.35552015631203204,False,2014-01-15,85.303,0.2625933437276684,True,1.0,0.446642580705503,-9.267248938931571,0.446642580705503,-0.6804868637974026,-2.903176774585803,-8.617161831936116,-7.131081412887164,-3.9531376056683887,False,,False,,False,,MACD_FAIL
BULL_2013_2014,ADM,legacy,MACD_PASS,2014-01-22,2014-01-23,37.958,GREEN,170.96,167.58,156.2962,-0.1686347040573617,-0.2391048103150084,-0.2523492657012998,True,2014-01-17,37.079,2.370614094231227,True,0.0,0.2397386585173189,-9.5236840718689,0.2397386585173189,-2.600242373149275,-5.724748406133095,-6.681068549449398,-2.958533115548756,-4.017598398229616,False,,False,,False,,MACD_PASS
BULL_2013_2014,BMS,legacy,MACD_FAIL,2014-01-22,2014-01-23,34.955,GREEN,170.96,167.58,156.2962,-0.16607675752038342,-0.09881957942702604,-0.0969267878102816,False,2014-01-21,34.412,1.577937928629547,True,1.0,4.663138320698046,-3.7619796881705025,1.1300243169789725,-1.5763124016592633,0.5263910742383304,-1.6020597911600487,1.6020597911600598,1.8023172650550867,False,,False,,False,,MACD_FAIL
BULL_2013_2014,CVX,legacy,MACD_PASS,2014-01-22,2014-01-23,102.68,GREEN,170.96,167.58,156.2962,-0.3421362693215899,-0.4425515997787548,-0.5558607061534093,True,2014-01-14,101.47,1.1924706809894658,True,1.0,0.20451889365016296,-8.64725360342813,0.20451889365016296,-2.7950915465523973,-2.6392676275808435,-6.978963770938851,-5.0954421503701,-4.951305025321384,False,,False,,False,,MACD_PASS
BULL_2013_2014,KO,legacy,MACD_PASS,2014-01-22,2014-01-23,35.162,GREEN,170.96,167.58,156.2962,-0.05933329167076632,-0.08228965446427731,-0.11390237842242884,True,2014-01-13,34.867,0.8460722172828117,True,0.0,0.07109948239576447,-6.879585916614516,0.07109948239576447,-1.2428189522780242,-3.6431374779591574,-3.998634889938002,-2.4287583186394346,-6.1401512996985375,False,,False,,False,,MACD_PASS
BULL_2013_2014,LOW,legacy,MACD_FAIL,2014-01-23,2014-01-24,44.803,GREEN,169.56,167.69979999999998,156.42825,-0.09162039465661792,-0.1170950894960569,-0.11072791297831051,False,2014-01-17,44.241,1.2703148663004926,True,2.0,1.127156663616291,-6.972747360667797,1.127156663616291,-2.5087605740686914,-3.1158627770461855,-3.5801174028524896,-1.0512688882440835,-1.171796531482261,False,,False,,False,,MACD_FAIL
BULL_2013_2014,CINF,legacy,MACD_FAIL,2014-01-28,2014-01-29,43.087,GREEN,166.1,167.8138,156.7375,-0.2003103975059956,-0.2167492069649056,-0.1775864818797464,False,2014-01-08,41.929,2.7618116339526377,True,4.0,0.8796156613363637,-8.051152319725208,0.8796156613363637,-3.6089771856940733,-3.546313273145041,-4.748532039826414,-4.182235941235191,-4.465383990530802,False,,False,,False,,MACD_FAIL
BULL_2013_2014,MHFI,legacy,MACD_FAIL,2014-01-28,2014-01-29,70.814,GREEN,166.1,167.8138,156.7375,-0.4943695766011681,-0.5772092655593266,-0.5385024732212993,False,2014-01-24,69.291,2.1979766492040698,False,,10.290338068743488,-0.4843674979523649,10.290338068743488,-0.4843674979523649,3.3157285282571447,9.55178354562658,8.340158725675728,7.466037789137747,True,0.0,True,1.0,True,4.0,MACD_FAIL
BULL_2013_2014,PEP,legacy,MACD_FAIL,2014-01-28,2014-01-29,73.595,GREEN,166.1,167.8138,156.7375,-0.05404422422805973,-0.06898961184579104,-0.06267740347345821,False,2014-01-27,73.194,0.5478591141350408,True,0.0,0.0,-5.936544602214822,0.0,-2.1604728582104826,-2.9934098783884866,-0.46742305863168854,-4.714994225151159,-3.422786874108308,False,,False,,False,,MACD_FAIL
BULL_2013_2014,PG,legacy,MACD_FAIL,2014-01-28,2014-01-29,69.97,GREEN,166.1,167.8138,156.7375,-0.03418634927453068,-0.0690202180968904,-0.053009793594417376,False,2014-01-22,69.367,0.869289431574094,True,0.0,1.2048020580248675,-4.490495926825777,0.0,-1.8022009432613895,-2.982706874374741,-1.663570101472056,-1.1147634700585995,-0.7731885093611557,False,,False,,False,,MACD_FAIL
BULL_2013_2014,PNR,legacy,MACD_FAIL,2014-01-28,2014-01-29,69.099,GREEN,166.1,167.8138,156.7375,-0.578273265848288,-0.6688587519804453,-0.5083163550321139,False,2014-01-27,65.867,4.906857758817007,False,,8.41112027670443,-4.612223042301622,8.41112027670443,-4.612223042301622,0.0274967799823278,3.8495491975281793,5.61802631007684,8.225878811560229,True,7.0,True,9.0,True,13.0,MACD_FAIL
BULL_2013_2014,CAH,legacy,MACD_PASS,2014-01-29,2014-01-30,63.677,GREEN,164.52,167.7966,156.85174999999998,-0.29958906497486604,-0.311330286920109,-0.4009941929360018,True,2014-01-27,60.316,5.57231911930498,False,,5.557736702420013,-5.771314603388977,5.557736702420013,-5.771314603388977,-3.607267930335911,1.7007710790395425,4.364213138181761,4.045416712470762,True,9.0,True,9.0,True,16.0,MACD_PASS
BULL_2013_2014,CB,legacy,MACD_PASS,2014-01-29,2014-01-30,86.4,GREEN,164.52,167.7966,156.85174999999998,-0.4003309524622849,-0.4843377941812702,-0.6142217833261137,True,2014-01-10,83.987,2.8730636884279903,False,,3.6550925925926014,-2.516203703703712,3.6550925925926014,-2.516203703703712,-1.2175925925925979,1.5821759259259105,2.69328703703704,3.41203703703703,True,8.0,True,12.0,False,,MACD_PASS
BULL_2013_2014,ECL,legacy,MACD_FAIL,2014-01-29,2014-01-30,96.461,GREEN,164.52,167.7966,156.85174999999998,-0.4578974602613435,-0.5097437827833557,-0.5059434286044231,False,2014-01-27,93.803,2.8335980725563203,False,,7.44238604202736,-3.0416437731311086,7.44238604202736,-3.0416437731311086,-0.8179471496252422,1.575766371901599,1.4638040244243866,6.97587626087226,True,10.0,True,13.0,True,18.0,MACD_FAIL
BULL_2013_2014,EMR,legacy,MACD_FAIL,2014-01-29,2014-01-30,58.421,GREEN,164.52,167.7966,156.85174999999998,-0.4199811950572405,-0.4134308590172424,-0.4295472521358725,False,2014-01-24,57.123,2.2722896206431864,True,2.0,0.9226134437958944,-5.8506359014737885,0.9226134437958944,-2.9321648037520798,-3.29162458704918,-1.7373889526026587,-3.440543640129401,-0.6418924701733997,False,,False,,False,,MACD_FAIL
BULL_2013_2014,PPG,legacy,MACD_FAIL,2014-01-29,2014-01-30,86.711,GREEN,164.52,167.7966,156.85174999999998,-0.4701929408274292,-0.4942197919297099,-0.45772783635124065,False,2014-01-28,85.741,1.1313140737803318,True,2.0,8.212337535030144,-5.379940261327853,1.0575359527626338,-3.832270415518213,-2.60405254235333,1.9109455547738907,3.686960131932504,8.034736077314285,False,,False,,False,,MACD_FAIL
BULL_2013_2014,TROW,legacy,MACD_PASS,2014-01-29,2014-01-30,70.161,GREEN,164.52,167.7966,156.85174999999998,-0.5425702129884091,-0.5905061991128313,-0.7749296608604997,True,2014-01-22,67.435,4.042411210795582,True,2.0,2.63821781331508,-5.051239292484421,0.548737902823504,-5.051239292484421,-2.7265859950684757,1.2913156882028431,0.5102549849631544,1.9811576231809624,False,,False,,False,,MACD_PASS
BULL_2013_2014,BDX,legacy,MACD_FAIL,2014-01-30,2014-01-31,100.33,GREEN,166.26,167.7996,156.96425000000002,-0.5250546190312215,-0.5577327501170127,-0.5469610318611918,False,2014-01-27,100.11,0.21975826590749925,True,1.0,8.880693710754507,-1.5568623542310367,1.5349347154390625,-1.5568623542310367,3.0300009967108688,7.026811521977461,7.604903817402575,7.545101166151702,False,,False,,False,,MACD_FAIL
BULL_2013_2014,VFC,legacy,MACD_PASS,2014-01-30,2014-01-31,53.956,GREEN,166.26,167.7996,156.96425000000002,-0.2733520887970637,-0.40931623638630066,-0.4209543583508235,True,2014-01-15,52.871,2.052164702767123,True,1.0,3.686337015345842,-5.995626065683157,0.24279042182520083,-3.916153903180364,0.1519756838905595,-3.08399436577953,0.3132181777744769,-0.16680257987990998,False,,False,,False,,MACD_PASS
BULL_2013_2014,BCR,legacy,MACD_FAIL,2014-01-31,2014-02-03,128.0,GREEN,165.27,167.79440000000002,157.0823,-0.5131798969791217,-0.44636983152964727,-0.4435812490875848,False,2014-01-29,123.36,3.761348897535677,True,0.0,11.82812499999999,-4.039062500000002,0.0,-4.039062500000002,2.2265624999999956,7.804687500000007,9.0078125,10.304687499999998,False,,False,,False,,MACD_FAIL
BULL_2013_2014,CTAS,legacy,MACD_PASS,2014-01-31,2014-02-03,53.845,GREEN,165.27,167.79440000000002,157.0823,-0.3489208281804186,-0.3638485009132092,-0.4183517001282014,True,2014-01-27,53.241,1.134464040870764,True,0.0,10.766087844739536,-3.1163524932677045,0.36957934812889004,-2.9046336707215126,0.9638777973813628,4.1823753366143634,4.953106137988672,6.63385643978085,False,,False,,False,,MACD_PASS
BULL_2013_2014,WAG,legacy,MACD_FAIL,2014-02-05,2014-02-06,53.82,GREEN,162.49,167.6138,157.38925,-0.18350855581173908,-0.31158323775812924,-0.3080797690474323,False,2014-01-27,51.301,4.910235667920704,False,,21.03307320698624,-0.14492753623188692,21.03307320698624,-0.14492753623188692,15.057599405425481,14.934968413229278,17.761055369751013,16.47528799702713,True,0.0,True,1.0,True,1.0,MACD_FAIL
BULL_2013_2014,ADP,legacy,MACD_FAIL,2014-02-06,2014-02-07,59.738,GREEN,164.65,167.5704,157.49205,-0.4389148307914059,-0.47708335399493373,-0.43582423553085564,False,2014-01-24,57.737,3.465715225938304,False,,6.081556128427468,-0.7700291271887205,6.081556128427468,-0.7700291271887205,2.5076165924537097,3.2257524523753744,3.048310957849276,5.117345743078117,True,3.0,True,7.0,True,14.0,MACD_FAIL
BULL_2013_2014,BF-B,legacy,MACD_FAIL,2014-02-06,2014-02-07,36.756,GREEN,164.65,167.5704,157.49205,-0.1756601011507739,-0.20353340828272676,-0.17322990273224614,False,2014-02-05,35.997,2.1085090424201924,False,,15.058765915768845,-0.4080966372837058,15.058765915768845,-0.4080966372837058,4.616933289803038,7.405593644575048,7.48449232778321,14.294264881924024,True,2.0,True,3.0,True,6.0,MACD_FAIL
BULL_2013_2014,GPC,legacy,MACD_FAIL,2014-02-06,2014-02-07,73.213,GREEN,164.65,167.5704,157.49205,-0.4733140888267799,-0.6296041025951065,-0.5915070824622071,False,2014-02-04,69.016,6.081198562652124,False,,10.905167115129832,-0.4316173357190478,10.905167115129832,-0.4316173357190478,5.911518446177588,7.3538852389603,7.180418778085862,7.3538852389603,True,2.0,True,3.0,True,5.0,MACD_FAIL
BULL_2013_2014,ITW,legacy,MACD_PASS,2014-02-06,2014-02-07,72.702,GREEN,164.65,167.5704,157.49205,-0.36329442605405615,-0.4574075847417225,-0.5123667534151479,True,2014-01-27,70.385,3.2918945798110277,False,,5.665593793843371,-1.0316084839481765,5.665593793843371,-1.0316084839481765,-0.215950042639812,3.7839399191218925,3.910483893152872,4.4565486506561,True,7.0,True,9.0,True,10.0,MACD_PASS
BULL_2013_2014,KMB,legacy,MACD_FAIL,2014-02-06,2014-02-07,95.023,GREEN,164.65,167.5704,157.49205,-0.11292146867354935,-0.1002239674502457,-0.00949279709198092,False,2014-02-05,93.618,1.5007797645751886,False,,4.462077602264736,-0.04946170927038196,4.462077602264736,-0.04946170927038196,3.470738663270989,3.3981246645548913,2.3404859876030137,3.243425275985823,True,2.0,True,5.0,False,,MACD_FAIL
BULL_2013_2014,SYY,legacy,MACD_PASS,2014-02-06,2014-02-07,31.965,GREEN,164.65,167.5704,157.49205,-0.14465022975783431,-0.1995428989358239,-0.22183125766114128,True,2014-01-27,30.861,3.577330611451335,False,,3.1471922415141407,-0.5412169560456648,3.1471922415141407,-0.5412169560456648,1.1856718285624845,1.9271077741279674,2.008446738620373,2.549663694666049,True,6.0,True,10.0,False,,MACD_PASS
BULL_2013_2014,ABT,legacy,MACD_PASS,2014-02-07,2014-02-10,34.123,GREEN,166.67,167.57080000000002,157.60444999999999,-0.06572761891294437,-0.14550575336855287,-0.20637733604559777,True,2014-01-24,32.728,4.262405279882664,False,,8.926530492629613,-0.5656009143392926,8.926530492629613,-0.5656009143392926,4.729947542713142,5.591536500307703,7.92720452480733,6.828239017671378,True,1.0,True,2.0,True,5.0,MACD_PASS
BULL_2013_2014,JNJ,legacy,MACD_PASS,2014-02-07,2014-02-10,81.275,GREEN,166.67,167.57080000000002,157.60444999999999,-0.23092272113046286,-0.43979373175763903,-0.604820349983667,True,2014-01-27,77.588,4.752023508790026,False,,4.706244232543821,-0.42202399261765944,4.706244232543821,-0.42202399261765944,2.2085512150107567,1.756997846816355,4.24853891110426,4.415872039372504,True,1.0,True,1.0,False,,MACD_PASS
BULL_2013_2014,MDT,legacy,MACD_PASS,2014-02-07,2014-02-10,51.663,GREEN,166.67,167.57080000000002,157.60444999999999,-0.3400176979963124,-0.44882704911622406,-0.5000847804409682,True,2014-01-27,49.466,4.441434520680865,False,,9.070321119563317,-0.7142442366877666,9.070321119563317,-0.7142442366877666,0.8845789055997644,3.1453845111588663,7.097923078412016,8.189613456438849,True,2.0,True,8.0,True,13.0,MACD_PASS
BULL_2013_2014,BEN,legacy,MACD_PASS,2014-02-10,2014-02-11,49.111,GREEN,166.98,167.57659999999998,157.7155,-0.22080643355861385,-0.3916981550564541,-0.5515159645885708,True,2014-01-27,46.669,5.232595513081484,False,,4.094805644356669,-1.956791757447407,4.094805644356669,-1.956791757447407,0.6312231475636976,-0.7024902771273211,1.6961576836146852,0.5721732402109714,True,1.0,True,5.0,False,,MACD_PASS
BULL_2013_2014,CL,legacy,MACD_PASS,2014-02-10,2014-02-11,56.766,GREEN,166.98,167.57659999999998,157.7155,-0.10071708618773423,-0.19773418954783062,-0.26350619492582106,True,2014-01-27,55.007,3.197774828658173,False,,3.5003347073952806,-0.5038227107775795,3.5003347073952806,-0.5038227107775795,-0.21139414438219317,0.4668287355106937,1.5537469612091792,2.527921643237163,True,3.0,True,19.0,False,,MACD_PASS
BULL_2013_2014,HRL,legacy,MACD_PASS,2014-02-10,2014-02-11,20.363,GREEN,166.98,167.57659999999998,157.7155,-0.10748883410648373,-0.12581328349509346,-0.1484711422368958,True,2014-02-04,20.045,1.5864305313045612,False,,10.361930953199439,-0.21607818101458953,10.361930953199439,-0.21607818101458953,4.18897019103277,8.029268771791976,10.052546284928553,8.574375092078789,True,0.0,True,2.0,True,6.0,MACD_PASS
BULL_2013_2014,SHW,legacy,MACD_PASS,2014-02-10,2014-02-11,175.34,GREEN,166.98,167.57659999999998,157.7155,-1.1642299995365293,-1.5196071655850416,-1.974543244867201,True,2014-01-31,167.45,4.711854284861161,False,,14.628721341393858,-0.39922436409263184,14.628721341393858,-0.39922436409263184,5.800159689745632,8.794342420440282,11.6801642523098,12.221968746435508,True,1.0,True,1.0,True,3.0,MACD_PASS
BULL_2013_2014,WMT,legacy,MACD_PASS,2014-02-10,2014-02-11,66.796,GREEN,166.98,167.57659999999998,157.7155,-0.03434010746524918,-0.10696485629789998,-0.1980753576644133,True,2014-01-17,65.322,2.256513885061695,False,,3.1663572669021978,-1.476136295586572,3.1663572669021978,-1.476136295586572,1.2845080543745002,1.1901910294029427,1.2186358464578717,2.8669381400083793,True,2.0,True,20.0,False,,MACD_PASS
BULL_2013_2014,DOV,legacy,MACD_PASS,2014-02-11,2014-02-12,64.866,GREEN,168.81,167.611,157.8369,-0.41719279106689333,-0.5645961010006717,-0.7067831574089001,True,2014-01-27,62.301,4.117108874656905,False,,18.112724693984504,-0.6336139117565476,18.112724693984504,-0.6336139117565476,4.1608855178367765,7.897820121481214,15.593685443838057,14.824407239539973,True,3.0,True,5.0,True,7.0,MACD_PASS
BULL_2013_2014,NUE,legacy,MACD_FAIL,2014-03-17,2014-03-18,44.013,GREEN,172.84,169.76280000000003,160.42075,-0.11044024476380249,-0.1554195820682163,-0.12474640669180145,False,2014-03-13,42.735,2.9905229905229813,False,,7.720446231795153,-0.5521096039806328,7.720446231795153,-0.5521096039806328,4.076068434326241,3.430804535023757,5.3552359530138816,5.575625383409455,True,3.0,True,3.0,True,6.0,MACD_FAIL
BULL_2013_2014,BEN,legacy,MACD_FAIL,2014-03-18,2014-03-19,48.811,GREEN,174.07,169.85119999999998,160.5447,-0.06680520610754914,-0.09727691544342043,-0.09576410287016845,False,2014-03-14,47.682,2.3677698083134135,False,,5.9126016676568804,-2.544508409989543,5.9126016676568804,-2.544508409989543,2.8149392554956965,5.580709266353878,2.433877609555224,1.1288439081354573,True,5.0,True,5.0,True,5.0,MACD_FAIL
BULL_2013_2014,EMR,legacy,MACD_PASS,2014-03-18,2014-03-19,56.944,GREEN,174.07,169.85119999999998,160.5447,-0.06645401946290697,-0.09890704065922773,-0.11886774687285512,True,2014-03-14,55.52,2.5648414985590673,False,,7.091177296993534,-1.3925962348974363,7.091177296993534,-1.3925962348974363,2.686850238831129,5.967266085979195,4.811744872155099,5.60726327620118,True,2.0,True,2.0,True,8.0,MACD_PASS
BULL_2013_2014,MMM,legacy,MACD_PASS,2014-03-18,2014-03-19,121.57,GREEN,174.07,169.85119999999998,160.5447,-0.1646857236659432,-0.2379598958266595,-0.2952042898760286,True,2014-03-14,118.76,2.366116537554719,False,,3.7591511063584937,-1.645142716130621,3.7591511063584937,-1.645142716130621,0.2549971210002555,2.434811219873323,2.327876943324836,3.018836884099696,True,8.0,True,11.0,False,,MACD_PASS
BULL_2013_2014,PNR,legacy,MACD_FAIL,2014-03-18,2014-03-19,73.449,GREEN,174.07,169.85119999999998,160.5447,-0.4593374890876265,-0.4915132951769883,-0.4820937337500293,False,2014-03-14,71.484,2.74886687930167,True,5.0,1.9373987392612646,-4.310473934294546,0.6235619273237125,-2.8795490748682706,-2.840065896063937,1.3233672344075575,0.7569878419039,0.6235619273237125,False,,False,,False,,MACD_FAIL
BULL_2013_2014,XOM,legacy,MACD_PASS,2014-03-18,2014-03-19,82.76,GREEN,174.07,169.85119999999998,160.5447,-0.06903535306186939,-0.11358478662776506,-0.1414424015004796,True,2014-03-13,81.57,1.458869682481323,False,,5.7564040599323185,-1.7363460608989967,5.7564040599323185,-1.7363460608989967,0.05074915418077364,3.483566940550986,2.8310778153697314,5.586031899468336,True,7.0,True,7.0,True,20.0,MACD_PASS
BULL_2013_2014,CTAS,legacy,MACD_FAIL,2014-03-19,2014-03-20,58.143,GREEN,173.14,169.93079999999998,160.66,-0.1794849137661776,-0.16319365011996168,-0.19205367893128744,False,2014-03-14,55.871,4.066510354208797,True,2.0,0.5004901707858167,-9.791376433964526,0.5004901707858167,-4.5560084618956775,-4.8311920609531604,-4.217188655556125,-7.992363655126155,-6.583767607450596,False,,False,,False,,MACD_FAIL
BULL_2013_2014,ITW,legacy,MACD_FAIL,2014-03-25,2014-03-26,75.259,GREEN,173.59,170.17919999999998,161.15115,-0.17639140858139163,-0.23036600008919367,-0.19909095370229918,False,2014-03-21,73.828,1.938288996044868,False,,6.601203842729775,-2.01703450750077,6.601203842729775,-2.01703450750077,2.5219575067433775,2.7677752826904323,2.7677752826904323,5.551495502199066,True,5.0,True,6.0,True,18.0,MACD_FAIL
BULL_2013_2014,WAG,legacy,MACD_FAIL,2014-03-25,2014-03-26,61.663,GREEN,173.59,170.17919999999998,161.15115,-0.4698344296357875,-0.5626034389252403,-0.4791632166001534,False,2014-03-20,58.828,4.819133745835313,False,,3.3245219986053343,-5.007865332533279,3.3245219986053343,-5.007865332533279,0.36488656082254156,-0.8968100805993862,0.0713555941164179,1.9801177367303024,True,7.0,True,18.0,False,,MACD_FAIL
BULL_2013_2014,BDX,legacy,MACD_FAIL,2014-03-26,2014-03-27,108.28,GREEN,172.33,170.2552,161.26035,-0.34648472692632104,-0.3613347470031494,-0.3458922492248029,False,2014-03-25,106.7,1.480787253983129,True,10.0,3.4540081270779455,-3.186183967491696,3.4540081270779455,-2.2257111193202728,2.271887698559283,-1.8840044329516137,-1.4407092722571124,-1.9486516438862234,True,2.0,True,6.0,False,,MACD_FAIL
BULL_2013_2014,MDT,legacy,MACD_PASS,2014-03-26,2014-03-27,54.929,GREEN,172.33,170.2552,161.26035,-0.1383840822703098,-0.1622452988556346,-0.16646265167646124,True,2014-03-25,54.095,1.5417321379055382,True,13.0,6.699557610733864,-5.261337362777407,6.699557610733864,-5.261337362777407,5.7000855650021,1.9497897285586818,-0.6790584208705819,-1.2543465200531623,True,1.0,True,2.0,True,3.0,MACD_PASS
BULL_2013_2014,ABBV,legacy,MACD_FAIL,2014-03-27,2014-03-28,45.512,GREEN,171.97,170.2872,161.3754,-0.12090491532210274,-0.09531937284558678,-0.039618490256722594,False,2014-03-26,45.16,0.7794508414526113,True,0.0,5.0360344524521095,-11.425558094568466,0.582264018280898,-1.8127087361574978,0.7140973809105278,-9.557918790648623,-3.7770258393390765,-0.9733696607488129,False,,False,,False,,MACD_FAIL
BULL_2013_2014,ADP,legacy,MACD_FAIL,2014-03-28,2014-03-31,62.321,GREEN,172.82,170.31760000000003,161.50085,-0.14320107201228766,-0.16161545885983325,-0.1571709928190079,False,2014-03-26,61.037,2.103642053180854,True,5.0,1.2756534715425039,-4.876365911971892,1.1135893198119362,-2.748672197172708,-2.4229392981498954,-3.761171996598256,-1.0478009017827028,-0.19576065852602298,False,,False,,False,,MACD_FAIL
BULL_2013_2014,GPC,legacy,MACD_PASS,2014-03-28,2014-03-31,77.861,GREEN,172.82,170.31760000000003,161.50085,-0.25574220420755533,-0.35046683410773066,-0.35813193048624303,True,2014-03-14,75.838,2.6675281521137295,False,,3.8594418258177887,-2.354195296746764,3.8594418258177887,-2.354195296746764,-1.2355351202784526,-1.0017852326582033,0.526579417166495,0.46621543519862474,True,2.0,True,15.0,False,,MACD_PASS
BULL_2013_2014,LOW,legacy,MACD_FAIL,2014-03-28,2014-03-31,46.051,GREEN,172.82,170.31760000000003,161.50085,-0.17971804305679773,-0.20801432760915267,-0.20405488820660722,False,2014-03-26,45.159,1.975243030182261,True,5.0,1.748061931336986,-6.764239647347514,1.748061931336986,-5.150811057306026,-4.768626088467142,-5.035721265553416,-2.822957156196404,-5.092180408677338,False,,False,,False,,MACD_FAIL
BULL_2013_2014,SYY,legacy,MACD_FAIL,2014-03-28,2014-03-31,32.663,GREEN,172.82,170.31760000000003,161.50085,-0.05567042112387815,-0.07364213986532425,-0.049951011388848235,False,2014-03-27,32.029,1.9794561178931414,False,,2.737041912867788,-1.2858586167834973,2.737041912867788,-1.2858586167834973,0.2541101552215208,-0.05816979456877425,1.7052934513057671,1.3072895937299212,True,15.0,False,,False,,MACD_FAIL
BULL_2013_2014,PPG,legacy,MACD_PASS,2014-03-31,2014-04-01,92.382,GREEN,174.23,170.3808,161.62215,-0.4441446006069554,-0.5644297322691897,-0.5898902958009627,True,2014-03-21,89.045,3.747543376944251,True,8.0,3.330735424649811,-5.07241670455284,3.330735424649811,-3.8221731506137613,-1.3281808144443796,-3.356714511484915,0.6202506981879408,-0.7512285943149122,True,2.0,True,3.0,False,,MACD_PASS
BULL_2013_2014,SHW,legacy,MACD_FAIL,2014-03-31,2014-04-01,190.49,GREEN,174.23,170.3808,161.62215,-1.3580066652090415,-1.558576300474869,-1.5349894651070817,False,2014-03-24,185.48,2.701099849040345,True,4.0,3.328258701244158,-4.792902514567688,2.6458081789070276,-3.88996797732164,-2.950286104257449,-3.1235235445430276,2.141844716258068,1.065672738726442,True,2.0,False,,False,,MACD_FAIL
BULL_2013_2014,AFL,legacy,MACD_PASS,2014-04-01,2014-04-02,57.847,GREEN,175.4,170.482,161.754,-0.10778045778499913,-0.16471890496263553,-0.21444653596268368,True,2014-03-21,56.988,1.507334877518085,True,3.0,2.269780628208884,-3.8705550849655213,2.269780628208884,-2.0917247221117763,-0.07433401905024839,-0.6776496620395256,-1.3933306826628966,0.21090117032862565,True,2.0,False,,False,,MACD_PASS
BULL_2013_2014,APD,legacy,MACD_PASS,2014-04-01,2014-04-02,109.62,GREEN,175.4,170.482,161.754,-0.43807922947326805,-0.5584417907716628,-0.6334022509759281,True,2014-03-27,107.08,2.3720582741875385,True,3.0,2.417442072614473,-4.780149607735817,2.417442072614473,-2.8553183725597564,-1.3045064769202752,-1.1220580186097506,-1.3045064769202752,-2.1620142309797474,True,1.0,False,,False,,MACD_PASS
BULL_2013_2014,CAH,legacy,MACD_PASS,2014-04-01,2014-04-02,64.962,GREEN,175.4,170.482,161.754,-0.3414913777159275,-0.3792405279178107,-0.43499281697690617,True,2014-03-21,63.862,1.722464063136142,True,3.0,3.3204026969613,-7.873833933684315,3.3204026969613,-3.2511314306825523,-0.5449339613928128,-2.5922847202980326,-1.7456359102244412,-6.745481974077161,True,1.0,True,2.0,False,,MACD_PASS
BULL_2013_2014,ECL,legacy,MACD_PASS,2014-04-01,2014-04-02,104.39,GREEN,175.4,170.482,161.754,-0.475635657405143,-0.5909720534862106,-0.6773228765147492,True,2014-03-26,101.53,2.8169014084507005,True,4.0,1.0345818564996723,-6.34926717118498,1.0345818564996723,-6.34926717118498,-1.4177603218699097,-1.5806111696522684,-2.404444870198297,-3.7838873455311783,False,,False,,False,,MACD_PASS
BULL_2013_2014,MHFI,legacy,MACD_PASS,2014-04-01,2014-04-02,74.238,GREEN,175.4,170.482,161.754,-0.2723562586124024,-0.48684339969490953,-0.6340486050386879,True,2014-03-20,70.849,4.7834126099168595,True,6.0,0.16972439990301513,-7.4732616719200395,0.16972439990301513,-5.762547482421409,-1.46555672297205,-2.971524017349614,-2.252215846332062,-4.719954740160038,False,,False,,False,,MACD_PASS
BULL_2013_2014,ABT,legacy,MACD_PASS,2014-04-02,2014-04-03,35.563,GREEN,175.98,170.5846,161.8831,-0.09819193257449509,-0.12270898943620305,-0.14177249904453942,True,2014-03-21,34.948,1.759757353782776,True,3.0,1.9627140567443746,-4.833675449202824,1.9627140567443746,-2.9665663751652027,-3.8213873970137535,1.0853977448471497,-1.2484885976998594,0.12934791777972077,False,,False,,False,,MACD_PASS
BULL_2013_2014,BEN,legacy,MACD_FAIL,2014-04-16,2014-04-17,49.41,GREEN,173.42,171.8876,163.13645,-0.1297556057788567,-0.17846798435914812,-0.16690759871038513,False,2014-04-14,47.946,3.053435114503822,False,,6.520947176684877,-3.2827362882007716,6.520947176684877,-3.2827362882007716,0.07690750860149809,0.4148957700870426,3.9243068204816822,3.0358227079538613,True,0.0,True,3.0,True,16.0,MACD_FAIL
BULL_2013_2014,BF-B,legacy,MACD_FAIL,2014-04-16,2014-04-17,42.103,GREEN,173.42,171.8876,163.13645,-0.210573528840809,-0.25921663824120666,-0.2402672795946178,False,2014-04-14,40.734,3.3608287916728097,False,,4.458114623661014,-0.8431703204047292,4.458114623661014,-0.8431703204047292,0.413272213381477,2.5223855782248172,2.4107545780585715,4.313231836211195,True,7.0,True,11.0,False,,MACD_FAIL
BULL_2013_2014,HRL,legacy,MACD_PASS,2014-04-16,2014-04-17,22.388,GREEN,173.42,171.8876,163.13645,-0.06902401175848136,-0.09022223094862708,-0.09171728649802552,True,2014-04-11,21.936,2.060539752005841,False,,4.011077362872961,-0.9916026442737258,4.011077362872961,-0.9916026442737258,0.08486689297837469,0.7504020010719925,2.3316062176165664,2.831874218331243,True,15.0,True,16.0,False,,MACD_PASS
BULL_2013_2014,TROW,legacy,MACD_PASS,2014-04-16,2014-04-17,71.352,GREEN,173.42,171.8876,163.13645,-0.26930843420376593,-0.42162232398273264,-0.527696527137342,True,2014-04-08,68.026,4.889307029665146,False,,4.8884404081175115,-2.413387151025914,4.8884404081175115,-2.413387151025914,1.0399147886534177,1.5234331203049623,0.8044623836752862,-0.9614306536607331,True,3.0,True,3.0,False,,MACD_PASS
BULL_2013_2014,VFC,legacy,MACD_PASS,2014-04-16,2014-04-17,55.534,GREEN,173.42,171.8876,163.13645,-0.2337219072587677,-0.3648521495329564,-0.4519865416254344,True,2014-04-07,53.189,4.408806332136339,False,,6.451903338495324,-0.8967479382000154,6.451903338495324,-0.8967479382000154,2.213058666762713,1.7430763136096816,2.7442647747325966,4.426117333525403,True,5.0,True,5.0,True,17.0,MACD_PASS
BULL_2013_2014,CTAS,legacy,MACD_PASS,2014-04-17,2014-04-21,54.279,GREEN,173.66,172.111,163.2647,-0.14461819627603956,-0.24171760561455058,-0.3049270614648484,True,2014-04-04,52.45,3.487130600571975,False,,6.3007793069142615,-0.989332891173389,6.3007793069142615,-0.989332891173389,0.5379612741575723,2.5516313859872186,4.825070469242254,6.216031982903147,True,7.0,True,9.0,True,15.0,MACD_PASS
BULL_2013_2014,BCR,legacy,MACD_PASS,2014-04-21,2014-04-22,138.84,GREEN,174.26,172.3032,163.39565000000002,-0.6727424823686454,-0.9216440641170224,-1.0735641714146544,True,2014-04-09,134.43,3.2805177415755393,True,1.0,6.230193027945852,-5.9781042927110395,2.0959377700950688,-5.9781042927110395,-3.1042927110342844,-0.7346585998271427,4.609622587150675,4.436761740132522,True,1.0,False,,False,,MACD_PASS
BULL_2013_2014,KMB,legacy,MACD_FAIL,2014-04-28,2014-04-29,99.86,GREEN,174.11,172.9284,163.97154999999998,-0.12737460815561685,-0.251993022345374,-0.25126156206541583,False,2014-04-24,97.587,2.329203684917047,False,,1.2317244141798467,-1.708391748447835,1.2317244141798467,-1.708391748447835,-1.1245744041658345,0.1502102944121786,-1.4029641498097267,-0.5087121970759001,False,,False,,False,,MACD_FAIL
BULL_2013_2014,T,legacy,MACD_PASS,2014-04-29,2014-04-30,29.591,GREEN,174.92,173.013,164.07715,-0.13036690817874197,-0.15613115717561332,-0.1619183468028208,True,2014-04-25,28.663,3.2376234169486873,False,,4.0316312392281395,-1.2267243418606966,4.0316312392281395,-1.2267243418606966,0.9259572167212848,2.696765908553278,-0.45621979655976475,-0.12165861241594245,True,6.0,True,6.0,False,,MACD_PASS
BULL_2013_2014,PNR,legacy,MACD_PASS,2014-04-30,2014-05-01,68.865,GREEN,175.46,173.104,164.18255000000002,-0.42108416885901356,-0.5008425807911472,-0.5124436673839847,True,2014-04-24,66.706,3.2365904116571143,False,,3.540259928846301,-2.0692659551295955,3.540259928846301,-2.0692659551295955,1.7265664706309636,-0.2570246133739795,-0.2570246133739795,0.4748420823349919,True,5.0,True,8.0,False,,MACD_PASS
BULL_2013_2014,CLX,legacy,MACD_FAIL,2014-05-08,2014-05-09,80.369,GREEN,174.86,173.59620000000004,164.78709999999998,-0.3224239916816226,-0.3280954562878081,-0.3037225081933085,False,2014-05-07,79.619,0.9419862093218878,False,,5.52202963829338,-0.47779616518807133,5.52202963829338,-0.47779616518807133,0.5337879032960569,0.16921947517076763,0.7701974641963982,5.080317037663784,True,20.0,True,20.0,True,20.0,MACD_FAIL
BULL_2013_2014,ECL,legacy,MACD_PASS,2014-05-09,2014-05-12,101.04,GREEN,175.12,173.6514,164.88909999999998,-0.0383621479281947,-0.065814763301973,-0.07204786447129496,True,2014-05-08,99.85,1.191787681522305,False,,5.186064924782263,-0.31670625494854,5.186064924782263,-0.31670625494854,1.8507521773554858,3.295724465558192,3.701504354710994,4.592240696753769,True,5.0,True,10.0,True,18.0,MACD_PASS
BULL_2013_2014,EMR,legacy,MACD_PASS,2014-05-09,2014-05-12,60.137,GREEN,175.12,173.6514,164.88909999999998,-0.2082527430607266,-0.21262776525359794,-0.21624951083705973,True,2014-05-08,59.183,1.611949377354982,True,6.0,2.151753496183706,-2.9831883865174436,1.5398174168980816,-2.9831883865174436,-0.6767880007316651,-0.49886093420024036,-0.36250561218551525,0.4689292781482113,False,,False,,False,,MACD_PASS
BULL_2013_2014,GPC,legacy,MACD_PASS,2014-05-09,2014-05-12,77.516,GREEN,175.12,173.6514,164.88909999999998,-0.17103276176011534,-0.20527270530874572,-0.22967938369881113,True,2014-05-06,76.136,1.8125459703688174,True,6.0,2.9310077919397104,-2.260178543784519,1.253934671551682,-2.260178543784519,-0.5366633985241953,0.5289230610454609,0.29542288043757914,1.6332112080086558,False,,False,,False,,MACD_PASS
BULL_2013_2014,CAH,legacy,MACD_PASS,2014-05-12,2014-05-13,60.748,GREEN,176.83,173.732,164.99779999999998,-0.20556895375311335,-0.3125716027565857,-0.3851830619095473,True,2014-05-05,58.664,3.5524342015545995,False,,9.557516296832835,-0.9926252716138673,9.557516296832835,-0.9926252716138673,1.3794692829393496,6.354118654112084,8.80522815565945,7.093237637453087,True,4.0,True,6.0,True,8.0,MACD_PASS
BULL_2013_2014,LOW,legacy,MACD_FAIL,2014-05-12,2014-05-13,43.582,GREEN,176.83,173.732,164.99779999999998,0.006227477072482834,-0.05662846300137736,-0.09024074258092141,False,2014-05-07,42.058,3.6235674544676355,True,2.0,4.212748382359677,-4.68542058648066,0.7158918819696103,-4.68542058648066,-1.679592492313342,0.8833922261484162,1.876921664907516,1.3193520260657898,False,,False,,False,,MACD_FAIL
BULL_2013_2014,MKC,legacy,MACD_PASS,2014-05-19,2014-05-20,65.959,GREEN,175.85,173.9294,165.50980000000004,-0.16074184141023884,-0.16737093047211238,-0.1709760403585971,True,2014-05-16,65.781,0.2705948526170232,True,0.0,3.8372322200154407,-0.8763019451477505,0.21528525296017342,-0.8095938385967116,0.9339134917145442,3.500659500598857,2.236237662790508,2.8184175017814006,False,,False,,False,,MACD_PASS
BULL_2013_2014,CVX,legacy,MACD_FAIL,2014-05-21,2014-05-22,108.4,GREEN,176.2,173.98440000000002,165.69625,-0.3577141788739848,-0.4246697945859552,-0.36664106816988706,False,2014-05-20,106.78,1.5171380408316226,True,6.0,6.669741697416964,-1.9833948339483487,0.25830258302583786,-1.9833948339483487,-1.0608856088560992,0.06457564575645947,2.527675276752772,6.632841328413286,False,,False,,False,,MACD_FAIL
BULL_2013_2014,PG,legacy,MACD_PASS,2014-05-21,2014-05-22,71.933,GREEN,176.2,173.98440000000002,165.69625,-0.25826232533361027,-0.2871958726558122,-0.2901753199376781,True,2014-05-16,71.194,1.0380088209680727,False,,0.5991686708464838,-1.5681258949300059,0.5991686708464838,-1.5681258949300059,0.525488996705259,-0.4212253068828109,-0.9050088276590817,-0.5421711870768675,False,,False,,False,,MACD_PASS
BULL_2013_2014,HRL,legacy,MACD_FAIL,2014-05-27,2014-05-28,22.469,GREEN,178.44,174.29719999999998,166.02294999999998,-0.09407689707118189,-0.11923169092765963,-0.09583199391906984,False,2014-05-23,21.737,3.3675300179417667,False,,4.361564822644537,-0.3827495660688185,4.361564822644537,-0.3827495660688185,3.760737015443505,1.6511638257154182,2.567982553740711,1.7579776581067241,True,1.0,True,2.0,False,,MACD_FAIL
BULL_2013_2014,NUE,legacy,MACD_PASS,2014-05-27,2014-05-28,46.692,GREEN,178.44,174.29719999999998,166.02294999999998,-0.12012976672856876,-0.1577321810798208,-0.16715582101662965,True,2014-05-22,45.729,2.1058846683723598,True,2.0,0.5611239612781649,-4.506125246294868,0.3298209543390662,-2.867728947142978,-3.336760044547249,-2.1952368714126536,0.05996744624345851,-3.118307204660331,False,,False,,False,,MACD_PASS
BULL_2013_2014,CL,legacy,MACD_FAIL,2014-05-29,2014-05-30,61.958,GREEN,179.23,174.50959999999998,166.25709999999998,-0.1240697591318845,-0.1613823834869232,-0.13656638177127728,False,2014-05-28,61.179,1.2733127380310183,False,,3.7767519932857763,-0.13396171600116302,3.7767519932857763,-0.13396171600116302,1.6139965783272592,1.3751250847348295,2.1514574389102314,2.228929274669933,True,0.0,True,14.0,False,,MACD_FAIL
BULL_2013_2014,ED,legacy,MACD_PASS,2014-05-29,2014-05-30,48.242,GREEN,179.23,174.50959999999998,166.25709999999998,-0.10652736781638497,-0.1543815719632546,-0.20343099894366448,True,2014-05-13,47.323,1.9419732476808171,False,,5.580199825877874,-0.9721819161726208,5.580199825877874,-0.9721819161726208,1.0613158658430377,1.0426599228887667,3.8244683056258166,5.306579329215211,True,4.0,True,13.0,True,20.0,MACD_PASS
BULL_2013_2014,T,legacy,MACD_PASS,2014-05-30,2014-06-02,29.649,GREEN,179.52,174.6372,166.37600000000003,-0.11746028362215774,-0.13534940221481181,-0.14812743710406623,True,2014-05-22,29.228,1.4403996168057986,True,6.0,0.6981685722958542,-2.4823771459408395,0.2799419879253806,-1.973085095618743,-1.386218759485991,-1.4671658403318855,-0.31704273331309984,-0.3979898141590055,False,,False,,False,,MACD_PASS
BULL_2013_2014,WMT,legacy,MACD_PASS,2014-05-30,2014-06-02,70.096,GREEN,179.52,174.6372,166.37600000000003,-0.16117915405179967,-0.2660629449842451,-0.33462029906968804,True,2014-05-19,68.871,1.7786876914811955,True,11.0,1.5421707372746063,-2.4908696644601824,1.5421707372746063,-2.1656014608536833,0.56351289659895,-1.6177813284638187,-1.0300159780872065,-1.968728600776093,False,,False,,False,,MACD_PASS
BULL_2013_2014,XOM,legacy,MACD_FAIL,2014-06-05,2014-06-06,88.564,GREEN,181.16,175.1672,166.92239999999998,-0.24822779869495692,-0.2840817247684501,-0.27874414360558963,False,2014-06-02,87.67,1.0197330899965662,False,,3.99710943498488,-0.09033015672281763,3.99710943498488,-0.09033015672281763,2.032428526263508,3.197687547987904,0.5995664152477431,2.032428526263508,True,4.0,True,10.0,False,,MACD_FAIL
BULL_2013_2014,HCP,legacy,MACD_FAIL,2014-06-13,2014-06-16,34.129,GREEN,180.88,176.0982,167.81435,-0.12360476319789934,-0.12701035960217616,-0.12121872620208485,False,2014-06-12,33.777,1.0421292595553133,True,1.0,1.1368630783205047,-3.4545401271645626,0.36625743502594066,-2.9681502534501414,-0.5039702305956739,-0.0439508922031151,-0.5303407659175363,0.36625743502594066,False,,False,,False,,MACD_FAIL
BULL_2013_2014,MCD,legacy,MACD_PASS,2014-06-16,2014-06-17,91.207,GREEN,181.01,176.20359999999997,167.96705000000003,-0.21445070792120524,-0.2676535296647101,-0.2789732643848024,True,2014-06-11,89.847,1.5136843745478412,True,20.0,1.3628339930049416,-2.134704573113888,1.3628339930049416,-2.134704573113888,0.5514927582312756,0.08880897299550217,0.15897902573267508,-1.6281645049173843,False,,False,,False,,MACD_PASS
BULL_2013_2014,EMR,legacy,MACD_FAIL,2014-06-17,2014-06-18,60.223,GREEN,181.51,176.36059999999998,168.12095000000002,-0.033827629983632784,-0.06685830229646916,-0.03199873471774531,False,2014-06-16,59.166,1.7864990028056749,False,,2.2615944074523053,-1.9643657738737663,2.2615944074523053,-1.9643657738737663,-0.3885558673596523,-0.9514637264832371,-0.11955565149527336,-0.4466731979476224,True,2.0,False,,False,,MACD_FAIL
BULL_2013_2014,CAH,legacy,MACD_FAIL,2014-06-18,2014-06-19,64.162,GREEN,182.85,176.5828,168.28400000000002,-0.2817885962577089,-0.3208947974917138,-0.31492241785496056,False,2014-06-16,62.747,2.2550878926482554,False,,4.239269349459174,-0.9117546211153127,4.239269349459174,-0.9117546211153127,0.3802873975250254,2.598111031451622,2.6947414357407773,3.542595305632612,True,9.0,True,14.0,False,,MACD_FAIL
BULL_2013_2014,VFC,legacy,MACD_FAIL,2014-06-18,2014-06-19,57.951,GREEN,182.85,176.5828,168.28400000000002,-0.19518290004657535,-0.2324392126383263,-0.22807022044265368,False,2014-06-16,56.848,1.9402617506332653,True,20.0,1.8774481889872519,-3.7548963779745037,1.8774481889872519,-3.7548963779745037,-0.06039585166779382,1.4425980569791719,-0.42967334472227003,-2.4330900243309084,False,,False,,False,,MACD_FAIL
BULL_2013_2014,BCR,legacy,MACD_PASS,2014-06-20,2014-06-23,138.15,GREEN,183.43,176.9776,168.601,-0.6927819768816477,-0.9435968118195497,-1.1290017594822723,True,2014-06-12,133.69,3.3360759967088205,False,,5.001809627216791,-0.18820123054652527,5.001809627216791,-0.18820123054652527,1.9037278320665818,3.966702859210991,4.140427072023156,2.6492942453854473,True,2.0,True,2.0,True,15.0,MACD_PASS
BULL_2013_2014,MKC,legacy,MACD_FAIL,2014-06-26,2014-06-27,65.631,GREEN,182.97,177.97560000000001,169.1909,-0.22327652759417488,-0.16019730640886873,-0.13582943549269075,False,2014-06-25,63.895,2.716957508412232,False,,2.5780500068565138,-1.8664960156023702,2.5780500068565138,-1.8664960156023702,1.7781231430269218,0.722219682771863,0.5210952141518455,-1.6547058554646443,True,1.0,False,,False,,MACD_FAIL
BULL_2013_2014,BMS,legacy,MACD_FAIL,2014-06-27,2014-06-30,37.553,GREEN,183.32,178.1736,169.32985,-0.06388208507352765,-0.07426730529704235,-0.0688752891051444,False,2014-06-25,37.074,1.2920105734476994,True,6.0,0.6311080339786557,-2.870609538518887,0.6311080339786557,-1.8693579740633237,-1.0598354325885961,-0.023966127872609988,-2.2608047293158906,-2.750778899155848,False,,False,,False,,MACD_FAIL
BULL_2013_2014,ECL,legacy,MACD_FAIL,2014-06-27,2014-06-30,104.92,GREEN,183.32,178.1736,169.32985,-0.18098015945742113,-0.2689413852345855,-0.25636566096279845,False,2014-06-26,102.34,2.5210084033613356,False,,3.0022874571101754,-0.28593213877239343,3.0022874571101754,-0.28593213877239343,1.2771635531833914,1.124666412504749,0.9054517727792533,0.7624857033930565,True,0.0,True,1.0,False,,MACD_FAIL
BULL_2013_2014,PG,legacy,MACD_FAIL,2014-06-27,2014-06-30,70.717,GREEN,183.32,178.1736,169.32985,-0.07124124084671662,-0.07720244609776383,-0.04015617351177947,False,2014-06-26,70.278,0.6246620564045458,False,,3.6695561180480007,-0.7339112236096068,3.6695561180480007,-0.7339112236096068,1.9627529448364767,2.8465574048673004,2.186178712332265,0.34079499978789674,True,5.0,True,6.0,False,,MACD_FAIL
BULL_2013_2014,CINF,legacy,MACD_PASS,2014-07-01,2014-07-02,43.401,GREEN,184.45,178.5686,169.61535,-0.05657396580869005,-0.08264374314963199,-0.08629701242263055,True,2014-06-26,42.844,1.300065353375035,True,6.0,0.8225616921269108,-5.17499596783485,0.599064537683458,-1.721158498652109,-1.1451349047256976,-0.9953687703048386,-0.5437662726665349,-4.698048432063784,False,,False,,False,,MACD_PASS
BULL_2013_2014,WMT,legacy,MACD_FAIL,2014-07-01,2014-07-02,68.888,GREEN,184.45,178.5686,169.61535,-0.022529262999643196,-0.03474427559044818,-0.026910481103089023,False,2014-06-30,68.422,0.6810674929116578,True,20.0,3.0672976425502263,-2.2834165602136913,3.0672976425502263,-2.2834165602136913,2.3951921960283284,1.7971199628382228,1.4487283706886345,-2.232609453025214,True,3.0,True,5.0,False,,MACD_FAIL
BULL_2013_2014,CB,legacy,MACD_PASS,2014-07-02,2014-07-03,96.251,GREEN,184.65,178.7606,169.75674999999998,-0.11113621886323977,-0.1343053107559803,-0.20385900570409698,True,2014-06-26,94.674,1.6657160360816992,True,18.0,1.1594684730548144,-4.235800147530933,1.1594684730548144,-2.4955584877040193,-0.15895938743494265,-0.6534997038991852,-0.5942795399528356,-3.7464545822900597,False,,False,,False,,MACD_PASS
BULL_2013_2014,NUE,legacy,MACD_FAIL,2014-07-02,2014-07-03,45.055,GREEN,184.65,178.7606,169.75674999999998,-0.07219864733011744,-0.10695859570412158,-0.10256157936933485,False,2014-06-27,44.131,2.0937662867372087,False,,6.427699478415283,-1.4315836200199827,6.427699478415283,-1.4315836200199827,-0.6458772611252828,1.0653645544334678,3.1960936633004033,0.13539007879259657,True,0.0,True,14.0,True,14.0,MACD_FAIL
BULL_2013_2014,XOM,legacy,MACD_PASS,2014-07-03,2014-07-07,90.078,GREEN,185.53,178.9784,169.8991,-0.13424883781982705,-0.20921980870000056,-0.224884567975759,True,2014-06-30,88.484,1.8014556303964646,True,18.0,2.38126956637581,-4.050933635293852,2.38126956637581,-3.31823530717823,0.34969692932791396,0.7426896689535667,2.00270876351607,-2.145917982193213,True,12.0,False,,False,,MACD_PASS
BULL_2013_2014,GWW,legacy,MACD_FAIL,2014-07-07,2014-07-08,231.95,GREEN,184.9,179.1764,170.02925,-1.0026357208232328,-0.9447521601441519,-1.2474795562323364,False,2014-06-25,230.22,0.7514551298757555,True,2.0,0.25005389092478403,-7.704246604871734,0.25005389092478403,-1.6469066609183014,-1.862470359991375,-3.461953007113605,-4.707911187755975,-6.251347273119212,False,,False,,False,,MACD_FAIL
BULL_2013_2014,SYY,legacy,MACD_PASS,2014-07-11,2014-07-14,33.841,GREEN,184.07,179.93739999999997,170.5634,-0.07229083499608457,-0.07687418442376517,-0.0770130348007515,True,2014-07-10,33.52,0.9576372315035719,True,3.0,1.566147572471266,-4.207913477734104,0.34868945953134833,-1.6725274075825247,-0.972193493100082,-1.1908631541621029,-2.857480570905113,1.0283384060754575,False,,False,,False,,MACD_PASS
BULL_2013_2014,BF-B,legacy,MACD_FAIL,2014-07-14,2014-07-15,44.83,GREEN,184.99,180.12760000000003,170.70855,-0.11777705687342971,-0.12194311831451471,-0.11838768976888575,False,2014-07-10,44.477,0.7936686377228774,True,1.0,0.2587552977916463,-7.760428284630827,0.2587552977916463,-1.2357796118670383,-1.0238679455721544,-3.9549408877983416,-5.726076288199867,-2.045505242025436,False,,False,,False,,MACD_FAIL
BULL_2013_2014,MHFI,legacy,MACD_FAIL,2014-07-14,2014-07-15,79.129,GREEN,184.99,180.12760000000003,170.70855,-0.2725110838379393,-0.328521814806228,-0.31455461854060773,False,2014-07-10,77.779,1.7356870106326916,True,10.0,1.3585411164048544,-5.8714251412250835,1.3585411164048544,-3.6206700451162144,-0.021483906026875665,-1.9006938037887555,-4.952672218782006,-5.267348254116699,False,,False,,False,,MACD_FAIL
BULL_2013_2014,PNR,legacy,MACD_PASS,2014-07-14,2014-07-15,66.743,GREEN,184.99,180.12760000000003,170.70855,-0.1212604706870607,-0.26460626908051854,-0.32590866101117544,True,2014-06-25,64.575,3.357336430507152,True,12.0,2.26690439446835,-12.26046177127188,2.26690439446835,-11.312047705377337,0.584330941072464,-2.427220832147181,-9.747838724660252,-4.533808788936666,True,1.0,False,,False,,MACD_PASS
BULL_2013_2014,ITW,legacy,MACD_PASS,2014-07-15,2014-07-16,80.655,GREEN,184.65,180.31620000000004,170.8491,-0.253425371297763,-0.2897226205857812,-0.3129151533648703,True,2014-07-09,79.686,1.2160228898426162,True,1.0,0.19589610067571872,-5.537164465935163,0.19589610067571872,-2.077986485648753,-1.073709007501089,-2.795858905213555,-4.30971421486579,-0.5889281507655997,False,,False,,False,,MACD_PASS
BULL_2013_2014,TROW,legacy,MACD_FAIL,2014-07-15,2014-07-16,73.608,GREEN,184.65,180.31620000000004,170.8491,-0.3330026597216672,-0.32222694259422174,-0.30739508773530866,False,2014-07-14,72.68,1.2768299394606553,True,1.0,0.23231170524942168,-8.485490707531806,0.23231170524942168,-2.9806542767090605,-0.4469622867079748,-3.499619606564519,-5.954515813498551,-4.915226605803724,False,,False,,False,,MACD_FAIL
BULL_2013_2014,WAG,legacy,MACD_PASS,2014-07-15,2014-07-16,67.395,GREEN,184.65,180.31620000000004,170.8491,-0.3821427311068447,-0.4174396179214063,-0.43343766834657854,True,2014-07-09,66.233,1.754412453006804,True,1.0,2.544699161658892,-19.701758290674388,0.6825432153720667,-2.7954596038281765,1.3636026411454782,-1.4333407522813202,-17.674901698939095,-13.171600267082118,False,,False,,False,,MACD_PASS
BULL_2013_2014,CVX,legacy,MACD_FAIL,2014-07-16,2014-07-17,114.11,GREEN,185.33,180.51139999999998,170.99645,-0.3246869979695981,-0.42304823763463784,-0.4169850602504155,False,2014-07-14,112.13,1.7658075448140576,True,11.0,3.4177547980019263,-4.635877661905186,3.4177547980019263,-3.2687757427044106,3.2249583734992537,-1.060380334764699,-3.812111120848294,-2.8043116291297854,True,4.0,True,5.0,False,,MACD_FAIL
BULL_2013_2014,SHW,legacy,MACD_FAIL,2014-07-17,2014-07-18,203.65,GREEN,183.21,180.6952,171.1375,-0.014137714831774673,-0.5864313257314591,-0.5521134091555487,False,2014-07-14,194.65,4.623683534549183,False,,2.27350847041492,-3.3930763564939848,2.27350847041492,-3.3930763564939848,0.9280628529339419,-2.8627547262460196,-0.8986005401424024,1.2128652099189674,True,3.0,False,,False,,MACD_FAIL
BULL_2013_2014,DOV,legacy,MACD_FAIL,2014-07-18,2014-07-21,82.242,GREEN,185.1,180.8964,171.28184999999996,-0.313786519909043,-0.3802162443082813,-0.3104365232724867,False,2014-07-17,80.212,2.5307933974966446,True,8.0,2.096252523041753,-5.277109019722282,2.096252523041753,-3.3170399552540197,-0.6529510469103439,-2.8185112229760945,-2.964422071447681,0.28331023078231876,True,1.0,False,,False,,MACD_FAIL
BULL_2013_2014,GPC,legacy,MACD_FAIL,2014-07-18,2014-07-21,80.255,GREEN,185.1,180.8964,171.28184999999996,-0.1848540529536996,-0.2280200688445298,-0.17558706811231506,False,2014-07-17,78.553,2.1666900054740035,True,1.0,2.4123107594542503,-6.415799638651798,2.4123107594542503,-2.325088779515294,-3.3630303407887308,-5.333001059124043,-4.206591489626799,-1.8715344838327819,True,0.0,False,,False,,MACD_FAIL
BULL_2013_2014,HRL,legacy,MACD_FAIL,2014-07-18,2014-07-21,22.822,GREEN,185.1,180.8964,171.28184999999996,-0.03219078032407927,-0.048558894153098366,-0.04207768903863217,False,2014-07-17,22.527,1.3095396635148804,True,5.0,0.21032337218473973,-7.085268600473227,0.21032337218473973,-2.1426693541319763,-2.011217246516517,-6.108141267198308,-3.2249583734992537,-1.8622381912190011,False,,False,,False,,MACD_FAIL
BULL_2013_2014,JNJ,legacy,MACD_FAIL,2014-07-22,2014-07-23,93.896,GREEN,185.53,181.3022,171.5795,-0.5264411811697896,-0.6214312350348938,-0.6146307037022367,False,2014-07-17,91.648,2.4528631284916225,True,6.0,0.5740393626991525,-3.819119025304596,0.2012865297776223,-2.601814773792277,-0.42067819715428945,-1.963874925449427,-0.9531822441850468,0.48351367470391704,False,,False,,False,,MACD_FAIL
BULL_2013_2014,SWK,legacy,MACD_PASS,2014-07-22,2014-07-23,80.819,GREEN,185.53,181.3022,171.5795,-0.17626405473670947,-0.25789426699149365,-0.31543933825757964,True,2014-07-10,79.441,1.7346206618748417,False,,6.405671933579971,-1.601108650193639,6.405671933579971,-1.601108650193639,3.56970514359245,0.4169811554213698,3.5585691483438264,6.070354743315298,True,2.0,True,2.0,True,2.0,MACD_PASS
BULL_2013_2014,VFC,legacy,MACD_FAIL,2014-07-23,2014-07-24,56.959,GREEN,185.95,181.4846,171.73005,-0.2221833454982287,-0.2536668864375427,-0.23152626645016006,False,2014-07-21,56.068,1.5891417564386279,False,,3.8097578960304634,-2.57202549202058,3.8097578960304634,-2.57202549202058,-0.2124335048017012,0.5530293720044099,0.8813356976070441,3.45511683842763,True,0.0,True,19.0,False,,MACD_FAIL
BULL_2013_2014,LEG,legacy,MACD_PASS,2014-07-24,2014-07-25,29.859,GREEN,185.96,181.66400000000002,171.88755,-0.09201361363967028,-0.10773113597958736,-0.12786155638591118,True,2014-07-16,29.631,0.7694644122709482,False,,7.411500720050901,-0.6396731303794589,7.411500720050901,-0.6396731303794589,-0.42868146957366626,2.8333165879634192,4.3303526574902,6.889045179007991,True,0.0,True,0.0,True,14.0,MACD_PASS
BULL_2013_2014,BMS,legacy,MACD_FAIL,2014-07-28,2014-07-29,36.935,GREEN,185.18,182.05519999999996,172.2118,-0.040587753091974266,-0.06131118515823403,-0.05543191549884982,False,2014-07-24,36.475,1.261137765592868,True,1.0,2.282387978881806,-3.118992825233524,0.47380533369432154,-2.2228238797888267,-1.597400839312313,-0.598348449979702,0.9773927169351548,1.1831596047109816,False,,False,,False,,MACD_FAIL
BULL_2013_2014,PG,legacy,MACD_FAIL,2014-08-01,2014-08-04,71.687,GREEN,180.2,182.61019999999996,172.72334999999998,-0.19615108240626578,-0.29899027465428685,-0.22421826074858953,False,2014-07-29,69.729,2.8080138823158185,False,,5.500299914907858,-1.004366203077267,5.500299914907858,-1.004366203077267,2.541604475009418,3.7524237309414454,5.134822213232515,4.42897596495877,True,2.0,True,5.0,True,13.0,MACD_FAIL
BULL_2013_2014,CTAS,legacy,MACD_FAIL,2014-08-04,2014-08-05,59.953,GREEN,181.5,182.70759999999999,172.83715,-0.09980833922499874,-0.17575831038324885,-0.15123665159810615,False,2014-08-01,58.661,2.2024854673462713,False,,5.502643737594437,-1.511183760612489,5.502643737594437,-1.511183760612489,2.607042183043373,3.584474505028923,3.787967241005452,4.320050706386658,True,4.0,True,6.0,True,19.0,MACD_FAIL
BULL_2013_2014,ECL,legacy,MACD_FAIL,2014-08-04,2014-08-05,105.11,GREEN,181.5,182.70759999999999,172.83715,-0.22995031892115134,-0.2673269033319973,-0.20472221345905756,False,2014-07-31,103.29,1.762029238067564,False,,5.75587479783084,-1.503187137284745,5.75587479783084,-1.503187137284745,0.7515935686423836,4.233659975264015,5.204071924650355,5.175530396727246,True,7.0,True,8.0,True,14.0,MACD_FAIL
BULL_2013_2014,ADM,legacy,MACD_PASS,2014-08-05,2014-08-06,44.161,GREEN,179.75,182.75539999999998,172.9368,-0.13560110532953207,-0.24230826049198684,-0.25045650702167754,True,2014-08-01,42.245,4.53544798200971,False,,5.378048504336408,0.0,5.378048504336408,0.0,3.79520391295487,3.797468354430378,3.3355222934263296,4.630782817418089,True,3.0,True,3.0,True,18.0,MACD_PASS
BULL_2013_2014,EMR,legacy,MACD_FAIL,2014-08-05,2014-08-06,55.55,GREEN,179.75,182.75539999999998,172.9368,-0.42377151315491335,-0.3842638094685155,-0.38968312510241876,False,2014-07-30,54.467,1.9883599243578631,False,,6.241224122412259,-0.8370837083708338,6.241224122412259,-0.8370837083708338,2.2952295229523134,4.619261926192619,4.486048604860504,4.876687668766877,True,5.0,True,8.0,True,12.0,MACD_FAIL
BULL_2013_2014,MKC,legacy,MACD_PASS,2014-08-05,2014-08-06,62.274,GREEN,179.75,182.75539999999998,172.9368,-0.29619749950974683,-0.32321242100242986,-0.3575225353931838,True,2014-07-24,60.949,2.173948711217588,False,,5.9093682756848676,0.0,5.9093682756848676,0.0,2.9835886565822145,4.586183640042374,4.902527539583135,4.253781674535118,True,1.0,True,3.0,True,11.0,MACD_PASS
BULL_2013_2014,PEP,legacy,MACD_PASS,2014-08-05,2014-08-06,80.888,GREEN,179.75,182.75539999999998,172.9368,-0.2525809680512812,-0.2769000918394534,-0.34325687956568207,True,2014-07-31,79.768,1.4040718082439119,False,,5.778360201760457,-0.2917614479280073,5.778360201760457,-0.2917614479280073,3.443032341014729,3.9931757491840525,3.9931757491840525,4.303481356937988,True,0.0,True,3.0,True,11.0,MACD_PASS
BULL_2013_2014,CL,legacy,MACD_PASS,2014-08-07,2014-08-08,59.889,GREEN,178.84,182.7936,173.12115000000003,-0.35311801382488794,-0.4296079022393109,-0.5402224734693803,True,2014-07-24,58.511,2.3551127138486727,False,,2.0671575748467896,-1.1521314431698682,2.0671575748467896,-1.1521314431698682,-0.3740252801015309,0.3105745629414347,0.5576984087227954,-1.137103641737225,True,1.0,False,,False,,MACD_PASS
BULL_2013_2014,CLX,legacy,MACD_PASS,2014-08-07,2014-08-08,80.081,GREEN,178.84,182.7936,173.12115000000003,-0.2990462631198293,-0.34153106178348597,-0.45553239788479666,True,2014-07-23,79.043,1.3132092658426409,False,,3.0381738489779098,-0.02372597744784155,3.0381738489779098,-0.02372597744784155,1.4697618661105638,2.351369238645873,1.6533260074174772,2.4425269414717565,True,1.0,True,19.0,False,,MACD_PASS
BULL_2013_2014,KMB,legacy,MACD_PASS,2014-08-07,2014-08-08,96.276,GREEN,178.84,182.7936,173.12115000000003,-0.29404566282865785,-0.4213571415822037,-0.6208932459596257,True,2014-07-24,93.74,2.7053552378920376,False,,3.154472558062249,-0.5172628692508896,3.154472558062249,-0.5172628692508896,1.33054966969961,2.2975611782791283,1.5943745066267834,1.42091486974949,True,1.0,True,11.0,False,,MACD_PASS
BULL_2013_2014,ADP,legacy,MACD_FAIL,2014-08-08,2014-08-11,66.008,GREEN,180.91,182.8272,173.21645,-0.1878981129268647,-0.22719709485145428,-0.18986239723963733,False,2014-08-07,64.871,1.7527092229193242,False,,4.023754696400439,-0.34692764513392094,4.023754696400439,-0.34692764513392094,2.513331717367606,2.9693370500545546,3.0526602836019823,2.955702339110422,True,3.0,True,3.0,False,,MACD_FAIL
BULL_2013_2014,BDX,legacy,MACD_FAIL,2014-08-08,2014-08-11,110.43,GREEN,180.91,182.8272,173.21645,-0.29901539387640075,-0.38587665516793174,-0.3346607191972747,False,2014-08-07,108.35,1.9197046608214308,False,,1.9378791994928868,-1.276826949198595,1.9378791994928868,-1.276826949198595,1.15004980530653,0.769718373630357,0.2626097980621189,-0.398442452232195,False,,False,,False,,MACD_FAIL
BULL_2013_2014,BEN,legacy,MACD_PASS,2014-08-08,2014-08-11,51.119,GREEN,180.91,182.8272,173.21645,-0.32800740052171873,-0.41422040854611814,-0.43846124080913385,True,2014-08-01,49.438,3.4002184554391413,False,,5.160507834660288,-0.958547702419843,5.160507834660288,-0.958547702419843,1.504333026858884,3.544670279152551,3.965257536336786,2.527435982707016,True,5.0,True,8.0,True,17.0,MACD_PASS
BULL_2013_2014,ED,legacy,MACD_PASS,2014-08-08,2014-08-11,50.235,GREEN,180.91,182.8272,173.21645,-0.12554116867207507,-0.23502778216786552,-0.2500621845961509,True,2014-08-04,48.181,4.263091260040275,False,,3.2726186921469003,-0.6569125111973717,3.2726186921469003,-0.6569125111973717,1.0152284263959421,2.046382004578473,1.5686274509804088,1.1585547924753747,True,6.0,True,15.0,False,,MACD_PASS
BULL_2013_2014,ABT,legacy,MACD_PASS,2014-08-11,2014-08-12,38.909,GREEN,181.43,182.86540000000002,173.31834999999998,-0.16582112532182586,-0.1941912489239841,-0.1946282869764976,True,2014-08-07,38.204,1.8453565071720135,False,,2.791128016654243,-1.1693952555963838,2.791128016654243,-1.1693952555963838,1.5035081857667887,2.1229021563134554,2.0329486751137438,2.359351306895574,True,10.0,False,,False,,MACD_PASS
BULL_2013_2014,HCP,legacy,MACD_PASS,2014-08-11,2014-08-12,34.113,GREEN,181.43,182.86540000000002,173.31834999999998,-0.08178520327890261,-0.09846202276349461,-0.1126823141636294,True,2014-08-06,33.758,1.0516025830914044,False,,7.416527423562869,-0.126051651862924,7.416527423562869,-0.126051651862924,4.013132823263854,4.1362530413625365,6.065136458241738,3.8460410987013693,True,1.0,True,2.0,True,7.0,MACD_PASS
BULL_2013_2014,MMM,legacy,MACD_PASS,2014-08-11,2014-08-12,129.55,GREEN,181.43,182.86540000000002,173.31834999999998,-0.37129883417936704,-0.4706331617460784,-0.6083255781745961,True,2014-07-31,127.54,1.5759761643405978,False,,4.05248938633731,-0.13894249324585273,4.05248938633731,-0.13894249324585273,2.5781551524507673,3.450405248938626,2.8869162485526623,3.473562331146285,True,4.0,True,5.0,False,,MACD_PASS
BULL_2013_2014,PPG,legacy,MACD_PASS,2014-08-11,2014-08-12,95.044,GREEN,181.43,182.86540000000002,173.31834999999998,-0.3645928642721207,-0.44940363311997505,-0.5909104202671269,True,2014-07-31,93.369,1.7939573091711347,False,,3.7508943226295166,-0.44400488194941135,3.7508943226295166,-0.44400488194941135,2.6471949833761332,3.554143344135352,2.0927149530743705,1.5561213753629843,True,3.0,True,7.0,False,,MACD_PASS
BULL_2013_2014,XOM,legacy,MACD_PASS,2014-08-11,2014-08-12,87.055,GREEN,181.43,182.86540000000002,173.31834999999998,-0.3362146098619002,-0.4132822944075011,-0.5246403671955069,True,2014-08-04,85.944,1.2927022247044562,True,20.0,2.1388777209809806,-2.4226063982539903,2.1388777209809806,-2.4226063982539903,1.3026247774395427,1.4576991557061492,0.9201079777152232,-1.4232381827580354,True,10.0,False,,False,,MACD_PASS
BULL_2013_2014,CB,legacy,MACD_PASS,2014-08-12,2014-08-13,94.132,GREEN,181.17,182.89440000000002,173.41625,-0.10320368734874585,-0.21768033872529313,-0.2869412682557346,True,2014-07-30,91.944,2.3797093883233256,False,,5.342497769090215,-0.4706157311010206,5.342497769090215,-0.4706157311010206,2.521990396464524,4.019886967237496,3.967832405558158,3.550333574129949,True,2.0,True,6.0,True,13.0,MACD_PASS
BULL_2013_2014,KO,legacy,MACD_PASS,2014-08-12,2014-08-13,35.786,GREEN,181.17,182.89440000000002,173.41625,-0.05409498100960314,-0.09316522907948788,-0.13113260210058447,True,2014-07-24,35.211,1.63301241089433,False,,6.714916447772867,0.0,6.714916447772867,0.0,3.9065556362823273,4.7867881294360926,5.468619013021847,6.441066338791712,True,2.0,True,2.0,True,6.0,MACD_PASS
BULL_2013_2014,MCD,legacy,MACD_FAIL,2014-08-13,2014-08-14,84.641,GREEN,182.41,182.95,173.5167,0.032110172987854346,-0.039931082326339684,-0.09355959584710116,False,2014-07-17,83.981,0.7858920470106501,True,17.0,2.059285688968693,-2.4940631608794894,2.059285688968693,-2.0332935574957856,0.9428054961543308,1.392941954844562,0.2374735648208226,0.5292943136305128,True,10.0,False,,False,,MACD_FAIL
BULL_2013_2014,MHFI,legacy,MACD_PASS,2014-08-14,2014-08-15,76.475,GREEN,183.26,183.01559999999998,173.62,-0.08399258268818244,-0.17821102445036996,-0.26878054915827065,True,2014-08-04,74.483,2.6744357772914507,False,,8.330827067669189,-1.1912389669826773,8.330827067669189,-1.1912389669826773,-0.9676364825106143,2.0778032036613325,7.199738476626338,7.589408303367118,True,9.0,True,11.0,True,13.0,MACD_PASS
BULL_2013_2014,T,legacy,MACD_PASS,2014-08-21,2014-08-22,29.235,GREEN,186.76,183.3644,174.18345000000002,-0.03141816172730058,-0.046685305904295565,-0.05546547029964374,True,2014-08-04,28.906,1.1381720058119438,False,,2.866427227638102,-0.6054386865058992,2.866427227638102,-0.6054386865058992,1.1629895672994772,1.3066529844364627,0.3831024456986576,2.726184368051987,True,9.0,False,,False,,MACD_PASS
BULL_2013_2014,WAG,legacy,MACD_FAIL,2014-09-04,2014-09-05,58.689,GREEN,187.41,184.3302,175.24850000000004,0.35377048325399674,0.19425274640829304,0.1690251982833466,False,2014-08-29,56.361,4.130515782189814,True,16.0,4.658453884032787,-6.260116887321299,4.658453884032787,-4.86121760466186,0.8536523028165321,0.9490705242890529,-3.3839390686499993,-2.438276337984968,True,0.0,True,0.0,False,,MACD_FAIL
BULL_2013_2014,APD,legacy,MACD_FAIL,2014-09-10,2014-09-11,119.88,GREEN,187.29,184.6764,175.69150000000002,-0.31926095754666955,-0.351426421130953,-0.2360271563937894,False,2014-09-09,118.68,1.0111223458038276,True,0.0,5.355355355355362,-5.814147480814147,0.025025025025016134,-1.851851851851849,1.9769769769769852,1.9602936269603077,-1.7517517517517511,-4.938271604938271,False,,False,,False,,MACD_FAIL
BULL_2013_2014,BDX,legacy,MACD_FAIL,2014-09-11,2014-09-12,109.67,GREEN,187.5,184.73739999999998,175.7949,-0.12189224388433839,-0.12301601191856615,-0.09425360939064203,False,2014-09-10,108.39,1.1809207491465967,True,0.0,13.002644296525956,-2.6534147898240157,0.13677395823834537,-1.7780614570985676,-1.2947934713230635,-0.957417707668462,0.5470958329534037,10.987507978480892,False,,False,,False,,MACD_FAIL
BULL_2013_2014,CL,legacy,MACD_FAIL,2014-09-11,2014-09-12,59.712,GREEN,187.5,184.73739999999998,175.7949,0.04735910568397128,0.014584245789718953,0.007581357054300908,False,2014-09-10,58.95,1.2926208651399484,False,,3.394627545551976,-0.1540728831725735,3.394627545551976,-0.1540728831725735,1.7148981779206762,2.3697079314040748,1.9945739549839248,1.729970525187552,True,5.0,True,8.0,False,,MACD_FAIL
BULL_2013_2014,XOM,legacy,MACD_FAIL,2014-09-11,2014-09-12,85.559,GREEN,187.5,184.73739999999998,175.7949,-0.15013890960740917,-0.13389220077599612,-0.07063772469548901,False,2014-09-10,84.937,0.732307474952032,True,0.0,1.5848712584298763,-5.822882455381661,0.07246461506094093,-0.9210018817424226,0.6217931485875239,-1.1325518063558415,-2.6928785983940884,-5.098236304772142,False,,False,,False,,MACD_FAIL
BULL_2013_2014,CVX,legacy,MACD_PASS,2014-09-16,2014-09-17,110.21,GREEN,187.67,184.843,176.09455000000003,-0.28588247015056634,-0.38642069781581995,-0.4441958783724801,True,2014-09-10,107.52,2.5018601190476275,True,6.0,0.4809000998094559,-14.753652118682503,0.4809000998094559,-3.5477724344433303,-2.1504400689592473,-5.952272933490599,-5.716359676980309,-12.656746211777515,False,,False,,False,,MACD_PASS
BULL_2013_2014,BEN,legacy,MACD_PASS,2014-09-17,2014-09-18,52.695,GREEN,187.93,184.9276,176.19925,-0.07007762072578849,-0.08695922687480317,-0.09257229789446464,True,2014-09-12,51.559,2.203301072557662,True,3.0,1.5314545972103577,-12.283897903026853,1.5314545972103577,-2.5808900275168356,-2.973716671410953,-2.561912894961571,-8.156371572255438,-9.06537622165291,False,,False,,False,,MACD_PASS
BULL_2013_2014,PPG,legacy,MACD_PASS,2014-09-17,2014-09-18,96.399,GREEN,187.93,184.9276,176.19925,-0.18009921257002032,-0.24715054987587037,-0.26766965993950204,True,2014-09-15,94.627,1.8726156382427916,True,3.0,1.468894905548801,-15.153684166848203,1.468894905548801,-2.0342534673596147,-2.3682818286496765,-5.455450782684467,-8.00112034357202,-10.070643886347364,False,,False,,False,,MACD_PASS
BULL_2013_2014,SYY,legacy,MACD_FAIL,2014-09-24,2014-09-25,34.489,GREEN,187.68,185.2654,176.74275,-0.11507461522497747,-0.15791945679643432,-0.09934108680133752,False,2014-09-23,33.548,2.8049362108024223,True,12.0,1.6179071588042548,-4.436197048334234,1.2438748586505843,-2.861782017454828,-0.8031546290121261,-0.881440459276861,-3.3662907013830345,1.1945837803357673,False,,False,,False,,MACD_FAIL
BULL_2013_2014,ED,legacy,MACD_PASS,2014-09-29,2014-09-30,50.567,GREEN,185.78,185.324,177.03060000000002,-0.09704316423952197,-0.11435946463680498,-0.11645350758711612,True,2014-09-25,49.807,1.5258899351496824,False,,11.206913599778524,-0.6189807582019924,11.206913599778524,-0.6189807582019924,0.8681551209286598,8.683528783594042,7.799553068206544,10.995313148891572,True,6.0,True,6.0,True,9.0,MACD_PASS
BULL_2013_2014,CTAS,legacy,MACD_FAIL,2014-09-30,2014-10-01,66.183,GREEN,185.31,185.33540000000002,177.13545000000002,0.10326955077541278,-0.1642037868921145,-0.13752538933239689,False,2014-09-29,62.007,6.734723498959805,False,,2.7741262862064353,-4.943867760603182,2.7741262862064353,-4.943867760603182,1.0803378511097916,-3.0763186921112684,0.1828264055724116,2.263421120227238,True,15.0,False,,False,,MACD_FAIL
BULL_2013_2014,BCR,legacy,MACD_FAIL,2014-10-02,2014-10-03,143.38,GREEN,182.82,185.21800000000002,177.3152,-0.3264607998409914,-0.5192292747992706,-0.5126828043302374,False,2014-09-24,139.49,2.788730374937254,False,,13.5653508160134,-0.5579578741804925,13.5653508160134,-0.5579578741804925,3.075742781419999,0.04184684056354193,8.097363649044498,12.916724787278566,True,1.0,True,1.0,True,7.0,MACD_FAIL
BULL_2013_2014,HCP,legacy,MACD_PASS,2014-10-02,2014-10-03,33.402,GREEN,182.82,185.21800000000002,177.3152,-0.033547126632531565,-0.06162407160480243,-0.10315912785438275,True,2014-09-12,32.866,1.630864723422376,False,,10.104185378121077,-0.7993533321358104,10.104185378121077,-0.7993533321358104,4.829052152565705,6.305011675947547,7.230105981677748,9.978444404526666,True,3.0,True,4.0,True,5.0,MACD_PASS
BULL_2013_2014,BMS,legacy,MACD_PASS,2014-10-03,2014-10-06,35.795,GREEN,184.84,185.1956,177.4153,-0.04705255370386863,-0.1035702095976726,-0.13111654428631542,True,2014-09-15,34.839,2.744051206980691,True,5.0,3.366391954183534,-11.009917586255069,0.3128928621315641,-3.754714345578991,-3.6792848163151315,0.15924011733481347,-0.33244866601480627,-1.37449364436375,False,,False,,False,,MACD_PASS
BULL_2013_2014,CAH,legacy,MACD_FAIL,2014-10-03,2014-10-06,71.94,GREEN,184.84,185.1956,177.4153,-0.13434090026202072,-0.19955719689725993,-0.19152248889491486,False,2014-10-02,69.798,3.0688558411415823,True,5.0,3.3041423408395776,-6.370586599944394,0.4587155963302836,-3.5918821239922183,-3.509869335557392,-3.2485404503753146,2.364470391993345,2.5868779538504416,False,,False,,False,,MACD_FAIL
BULL_2013_2014,CB,legacy,MACD_PASS,2014-10-03,2014-10-06,99.52,GREEN,184.84,185.1956,177.4153,-0.10614881330079484,-0.22839427083419833,-0.23944293565680763,True,2014-10-01,96.3,3.3437175493250315,True,5.0,2.934083601286175,-5.453175241157549,0.1406752411575507,-3.631430868167196,-3.5339630225080354,-1.7594453376205688,1.0952572347266987,1.7182475884244486,False,,False,,False,,MACD_PASS
BULL_2013_2014,ECL,legacy,MACD_FAIL,2014-10-03,2014-10-06,110.98,GREEN,184.84,185.1956,177.4153,-0.4979056351185521,-0.5563031773353427,-0.4809074780643595,False,2014-10-02,107.63,3.112515098020996,True,3.0,0.33339340421696395,-10.109929717066136,0.33339340421696395,-3.955667687871689,-6.487655433411432,-4.415209947738341,-3.802486934582805,-4.289061092088664,False,,False,,False,,MACD_FAIL
BULL_2013_2014,LOW,legacy,MACD_PASS,2014-10-03,2014-10-06,50.859,GREEN,184.84,185.1956,177.4153,-0.1687305394040921,-0.2194849278348452,-0.23636568192978424,True,2014-10-01,49.61,2.517637573069953,True,6.0,7.404785780294532,-7.292711221219461,1.822686250221195,-4.779881633535865,-2.420417231955019,-0.08258125405533612,3.6178454157572926,7.3123734245659655,False,,False,,False,,MACD_PASS
BULL_2013_2014,MDT,legacy,MACD_PASS,2014-10-03,2014-10-06,61.403,GREEN,184.84,185.1956,177.4153,-0.1531064232416552,-0.3448051142658099,-0.40954366045432844,True,2014-09-25,57.958,5.943959418889544,False,,4.822239955702501,-8.322068954285623,4.822239955702501,-8.322068954285623,-3.3744279595459448,-2.1790466263863384,1.5324984121297014,4.428122404442791,True,14.0,True,17.0,False,,MACD_PASS
BULL_2013_2014,ABT,legacy,MACD_PASS,2014-10-06,2014-10-07,39.078,GREEN,184.63,185.18599999999998,177.50025000000002,-0.1061502831656217,-0.17567386521501455,-0.21709353402952275,True,2014-09-25,37.983,2.88286865176528,True,6.0,5.230564512001634,-6.187624750499021,1.064537591483683,-5.990582936690725,-1.9294743845642226,1.2462254977224863,1.5046829418086771,4.155790982138274,False,,False,,False,,MACD_PASS
BULL_2013_2014,JNJ,legacy,MACD_FAIL,2014-10-06,2014-10-07,96.12,GREEN,184.63,185.18599999999998,177.50025000000002,-0.3967605413490247,-0.39322762753376495,-0.3927294830114443,False,2014-10-03,95.84,0.2921535893155358,True,0.0,4.088639200998734,-8.951310861423224,0.0,-2.0214315439034514,-7.123387432376205,-3.916978776529334,0.3193924261339909,3.995006242197241,False,,False,,False,,MACD_FAIL
BULL_2013_2014,PG,legacy,MACD_PASS,2014-10-06,2014-10-07,75.223,GREEN,184.63,185.18599999999998,177.50025000000002,-0.18918578046720563,-0.19556616882983657,-0.21613243090254414,True,2014-10-02,74.773,0.6018215131130322,True,7.0,7.403320792842627,-2.168219826382889,2.281217180915407,-2.168219826382889,0.20472461880010062,1.4769418927721656,4.503941613602236,7.124150858115197,True,3.0,False,,False,,MACD_PASS
BULL_2013_2014,MMM,legacy,MACD_FAIL,2014-10-08,2014-10-09,130.81,GREEN,184.95,185.12900000000002,177.6545,-0.4209899040348899,-0.6352093816351656,-0.5629855473090031,False,2014-09-29,127.58,2.531744787584267,True,1.0,11.008332696277057,-7.468847947404633,0.2522742909563336,-5.183089977830447,-4.311596972708509,2.775017200519825,7.7669902912621325,10.580230869199614,False,,False,,False,,MACD_FAIL
BULL_2013_2014,GPC,legacy,MACD_FAIL,2014-10-14,2014-10-15,78.985,YELLOW,176.52,184.8568,177.82045,-0.19895708460903486,-0.23211733404152968,-0.1817052854687976,False,2014-10-13,79.014,-0.03670235654440468,False,,17.321010318414885,-0.9761347091219896,17.321010318414885,-0.9761347091219896,8.040767234284996,9.590428562385256,15.104133696271461,17.203266442995503,True,0.0,True,2.0,True,4.0,MACD_FAIL
BULL_2013_2014,APD,legacy,MACD_PASS,2014-10-15,2014-10-16,115.74,YELLOW,175.35,184.7688,177.84470000000002,-0.6070807162033214,-1.0034074299215903,-1.0394083342105436,True,2014-10-09,109.25,5.940503432494282,False,,8.769656125799209,-0.5529635389666554,8.769656125799209,-0.5529635389666554,3.412821842059799,6.678762744081568,7.810609987903927,8.233972697425273,True,0.0,True,0.0,True,3.0,MACD_PASS
BULL_2013_2014,LEG,legacy,MACD_PASS,2014-10-15,2014-10-16,30.554,YELLOW,175.35,184.7688,177.84470000000002,-0.16817635065065734,-0.1964648956056547,-0.21193884571389496,True,2014-10-08,29.993,1.870436435168199,False,,24.900176736270208,-0.26837729920795583,24.900176736270208,-0.26837729920795583,11.366760489624927,17.588531779799688,20.540682071087257,22.851345159389936,True,0.0,True,1.0,True,2.0,MACD_PASS
BULL_2013_2014,TGT,legacy,MACD_FAIL,2014-10-15,2014-10-16,53.224,YELLOW,175.35,184.7688,177.84470000000002,-0.3336779050067501,-0.2861103450354049,-0.347245347367149,False,2014-10-13,53.676,-0.8420895744839507,True,1.0,15.295731249060584,-0.1164888020441901,2.3466857056966717,-0.1164888020441901,5.514429580640323,5.087930257026918,5.275815421614305,14.816624079362706,True,0.0,False,,False,,MACD_FAIL
BULL_2013_2014,ABBV,legacy,MACD_FAIL,2014-10-16,2014-10-17,48.187,YELLOW,175.2,184.6766,177.86405,-0.5064036372285607,-0.45300923335535886,-0.48905978846508696,False,2014-10-13,46.819,2.9218906854054927,False,,20.92265548799468,-2.484072467678,20.92265548799468,-2.484072467678,12.524124763940492,18.438583020316692,14.777844646896465,19.443003299645124,True,2.0,True,2.0,True,2.0,MACD_FAIL
BULL_2013_2014,BEN,legacy,MACD_PASS,2014-10-16,2014-10-17,48.521,YELLOW,175.2,184.6766,177.86405,-0.337793946982864,-0.40231076145308997,-0.4230188087450575,True,2014-10-08,46.222,4.973821989528804,False,,11.055007110323366,-0.7357638960450053,11.055007110323366,-0.7357638960450053,3.586076131984095,7.856392077657093,10.512973763937271,9.344407576101066,True,2.0,True,4.0,True,7.0,MACD_PASS
BULL_2013_2014,CINF,legacy,MACD_FAIL,2014-10-16,2014-10-17,42.079,YELLOW,175.2,184.6766,177.86405,-0.10661669991872344,-0.09872978153412895,-0.07800796066504348,False,2014-10-13,40.899,2.885156116286458,False,,11.380973882459177,-0.7961215808360511,11.380973882459177,-0.7961215808360511,5.066660329380457,8.795361106490173,10.166591411392844,10.026378953872484,True,2.0,True,2.0,True,4.0,MACD_FAIL
BULL_2013_2014,ITW,legacy,MACD_PASS,2014-10-16,2014-10-17,78.654,YELLOW,175.2,184.6766,177.86405,-0.13336564571727472,-0.3496696530309271,-0.44458650688414014,True,2014-09-24,74.133,6.098498644328432,False,,11.799781320721149,-1.1938362956747217,11.799781320721149,-1.1938362956747217,4.885956213288578,8.54629135199736,10.641543977420099,11.799781320721149,True,2.0,True,2.0,True,5.0,MACD_PASS
BULL_2013_2014,NUE,legacy,MACD_PASS,2014-10-16,2014-10-17,45.569,YELLOW,175.2,184.6766,177.86405,-0.399519357328042,-0.5184566645685202,-0.6082871559679139,True,2014-09-29,43.103,5.721179500266804,False,,9.317737935877446,-0.6056749105751824,9.317737935877446,-0.6056749105751824,5.644187934780209,8.181000241392166,8.424586890210438,7.884746209045623,True,2.0,True,2.0,True,3.0,MACD_PASS
BULL_2013_2014,PPG,legacy,MACD_PASS,2014-10-16,2014-10-17,87.898,YELLOW,175.2,184.6766,177.86405,-0.5253687003567853,-0.6981291011062756,-0.8212569841465371,True,2014-10-07,81.791,7.466591678791068,False,,12.908143530000693,-0.38908735124804084,12.908143530000693,-0.38908735124804084,6.229948349222969,10.479191790484421,12.582766388313726,10.955880679878959,True,0.0,True,1.0,True,2.0,MACD_PASS
BULL_2013_2014,SHW,legacy,MACD_PASS,2014-10-16,2014-10-17,207.2,YELLOW,175.2,184.6766,177.86405,-0.8306505050172409,-1.1324075645753033,-1.4018505260629839,True,2014-10-13,195.64,5.908812103864247,False,,12.673745173745177,-0.20270270270269508,12.673745173745177,-0.20270270270269508,7.002895752895766,7.316602316602339,10.328185328185334,12.28281853281854,True,0.0,True,2.0,True,2.0,MACD_PASS
BULL_2013_2014,SWK,legacy,MACD_PASS,2014-10-16,2014-10-17,78.784,YELLOW,175.2,184.6766,177.86405,-0.6113784695966293,-0.7630626246814698,-0.770893312400716,True,2014-09-25,74.432,5.846947549441106,False,,15.4206437855402,-0.34651705930139887,15.4206437855402,-0.34651705930139887,7.735073111291624,11.942780259951258,13.58016856214459,14.368399675060918,True,2.0,True,2.0,True,3.0,MACD_PASS
BULL_2013_2014,VFC,legacy,MACD_FAIL,2014-10-16,2014-10-17,59.944,YELLOW,175.2,184.6766,177.86405,-0.4051633204556175,-0.45494481372805223,-0.38742804127778474,False,2014-10-13,57.515,4.223246109710521,False,,11.350593887628445,-2.8876951821700247,11.350593887628445,-2.8876951821700247,3.3314426798345176,5.159815828106229,8.439543574002407,10.324636327238746,True,2.0,True,2.0,True,3.0,MACD_FAIL
BULL_2013_2014,BF-B,legacy,MACD_PASS,2014-10-17,2014-10-20,41.729,YELLOW,177.27,184.64520000000002,177.90200000000002,-0.19775545016727358,-0.2766153217929468,-0.27890956949171797,True,2014-10-02,39.28,6.23472505091649,False,,8.912267248196692,-0.7333029787437884,8.912267248196692,-0.7333029787437884,2.8876800306741,6.599726808694184,8.150207289894329,8.095089745740381,True,2.0,True,5.0,True,7.0,MACD_PASS
BULL_2013_2014,CVX,legacy,MACD_PASS,2014-10-17,2014-10-20,98.253,YELLOW,177.27,184.64520000000002,177.90200000000002,-0.4249231900421204,-0.5996735279620906,-0.7223603322963044,True,2014-09-25,93.95,4.580095795635963,False,,7.75243504015144,-0.4976947268785725,7.75243504015144,-0.4976947268785725,3.1215331847373573,4.709270963736478,5.727051591300003,4.739804382563384,True,1.0,True,1.0,True,3.0,MACD_PASS
BULL_2013_2014,DOV,legacy,MACD_PASS,2014-10-17,2014-10-20,69.452,YELLOW,177.27,184.64520000000002,177.90200000000002,-0.30968720925307336,-0.5127165974383598,-0.6552217358132406,True,2014-09-09,65.204,6.514937733881365,False,,9.642630881760073,-0.8048724298796217,9.642630881760073,-0.8048724298796217,4.050279329608952,6.997638656914118,9.158843517825277,8.46195933882392,True,1.0,True,2.0,True,3.0,MACD_PASS
BULL_2013_2014,MHFI,legacy,MACD_PASS,2014-10-17,2014-10-20,76.236,YELLOW,177.27,184.64520000000002,177.90200000000002,-0.6109423302835177,-0.8601492320197999,-0.8687371910278944,True,2014-10-01,71.165,7.1256938101594836,False,,16.092134949367743,-0.36596883362192134,16.092134949367743,-0.36596883362192134,6.80256047011909,13.895010231386728,14.347552337478353,15.194921034681762,True,1.0,True,1.0,True,3.0,MACD_PASS
BULL_2013_2014,PEP,legacy,MACD_FAIL,2014-10-17,2014-10-20,84.196,YELLOW,177.27,184.64520000000002,177.90200000000002,-0.300730305235135,-0.27409483921095346,-0.14676407443444234,False,2014-10-16,82.504,2.0508096577135593,False,,7.961185804551296,-0.07957622689913624,7.961185804551296,-0.07957622689913624,3.2269941564919913,4.546534277162806,5.791248990450848,7.373271889400912,True,0.0,True,2.0,True,9.0,MACD_FAIL
BULL_2013_2014,T,legacy,MACD_FAIL,2014-10-17,2014-10-20,29.194,YELLOW,177.27,184.64520000000002,177.90200000000002,-0.0962162153976624,-0.11919047879443884,-0.10694581302122956,False,2014-10-13,28.37,2.904476559746194,False,,6.131396862368987,-2.181955196273211,6.131396862368987,-2.181955196273211,0.1404398164006393,2.288141398917576,3.110228129067627,5.251078988833324,True,2.0,True,15.0,True,18.0,MACD_FAIL
BULL_2013_2014,ADM,legacy,MACD_PASS,2014-10-20,2014-10-21,41.98,GREEN,179.0,184.607,177.94875,-0.48484630673267626,-0.6735284502151179,-0.8203903184178667,True,2014-10-03,38.317,9.559725448234445,False,,15.088137208194397,-2.6083849452120056,15.088137208194397,-2.6083849452120056,0.1786565030967191,8.618389709385422,12.08194378275369,14.561696045736072,True,2.0,True,8.0,True,10.0,MACD_PASS
BULL_2013_2014,WMT,legacy,MACD_FAIL,2014-10-20,2014-10-21,69.278,GREEN,179.0,184.607,177.94875,-0.3450626888400123,-0.36530879363363944,-0.27257611049983804,False,2014-10-17,67.288,2.9574366900487536,False,,11.61118969947168,-0.2396143075724,11.61118969947168,-0.2396143075724,1.5430584023788052,2.7541210773983194,5.080978088281984,11.437974537371165,True,4.0,True,11.0,True,13.0,MACD_FAIL
BULL_2013_2014,KO,legacy,MACD_PASS,2014-10-31,2014-11-03,37.944,GREEN,189.66,184.8374,178.62109999999996,-0.13354287536558718,-0.21970881321955946,-0.2921656431344485,True,2014-10-22,36.41,4.213128261466648,False,,8.430845456462155,-0.4743833017077814,8.430845456462155,-0.4743833017077814,1.441598144634182,2.706620282521599,5.940333122496311,7.318680160236113,True,6.0,True,8.0,True,12.0,MACD_PASS
BULL_2013_2014,CLX,legacy,MACD_PASS,2014-11-28,2014-12-01,93.473,GREEN,194.87,186.75480000000005,181.07165,-0.23181918934287749,-0.35263102254603484,-0.367607598694512,True,2014-11-24,91.761,1.8657163718791336,True,4.0,5.311694286050517,-3.0992907042675433,1.2089052453649662,-3.0992907042675433,-1.5041776769762483,-1.3458431846629426,3.2779519219453768,4.555326136959326,False,,False,,False,,MACD_PASS
BULL_2013_2014,ED,legacy,MACD_PASS,2014-11-28,2014-12-01,56.739,GREEN,194.87,186.75480000000005,181.07165,-0.16618873568415826,-0.24329220155234943,-0.2793113646558031,True,2014-11-25,55.402,2.413270279051294,False,,9.51373834575866,-0.49525018065175175,9.51373834575866,-0.49525018065175175,1.552723875993589,1.776555808174285,4.781543559103962,6.320167785826336,True,0.0,True,9.0,True,15.0,MACD_PASS
BULL_2013_2014,HRL,legacy,MACD_FAIL,2014-11-28,2014-12-01,25.163,GREEN,194.87,186.75480000000005,181.07165,-0.183687723964008,-0.19253770606505044,-0.17745360410642164,False,2014-11-25,24.32,3.4662828947368496,True,9.0,0.9776258792671744,-5.686921273298095,0.9776258792671744,-3.99395938481103,-0.2980566705082843,-4.383420100941871,-0.24241942534674044,-0.09537813456265143,False,,False,,False,,MACD_FAIL
BULL_2013_2014,JNJ,legacy,MACD_FAIL,2014-11-28,2014-12-01,99.82,GREEN,194.87,186.75480000000005,181.07165,-0.19826032306930141,-0.2573476476276946,-0.24895836389967574,False,2014-11-26,98.733,1.1009490241358,True,7.0,1.1420557002604692,-4.888799839711478,1.1420557002604692,-1.493688639551194,0.7012622720897754,-3.5363654578240755,-0.9607293127629646,-2.2400320577038557,False,,False,,False,,MACD_FAIL
BULL_2013_2014,ECL,legacy,MACD_FAIL,2014-12-03,2014-12-04,105.38,GREEN,195.51,187.1846,181.43380000000002,-0.6746040158184459,-0.8013344327554431,-0.6391407993199407,False,2014-12-02,100.17,5.201158031346709,True,6.0,1.0912886695767732,-6.985196431960516,1.0912886695767732,-6.1301954830138445,-4.17536534446763,-3.2833554754222782,-1.6037198709432543,-6.32662744353768,False,,False,,False,,MACD_FAIL
BULL_2013_2014,NUE,legacy,MACD_FAIL,2014-12-03,2014-12-04,50.154,GREEN,195.51,187.1846,181.43380000000002,-0.035753859805032484,-0.11783429926062172,-0.0742027664988319,False,2014-12-02,48.33,3.7740533829919487,True,5.0,0.5283726123539445,-13.94305538940065,0.5283726123539445,-3.8880248833592534,-3.6886389919049356,-10.218526937033934,-10.77880129202059,-13.632013398731912,False,,False,,False,,MACD_FAIL
BULL_2013_2014,WMT,legacy,MACD_PASS,2014-12-15,2014-12-16,77.477,GREEN,187.63,188.3678,182.26684999999998,-0.40099496719703653,-0.4198782244185364,-0.4246241684911316,True,2014-12-10,76.809,0.8696897498991163,False,,8.788414626276175,-0.8131445461233788,8.788414626276175,-0.8131445461233788,3.6346270506085743,2.701446881009839,8.1921086257857,4.495527704996305,True,2.0,True,3.0,True,14.0,MACD_PASS
BULL_2013_2014,MMM,legacy,MACD_FAIL,2014-12-16,2014-12-17,148.43,GREEN,186.14,188.398,182.3275,-0.7967916931003014,-0.8908009185035235,-0.7946186081025131,False,2014-12-12,144.96,2.3937637969094983,False,,5.55817557097622,-0.9836286465000343,5.55817557097622,-0.9836286465000343,4.810348312335777,2.991309034561751,1.4754429697500404,1.6977699925890821,True,1.0,True,1.0,True,3.0,MACD_FAIL
BULL_2013_2014,ADP,legacy,MACD_FAIL,2014-12-17,2014-12-18,80.486,GREEN,189.79,188.55880000000002,182.4057,-0.4290903262178838,-0.5513999883845857,-0.5470394024620513,False,2014-12-16,77.261,4.174162902369893,False,,0.6970156300474484,-4.741197226846905,0.6970156300474484,-4.741197226846905,-0.7827448251869984,-3.076311408195209,-2.007802599209796,-1.0486295753298847,False,,False,,False,,MACD_FAIL
BULL_2013_2014,APD,legacy,MACD_FAIL,2014-12-17,2014-12-18,132.15,GREEN,189.79,188.55880000000002,182.4057,-1.0875227072360145,-1.2839699359608203,-1.1311425580576646,False,2014-12-12,125.15,5.5932880543347885,False,,4.631101021566408,-3.6473704124101447,4.631101021566408,-3.6473704124101447,4.275444570563747,-1.0518350359440154,0.0908059023836616,-0.5978055240257185,True,1.0,True,1.0,False,,MACD_FAIL
BULL_2013_2014,BCR,legacy,MACD_FAIL,2014-12-17,2014-12-18,168.5,GREEN,189.79,188.55880000000002,182.4057,-0.8704531268240974,-1.0200952410405049,-0.9085295508532698,False,2014-12-16,163.29,3.190642415334688,True,10.0,3.8456973293768515,-4.4391691394658706,1.2225519287833775,-4.4391691394658706,-1.3175074183976232,-3.317507418397625,2.005934718100888,2.9970326409495707,False,,False,,False,,MACD_FAIL
BULL_2013_2014,CINF,legacy,MACD_FAIL,2014-12-17,2014-12-18,46.572,GREEN,189.79,188.55880000000002,182.4057,-0.15239472284750216,-0.17716891554156233,-0.14053751545367205,False,2014-12-16,45.5,2.3560439560439628,False,,8.741303787683584,-1.5309628102722739,8.741303787683584,-1.5309628102722739,2.7656102379111758,-0.060121961693737624,0.9619513870995355,0.9039766383234449,True,1.0,True,3.0,True,3.0,MACD_FAIL
BULL_2013_2014,CL,legacy,MACD_FAIL,2014-12-17,2014-12-18,64.931,GREEN,189.79,188.55880000000002,182.4057,-0.22204677671753714,-0.26068674029383576,-0.19859197383586857,False,2014-12-16,62.92,3.1961220597584106,False,,2.752152284733045,-2.5503996550183983,2.752152284733045,-2.5503996550183983,2.1330335278988644,-1.2567186705887856,-1.6402026766875522,-0.632979624524499,True,3.0,False,,False,,MACD_FAIL
BULL_2013_2014,KMB,legacy,MACD_FAIL,2014-12-17,2014-12-18,105.22,GREEN,189.79,188.55880000000002,182.4057,-0.25875430711227676,-0.34236358124416655,-0.31881885194774706,False,2014-12-16,102.84,2.3142746013224302,False,,3.8205664322372046,-0.7793195210036075,3.8205664322372046,-0.7793195210036075,3.364379395552186,0.37065196730659,1.1499714883102197,2.680098840524625,True,3.0,True,3.0,False,,MACD_FAIL
BULL_2013_2014,MKC,legacy,MACD_FAIL,2014-12-17,2014-12-18,69.388,GREEN,189.79,188.55880000000002,182.4057,-0.2338005263302259,-0.2960408246349939,-0.27289353831663343,False,2014-12-16,67.508,2.784855128281105,False,,4.868276935493165,-1.4584654407102104,4.868276935493165,-1.4584654407102104,4.160661785899578,-0.5692626967199077,0.7422032628120245,3.4905170922926,True,1.0,True,1.0,False,,MACD_FAIL
BULL_2013_2014,VFC,legacy,MACD_FAIL,2014-12-17,2014-12-18,69.176,GREEN,189.79,188.55880000000002,182.4057,-0.3740179433423829,-0.44415685908410585,-0.36179745850666123,False,2014-12-16,66.67,3.758812059397032,False,,3.9768127674338016,-3.6226436914536864,3.9768127674338016,-3.6226436914536864,1.4759454145946593,-1.0928645773100487,1.8402336070313385,-2.811668786862509,True,6.0,True,16.0,False,,MACD_FAIL
BULL_2013_2014,ABBV,legacy,MACD_PASS,2014-12-18,2014-12-19,60.877,GREEN,194.51,188.75,182.50555,-0.47630168565878805,-0.6146432533869619,-0.6789623159572469,True,2014-12-15,58.277,4.461451344441203,True,2.0,1.3699755244180878,-7.9274602887790095,1.3699755244180878,-5.422409120028915,-0.8114723130246193,-4.965750611889552,-5.650738374098596,-6.675756032656011,False,,False,,False,,MACD_PASS
BULL_2013_2014,ABT,legacy,MACD_PASS,2014-12-18,2014-12-19,42.85,GREEN,194.51,188.75,182.50555,-0.08205783561361757,-0.2041115878277725,-0.24292945548909228,True,2014-12-15,40.226,6.523144235071854,False,,1.2882147024503965,-4.4854142357059645,1.2882147024503965,-4.4854142357059645,-0.6744457409568305,-3.2905484247374606,-2.3173862310385096,-3.5239206534422363,False,,False,,False,,MACD_PASS
BULL_2013_2014,BEN,legacy,MACD_PASS,2014-12-18,2014-12-19,53.073,GREEN,194.51,188.75,182.50555,-0.3640004773629168,-0.5139298243877567,-0.5736097739301982,True,2014-12-12,49.188,7.898267870212239,True,16.0,2.357130744446323,-9.445480752925217,2.357130744446323,-9.142124997644762,1.243570176926112,-5.658244305013849,-6.289450379665739,-6.613532304561643,True,2.0,False,,False,,MACD_PASS
BULL_2013_2014,CAH,legacy,MACD_PASS,2014-12-18,2014-12-19,77.772,GREEN,194.51,188.75,182.50555,-0.18602697493072917,-0.35786674547596664,-0.44242030175636216,True,2014-12-15,74.22,4.785772029102686,False,,2.5934783726791144,-4.909221827907229,2.5934783726791144,-4.909221827907229,-2.0045774828987395,-3.966723242298009,0.047574962711505187,-0.6313326132798447,True,12.0,False,,False,,MACD_PASS
BULL_2013_2014,CB,legacy,MACD_PASS,2014-12-18,2014-12-19,107.48,GREEN,194.51,188.75,182.50555,-0.40851485488872563,-0.563511798301737,-0.6046432172243059,True,2014-12-16,103.6,3.7451737451737577,True,16.0,2.2794938593226677,-6.438407145515446,2.2794938593226677,-6.438407145515446,1.3676963155935917,-2.8563453665798377,-2.353926311871979,-3.7588388537402317,True,5.0,False,,False,,MACD_PASS
BULL_2013_2014,ITW,legacy,MACD_PASS,2014-12-18,2014-12-19,89.531,GREEN,194.51,188.75,182.50555,-0.4342169503002018,-0.612040628884137,-0.6458492528416504,True,2014-12-12,85.986,4.122764170911553,True,10.0,2.219343020853115,-4.812858116183238,2.219343020853115,-4.812858116183238,1.3727088941260623,-4.140465313690234,-2.0763757804559413,-1.3425517418547916,True,2.0,False,,False,,MACD_PASS
BULL_2013_2014,KO,legacy,MACD_PASS,2014-12-18,2014-12-19,38.802,GREEN,194.51,188.75,182.50555,-0.2150408989849314,-0.3346556033311914,-0.4179258184839584,True,2014-12-10,36.389,6.631124790458642,False,,2.6673882789546965,-1.5050770578836081,2.6673882789546965,-1.5050770578836081,0.9896397092933329,0.04896654811608059,0.4484304932735439,2.164836864079178,True,4.0,False,,False,,MACD_PASS
BULL_2013_2014,MDT,legacy,MACD_PASS,2014-12-18,2014-12-19,70.247,GREEN,194.51,188.75,182.50555,-0.3368589617592699,-0.48915619960008105,-0.5225433752485964,True,2014-12-15,66.597,5.480727360091309,False,,1.3979244665252688,-4.683474027360612,1.3979244665252688,-4.683474027360612,-1.2996996313009768,-4.210855979614781,-2.101157344797644,-1.7353054222956077,False,,False,,False,,MACD_PASS
BULL_2013_2014,MHFI,legacy,MACD_PASS,2014-12-18,2014-12-19,87.592,GREEN,194.51,188.75,182.50555,-0.6168607519771937,-0.8448126210822939,-0.9231791038789391,True,2014-12-15,83.546,4.842841069590387,True,10.0,1.7832678783450406,-6.251712485158456,0.3516302858708631,-6.251712485158456,-0.7626267239017159,-5.40346150333364,0.17239017261849732,-0.03424970316924236,False,,False,,False,,MACD_PASS
BULL_2013_2014,ADM,legacy,MACD_PASS,2014-12-19,2014-12-22,48.453,GREEN,195.29,189.0302,182.6089,-0.2557836391429032,-0.4140475549093963,-0.5359709271540928,True,2014-12-12,45.483,6.5299122749159055,True,12.0,2.4621798443852816,-11.124182197180776,2.4621798443852816,-7.363837120508543,0.9369904856252331,-4.633356035745995,-9.446267516975226,-8.243039646667905,True,1.0,False,,False,,MACD_PASS
BULL_2013_2014,BF-B,legacy,MACD_PASS,2014-12-19,2014-12-22,42.514,GREEN,195.29,189.0302,182.6089,-0.22201342692541826,-0.29260719446836103,-0.4073911415167132,True,2014-12-05,41.114,3.4051661234616004,False,,5.805146539963291,-1.575951451286639,5.805146539963291,-1.575951451286639,0.46102460365997633,0.49395493249280165,0.9055840429035067,5.701651220774329,True,1.0,True,3.0,True,20.0,MACD_PASS
BULL_2013_2014,PEP,legacy,MACD_PASS,2014-12-19,2014-12-22,88.565,GREEN,195.29,189.0302,182.6089,-0.39203405603066055,-0.5167513322025021,-0.6649141292983411,True,2014-12-10,85.459,3.634491393533734,False,,3.353469203409931,-2.9740868288827382,3.353469203409931,-2.9740868288827382,0.17614181674476814,-0.050810139445611746,0.9202280810703956,3.248461581889006,True,2.0,True,20.0,False,,MACD_PASS
BULL_2013_2014,HCP,legacy,MACD_PASS,2014-12-30,2014-12-31,37.979,GREEN,196.35,191.43539999999996,183.32014999999998,-0.12086627410561118,-0.14045543890520606,-0.15460853898536375,True,2014-12-26,37.225,2.025520483546006,False,,10.490007635798726,-2.095895099923639,10.490007635798726,-2.095895099923639,3.5809263013770742,7.25664182837884,7.240843624108062,5.318728771163017,True,3.0,True,3.0,True,4.0,MACD_PASS
BULL_2017,DOV,yfinance,MACD_FAIL,2017-01-03,2017-01-04,53.23141142026602,GREEN,193.9681854248047,188.38291198730468,182.14964157104492,-0.1904302739117517,-0.24543464069819498,-0.2199235990241022,False,2016-12-30,51.7861454171787,2.790835254187285,False,,7.45331284224775,-1.3053212394127711,7.45331284224775,-1.3053212394127711,3.3285227294262754,2.140687739340552,4.855744264002437,1.5532987001778853,True,2.0,True,2.0,True,7.0,MACD_FAIL
BULL_2017,CINF,yfinance,MACD_PASS,2017-01-04,2017-01-05,59.1020944255619,GREEN,195.1221160888672,188.6215203857422,182.2580588531494,-0.1910342827362122,-0.2154657954017915,-0.22084380102297907,True,2016-12-30,58.34030723047129,1.3057647983943488,True,2.0,0.7497036748334684,-8.91749517213043,0.7497036748334684,-2.025517354957085,-8.04943237306558,-7.575929684500138,-7.1156004666802275,-6.050227485432725,False,,False,,False,,MACD_PASS
BULL_2017,GWW,yfinance,MACD_PASS,2017-01-04,2017-01-05,204.86789716542478,GREEN,195.1221160888672,188.6215203857422,182.2580588531494,-0.8782006712901009,-1.043096572975946,-1.0947992041558612,True,2016-12-30,200.79048337433207,2.0306807984974196,True,2.0,11.247091392978149,-3.0065768596206133,0.5377955982576177,-3.0065768596206133,0.016963009254888917,4.370101054033926,8.570820948533942,6.542424652964729,False,,False,,False,,MACD_PASS
BULL_2017,TROW,yfinance,MACD_PASS,2017-01-04,2017-01-05,53.78098536920747,GREEN,195.1221160888672,188.6215203857422,182.2580588531494,-0.24489766314224348,-0.30737507225183447,-0.31499796188213347,True,2016-12-30,52.423682931068385,2.5891016469098416,True,2.0,0.0,-15.012378600489606,0.0,-5.567851514313071,-4.345019664778227,-4.123873416655089,-9.730737283207969,-11.916246395978181,False,,False,,False,,MACD_PASS
BULL_2017,ITW,yfinance,MACD_FAIL,2017-01-05,2017-01-06,97.33574148539243,GREEN,194.9670867919922,188.84144592285156,182.3661671447754,-0.4005516933715051,-0.3797323416859078,-0.43252748031217686,False,2016-12-29,96.36964649456985,1.002488881057606,False,,6.7672901987622325,-1.51754559685785,6.7672901987622325,-1.51754559685785,1.2139897294783708,1.7553994525821182,5.643480474951201,4.41309860280088,True,9.0,True,11.0,True,12.0,MACD_FAIL
BULL_2017,TGT,yfinance,MACD_PASS,2017-01-05,2017-01-06,53.76707810752933,GREEN,194.9670867919922,188.84144592285156,182.3661671447754,-0.39603838430416005,-0.42900362634326006,-0.5414108900776324,True,2016-12-23,52.923006393186185,1.5949050741225879,True,5.0,0.34731868344088923,-12.559026834092869,0.34731868344088923,-2.7090855336919573,-2.486796473633013,-11.294805933809894,-10.919700848072766,-11.89220707678771,False,,False,,False,,MACD_PASS
BULL_2017,WBA,legacy_fallback,MACD_PASS,2017-01-05,2017-01-06,81.464,GREEN,194.9670867919922,188.84144592285156,182.3661671447754,-0.4084486823547274,-0.4484345851119073,-0.47324099952575516,True,2016-12-27,78.748,3.4489764819424007,False,,2.622017087302364,-3.5156633605028076,2.622017087302364,-3.5156633605028076,0.8911912010213019,-1.8413041343415482,-1.9260041245212633,-2.7447706962584806,True,3.0,False,,False,,MACD_PASS
BULL_2017,WMT,yfinance,MACD_PASS,2017-01-05,2017-01-06,19.480428594197164,GREEN,194.9670867919922,188.84144592285156,182.3661671447754,-0.06243998168009586,-0.07392334394893561,-0.08150782045244603,True,2016-12-27,19.377913747278367,0.5290293282123715,True,4.0,1.2863482427026396,-4.575359144038005,1.2571283888797247,-0.7163022991215628,-1.8710496970872459,-2.572738812694586,-2.908916299709041,-2.9381819035735,False,,False,,False,,MACD_PASS
BULL_2017,APD,yfinance,MACD_FAIL,2017-01-06,2017-01-09,114.35349636413758,GREEN,195.6646728515625,189.08765228271486,182.4834832763672,-0.5026783117400988,-0.5758927216432824,-0.5664579310280047,False,2016-12-28,113.19646176796275,1.0221473163592343,True,13.0,3.5758878121880278,-5.024272292206556,3.5758878121880278,-5.024272292206556,0.7207140517091926,1.9611883186994694,-3.1462465925250482,-3.811541479044822,True,0.0,True,11.0,False,,MACD_FAIL
BULL_2017,T,yfinance,MACD_FAIL,2017-01-12,2017-01-13,15.875738006517523,GREEN,195.0790252685547,190.11316375732423,182.92314208984374,-0.10953111426459389,-0.11376729080413012,-0.09966043217025944,False,2017-01-11,15.62743538645884,1.5888891165970698,False,,3.763468245267698,-1.0507974976647794,3.763468245267698,-1.0507974976647794,2.639312261167781,2.1994470522819887,0.34216030000784325,-0.6597909407178637,True,4.0,True,9.0,False,,MACD_FAIL
BULL_2017,CVX,yfinance,MACD_PASS,2017-01-13,2017-01-17,77.78242989660083,GREEN,195.52687072753906,190.41072052001954,183.02998168945314,-0.3834864384861105,-0.4262236598391772,-0.45814428661178996,True,2017-01-10,76.7533356707505,1.3407811098462785,True,8.0,1.2199118482906002,-5.223354745322895,1.2199118482906002,-3.0498226098555348,-0.025783481819485754,-4.338502907435915,-4.304143259532789,-2.4080850985524926,False,,False,,False,,MACD_PASS
BULL_2017,ADM,yfinance,MACD_FAIL,2017-01-17,2017-01-18,33.77240371238408,GREEN,194.837890625,190.71624298095702,183.12744468688965,-0.17806808394156448,-0.23980606666222481,-0.23203191976762014,False,2017-01-12,32.70803943510563,3.254136584340994,False,,1.6092567722503448,-6.705466125153626,1.6092567722503448,-6.705466125153626,1.0280990146010804,-2.1681683832977416,-2.861045211553115,-0.603542217702624,False,,False,,False,,MACD_FAIL
BULL_2017,CTAS,yfinance,MACD_PASS,2017-01-24,2017-01-25,26.293584023093768,GREEN,196.00050354003906,192.06649169921874,183.6623028564453,-0.04212099821261617,-0.079502784886302,-0.09269137516867398,True,2017-01-19,25.659815716126616,2.469886432461177,False,,3.248408287092719,-1.6932634003180125,3.248408287092719,-1.6932634003180125,-0.7775073486237405,-1.2094640150802083,2.2980847603693677,2.315378405604762,True,15.0,True,16.0,False,,MACD_PASS
BULL_2017,XOM,yfinance,MACD_PASS,2017-01-27,2017-01-30,55.94661334998736,GREEN,197.1802978515625,192.78553436279296,184.00590972900392,-0.11393026197041445,-0.15648602700954117,-0.2103016455849453,True,2017-01-04,55.40300629850854,0.9811869207058788,True,1.0,0.035119152352991456,-4.590857417594041,0.035119152352991456,-2.680858441159717,-2.470157543726259,-1.9445497619318464,-3.2559100171482447,-3.929280638359256,False,,False,,False,,MACD_PASS
BULL_2017,CINF,yfinance,MACD_FAIL,2017-02-02,2017-02-03,55.5651532572179,GREEN,196.1468963623047,193.50803466796876,184.3885962677002,0.057480823165455885,0.008149759673775847,-0.009926966762688227,False,2017-01-30,54.010455190809985,2.8785131710433287,False,,5.414093375319906,-4.532747752158084,5.414093375319906,-4.532747752158084,-0.5875814577168015,1.6648172017384555,2.210420728444551,2.37828342183084,True,9.0,True,15.0,True,17.0,MACD_FAIL
BULL_2017,ADP,yfinance,MACD_FAIL,2017-02-03,2017-02-06,78.62042542221356,GREEN,197.49896240234375,193.68853546142577,184.48589073181154,-0.8020889836563792,-0.8035091169687807,-0.6983684977656854,False,2017-01-30,76.53047693821081,2.730870847296729,False,,8.605684625707122,-0.7964684713753001,8.605684625707122,-0.7964684713753001,1.9652193005397223,2.627183599453553,6.143964158787507,7.850612246241506,True,6.0,True,6.0,True,12.0,MACD_FAIL
BULL_2017,BEN,yfinance,MACD_FAIL,2017-02-03,2017-02-06,24.635934605375354,GREEN,197.49896240234375,193.68853546142577,184.48589073181154,-0.07443097959321768,-0.09025722834785668,-0.08439315224500507,False,2017-02-02,24.21170799371182,1.7521548325864167,False,,10.057381695823398,-1.3726037160291193,10.057381695823398,-1.3726037160291193,3.593701163788987,7.38707895864672,7.412031876983383,5.764914744693117,True,4.0,True,5.0,True,6.0,MACD_FAIL
BULL_2017,DOV,yfinance,MACD_FAIL,2017-02-03,2017-02-06,54.537683814662145,GREEN,197.49896240234375,193.68853546142577,184.48589073181154,-0.204487125780615,-0.22949122452682313,-0.18732213510961881,False,2017-02-02,53.7247329819248,1.5131779864049788,False,,5.7650082276032855,-2.255073195835411,5.7650082276032855,-2.255073195835411,1.414228724835942,3.0449796425303433,2.613573196940333,1.703994355807903,True,5.0,True,10.0,True,16.0,MACD_FAIL
BULL_2017,GPC,yfinance,MACD_PASS,2017-02-03,2017-02-06,73.21368813483414,GREEN,197.49896240234375,193.68853546142577,184.48589073181154,-0.11535853630451928,-0.1509262257476408,-0.15654383077229464,True,2017-02-02,72.53419525422156,0.9367897144664905,True,11.0,4.052810364107651,-3.640289932326868,4.052810364107651,-1.1343621122056446,3.0112703526589124,0.7218795247434961,-1.2993548771343844,-3.5577961622319743,True,2.0,True,3.0,False,,MACD_PASS
BULL_2017,NUE,yfinance,MACD_FAIL,2017-02-06,2017-02-07,47.71161682241077,GREEN,197.1457977294922,193.85460968017577,184.58620697021485,-0.29408741721545884,-0.3349009219205954,-0.3264711985696601,False,2017-02-02,46.23467019583875,3.1944569309481974,False,,11.852279518376353,-2.171997267900838,11.852279518376353,-2.171997267900838,7.901495983562268,8.158049867105955,9.474983294559514,4.275721520006637,True,2.0,True,2.0,True,3.0,MACD_FAIL
BULL_2017,MMM,yfinance,MACD_PASS,2017-02-07,2017-02-08,107.37848829885826,GREEN,197.15444946289062,194.0188021850586,184.68656646728516,-0.16961905619734916,-0.2309339721547601,-0.26700666761460384,True,2017-02-01,106.11280103029117,1.192775288445902,False,,9.202175253511236,-0.07401849121779769,9.202175253511236,-0.07401849121779769,4.135809489694098,7.282208131895396,8.829651311692576,8.835363846205135,True,2.0,True,3.0,True,6.0,MACD_PASS
BULL_2017,SYY,yfinance,MACD_FAIL,2017-02-07,2017-02-08,40.72318257905822,GREEN,197.15444946289062,194.0188021850586,184.68656646728516,-0.14240071518065017,-0.18777528289036327,-0.15689940011803677,False,2017-01-23,39.04106523208719,4.308584658157644,False,,2.5744225497368323,-0.730069305831349,2.5744225497368323,-0.730069305831349,1.344847594942289,1.6138414204298401,1.402494481766725,0.7108629832624835,True,11.0,False,,False,,MACD_FAIL
BULL_2017,TROW,yfinance,MACD_PASS,2017-02-07,2017-02-08,47.22538258472416,GREEN,197.15444946289062,194.0188021850586,184.68656646728516,-0.3094010306227952,-0.39414256397306024,-0.4661212394804234,True,2017-01-30,45.70718023050812,3.3215839318013307,False,,7.644461186811968,-0.26666711877894045,7.644461186811968,-0.26666711877894045,6.000018305331234,6.607416583945613,6.237040550020123,4.770383120031241,True,2.0,True,3.0,True,5.0,MACD_PASS
BULL_2017,TGT,yfinance,MACD_FAIL,2017-02-08,2017-02-09,48.38140147732524,GREEN,197.41273498535156,194.17412017822267,184.78974296569825,0.1674039420669764,0.06648391130631981,0.01780296271540238,False,2017-01-09,47.01445634009705,2.907499615309539,True,12.0,4.520582071937618,-15.221160970564684,4.520582071937618,-10.718115280940033,1.5912447852645784,3.6324192820137657,-10.640198501128816,-13.740934000646266,True,0.0,True,1.0,False,,MACD_FAIL
BULL_2017,WBA,legacy_fallback,MACD_FAIL,2017-02-08,2017-02-09,80.14,GREEN,197.41273498535156,194.17412017822267,184.78974296569825,0.003657396926450396,-0.056493582952996446,-0.12763012381526273,False,2017-02-02,78.65,1.8944691671964442,False,,8.15947092587972,-0.40554030446718903,8.15947092587972,-0.40554030446718903,5.270776141751932,7.679061642126284,5.565260793611171,5.245819815323172,True,1.0,True,3.0,True,5.0,MACD_FAIL
BULL_2017,APD,yfinance,MACD_PASS,2017-02-13,2017-02-14,111.26285218207934,GREEN,200.4526824951172,194.81116729736328,185.13056838989257,-0.20335757080470684,-0.34781070700945116,-0.5054693751653851,True,2017-02-02,108.932984840152,2.138807951830368,True,19.0,2.606812648323542,-3.2193457816351634,2.606812648323542,-3.2193457816351634,-0.042730379529665186,2.343283422213349,-0.5982849994272343,-1.7165256134024198,True,10.0,False,,False,,MACD_PASS
BULL_2017,T,yfinance,MACD_PASS,2017-02-16,2017-02-17,15.97273651925553,GREEN,202.13194274902344,195.61994873046876,185.53010803222656,-0.032069003772394966,-0.04295067882405418,-0.052082459092516915,True,2017-02-14,15.677873033230174,1.8807620485277399,False,,3.7162669631919165,-0.9229997113383237,3.7162669631919165,-0.9229997113383237,1.578814867260503,1.9188188331219491,2.9147332347238653,3.0361640754798636,True,4.0,True,14.0,False,,MACD_PASS
BULL_2017,ADM,yfinance,MACD_FAIL,2017-03-13,2017-03-14,33.98675153901205,GREEN,204.79295349121094,198.99801818847655,187.9022886657715,-0.06519402204718205,-0.06421213825490105,-0.08612489735767645,False,2017-03-09,33.53055932382248,1.3605267087371642,False,,3.78074919367406,-1.5436178263832256,3.78074919367406,-1.5436178263832256,0.5593516503000995,2.281909890923539,1.5883745179638753,-0.3579580345336342,True,6.0,True,11.0,False,,MACD_FAIL
BULL_2017,DOV,yfinance,MACD_FAIL,2017-03-13,2017-03-14,53.524725478125816,GREEN,204.79295349121094,198.99801818847655,187.9022886657715,-0.34142976019131044,-0.369235780156293,-0.3285684318112055,False,2017-03-09,52.756189972812926,1.456768401412134,False,,7.3097655947446105,-0.835401870285768,7.3097655947446105,-0.835401870285768,2.1929249049237987,3.5504438270229643,6.017491224060678,5.8739039284248395,True,1.0,True,1.0,True,5.0,MACD_FAIL
BULL_2017,EMR,yfinance,MACD_PASS,2017-03-13,2017-03-14,47.44727838485117,GREEN,204.79295349121094,198.99801818847655,187.9022886657715,-0.23495129734459455,-0.288250513270598,-0.3035128893477194,True,2017-02-28,46.89751173734651,1.1722725303288328,True,8.0,2.267019056601871,-3.5263962225202894,2.065503721439055,-1.9647160447764045,-0.9907553727094842,-0.1846945585255888,0.26867344514325264,0.3022961617834774,True,3.0,False,,False,,MACD_PASS
BULL_2017,GWW,yfinance,MACD_FAIL,2017-03-15,2017-03-16,215.8361091666954,GREEN,205.77467346191406,199.47975311279296,188.1734348297119,-0.8149169851494288,-1.0204514014795436,-1.00954274167165,False,2017-03-10,211.76520762618372,1.9223656171592607,True,2.0,0.15346914969969205,-10.64215372605487,0.15346914969969205,-2.6655829314987,-2.815031870201512,-5.549270372650417,-7.184996236213026,-10.541184408231208,False,,False,,False,,MACD_FAIL
BULL_2017,NUE,yfinance,MACD_PASS,2017-03-15,2017-03-16,53.586832391493935,GREEN,205.77467346191406,199.47975311279296,188.1734348297119,-0.09416171895496184,-0.25537771547205074,-0.268267799718732,True,2017-03-09,48.96827141294558,9.431741912227999,True,6.0,0.5025153650921599,-12.807225696283686,0.5025153650921599,-9.502044021026201,-6.715371660524605,-7.90359303072985,-7.8882664237139855,-12.715286268428672,False,,False,,False,,MACD_PASS
BULL_2017,PPG,yfinance,MACD_PASS,2017-03-16,2017-03-17,87.09267286529091,GREEN,205.36993408203125,199.7077880859375,188.31118576049803,-0.05839129285779565,-0.08736383507034307,-0.17233941050103496,True,2017-03-13,84.63982636814251,2.8979814850750074,False,,2.184120422781599,-2.09792481326867,2.184120422781599,-2.09792481326867,-0.574765278680156,0.6609940141877102,1.5901765174981541,0.9579347072650624,True,13.0,False,,False,,MACD_PASS
BULL_2017,APD,yfinance,MACD_PASS,2017-03-17,2017-03-20,110.54170888937306,GREEN,205.00924682617188,199.90553070068358,188.44531143188476,-0.018155428475599478,-0.13859434056144226,-0.18255379690309637,True,2017-03-07,107.6809162438286,2.656731336745488,True,4.0,0.15054229465092384,-4.201002998119718,0.15054229465092384,-3.4554631692212845,-2.559312869132979,-2.5780858312424826,-1.9933494724772682,-2.3470679681067086,False,,False,,False,,MACD_PASS
BULL_2017,MHFI,yfinance,MACD_FAIL,2017-03-23,2017-03-24,112.73810361656784,GREEN,202.4145965576172,200.5318408203125,188.9282482147217,-0.6303642439650199,-0.6583978742270817,-0.6137159746010232,False,2017-03-21,110.8225872718405,1.7284530093388817,False,,3.9311129818289547,-1.4519559229369317,3.9311129818289547,-1.4519559229369317,0.9731281328798858,0.44023905305996536,0.9885915529168177,3.4136618563723964,True,18.0,True,20.0,False,,MACD_FAIL
BULL_2017,BEN,yfinance,MACD_FAIL,2017-03-24,2017-03-27,24.912601532690022,GREEN,202.2674560546875,200.66579193115234,189.03976692199706,-0.15512165851569215,-0.1507265097995062,-0.14588869559490575,False,2017-03-21,24.961778763405793,-0.19701012168197307,False,,5.438871310874105,-0.3455068807177497,5.438871310874105,-0.3455068807177497,3.5294741985607336,4.248617307099556,3.2567464671397817,4.248617307099556,True,1.0,True,1.0,True,3.0,MACD_FAIL
BULL_2017,ABT,yfinance,MACD_PASS,2017-03-28,2017-03-29,37.480491638183594,GREEN,203.5302276611328,200.9654769897461,189.2790547180176,-0.1649239882705391,-0.17430408188784025,-0.18055970685387784,True,2017-03-23,37.13649083679031,0.9263147746110922,True,4.0,0.3805730705419341,-4.7038430269383475,0.3805730705419341,-1.4774776189173444,-1.94760742842498,-2.0686115396539084,-0.9424458483956566,-1.685701566346265,False,,False,,False,,MACD_PASS
BULL_2017,CAH,yfinance,MACD_PASS,2017-03-28,2017-03-29,62.99894820929577,GREEN,203.5302276611328,200.9654769897461,189.2790547180176,-0.21888801610459296,-0.2527966501458625,-0.30087330331420903,True,2017-03-23,61.918852948715745,1.7443722051418087,True,13.0,1.2349494739677613,-12.837697332317866,1.2349494739677613,-12.030764985922138,-1.5404566612505444,-0.09773223420130872,-10.367952776479283,-10.575784586326431,False,,False,,False,,MACD_PASS
BULL_2017,GD,yfinance,MACD_FAIL,2017-03-28,2017-03-29,152.78676941626074,GREEN,203.5302276611328,200.9654769897461,189.2790547180176,-0.6661405058363296,-0.7497993471550111,-0.5932198249276877,False,2017-03-27,149.30847320554219,2.3296040311993726,False,,5.2422425599775835,-0.9255368228227923,5.2422425599775835,-0.9255368228227923,-0.6992757881256639,-0.4374869963189698,0.518936428125083,4.205681228010683,True,17.0,True,18.0,True,19.0,MACD_FAIL
BULL_2017,WBA,legacy_fallback,MACD_PASS,2017-03-28,2017-03-29,82.345,GREEN,203.5302276611328,200.9654769897461,189.2790547180176,-0.325964181822948,-0.39526709776842106,-0.4557606733790914,True,2017-03-22,81.311,1.2716606609191716,True,4.0,3.2886028295585623,-3.9480235594146595,0.3218167466148447,-1.4475681583581146,-2.907280344890406,-1.2326188596757603,0.6460622988645248,2.7384783532697687,False,,False,,False,,MACD_PASS
BULL_2017,CVX,yfinance,MACD_PASS,2017-03-29,2017-03-30,72.96126207744419,GREEN,203.72056579589844,201.14313049316405,189.4144482421875,-0.031852282165139245,-0.09884518359326677,-0.12473092995730939,True,2017-03-14,71.38934732725774,2.201889790336087,True,12.0,2.330086807942866,-3.994464036538792,2.330086807942866,-2.6167413215053337,1.0540790024135438,-1.8955260763919513,-3.01435910370329,-1.3407523705433633,True,4.0,False,,False,,MACD_PASS
BULL_2017,TROW,yfinance,MACD_PASS,2017-03-29,2017-03-30,47.92716713089721,GREEN,203.72056579589844,201.14313049316405,189.4144482421875,-0.1953860176708701,-0.21423791865041147,-0.25649942131411757,True,2017-03-21,47.03859349880554,1.8890310402547072,False,,7.548573330303121,-0.5296997919989499,7.548573330303121,-0.5296997919989499,2.0158893850915627,3.384366564598973,5.635672423414162,4.311369709229096,True,4.0,True,6.0,True,11.0,MACD_PASS
BULL_2017,T,yfinance,MACD_FAIL,2017-03-30,2017-03-31,16.213271883471556,GREEN,204.36924743652344,201.32514434814453,189.55482231140138,-0.03789471555591489,-0.046888228699091164,-0.04558279451155211,False,2017-03-24,16.00764704556553,1.2845413027955832,True,4.0,0.23929295605873424,-5.048667341425162,0.23929295605873424,-1.3050394978765367,-1.329355932291254,-2.0343090120528706,-2.7150103600554365,-4.951434125235021,False,,False,,False,,MACD_FAIL
BULL_2017,MKC,yfinance,MACD_PASS,2017-04-05,2017-04-06,41.89490680040131,GREEN,203.0631866455078,201.99728332519533,190.0977003479004,-0.13574049403228372,-0.22158746956240624,-0.24910295734847082,True,2017-03-30,40.2805020942875,4.007906113818671,False,,1.5021888210171364,-1.6116051023260858,1.5021888210171364,-1.6116051023260858,-1.323127419217618,-0.119384931818034,-0.6168127280271385,-0.35814663183990625,False,,False,,False,,MACD_PASS
BULL_2017,SYY,yfinance,MACD_PASS,2017-04-06,2017-04-07,40.678152049070555,GREEN,203.634033203125,202.1160238647461,190.22811096191407,-0.01200803582621357,-0.0255337091991778,-0.03644985205364665,True,2017-04-04,40.214632645734824,1.1526137946330062,False,,8.594675053536216,-0.2129318828425708,8.594675053536216,-0.2129318828425708,0.890450705957857,2.322883962087041,2.3035282766400877,6.271800147938689,True,10.0,True,12.0,True,18.0,MACD_PASS
BULL_2017,ABBV,yfinance,MACD_PASS,2017-04-07,2017-04-10,44.29307446039972,GREEN,203.42649841308594,202.23474731445313,190.3589316558838,-0.134836884508107,-0.16066263732168917,-0.16357138992189768,True,2017-04-03,43.7182807317949,1.3147674587916658,True,5.0,4.078668663011431,-2.674855285769473,0.42747905236164563,-2.674855285769473,-1.8576407732175726,0.378095510013976,2.7372130524900173,2.027921528854737,False,,False,,False,,MACD_PASS
BULL_2017,ADP,yfinance,MACD_PASS,2017-04-07,2017-04-10,83.53340863693066,GREEN,203.42649841308594,202.23474731445313,190.3589316558838,-0.22747912228269251,-0.28204494786594014,-0.31135513140195525,True,2017-03-30,82.47041152077165,1.2889436302755408,True,16.0,3.4455741651470806,-6.519215011439316,3.4455741651470806,-6.519215011439316,-0.2251455147551762,2.7897351878073184,1.8108689207300577,-4.9726035266904,True,10.0,True,12.0,False,,MACD_PASS
BULL_2017,CLX,yfinance,MACD_PASS,2017-04-11,2017-04-12,100.32377306548565,GREEN,203.30538940429688,202.50905090332031,190.6297297668457,-0.4257587448810554,-0.5261258823506534,-0.5857252151375163,True,2017-03-29,99.40903419456217,0.9201768011679601,True,13.0,2.6313310567597004,-4.045349364367645,2.6313310567597004,-2.3987568835179163,1.9922177710401279,0.7516208422857273,-0.48145496663748455,-0.2859971082949886,True,3.0,False,,False,,MACD_PASS
BULL_2017,KMB,yfinance,MACD_PASS,2017-04-11,2017-04-12,95.49591611797271,GREEN,203.30538940429688,202.50905090332031,190.6297297668457,-0.2404091928152896,-0.31825179824636873,-0.3723561536176777,True,2017-03-31,94.20153105787946,1.374059471812572,True,6.0,1.0843074776136996,-5.459350001945618,1.0843074776136996,-2.5527154464253132,-1.1822449510684563,-2.108461099514769,-3.4713769011247564,-3.5316237331349143,False,,False,,False,,MACD_PASS
BULL_2017,MMM,yfinance,MACD_PASS,2017-04-11,2017-04-12,117.11807539205762,GREEN,203.30538940429688,202.50905090332031,190.6297297668457,-0.32755756663902014,-0.35575466324087535,-0.36075657795838656,True,2017-04-10,116.30574315439975,0.698445507183143,True,1.0,5.039156782032728,-0.8880028555879438,0.09457986326337764,-0.8880028555879438,0.4466488643977806,3.0476689360135367,4.834235152004607,3.383929342436942,False,,False,,False,,MACD_PASS
BULL_2017,PG,yfinance,MACD_PASS,2017-04-11,2017-04-12,69.38539428849718,GREEN,203.30538940429688,202.50905090332031,190.6297297668457,-0.13505197629191326,-0.17026384924639593,-0.18835860824189837,True,2017-03-31,68.65054526855188,1.0704197862823506,True,9.0,1.6082603606840884,-3.5255122574409437,1.6082603606840884,-1.582129085434758,0.35009798707688056,-1.492238856597139,-2.885226323343637,-3.1997357010233207,False,,False,,False,,MACD_PASS
BULL_2017,BF-B,yfinance,MACD_PASS,2017-04-12,2017-04-13,30.724880963704265,GREEN,202.4145965576172,202.6385385131836,190.7916931915283,-0.03756045235111627,-0.05404264112544935,-0.07341030361032441,True,2017-03-31,30.423449259972315,0.990787405978133,False,,8.17528590597325,-0.8720288376815932,8.17528590597325,-0.8720288376815932,0.8502096693650874,3.161031240855494,6.845409877357467,7.259621181629461,True,6.0,True,7.0,True,14.0,MACD_PASS
BULL_2017,JNJ,yfinance,MACD_PASS,2017-04-12,2017-04-13,97.10951130731284,GREEN,202.4145965576172,202.6385385131836,190.7916931915283,-0.28806361909386324,-0.3661225628044795,-0.3770803415135322,True,2017-03-30,96.19371740302195,0.9520308903896435,True,2.0,0.5434224277929944,-3.3405486697433484,0.5434224277929944,-3.3405486697433484,-2.693225695916379,-1.3266529208202038,-1.2947005948936496,-1.1907907196281986,False,,False,,False,,MACD_PASS
BULL_2017,ADM,yfinance,MACD_PASS,2017-04-18,2017-04-19,34.465756588533424,GREEN,202.27613830566406,202.9704183959961,191.18517112731934,-0.06762761393341185,-0.11830510037921875,-0.13331547510417083,True,2017-04-11,33.59137615753775,2.602990800064209,True,9.0,1.2795102033388517,-9.331549989634503,1.2795102033388517,-8.405002427356656,-0.13234429070154707,-8.868274124127872,-6.706384935535404,-7.704133544861069,False,,False,,False,,MACD_PASS
BULL_2017,CTAS,yfinance,MACD_PASS,2017-04-20,2017-04-21,27.985924715649954,GREEN,203.54754638671875,203.19344848632812,191.43073501586915,-0.08767000946450951,-0.10616308642352923,-0.1189116641844514,True,2017-04-07,27.595209262032377,1.4158814666252795,True,8.0,2.491854127604598,-2.970771564926389,2.491854127604598,-2.6380055266084668,-0.5925466286320735,-0.17046299416615396,-0.7305309218519018,-1.7694887214819377,True,2.0,False,,False,,MACD_PASS
BULL_2017,EMR,yfinance,MACD_FAIL,2017-04-20,2017-04-21,47.16841708696092,GREEN,203.54754638671875,203.19344848632812,191.43073501586915,-0.04147320670806742,-0.09578634094094299,-0.09342341411016478,False,2017-04-18,46.124657209432634,2.262910860863454,False,,4.104708565738746,-4.104750864616236,4.104708565738746,-4.104750864616236,1.8243346195354615,-0.43919847194775485,-2.1751016795453104,1.1629472725577905,True,2.0,True,2.0,False,,MACD_FAIL
BULL_2017,NUE,yfinance,MACD_PASS,2017-04-20,2017-04-21,49.54861796892656,GREEN,203.54754638671875,203.19344848632812,191.43073501586915,-0.058913511215375136,-0.23946050702273203,-0.27150713051920317,True,2017-04-17,46.32968265173614,6.9478898471794,True,18.0,3.264843982395038,-8.650981782773693,3.264843982395038,-7.076555620860181,1.6407127288817769,0.21546204470641594,-5.00496781674975,-6.098765569618969,True,1.0,True,3.0,False,,MACD_PASS
BULL_2017,MKC,yfinance,MACD_FAIL,2017-05-04,2017-05-05,41.88656587147091,GREEN,206.50555419921875,204.1427032470703,192.6105387878418,-0.04130895843997344,-0.06628371448420446,-0.06147956720209011,False,2017-05-03,41.28640673854367,1.453648259408702,False,,5.323378345056562,-1.2835490729452115,5.323378345056562,-1.2835490729452115,-1.0945310538059694,0.48759157809561415,3.960188737864323,4.87564542705019,True,12.0,True,13.0,True,19.0,MACD_FAIL
BULL_2017,CAH,yfinance,MACD_PASS,2017-05-05,2017-05-08,55.96658511379636,GREEN,207.31851196289062,204.2168103027344,192.7225308227539,-0.04379699461888853,-0.1051349872956262,-0.19249683578845156,True,2017-04-20,54.76498961741704,2.1940942649191664,False,,5.174794187367571,-1.596489926766309,5.174794187367571,-1.596489926766309,0.41288429381463043,0.5917777250111556,1.2249184254548462,1.7616055350709203,True,9.0,True,17.0,True,18.0,MACD_PASS
BULL_2017,DOV,yfinance,MACD_FAIL,2017-05-05,2017-05-08,54.96398333713641,GREEN,207.31851196289062,204.2168103027344,192.7225308227539,-0.19507714867669498,-0.263352849597291,-0.2287702260772767,False,2017-05-02,53.42691144685861,2.8769619067474217,False,,7.579145313904467,-0.4703205277588607,7.579145313904467,-0.4703205277588607,3.3684719300768995,5.69465787130059,6.569531651037597,6.978513072725923,True,2.0,True,2.0,True,9.0,MACD_FAIL
BULL_2017,T,yfinance,MACD_PASS,2017-05-08,2017-05-09,15.185830192083833,GREEN,207.28395080566406,204.28505950927735,192.83784233093263,-0.05765985756084224,-0.06869958344706636,-0.077703542250397,True,2017-05-01,14.831114533460475,2.3916992740032006,True,6.0,1.4274583668602459,-2.8030083878215595,0.5969206844546049,-2.8030083878215595,-0.8824385673134927,-0.570961761983646,-1.933931020881019e-05,0.596941237411408,False,,False,,False,,MACD_PASS
BULL_2017,ADM,yfinance,MACD_PASS,2017-05-16,2017-05-17,32.10160576281932,GREEN,207.64724731445312,204.57003814697265,193.5154921722412,-0.09537051992571977,-0.1312978677033489,-0.16431240788840523,True,2017-05-15,31.789394911924198,0.9821226599629584,True,1.0,3.7708649997267196,-2.6253348075062743,0.4534573264672437,-1.8854442131140736,1.5512523360329489,-0.19096703965816308,0.2624957831419694,1.0978608124187827,False,,False,,False,,MACD_PASS
BULL_2017,ADP,yfinance,MACD_PASS,2017-05-16,2017-05-17,79.88655785223082,GREEN,207.64724731445312,204.57003814697265,193.5154921722412,-0.2671791990608754,-0.3869890631683558,-0.5444961782780504,True,2017-05-10,78.37386686731193,1.9300961473291744,False,,5.8342324370827425,-0.9211445938925644,5.8342324370827425,-0.9211445938925644,2.3337086717251987,5.783052219247109,3.7265223419494786,5.167612706516755,True,5.0,True,6.0,True,10.0,MACD_PASS
BULL_2017,AFL,yfinance,MACD_PASS,2017-05-18,2017-05-19,29.775411499999972,GREEN,204.7843780517578,204.58874267578125,193.71722427368164,-0.07155426500723075,-0.07786384460652576,-0.07912483708406615,True,2017-05-11,29.379966032647527,1.3459697908194235,False,,8.859705354005998,-0.3387992910939164,8.859705354005998,-0.3387992910939164,2.016771858871347,3.270896307603266,5.806299324681818,8.041828361688431,True,5.0,True,8.0,True,14.0,MACD_PASS
BULL_2017,ITW,yfinance,MACD_FAIL,2017-05-19,2017-05-22,110.33875435676654,GREEN,206.11636352539062,204.6315719604492,193.8270810699463,-0.39767392850385896,-0.4568426837273216,-0.39204103624761455,False,2017-05-18,107.43424346746158,2.703524309904637,False,,9.285863509523073,-0.23996642001326007,9.285863509523073,-0.23996642001326007,2.6032321053845564,3.970322471548826,6.4717535677105476,8.784127875539372,True,3.0,True,7.0,True,8.0,MACD_FAIL
BULL_2017,PG,yfinance,MACD_FAIL,2017-05-19,2017-05-22,67.22755932737076,GREEN,206.11636352539062,204.6315719604492,193.8270810699463,0.016617258569589954,-0.007530186010911266,-0.007526336711294546,False,2017-04-28,66.65858413387944,0.85356627489801,False,,4.591372764260737,-0.3129596949381974,4.591372764260737,-0.3129596949381974,1.3333749648910764,2.956578216827288,2.0986118385622365,3.9189064264771645,True,6.0,True,10.0,False,,MACD_FAIL
BULL_2017,ABT,yfinance,MACD_FAIL,2017-05-22,2017-05-23,36.89932888578518,GREEN,207.1628875732422,204.68103759765626,193.94119087219238,-0.07484010428007333,-0.10688739229695046,-0.09991570329326509,False,2017-05-18,36.19866001339508,1.9356210205870195,False,,12.788845310645058,-0.709244739830106,12.788845310645058,-0.709244739830106,4.46121274862612,6.520287321061025,8.991108576384343,11.118745567241373,True,3.0,True,4.0,True,6.0,MACD_FAIL
BULL_2017,LOW,yfinance,MACD_FAIL,2017-05-22,2017-05-23,70.72693276485879,GREEN,207.1628875732422,204.68103759765626,193.94119087219238,-0.26090229657595576,-0.2464348130126277,-0.25896802222993753,False,2017-05-19,70.52517875467746,0.28607373103319844,True,0.0,0.059428395674521184,-7.8322112146319895,0.059428395674521184,-2.3651032543439143,-6.382255385392321,-7.54700475554394,-4.2548424298970104,-5.942507915365647,False,,False,,False,,MACD_FAIL
BULL_2017,LEG,yfinance,MACD_PASS,2017-05-23,2017-05-24,35.83420891016213,GREEN,207.62127685546875,204.7376040649414,194.05005416870117,-0.22763607273579828,-0.2658895138110165,-0.3144159922719126,True,2017-05-15,34.917901869153916,2.6241755430834512,False,,5.5804197895973795,0.0,5.5804197895973795,0.0,1.717776241113067,1.6201685073517158,2.789609011727223,3.497145320671935,True,1.0,True,12.0,True,17.0,MACD_PASS
BULL_2017,NUE,yfinance,MACD_PASS,2017-05-23,2017-05-24,48.6864096895395,GREEN,207.62127685546875,204.7376040649414,194.05005416870117,-0.10293296157688991,-0.2554779219045338,-0.3119126581356426,True,2017-05-11,45.26217605481859,7.565331438271339,True,15.0,2.2094526184797125,-8.90537806871735,2.2094526184797125,-7.977732249981273,-0.3710784110176224,-0.2530091726772654,-7.910272135810315,-4.368367360889625,True,12.0,False,,False,,MACD_PASS
BULL_2017,PPG,yfinance,MACD_PASS,2017-05-23,2017-05-24,89.42686455846226,GREEN,207.62127685546875,204.7376040649414,194.05005416870117,-0.31400094474019413,-0.3669523456902143,-0.4025706983336976,True,2017-05-15,87.83594865532899,1.8112355220025744,False,,4.625485368145266,-1.039322026319589,4.625485368145266,-1.039322026319589,2.2097354997870022,1.0487010863702961,4.232222998025659,3.5300091414030454,True,5.0,True,5.0,False,,MACD_PASS
BULL_2017,BEN,yfinance,MACD_PASS,2017-05-26,2017-05-30,25.662156771614335,GREEN,209.05703735351562,204.95978454589843,194.39649330139162,-0.12058801198859678,-0.13408539303523254,-0.1453027981206462,True,2017-05-25,25.594199665173857,0.2655176068386611,False,,8.834829269914902,-0.818504444386059,8.834829269914902,-0.818504444386059,2.4313912357761813,6.259020104672253,7.149712730956814,7.0293874313671845,True,2.0,True,2.0,True,8.0,MACD_PASS
BULL_2017,WBA,legacy_fallback,MACD_FAIL,2017-06-02,2017-06-05,82.363,GREEN,211.1846923828125,205.45555084228516,194.8702264404297,0.014557509226786891,-0.15231208551413022,-0.3029053211931496,False,2017-05-16,79.276,3.893990615066345,True,9.0,0.2998919417699586,-9.69367312992484,0.2998919417699586,-7.086920097616655,-1.728931680487611,-4.131709626895574,-6.870803637555712,-6.149606012408482,False,,False,,False,,MACD_FAIL
BULL_2017,PNR,yfinance,MACD_FAIL,2017-06-09,2017-06-12,38.77194498921699,GREEN,210.5273895263672,206.24573211669923,195.48142631530763,-0.13916134961696325,-0.20385740551346293,-0.2037068247505328,False,2017-06-07,37.23787109034475,4.119660587336882,False,,1.6248214692210494,-2.5424731026460923,1.6248214692210494,-2.5424731026460923,1.158443430491518,-1.2486603273513697,0.8424897858521074,0.21063169061381615,False,,False,,False,,MACD_FAIL
BULL_2017,DOV,yfinance,MACD_FAIL,2017-06-26,2017-06-27,55.27349088344275,GREEN,211.4497528076172,208.00223236083986,196.88332717895508,-0.4533110750558618,-0.48172174424661635,-0.47502389192448347,False,2017-06-22,53.98805265676481,2.3809679427599706,False,,8.412761434148042,-0.8514414657773361,8.412761434148042,-0.8514414657773361,3.7234739729342436,7.256328610792084,8.272974051170845,5.934692298897759,True,3.0,True,4.0,True,6.0,MACD_FAIL
BULL_2017,BF-B,yfinance,MACD_PASS,2017-06-28,2017-06-29,32.950889451245295,GREEN,211.62355041503906,208.326474609375,197.1603968811035,-0.10455610831061579,-0.1485817075119842,-0.16048152897055906,True,2017-06-07,32.493810736441766,1.4066639290506888,True,2.0,3.610782848184413,-3.835194798770769,0.489616645440627,-1.6523958208600975,-1.7339671262565526,-3.32516811992587,-1.5503572157491874,2.060390716657068,False,,False,,False,,MACD_PASS
BULL_2017,ECL,yfinance,MACD_FAIL,2017-06-28,2017-06-29,120.6650456812634,GREEN,211.62355041503906,208.326474609375,197.1603968811035,-0.35862422366002455,-0.4257256384845083,-0.4100760246730075,False,2017-06-23,119.23040213818746,1.203253127850057,False,,0.827776715009243,-1.5125250327847617,0.827776715009243,-1.5125250327847617,-0.20316929601061906,-0.12791547813961746,0.12043097273730652,-0.7298891160193333,False,,False,,False,,MACD_FAIL
BULL_2017,EMR,yfinance,MACD_FAIL,2017-06-30,2017-07-03,47.84548966555264,GREEN,210.1547393798828,208.61580688476562,197.444008102417,-0.10423247867172125,-0.16354490969784358,-0.14414676236790874,False,2017-06-29,46.600353919023966,2.6719448283425207,False,,1.8804687843361423,-1.846867892970061,1.8804687843361423,-1.846867892970061,0.4365266775419485,0.4533416304026039,1.4607239414226703,0.6716011536647581,False,,False,,False,,MACD_FAIL
BULL_2017,LOW,yfinance,MACD_PASS,2017-06-30,2017-07-03,65.56573986650997,GREEN,210.1547393798828,208.61580688476562,197.444008102417,-0.08372447163093688,-0.15711952282038566,-0.16811510011488118,True,2017-06-26,63.708024243685735,2.9159837318426307,True,12.0,0.5769191644130478,-8.230808755841856,0.5769191644130478,-8.230808755841856,-2.243604960744061,-2.615423929996352,-2.4197196304870827,0.3391774704524897,False,,False,,False,,MACD_PASS
BULL_2017,ITW,yfinance,MACD_PASS,2017-07-03,2017-07-05,116.38255478784954,GREEN,210.51113891601562,208.7680520629883,197.57967193603517,-0.5499259918105677,-0.6396722330076938,-0.6773826005567807,True,2017-06-29,113.72266965669044,2.3389225201877917,True,15.0,2.42400792924804,-3.379714186003069,2.42400792924804,-3.0473002668036764,1.2812734136799842,2.2785795045567436,-2.9918935006061353,-1.8144962208527016,True,5.0,False,,False,,MACD_PASS
BULL_2017,JNJ,yfinance,MACD_FAIL,2017-07-05,2017-07-06,104.37818663092771,GREEN,210.99778747558594,208.88540008544922,197.7213136291504,-0.3852002740521938,-0.401110852445443,-0.3568540666256812,False,2017-07-03,103.4485428360824,0.8986533491519344,True,2.0,2.5970977242054216,-3.0237454876909875,0.2694413656964434,-1.7813240462921542,-1.3098159682197075,2.215393934026455,-2.0807066587027245,-0.19460248407253689,False,,False,,False,,MACD_FAIL
BULL_2017,PG,yfinance,MACD_FAIL,2017-07-06,2017-07-07,68.35001112873398,GREEN,209.0683135986328,208.94028839111328,197.85313652038573,-0.1921481107485714,-0.19214767514179112,-0.20211247410506394,False,2017-06-30,67.81218890958314,0.7931055283703303,True,2.0,5.450799072434731,-1.5737208036550765,0.20522882952083155,-1.5737208036550765,-0.6728562154896811,1.841919062149322,3.6808205085505863,4.209531324246818,False,,False,,False,,MACD_FAIL
BULL_2017,ABT,yfinance,MACD_FAIL,2017-07-11,2017-07-12,40.889429548546815,GREEN,210.49371337890625,209.20207305908204,198.24392417907714,-0.18436871151538148,-0.17295340101819456,-0.15742216942298382,False,2017-07-10,40.55465346589228,0.8254936340069907,False,,6.144932654028157,-0.7058109924766742,6.144932654028157,-0.7058109924766742,2.6157618168098473,4.629481741932029,2.2005706806561554,1.2456142747639065,True,5.0,True,6.0,True,6.0,MACD_FAIL
BULL_2017,MDT,yfinance,MACD_FAIL,2017-07-11,2017-07-12,69.04981900931341,GREEN,210.49371337890625,209.20207305908204,198.24392417907714,-0.24922671884727143,-0.22886311059506836,-0.18371763984573852,False,2017-07-10,68.2078616429157,1.2343992996079356,True,3.0,1.2193806409880548,-5.606840557411474,1.2193806409880548,-2.176595404832593,-2.3931266558785635,-2.290612958556071,-5.185182998291548,-4.330456539596117,False,,False,,False,,MACD_FAIL
BULL_2017,MKC,yfinance,MACD_PASS,2017-07-12,2017-07-13,40.78434420137507,GREEN,212.07553100585938,209.3148565673828,198.37973922729492,-0.07119369329636971,-0.14615751777103225,-0.20446940369064048,True,2017-06-20,39.59490148191213,3.004030001201796,True,4.0,0.5031572870761281,-7.321832472692602,0.5031572870761281,-7.321832472692602,-5.031853444883394,-2.1872978083181005,-2.2591969118958666,-2.2386476299184555,False,,False,,False,,MACD_PASS
BULL_2017,PEP,yfinance,MACD_FAIL,2017-07-12,2017-07-13,87.04393336077096,GREEN,212.07553100585938,209.3148565673828,198.37973922729492,-0.24063921559307855,-0.28465149799592165,-0.25247527972538547,False,2017-07-03,84.99941744869527,2.4053293227682904,False,,2.7054915513071487,-0.8960407191316744,2.7054915513071487,-0.8960407191316744,0.48718079801475245,2.0791313885165863,1.1744000620424577,1.2439853402404832,True,9.0,False,,False,,MACD_FAIL
BULL_2017,SYY,yfinance,MACD_FAIL,2017-07-13,2017-07-14,40.057788952538274,GREEN,212.43185424804688,209.4332095336914,198.52482704162597,0.05499959446054459,-0.017807974293672424,-0.10428144097248992,False,2017-06-23,38.71832246298507,3.4595158166621065,False,,4.92682225098886,-0.43526863690740436,4.92682225098886,-0.43526863690740436,1.068497713249883,3.383478248467564,3.541788352449804,2.0578120643328424,True,6.0,True,7.0,False,,MACD_FAIL
BULL_2017,WMT,yfinance,MACD_PASS,2017-07-13,2017-07-14,22.02474677737951,GREEN,212.43185424804688,209.4332095336914,198.52482704162597,-0.042744795797231505,-0.07381118780199486,-0.08205951245014181,True,2017-07-11,21.175752152184042,4.009277304975933,False,,8.175832473155387,-0.9440124260655103,8.175832473155387,-0.9440124260655103,-0.15733047548720513,4.64142333783697,5.519835679316287,6.078034927043685,True,7.0,True,7.0,True,11.0,MACD_PASS
BULL_2017,KO,yfinance,MACD_PASS,2017-07-14,2017-07-17,33.79918105074602,GREEN,213.42263793945312,209.57639495849608,198.66917541503906,-0.06462303998263166,-0.08799172033412289,-0.0990239078388635,True,2017-07-03,33.41321224342874,1.1551382863322024,False,,3.9632699621066747,-0.7837156815290847,3.9632699621066747,-0.7837156815290847,0.4030413643769215,2.64217619277074,2.1943785716280972,2.552607639454174,True,7.0,True,8.0,False,,MACD_PASS
BULL_2017,CL,yfinance,MACD_PASS,2017-07-17,2017-07-18,58.62045945419817,GREEN,213.3966064453125,209.71421600341796,198.80881355285644,-0.1604866601976247,-0.2193966119415255,-0.2813686906064602,True,2017-06-28,57.645431077655246,1.6914235149520174,True,18.0,2.741059080124053,-3.884297312948748,2.741059080124053,-3.884297312948748,-0.7575695328117416,-1.2396804958653584,-1.2396804958653584,-1.1019307878784357,True,6.0,False,,False,,MACD_PASS
BULL_2017,ED,yfinance,MACD_PASS,2017-07-18,2017-07-19,59.04922823334648,GREEN,213.5095672607422,209.838037109375,198.957406539917,-0.053695035847883876,-0.10131041707424226,-0.15789014373828175,True,2017-06-29,58.0127710496386,1.7866017515712818,False,,3.3893953975805413,-0.4664353468991078,3.3893953975805413,-0.4664353468991078,0.78556085531436,1.5097684704900471,2.1971529550938174,3.278002280155823,True,11.0,True,14.0,False,,MACD_PASS
BULL_2017,ADP,yfinance,MACD_FAIL,2017-07-19,2017-07-20,84.63972639598396,GREEN,214.66551208496094,209.98566833496093,199.10484451293945,-0.15733635586048034,-0.22828625295412136,-0.20648592653426434,False,2017-07-18,82.64975503672038,2.407715979774472,False,,18.303726201637605,-0.45664621147094575,18.303726201637605,-0.45664621147094575,12.3384833257542,8.588358781448946,5.800060259895523,1.700202923410532,True,4.0,True,4.0,True,5.0,MACD_FAIL
BULL_2017,VFC,yfinance,MACD_FAIL,2017-07-19,2017-07-20,41.107330044318836,GREEN,214.66551208496094,209.98566833496093,199.10484451293945,-0.11123385152682908,-0.14440170536275498,-0.1442751108521655,False,2017-07-18,40.15958742975165,2.3599411130032166,False,,13.076412143222328,-0.43998603965863525,13.076412143222328,-0.43998603965863525,7.022209252922318,11.281241356582106,7.778999321921809,11.03487998283532,True,1.0,True,1.0,True,3.0,MACD_FAIL
BULL_2017,CLX,yfinance,MACD_PASS,2017-07-20,2017-07-21,98.87888094371868,GREEN,214.7611083984375,210.13901641845703,199.2549863433838,-0.18878758205392887,-0.24244451687603197,-0.2692748299181964,True,2017-06-29,98.52825128393111,0.35586712969983836,False,,6.01917598018904,-0.15354852072336778,6.01917598018904,-0.15354852072336778,1.934733242298159,3.2552784830847337,3.1170558693897066,5.742783996164014,True,2.0,True,4.0,True,9.0,MACD_PASS
BULL_2017,KMB,yfinance,MACD_PASS,2017-07-25,2017-07-26,90.26067314191998,GREEN,215.03919982910156,210.597490234375,199.70998069763183,-0.09549842376080031,-0.16893176361721474,-0.19448791888909145,True,2017-07-03,88.45676203643306,2.0393139698510865,True,4.0,0.04013408237224514,-3.250663044606805,0.04013408237224514,-2.913518861584674,-2.5924782588177764,-2.391838343687158,-1.813949405841142,-1.8621124524103916,False,,False,,False,,MACD_PASS
BULL_2017,PPG,yfinance,MACD_PASS,2017-07-27,2017-07-28,88.88262458848389,GREEN,214.8480224609375,210.88571472167968,200.0136740875244,-0.5983593363070316,-0.6080010025897155,-0.6237732775430322,True,2017-07-24,87.66011006111452,1.394607566106254,True,4.0,0.6594142140357695,-4.963022845979726,0.6594142140357695,-2.1573522465922146,-1.073958103665995,-4.6981053400140915,-3.420863266986285,-1.8692354782856246,False,,False,,False,,MACD_PASS
BULL_2017,GD,yfinance,MACD_FAIL,2017-07-31,2017-08-01,161.46729598623128,GREEN,214.47430419921875,211.29217834472655,200.33061828613282,-0.619438589921216,-0.5715545180111932,-0.5869401975188159,False,2017-07-28,159.07351859321858,1.5048245705396424,False,,2.5182984508459683,-1.5536214018454175,2.5182984508459683,-1.5536214018454175,0.9342187770810417,1.284561602517531,2.1679551051152046,2.0257975477812717,True,4.0,False,,False,,MACD_FAIL
BULL_2017,MMM,yfinance,MACD_PASS,2017-08-01,2017-08-02,125.79135998932664,GREEN,214.9523162841797,211.46889739990235,200.49357330322266,-0.7359774612195085,-0.9295460113735853,-1.0301287745029089,True,2017-07-27,122.37402392178143,2.7925338711829006,False,,2.6772956204309972,-0.3454954351222561,2.6772956204309972,-0.3454954351222561,1.6191491625952015,2.3278703417296542,0.31775677387373413,0.8226717898064173,True,1.0,False,,False,,MACD_PASS
BULL_2017,ABBV,yfinance,MACD_PASS,2017-08-03,2017-08-04,49.04299815540917,GREEN,214.63941955566406,211.76713470458984,200.82066635131835,-0.28737438749459604,-0.3246174220115938,-0.34271579493714627,True,2017-07-31,48.11962609605738,1.9189094643182303,False,,6.786590406795523,-2.3886150742151613,6.786590406795523,-2.3886150742151613,-0.7587136129663108,-1.700125521130691,1.8406756339359065,5.971637538795149,True,15.0,True,16.0,True,19.0,MACD_PASS
BULL_2017,SWK,yfinance,MACD_PASS,2017-08-03,2017-08-04,110.91638513983445,GREEN,214.63941955566406,211.76713470458984,200.82066635131835,-0.4552598857454482,-0.5968197226667865,-0.7257427013984645,True,2017-07-28,108.34181395218019,2.376341223888523,True,4.0,2.758804384485525,-4.396948303286585,0.09115681518909735,-3.036468673030357,-2.4193881439472653,-3.576470443596036,-2.6437582583366703,0.48341869696106876,False,,False,,False,,MACD_PASS
BULL_2017,ITW,yfinance,MACD_PASS,2017-08-04,2017-08-07,114.19824904329182,GREEN,215.03054809570312,211.9056332397461,200.98101623535158,-0.22300664631990952,-0.3798597028357965,-0.4738296044312526,True,2017-07-26,112.4491570736518,1.55545138368125,True,3.0,0.5858285389342521,-4.6654539140714935,0.5858285389342521,-3.0561880867942537,-1.8563022302330867,-4.291372398483217,-3.6349671753171386,-3.6914402583222983,False,,False,,False,,MACD_PASS
BULL_2017,PNR,yfinance,MACD_PASS,2017-08-07,2017-08-08,36.77012447595733,GREEN,215.43028259277344,212.03223327636718,201.1409246826172,-0.0754031865097668,-0.09914324060260188,-0.14300616959424212,True,2017-07-24,36.39486933953702,1.031066035488304,True,2.0,0.3348813246416782,-5.7087536041005915,0.3348813246416782,-2.00921227145745,-1.0843010541232156,-2.088952177203862,-2.6310896810899598,-1.5467524266326693,False,,False,,False,,MACD_PASS
BULL_2017,ABT,yfinance,MACD_PASS,2017-08-15,2017-08-16,41.62794636782212,GREEN,214.2483367919922,212.4900323486328,202.0571061706543,-0.1482980946895288,-0.16947670482390087,-0.21466836164042308,True,2017-08-09,40.78757208740114,2.0603684833708558,False,,7.259384618932718,-0.938005762699412,7.259384618932718,-0.938005762699412,1.2234907403053885,2.1819039644281224,4.995920360955464,5.403727309236883,True,1.0,True,11.0,True,15.0,MACD_PASS
BULL_2017,CTAS,yfinance,MACD_PASS,2017-08-15,2017-08-16,30.282494071393906,GREEN,214.2483367919922,212.4900323486328,202.0571061706543,-0.12618989973192107,-0.1455585700542419,-0.16492666943758627,True,2017-08-11,29.551041028576247,2.4752192050030875,False,,1.747789356782059,-2.3554247411687435,1.747789356782059,-2.3554247411687435,0.5550994882568494,0.34505647774036863,-0.12754659444068617,0.9751540166949901,False,,False,,False,,MACD_PASS
BULL_2017,MHFI,yfinance,MACD_PASS,2017-08-15,2017-08-16,132.84482536799442,GREEN,214.2483367919922,212.4900323486328,202.0571061706543,-0.42929640092209653,-0.5885033249211148,-0.7192472563460547,True,2017-08-08,128.4347363312492,3.433719850812822,False,,2.17015512278671,-2.0247023696255084,2.17015512278671,-2.0247023696255084,-0.5455987700093146,1.207765837109065,-0.20282833695574043,1.3264180244102919,True,13.0,False,,False,,MACD_PASS
BULL_2017,CL,yfinance,MACD_FAIL,2017-08-16,2017-08-17,58.12792179530442,GREEN,214.6220703125,212.57538482666016,202.22042190551758,0.06029713617715149,0.03502204634265638,0.008425626600126912,False,2017-08-11,57.5142565095222,1.0669794291448653,True,1.0,0.8751054705536054,-1.8474446123459831,0.5000703167581833,-1.3612809329512365,-1.6807707595803856,-0.4861759133991117,-0.23612810379965987,0.4028122350385299,False,,False,,False,,MACD_FAIL
BULL_2017,SHW,yfinance,MACD_PASS,2017-08-16,2017-08-17,102.57178164750077,GREEN,214.6220703125,212.57538482666016,202.22042190551758,-0.09161350556476444,-0.16820011941080382,-0.20409839936693053,True,2017-07-31,101.64844904715176,0.9083587688787143,True,0.0,5.918216655623554,-1.8094472748813262,0.3216109648638499,-1.015934014337616,0.8596545317197668,1.9747451464831478,3.561761067650737,2.4887254859450314,False,,False,,False,,MACD_PASS
BULL_2017,DOV,yfinance,MACD_FAIL,2017-08-22,2017-08-23,59.1649025328603,GREEN,213.3184051513672,212.65634948730468,202.84908485412598,-0.21226434238430364,-0.2500142722662478,-0.2180475231734822,False,2017-08-21,58.47652662247797,1.177183307802232,False,,10.719261364841914,-0.6821704916808558,10.719261364841914,-0.6821704916808558,1.1683301906426635,3.030748864868271,7.495857274549111,9.88355285827458,True,7.0,True,9.0,True,12.0,MACD_FAIL
BULL_2017,LOW,yfinance,MACD_FAIL,2017-08-22,2017-08-23,60.817843844393614,GREEN,213.3184051513672,212.65634948730468,202.84908485412598,-0.22273669525217554,-0.3369267649409382,-0.318314049876989,False,2017-08-17,61.891371607402995,-1.7345354208969765,True,0.0,10.396161983622498,-1.6539191973388934,2.029196352735707,-1.6539191973388934,2.7241626305219757,7.963899683730102,9.047984509703987,8.464231086900087,True,0.0,False,,False,,MACD_FAIL
BULL_2017,TROW,yfinance,MACD_FAIL,2017-08-22,2017-08-23,59.23738756299022,GREEN,213.3184051513672,212.65634948730468,202.84908485412598,-0.24392194396456923,-0.28909874066129615,-0.2629112324274412,False,2017-08-21,58.270806438974816,1.658774235478755,False,,4.034119175902395,-2.0875659905652766,4.034119175902395,-2.0875659905652766,0.5638793307087608,-1.3197201685290483,1.7874633089503211,3.8408642488628075,True,14.0,True,17.0,False,,MACD_FAIL
BULL_2017,BEN,yfinance,MACD_PASS,2017-08-23,2017-08-24,26.355241442514476,GREEN,212.55357360839844,212.67715423583985,203.01913757324218,-0.07091707936788927,-0.10179546127028327,-0.1469610088560755,True,2017-08-01,25.827767494538573,2.0422746491249866,True,8.0,2.5900519538017086,-3.5790188862896977,2.5900519538017086,-2.1427113620791083,1.7894766538917528,-3.3670913789394907,0.023507283631252207,0.9889403475658254,True,5.0,False,,False,,MACD_PASS
BULL_2017,ADP,yfinance,MACD_PASS,2017-08-29,2017-08-30,86.5721373578339,GREEN,212.8055877685547,212.76455841064453,203.58533920288085,-0.5040613192316206,-0.6342209047843166,-0.7575995137343585,True,2017-08-18,84.54106272878654,2.4024711347232275,False,,4.98009868016176,-0.5889011439743963,4.98009868016176,-0.5889011439743963,4.00613795258109,1.9721970512935227,1.9721970512935227,4.101597766887077,True,2.0,True,4.0,False,,MACD_PASS
BULL_2017,EMR,yfinance,MACD_PASS,2017-08-29,2017-08-30,47.2568773886886,GREEN,212.8055877685547,212.76455841064453,203.58533920288085,-0.06824402209353711,-0.08397257478404474,-0.10357703338381091,True,2017-08-21,46.81961913686095,0.9339209927134995,False,,9.972578302630208,-0.08567381175058619,9.972578302630208,-0.08567381175058619,3.1700011798549976,6.048673472984434,8.70458372266285,7.710751482354117,True,4.0,True,5.0,True,8.0,MACD_PASS
BULL_2017,LEG,yfinance,MACD_FAIL,2017-08-30,2017-08-31,32.55885927152398,GREEN,213.8137664794922,212.81670623779297,203.72800483703614,0.03645136655743486,-0.025625724690115925,-0.05043367103755292,False,2017-07-28,31.446096796918297,3.5386346413419867,True,4.0,4.588979221325928,-6.619076724579354,0.7571018773431915,-6.619076724579354,-2.011691856614517,-0.03329312693018949,1.9508173044494592,4.065681768485341,False,,False,,False,,MACD_FAIL
BULL_2017,MMM,yfinance,MACD_PASS,2017-08-30,2017-08-31,127.21849060058594,GREEN,213.8137664794922,212.81670623779297,203.72800483703614,-0.033378967099641,-0.09529448529108647,-0.13119782570060023,True,2017-08-25,125.35675658278531,1.485148522146984,True,2.0,5.055770104277624,-1.8647263372183365,0.2887570657088556,-1.8647263372183365,0.6704975213469133,4.41953603951164,3.1518732898577095,2.730986228185772,False,,False,,False,,MACD_PASS
BULL_2017,WMT,yfinance,MACD_PASS,2017-08-30,2017-08-31,22.840356122390432,GREEN,213.8137664794922,212.81670623779297,203.72800483703614,-0.1073008020597784,-0.11359437593749017,-0.12338969837063435,True,2017-08-28,22.52070931530449,1.419346089906326,False,,3.2061270052022195,-1.1068647830101086,3.2061270052022195,-1.1068647830101086,0.3562391465480763,2.2646269406073616,1.1832339131468306,-0.5852365075951438,True,3.0,True,11.0,False,,MACD_PASS
BULL_2017,JNJ,yfinance,MACD_FAIL,2017-08-31,2017-09-01,104.24811756703429,GREEN,215.10006713867188,212.89562225341797,203.87637435913086,-0.07005148103481176,-0.11150691662893221,-0.06541661537454214,False,2017-08-30,102.91157272411643,1.298731335591241,True,1.0,2.405667089281671,-2.6772617908901952,0.037698183007428554,-2.1719462701034864,0.4600167712946135,2.096527663895986,-1.0784628645981065,-1.0407360166448942,False,,False,,False,,MACD_FAIL
BULL_2017,PEP,yfinance,MACD_PASS,2017-08-31,2017-09-01,87.98093916773385,GREEN,215.10006713867188,212.89562225341797,203.87637435913086,-0.17756095269310157,-0.22046673842225964,-0.22797865386522095,True,2017-08-25,87.14235049122316,0.9623204696494359,True,8.0,1.6553963745603584,-5.5642170763621435,1.6553963745603584,-1.4560734886155946,0.26865051628353065,-0.3380437684549098,-2.9814559376580285,-5.425541679621048,False,,False,,False,,MACD_PASS
BULL_2017,KO,yfinance,MACD_PASS,2017-09-01,2017-09-05,34.62409774763384,GREEN,215.40423583984375,212.98253479003907,204.01903060913085,-0.028615618592259404,-0.047667941611711964,-0.05739372668224943,True,2017-08-24,34.24569381956104,1.1049679123646738,True,16.0,2.688546658474089,-2.222661684149063,2.688546658474089,-2.222661684149063,2.1202504387210386,1.3024902420294193,0.39910232049560346,-0.43807064654752814,True,5.0,False,,False,,MACD_PASS
BULL_2017,APD,yfinance,MACD_FAIL,2017-09-08,2017-09-11,117.28716309914805,GREEN,214.3091583251953,213.24622894287108,204.557914352417,-0.13635057446375473,-0.16832602960034895,-0.1565388029334694,False,2017-09-06,115.50385989439057,1.5439338619402054,False,,5.688800312759423,-0.4383257405153107,5.688800312759423,-0.4383257405153107,3.383378815637017,3.780567065202156,4.239408610368001,5.2615276218717755,True,0.0,True,1.0,True,16.0,MACD_FAIL
BULL_2017,CINF,yfinance,MACD_FAIL,2017-09-08,2017-09-11,60.045769459189174,GREEN,214.3091583251953,213.24622894287108,204.557914352417,-0.3393350424771064,-0.4240255513534493,-0.35700812130754767,False,2017-08-22,57.4220501731846,4.569184273448013,False,,2.7066065656770943,-1.8764331725629968,2.7066065656770943,-1.8764331725629968,-0.17061054823219735,0.8046294525589248,2.363219371547931,0.8574608555814045,True,13.0,False,,False,,MACD_FAIL
BULL_2017,MDT,yfinance,MACD_FAIL,2017-09-08,2017-09-11,64.72194363976385,GREEN,214.3091583251953,213.24622894287108,204.557914352417,0.14742657589310082,0.011068473617693808,-0.0258135310604517,False,2017-08-23,62.180254460049376,4.087614632306624,True,10.0,0.5957319881268353,-6.413533598062104,0.5957319881268353,-5.288769797191783,0.18232907592579117,-4.838927794220593,-4.542295658058315,-5.912085667690992,False,,False,,False,,MACD_FAIL
BULL_2017,GD,yfinance,MACD_PASS,2017-09-11,2017-09-12,163.86934410550762,GREEN,216.5950164794922,213.3828567504883,204.6966790008545,-0.07985930504746334,-0.22191740503043497,-0.223579081358809,True,2017-09-07,160.43440258388168,2.141025532120522,False,,7.541418871991179,-1.7209782107086236,7.541418871991179,-1.7209782107086236,1.6158687882568135,2.7214766304224813,5.322921088489285,6.757869426461216,True,5.0,True,7.0,True,15.0,MACD_PASS
BULL_2017,CLX,yfinance,MACD_FAIL,2017-09-12,2017-09-13,102.90996466672796,GREEN,217.32510375976562,213.52626403808594,204.83858039855957,-0.35186144468314373,-0.37351143913935325,-0.34307383536374414,False,2017-09-11,101.64217192582758,1.2473097700288482,True,6.0,1.7777748212347566,-6.314575623022678,1.7777748212347566,-3.5482793712785843,-0.14019889331314817,-4.595778691199904,-3.149944544344907,-3.70319630974284,False,,False,,False,,MACD_FAIL
BULL_2017,ECL,yfinance,MACD_PASS,2017-09-15,2017-09-18,119.33121610919723,GREEN,217.65243530273438,213.96355133056642,205.2631492614746,-0.06733504786424724,-0.11731534746277061,-0.18120017277833025,True,2017-09-12,117.31452922448479,1.7190427290156407,True,9.0,2.9149559329501695,-2.6096911934024303,0.7172965881302007,-2.6096911934024303,0.33578994568952414,-0.30519925433639683,0.770724297399239,2.5944462053856254,False,,False,,False,,MACD_PASS
BULL_2017,MCD,yfinance,MACD_FAIL,2017-09-15,2017-09-18,128.36423547127376,GREEN,217.65243530273438,213.96355133056642,205.2631492614746,-0.3683392158094615,-0.33355961234539266,-0.2691054036562709,False,2017-09-14,127.00502812871665,1.0701996311355488,True,6.0,5.08493209110763,-2.82148923843889,1.502608847369502,-2.82148923843889,-0.9256848087466962,-0.4818798130974744,1.5216498159152714,4.622079717621874,False,,False,,False,,MACD_FAIL
BULL_2017,VFC,yfinance,MACD_FAIL,2017-09-26,2017-09-27,45.51102224803338,GREEN,217.5563507080078,214.81647644042968,206.24705108642578,-0.10744793173773692,-0.1610707222712746,-0.1545669956219216,False,2017-09-19,44.83370276632085,1.5107373246479483,False,,15.138433753165703,-0.8321346860527323,15.138433753165703,-0.8321346860527323,3.872602594440666,2.9764496670650953,4.128653472479016,14.018270787048959,True,2.0,True,4.0,True,7.0,MACD_FAIL
BULL_2017,BCR,legacy_fallback,MACD_PASS,2017-09-28,2017-09-29,319.19,GREEN,218.66563415527344,214.9943603515625,206.49432243347167,-0.19513318381260247,-0.2876362277267594,-0.34550731048545624,True,2017-09-19,317.34,0.5829709459885368,False,,3.483818415363893,-0.05325981390394974,3.483818415363893,-0.05325981390394974,0.880353394529898,1.3126977662207384,3.436824461919241,2.7883079043829584,True,13.0,True,15.0,False,,MACD_PASS
BULL_2017,BDX,yfinance,MACD_PASS,2017-09-29,2017-10-02,131.8331012969593,GREEN,219.43418884277344,215.08782196044922,206.61654830932616,-0.07901763932256978,-0.2344995192082997,-0.29196704562060294,True,2017-09-15,128.23113490658423,2.808963979769108,False,,9.044727654358443,-1.9602845478059794,9.044727654358443,-1.9602845478059794,0.11681817750457402,1.9856546783146634,7.170777800592076,5.962105964950126,True,9.0,True,11.0,True,12.0,MACD_PASS
BULL_2017,PG,yfinance,MACD_FAIL,2017-10-02,2017-10-03,72.24060912216527,GREEN,220.38629150390625,215.20414978027344,206.75158241271973,-0.2607821185767993,-0.3074050599759066,-0.2958307797501055,False,2017-09-25,70.96799121880929,1.7932280194210781,True,13.0,1.685495320469621,-6.0870804592788925,1.685495320469621,-4.038339013094861,-0.36974495732808865,0.9134272733756887,-4.706645314252123,-5.407827650985575,False,,False,,False,,MACD_FAIL
BULL_2017,JNJ,yfinance,MACD_PASS,2017-10-03,2017-10-04,104.09084703555534,GREEN,220.85792541503906,215.33095275878907,206.8849938964844,-0.13696353663173694,-0.24854102636688696,-0.3335315623559707,True,2017-09-26,101.45712254768979,2.5958990573851315,False,,9.025691541859926,-0.22657689335188191,9.025691541859926,-0.22657689335188191,3.2099890182822,6.253791420107402,7.522661768155636,5.725088722996419,True,5.0,True,5.0,True,9.0,MACD_PASS
BULL_2017,WMT,yfinance,MACD_FAIL,2017-10-03,2017-10-04,23.035051821218143,GREEN,220.85792541503906,215.33095275878907,206.8849938964844,-0.04308875105452363,-0.057884040477255344,-0.054188882301455424,False,2017-10-02,22.520707118127067,2.2838745710478836,False,,12.413271681072512,-1.2867252488720449,12.413271681072512,-1.2867252488720449,8.149363657794506,8.767505516516927,11.618544386961593,10.9373073952443,True,3.0,True,4.0,True,4.0,MACD_FAIL
BULL_2017,ED,yfinance,MACD_PASS,2017-10-04,2017-10-05,59.778903004771784,GREEN,221.1199493408203,215.45256774902344,207.02161392211914,-0.14642486997806026,-0.2245883908986499,-0.2602522190259133,True,2017-09-20,58.48522548728294,2.211973206412865,False,,6.149857509814627,-0.8558553210468833,6.149857509814627,-0.8558553210468833,2.1273884399205967,3.7290355158555943,4.535994715798375,6.125408755845085,True,5.0,True,10.0,True,15.0,MACD_PASS
BULL_2017,PEP,yfinance,MACD_PASS,2017-10-05,2017-10-06,84.00812495717675,GREEN,222.43011474609375,215.6002117919922,207.16267486572266,-0.2202009753979196,-0.31122022418998596,-0.33146438702812664,True,2017-09-21,80.97326564124147,3.747976930288899,False,,3.1406234622403106,-0.8985953531766011,3.1406234622403106,-0.8985953531766011,2.2238446433824555,1.3070889946287023,0.390315182406753,0.045400003011852874,True,4.0,True,6.0,False,,MACD_PASS
BULL_2017,TGT,yfinance,MACD_FAIL,2017-10-10,2017-10-11,44.53491515893676,GREEN,222.39517211914062,216.04948486328124,207.57718307495117,-0.26377909716033293,-0.2905937322280579,-0.2092764942518599,False,2017-10-09,42.97823693520622,3.6220150819061825,False,,10.088235964092096,-0.7094670550107596,10.088235964092096,-0.7094670550107596,3.8760875749432433,7.146548935843677,1.8515146247415126,1.0036283384764255,True,0.0,True,0.0,True,2.0,MACD_FAIL
BULL_2017,CLX,yfinance,MACD_PASS,2017-10-11,2017-10-12,99.11419443279804,GREEN,222.74453735351562,216.20532928466798,207.71904121398927,-0.03415845907012427,-0.1613735561632974,-0.2319986239787215,True,2017-10-09,96.76844893343151,2.424080911930493,True,12.0,1.6984387954384728,-4.3305009660394855,1.294408212347986,-4.3305009660394855,-0.33698999477249636,-1.4239806793180376,-0.3291846485262151,0.7501392462152978,False,,False,,False,,MACD_PASS
BULL_2017,GD,yfinance,MACD_FAIL,2017-10-30,2017-10-31,169.8486294327047,GREEN,224.25559997558594,218.73728515625,209.60008850097657,-1.071733950529552,-1.0940419940620252,-0.963907018751244,False,2017-10-27,167.98849219723576,1.1073003936989734,True,0.0,0.0,-4.191727861962368,0.0,-1.6621476664205104,-1.2599250870745982,-2.975355622862741,-3.033552404242146,-1.0612403051994845,False,,False,,False,,MACD_FAIL
BULL_2017,ECL,yfinance,MACD_FAIL,2017-11-01,2017-11-02,119.60442133413281,GREEN,224.90199279785156,219.23884063720703,209.89709106445312,-0.2308877247567382,-0.23540738323685073,-0.17094731269510632,False,2017-10-31,117.60118362579153,1.7034162808391429,False,,4.133986780815735,-1.5987770251531752,4.133986780815735,-1.5987770251531752,-0.8374527383189889,0.48724441303333865,1.1496248829925282,2.6951197769023105,True,17.0,True,19.0,False,,MACD_FAIL
BULL_2017,CL,yfinance,MACD_PASS,2017-11-02,2017-11-03,57.62757824529949,GREEN,224.98928833007812,219.48755493164063,210.04931190490723,-0.26213366409715405,-0.33207706950857024,-0.3825911423527679,True,2017-10-23,56.060629654174846,2.7950963105316307,False,,5.142244162545384,-1.7329051932292394,5.142244162545384,-1.7329051932292394,3.1416946023516745,1.2820326240895463,1.4370099719188234,4.987270137927102,True,3.0,True,3.0,True,20.0,MACD_PASS
BULL_2017,MHFI,yfinance,MACD_FAIL,2017-11-02,2017-11-03,136.81360356936824,GREEN,224.98928833007812,219.48755493164063,210.04931190490723,-0.8366626673710617,-0.7317807200648656,-0.6150741505659183,False,2017-11-01,136.02548657963337,0.5793892082668561,False,,8.437747720780875,-0.9856639334311468,8.437747720780875,-0.9856639334311468,0.44798915204071754,2.7841473757775903,5.486223605685336,7.44961589567692,True,1.0,True,9.0,True,12.0,MACD_FAIL
BULL_2017,PEP,yfinance,MACD_PASS,2017-11-02,2017-11-03,83.98526070186959,GREEN,224.98928833007812,219.48755493164063,210.04931190490723,-0.04364923997133352,-0.04867880773473554,-0.05228708937909404,True,2017-11-01,83.52774832205299,0.5477369963962087,True,1.0,8.062499272726221,-0.89886882838216,0.4630489731765941,-0.862539236350679,2.369705289577806,4.1220305595002005,5.184301333503272,7.385967794891823,False,,False,,False,,MACD_PASS
BULL_2017,TROW,yfinance,MACD_FAIL,2017-11-02,2017-11-03,67.80195709955882,GREEN,224.98928833007812,219.48755493164063,210.04931190490723,-0.4178609063438774,-0.49632621805403554,-0.45074712154501917,False,2017-11-01,66.1562937882948,2.487538550043733,False,,9.592659358992584,-4.020649540107401,9.592659358992584,-4.020649540107401,-1.2557544503460694,1.2874724397692994,3.3875320717809965,8.505717815952728,True,12.0,True,12.0,True,16.0,MACD_FAIL
BULL_2017,ABT,yfinance,MACD_PASS,2017-11-03,2017-11-06,47.1884681390301,GREEN,225.74050903320312,219.76120300292968,210.20171508789062,-0.19396465176345135,-0.263681233490331,-0.2663527273476445,True,2017-11-01,45.729819335230985,3.18971040122904,False,,2.458423385721531,-1.7715192652112854,2.458423385721531,-1.7715192652112854,-0.03614978991529627,-0.05424977814244558,1.265335562749903,-0.9580689312231438,True,14.0,False,,False,,MACD_PASS
BULL_2017,CINF,yfinance,MACD_PASS,2017-11-03,2017-11-06,57.37240404213284,GREEN,225.74050903320312,219.76120300292968,210.20171508789062,-0.32872190726602313,-0.4392086626523084,-0.5694613489054743,True,2017-10-30,55.57207428792258,3.2396302950338463,False,,5.9884294797518,-0.38705943250126884,5.9884294797518,-0.38705943250126884,1.3270728131180132,1.506755677427729,2.6403189102839564,3.511286115792367,True,1.0,True,7.0,True,17.0,MACD_PASS
BULL_2017,CTAS,yfinance,MACD_FAIL,2017-11-03,2017-11-06,33.63080555088745,GREEN,225.74050903320312,219.76120300292968,210.20171508789062,-0.2185147722552817,-0.22828434000672404,-0.21435907206952065,False,2017-11-01,33.06972179315932,1.6966691199809203,False,,9.036105310743237,-1.3976895771805053,9.036105310743237,-1.3976895771805053,0.616701534763342,1.2312353381368712,3.8123839352477873,6.714444902048311,True,6.0,True,15.0,True,16.0,MACD_FAIL
BULL_2017,KO,yfinance,MACD_FAIL,2017-11-03,2017-11-06,35.021665393637754,GREEN,225.74050903320312,219.76120300292968,210.20171508789062,-0.04807763816725712,-0.05312985270479961,-0.05129709713975594,False,2017-11-01,34.80806775273677,0.6136440621131278,True,0.0,3.4197319865982845,-1.5247230744303564,0.02177809097458905,-1.0673092574501997,1.764312131313206,-0.9801895528009141,-0.1742614294202749,1.5884435615050707,False,,False,,False,,MACD_FAIL
BULL_2017,LOW,yfinance,MACD_FAIL,2017-11-03,2017-11-06,66.53307781983054,GREEN,225.74050903320312,219.76120300292968,210.20171508789062,-0.42219823276405627,-0.40050891958244456,-0.2284812802004702,False,2017-10-31,64.02674176782567,3.91451444006532,False,,13.07627996953078,-1.4940227373584247,13.07627996953078,-1.4940227373584247,-0.9960133612447519,4.022515373379276,4.303470052668823,10.215845417876878,True,9.0,True,10.0,True,16.0,MACD_FAIL
BULL_2017,BEN,yfinance,MACD_PASS,2017-11-06,2017-11-07,26.61141643914564,GREEN,226.08982849121094,220.03192810058593,210.35840515136718,-0.15062397762323243,-0.16603600567187426,-0.18897497436017632,True,2017-10-30,26.25609984986104,1.3532725397769951,True,0.0,5.176864572960138,-5.785884630043658,0.3513739299702445,-2.365889796260834,-4.356990285773421,-2.6001368845340544,1.0306781875581539,3.747957013850356,False,,False,,False,,MACD_PASS
BULL_2017,ADP,yfinance,MACD_FAIL,2017-11-08,2017-11-09,92.61951941747311,GREEN,226.31687927246094,220.56956176757814,210.6511651611328,-0.6208380693705438,-0.6319772903840752,-0.6264962988870597,False,2017-11-06,90.47017827584614,2.3757454473821937,False,,4.685842697362275,-2.2581532117159075,4.685842697362275,-2.2581532117159075,-0.9014680461680746,-1.8029636949810413,1.526252157722685,4.118159233617669,True,13.0,True,16.0,False,,MACD_FAIL
BULL_2017,PG,yfinance,MACD_FAIL,2017-11-08,2017-11-09,69.13333109862839,GREEN,226.31687927246094,220.56956176757814,210.6511651611328,0.00862261826488242,-0.08483799394805724,-0.1647141055002851,False,2017-10-24,67.60583061133306,2.2594212266645375,False,,5.22036683767193,-0.057235744976114056,5.22036683767193,-0.057235744976114056,2.175161340856424,1.2592808229132446,3.4458749305827707,3.4573631658244786,True,2.0,True,14.0,True,16.0,MACD_FAIL
BULL_2017,SYY,yfinance,MACD_FAIL,2017-11-09,2017-11-10,43.02230975615286,GREEN,225.49586486816406,220.80320373535156,210.79119285583496,-0.1813471483510078,-0.17957722240622598,-0.16284999014642637,False,2017-11-08,41.945762691871984,2.566521610750172,False,,16.385558287020018,-0.5561080500933069,16.385558287020018,-0.5561080500933069,1.7423206945429648,2.242806578212675,10.342901720042086,14.884142780152487,True,5.0,True,11.0,True,12.0,MACD_FAIL
BULL_2017,TGT,yfinance,MACD_FAIL,2017-11-09,2017-11-10,46.16865313091109,GREEN,225.49586486816406,220.80320373535156,210.79119285583496,-0.21658777847993108,-0.30512959896221103,-0.3043928078578843,False,2017-11-01,44.072526960614844,4.756083471613581,True,3.0,6.416998270875451,-8.862490604262241,3.4051172438897437,-8.862490604262241,-1.947927063652144,-5.826852821443618,5.506317910436231,4.157121672385,True,0.0,True,1.0,False,,MACD_FAIL
BULL_2017,DOV,yfinance,MACD_FAIL,2017-11-16,2017-11-17,66.0508323785113,GREEN,225.88894653320312,221.85394165039062,211.51521492004395,-0.30109695827735544,-0.3454140462761187,-0.3003179959803076,False,2017-11-13,64.87121966347233,1.818391454883006,False,,6.990877762436121,-0.4705423898745509,6.990877762436121,-0.4705423898745509,0.9518002928672775,4.820160670028684,4.0034041389176656,6.6792376063779635,True,6.0,True,6.0,True,8.0,MACD_FAIL
BULL_2017,MMM,yfinance,MACD_FAIL,2017-11-16,2017-11-17,142.2303626741749,GREEN,225.88894653320312,221.85394165039062,211.51521492004395,-0.5856778339532975,-0.6465452809954253,-0.5943639010349058,False,2017-11-14,140.7422920882829,1.057301656675147,False,,7.45618505309249,-0.30206006256906504,7.45618505309249,-0.30206006256906504,2.9551847873000137,5.269487565879105,5.287092578185049,4.899900317896533,True,1.0,True,2.0,True,8.0,MACD_FAIL
BULL_2017,GPC,yfinance,MACD_PASS,2017-11-17,2017-11-20,66.51188093223497,GREEN,225.2251434326172,222.07226135253907,211.6538458251953,-0.06095528778514714,-0.13860474541222545,-0.22472396071499556,True,2017-10-23,65.4153062091197,1.676327432619118,False,,11.063493166515181,-0.9984926884320511,11.063493166515181,-0.9984926884320511,3.7269500989216997,9.323126511636692,8.443884018388514,8.771315845367544,True,5.0,True,5.0,True,6.0,MACD_PASS
BULL_2017,PNR,yfinance,MACD_PASS,2017-11-17,2017-11-20,40.43922932396147,GREEN,225.2251434326172,222.07226135253907,211.6538458251953,-0.16497023889499918,-0.20616045497368266,-0.24332495758352998,True,2017-11-07,39.63788048184457,2.0216742983619973,False,,4.56067508432223,-0.9179237995691647,4.56067508432223,-0.9179237995691647,1.0054302437350948,-0.11654982452647955,1.5299894133659064,0.8160123879196179,True,1.0,True,7.0,False,,MACD_PASS
BULL_2017,EMR,yfinance,MACD_PASS,2017-11-20,2017-11-21,49.26111692636978,GREEN,225.6094207763672,222.25254943847656,211.7961639404297,-0.35651788773736515,-0.45266747934919105,-0.5277685514601775,True,2017-11-02,46.91807543991755,4.993899396944967,False,,15.578411864790942,-0.5303276334355456,15.578411864790942,-0.5303276334355456,5.850167651402094,7.2754350934339795,11.368885705204557,14.285738751383192,True,1.0,True,3.0,True,4.0,MACD_PASS
BULL_2017,PPG,yfinance,MACD_PASS,2017-11-20,2017-11-21,97.59807795209497,GREEN,225.6094207763672,222.25254943847656,211.7961639404297,-0.3634028381609369,-0.4480226192249859,-0.4664508724024258,True,2017-11-10,95.60578085935013,2.0838667649980103,False,,2.863075112947233,-2.032676750713236,2.863075112947233,-2.032676750713236,1.2109535825288509,0.5016873355550677,0.5535776206519571,0.475750010163134,True,6.0,False,,False,,MACD_PASS
BULL_2017,XOM,yfinance,MACD_PASS,2017-11-22,2017-11-24,55.37035121960308,GREEN,226.8847198486328,222.636865234375,212.09317916870117,-0.20587433530202692,-0.24316635348474153,-0.26795985637621544,True,2017-11-16,54.3980864678191,1.7873142511348306,False,,3.474925842498733,-0.5157401025920438,3.474925842498733,-0.5157401025920438,2.480334255513039,1.4980542179868994,1.9523358280139513,3.1065551752269993,True,4.0,True,5.0,False,,MACD_PASS
BULL_2017,JNJ,yfinance,MACD_PASS,2017-11-27,2017-11-28,109.3951646467247,GREEN,227.29518127441406,223.03069763183595,212.3769408416748,-0.2884497552468253,-0.37770819950169787,-0.4191021590135807,True,2017-11-16,107.39285290623587,1.8644739256876042,False,,3.9768802264320335,-0.036155495773282365,3.9768802264320335,-0.036155495773282365,0.9906166100981606,3.1091992372274557,2.516290969143742,1.6413894891363023,True,4.0,True,10.0,False,,MACD_PASS
BULL_2017,APD,yfinance,MACD_FAIL,2017-12-11,2017-12-12,132.04232730458602,GREEN,232.60568237304688,225.53379943847656,213.77594223022462,-0.25007104404664116,-0.365511795250701,-0.3538690985792825,False,2017-12-08,129.48812876115645,1.9725349094671385,False,,4.99502156617655,-2.050663889603921,4.99502156617655,-2.050663889603921,-0.5142292566932438,0.18977279132599278,2.852375307405297,4.650232050182623,True,14.0,True,15.0,False,,MACD_FAIL
BULL_2017,ABT,yfinance,MACD_PASS,2017-12-12,2017-12-13,47.48702682502442,GREEN,233.01622009277344,225.78639801025392,213.92282852172852,-0.08588429439507408,-0.14721070879702136,-0.1685770527168804,True,2017-12-06,46.33545361572807,2.4852960733839913,False,,7.059450066574691,-1.8681774964477427,7.059450066574691,-1.8681774964477427,2.425001529110027,3.2153576431198205,5.96370219943021,6.199707690739986,True,4.0,True,9.0,True,12.0,MACD_PASS
BULL_2017,FRT,yfinance,MACD_PASS,2017-12-13,2017-12-14,92.85289321146689,GREEN,232.99002075195312,226.0290399169922,214.05533157348634,-0.2345368490570231,-0.2963073823041543,-0.31729814413499324,True,2017-12-07,91.34887355260012,1.6464567108216421,True,5.0,2.8228165621349666,-6.5247172880157684,2.1597054881280275,-1.6958275020493851,-1.6578023727621294,1.7577920818570902,-0.4641371860364951,-6.486405407691809,True,2.0,False,,False,,MACD_PASS
BULL_2017,BDX,yfinance,MACD_PASS,2017-12-15,2017-12-18,148.89344316790633,GREEN,233.97024536132812,226.47820220947267,214.3328359222412,-0.5397059994810678,-0.7227354428561932,-0.7881991473365373,True,2017-12-06,145.70231599849782,2.19016914558956,True,7.0,4.8368973220886735,-3.4652665908370683,0.5685115566848697,-3.361461971682045,-2.0800386668973325,-0.7400038362342931,1.3220012892871003,4.73312108594115,False,,False,,False,,MACD_PASS
BULL_2017,GD,yfinance,MACD_PASS,2017-12-19,2017-12-20,164.6797682606178,GREEN,234.5496826171875,226.9985385131836,214.6388427734375,-0.014526923709028194,-0.1546751980435106,-0.23500437887173065,True,2017-12-12,161.0664749686054,2.243355293344984,False,,5.8326879047005065,-0.28988528102327216,5.8326879047005065,-0.28988528102327216,1.8892340948053032,2.3090737621266344,5.252917866729634,4.47922908869931,True,6.0,True,10.0,True,15.0,MACD_PASS
BULL_2017,SWK,yfinance,MACD_PASS,2017-12-19,2017-12-20,132.89240203004135,GREEN,234.5496826171875,226.9985385131836,214.6388427734375,-0.2608663553808004,-0.38798342020207444,-0.49291200356675247,True,2017-12-14,129.3238500443755,2.759392010399764,False,,4.237486021063086,-1.4223747592912783,4.237486021063086,-1.4223747592912783,0.34822272538408416,0.6727861946576708,2.3489147586233328,3.417136989507341,True,11.0,True,12.0,False,,MACD_PASS
BULL_2017,PNR,yfinance,MACD_PASS,2017-12-20,2017-12-21,41.27596526573011,GREEN,234.42672729492188,227.23916961669923,214.79239387512206,-0.018843546630599034,-0.05274399010939323,-0.06761488299369368,True,2017-12-18,40.38031408173816,2.2180391717086634,False,,6.83793286812131,-1.2848162326651869,6.83793286812131,-1.2848162326651869,0.8136631661076255,3.625955807514769,5.010665463441,4.4539313887759,True,6.0,True,8.0,True,12.0,MACD_PASS
BULL_2017,AFL,yfinance,MACD_PASS,2017-12-27,2017-12-28,36.10317452150693,GREEN,234.68136596679688,228.2028759765625,215.40009147644042,-0.1020594405726668,-0.10845313991092614,-0.1120447769507884,True,2017-12-26,35.78316502116504,0.8943018320280327,True,10.0,4.238627067273404,-4.8863747618572155,4.238627067273404,-4.8863747618572155,1.9659222863035009,-3.4772777239806762,-0.35224819892006876,1.7613520380119763,True,4.0,True,7.0,False,,MACD_PASS
BULL_2017,MCD,yfinance,MACD_FAIL,2017-12-27,2017-12-28,141.85249853981554,GREEN,234.68136596679688,228.2028759765625,215.40009147644042,-0.3558090834791514,-0.4039564585616784,-0.35156009133829036,False,2017-12-26,139.8547580668063,1.428439404296089,False,,3.139741543819574,-0.7734288018151236,3.139741543819574,-0.7734288018151236,0.4559232494236287,0.17888187450953996,1.7026040581371804,2.6029804590082195,True,15.0,True,20.0,False,,MACD_FAIL
BULL_2017,ECL,yfinance,MACD_PASS,2017-12-28,2017-12-29,123.32938332117574,GREEN,235.1641387939453,228.44340606689454,215.54703880310058,-0.19747263659976533,-0.24337304679123573,-0.2639995573989735,True,2017-12-22,121.67622555044728,1.3586530673924013,False,,4.050917232201479,-1.1997203976445103,4.050917232201479,-1.1997203976445103,1.2367628303312284,1.4737126073113282,2.0217351340876544,1.8884721495771695,True,9.0,True,13.0,False,,MACD_PASS
BULL_2017,MHFI,yfinance,MACD_PASS,2017-12-28,2017-12-29,149.45493952668195,GREEN,235.1641387939453,228.44340606689454,215.54703880310058,-0.3944452337735955,-0.4529937597585738,-0.4957763896130354,True,2017-12-27,147.26907462304615,1.4842660682365283,False,,8.863444503058805,-1.3509772813644405,8.863444503058805,-1.3509772813644405,4.070486501550241,3.2774947081529726,7.447881542360624,5.926586140383661,True,3.0,True,4.0,True,12.0,MACD_PASS
BULL_2017,MMM,yfinance,MACD_PASS,2017-12-28,2017-12-29,147.98548888282653,GREEN,235.1641387939453,228.44340606689454,215.54703880310058,-0.511477664291903,-0.5416769901762923,-0.5933612855166808,True,2017-12-21,146.60876484987978,0.9390461984700949,False,,9.84862405677922,-1.5519378125014804,9.84862405677922,-1.5519378125014804,1.3996671874389799,3.492883403018543,4.156777990781202,6.368385149512168,True,6.0,True,9.0,True,11.0,MACD_PASS
CHOP_2015_2016,HRL,legacy,MACD_PASS,2015-01-08,2015-01-09,24.623,GREEN,194.74,192.6182,183.88665,-0.04546441810344795,-0.06848742893225586,-0.0712207356658442,True,2015-01-07,24.031,2.4634846656402143,True,1.0,4.849124802014382,-3.452057019859489,0.5401453925191868,-2.944401575762501,-0.3736344068553832,3.045932664581885,0.10559233237217303,2.7250944239125996,False,,False,,False,,MACD_PASS
CHOP_2015_2016,NUE,legacy,MACD_FAIL,2015-01-08,2015-01-09,44.134,GREEN,194.74,192.6182,183.88665,-0.10890522481840614,-0.19519804099617843,-0.1947057232264069,False,2015-01-05,42.104,4.821394641839261,True,2.0,1.9146236461684785,-10.615398558934164,0.16767118321474594,-5.76879503330765,-7.520279149861786,-7.703811120677928,-7.95531789550007,0.04531653600399199,False,,False,,False,,MACD_FAIL
CHOP_2015_2016,APD,legacy,MACD_FAIL,2015-01-16,2015-01-20,130.95,GREEN,190.69,192.93380000000002,184.3969,-0.7360270714227828,-0.7420963099753988,-0.6726360879963962,False,2015-01-15,127.33,2.8430063614230727,False,,9.400534555173735,-1.8174875906834642,9.400534555173735,-1.8174875906834642,0.6338297059946596,5.276823214967563,6.613211149293652,9.16380297823598,True,2.0,True,7.0,True,7.0,MACD_FAIL
CHOP_2015_2016,PG,legacy,MACD_PASS,2015-01-16,2015-01-20,82.955,GREEN,190.69,192.93380000000002,184.3969,-0.1558028798635556,-0.25519462718846353,-0.2669904986757552,True,2015-01-13,81.219,2.1374308967113675,True,5.0,1.1958290639503488,-7.643903321077683,1.1958290639503488,-5.061780483394607,-4.542221686456516,-5.137725272738236,-5.754927370260987,-4.7965764571152985,False,,False,,False,,MACD_PASS
CHOP_2015_2016,BEN,legacy,MACD_PASS,2015-01-21,2015-01-22,50.002,GREEN,192.07,192.96939999999998,184.5657,-0.21717855229914385,-0.2950984684244822,-0.33687266259084314,True,2015-01-13,48.06,4.040782355389094,False,,3.6938522459101453,-3.6198552057917777,3.6938522459101453,-3.6198552057917777,0.22999080036798514,1.751929922803086,2.1899124035038575,3.1018759249629824,True,0.0,True,0.0,False,,MACD_PASS
CHOP_2015_2016,GPC,legacy,MACD_PASS,2015-01-21,2015-01-22,90.918,GREEN,192.07,192.96939999999998,184.5657,-0.8145701016912856,-1.0122628836577232,-1.207438102660937,True,2015-01-12,87.104,4.378673769287289,True,6.0,0.8029213137112468,-6.513561670956259,0.8029213137112468,-5.50716029829077,-2.869618777359828,-2.332871378604906,-1.476055346576055,-1.9963043621725185,False,,False,,False,,MACD_PASS
CHOP_2015_2016,GWW,legacy,MACD_PASS,2015-01-21,2015-01-22,229.07,GREEN,192.07,192.96939999999998,184.5657,-0.9606586040558645,-1.2836683854643338,-1.5303542731827002,True,2015-01-13,219.55,4.33614210885902,True,2.0,0.9953289387523379,-6.60060243593662,0.9953289387523379,-4.775832714890649,-3.7936002095429355,-1.680708953594967,-4.020605055223281,-2.4533985244685086,False,,False,,False,,MACD_PASS
CHOP_2015_2016,SWK,legacy,MACD_PASS,2015-01-21,2015-01-22,88.074,GREEN,192.07,192.96939999999998,184.5657,-0.4111241124286734,-0.4776930708640793,-0.48107188381067656,True,2015-01-15,85.584,2.9094223219293225,False,,6.623975293503204,-3.1382700910597805,6.623975293503204,-3.1382700910597805,2.764720575879376,3.398278720167136,4.6052183391239065,6.387810250471193,True,5.0,True,5.0,True,16.0,MACD_PASS
CHOP_2015_2016,TROW,legacy,MACD_PASS,2015-01-21,2015-01-22,73.674,GREEN,192.07,192.96939999999998,184.5657,-0.44856061407099906,-0.4860091644263279,-0.5176755501864055,True,2015-01-14,71.323,3.2962718898532195,True,5.0,4.168363330347202,-4.70586638434185,4.168363330347202,-4.70586638434185,-3.2033010288568753,-0.07601053288814885,0.5700789966609499,2.101148301978961,True,0.0,True,2.0,False,,MACD_PASS
CHOP_2015_2016,ADM,legacy,MACD_PASS,2015-01-23,2015-01-26,44.088,GREEN,193.85,193.0828,184.78850000000003,-0.14242062170742986,-0.20575925836465803,-0.2981821116554162,True,2015-01-07,43.063,2.3802336112207723,True,7.0,2.96679368535655,-3.79241516966069,2.5607875158773385,-3.79241516966069,1.0320268553801526,-0.6237524950099771,0.7915986209399373,2.6492469606242075,True,1.0,False,,False,,MACD_PASS
CHOP_2015_2016,ABT,legacy,MACD_FAIL,2015-01-29,2015-01-30,42.599,GREEN,191.02,193.0482,185.19760000000002,-0.02786962403550458,-0.13502881215199555,-0.11674662184995595,False,2015-01-27,40.674,4.732753110094889,False,,5.457874597995271,-2.467194065588385,5.457874597995271,-2.467194065588385,0.21596751097445743,1.5188149956571806,4.225451301673755,4.007136317753934,True,11.0,True,14.0,True,17.0,MACD_FAIL
CHOP_2015_2016,CL,legacy,MACD_FAIL,2015-01-29,2015-01-30,64.285,GREEN,191.02,193.0482,185.19760000000002,-0.1398533471013368,-0.3480941124634146,-0.27354406512375506,False,2015-01-27,61.011,5.366245431151739,False,,4.301158901765567,-2.003577817531299,4.301158901765567,-2.003577817531299,1.390682118690223,2.5309170101890155,3.408260091778792,3.8920432449249587,True,3.0,True,11.0,False,,MACD_FAIL
CHOP_2015_2016,ABBV,legacy,MACD_FAIL,2015-02-02,2015-02-03,55.815,GREEN,190.96,192.9294,185.37035,-0.24727515162158298,-0.22053515481177488,-0.11771498715585904,False,2015-01-22,53.142,5.029919837416719,True,1.0,0.48732419600467924,-10.42192958882021,0.26157842873779646,-8.033682701782663,-7.648481590970169,-3.830511511242496,-1.5909701693093248,-2.157126220550032,False,,False,,False,,MACD_FAIL
CHOP_2015_2016,PEP,legacy,MACD_FAIL,2015-02-02,2015-02-03,88.78,GREEN,190.96,192.9294,185.37035,-0.2722025882034934,-0.2603188178028555,-0.0772612189964168,False,2015-01-30,86.504,2.631092203828711,False,,4.938049110159937,-0.45731020500113795,4.938049110159937,-0.45731020500113795,2.048884883982871,3.4455958549222787,3.623563865735524,2.073665239918898,True,5.0,True,6.0,False,,MACD_FAIL
CHOP_2015_2016,WBA,legacy,MACD_FAIL,2015-02-02,2015-02-03,71.133,GREEN,190.96,192.9294,185.37035,-0.37187843813384525,-0.4358220153637725,-0.40261574577897463,False,2015-01-29,69.128,2.9004166184469327,False,,12.36416290610547,-1.2132203056246738,12.36416290610547,-1.2132203056246738,2.093261917815936,3.992521052113651,6.961607130305203,10.987867796943762,True,3.0,True,6.0,True,6.0,MACD_FAIL
CHOP_2015_2016,BDX,legacy,MACD_FAIL,2015-02-03,2015-02-04,134.46,GREEN,193.72,192.94359999999998,185.47064999999998,-0.5197802811974668,-0.6390787710523327,-0.6262603988126454,False,2015-01-30,130.03,3.4069060985926436,False,,6.63394318012791,-1.100699092666979,6.63394318012791,-1.100699092666979,0.8478357875948195,1.9485348802617874,5.615052803807807,6.299271158708919,True,1.0,True,1.0,True,13.0,MACD_FAIL
CHOP_2015_2016,JNJ,legacy,MACD_PASS,2015-02-03,2015-02-04,94.595,GREEN,193.72,192.94359999999998,185.47064999999998,-0.06034843552547975,-0.17664998938690857,-0.18154302741700745,True,2015-01-30,92.049,2.765918152288438,True,6.0,1.9546487657910117,-4.8734076853956365,0.42496960727311794,-4.8734076853956365,-1.7125640890110483,-1.397536867699145,1.3753369628416001,1.0920238913261882,False,,False,,False,,MACD_PASS
CHOP_2015_2016,SYY,legacy,MACD_FAIL,2015-02-03,2015-02-04,36.689,GREEN,193.72,192.94359999999998,185.47064999999998,-0.18656169982897067,-0.212959565546949,-0.1341586187770311,False,2015-01-30,35.245,4.097035040431285,False,,2.2731608929106972,-2.9518384256861707,2.2731608929106972,-2.9518384256861707,-1.668074899833738,-2.5702526642862877,-1.1065987080596362,-1.1583853471067496,True,3.0,False,,False,,MACD_FAIL
CHOP_2015_2016,KMB,legacy,MACD_PASS,2015-02-04,2015-02-05,101.22,GREEN,192.98,192.9366,185.56425000000002,-0.5512936478022277,-0.6542631304684177,-0.7815724449920098,True,2015-01-27,98.876,2.370646061733872,False,,1.5807152736613261,-2.433313574392404,1.5807152736613261,-2.433313574392404,0.06915629322268302,0.7804781663702798,-0.4149377593360981,-2.1981821774352817,False,,False,,False,,MACD_PASS
CHOP_2015_2016,KO,legacy,MACD_PASS,2015-02-04,2015-02-05,38.218,GREEN,192.98,192.9366,185.56425000000002,-0.14709431695174838,-0.16215830049833724,-0.16710297586420103,True,2015-01-29,37.393,2.2062952959110094,False,,4.448165785755398,-1.8237479721597172,4.448165785755398,-1.8237479721597172,0.8817834528232593,0.40556805693650055,3.592548014024799,-0.6724580040818551,True,3.0,True,15.0,False,,MACD_PASS
CHOP_2015_2016,VFC,legacy,MACD_FAIL,2015-02-04,2015-02-05,64.883,GREEN,192.98,192.9366,185.56425000000002,-0.30365342157735875,-0.26186376145213186,-0.38094701603433206,False,2015-01-20,63.77,1.7453347969264454,False,,12.212752184701703,-2.1746836613596665,12.212752184701703,-2.1746836613596665,2.3642556601883413,9.285945471078726,10.52664026016059,7.849513740116842,True,1.0,True,6.0,True,6.0,MACD_FAIL
CHOP_2015_2016,HCP,legacy,MACD_PASS,2015-02-18,2015-02-19,37.291,GREEN,198.74,193.2202,186.53465,-0.2875571333585949,-0.38126221413186157,-0.44456273198998847,True,2015-02-04,35.588,4.785320894683598,True,11.0,0.46123729586229345,-8.404172588560243,0.46123729586229345,-7.712316644766826,-4.043871175350611,-3.668445469416204,-7.371751897240609,-5.282776004934164,False,,False,,False,,MACD_PASS
CHOP_2015_2016,ED,legacy,MACD_PASS,2015-02-20,2015-02-23,58.371,GREEN,199.77,193.38819999999998,186.7785,-0.42281653662965557,-0.4288153936256573,-0.4972869578652025,True,2015-02-06,56.793,2.7785114362685492,True,5.0,2.9620873378903845,-7.1628034469171435,2.9620873378903845,-4.043103595963748,-3.558273800346068,-5.740864470370555,-3.717599492898871,-4.010553185657262,True,1.0,False,,False,,MACD_PASS
CHOP_2015_2016,BCR,legacy,MACD_FAIL,2015-03-05,2015-03-06,167.54,GREEN,199.03,194.9416,187.86195,-0.7368375216916955,-0.9501987944198559,-0.9448241120072038,False,2015-03-02,163.79,2.2895170645338636,True,2.0,2.106959532052044,-3.3424853766264695,0.12534320162349566,-2.5188014802435266,-2.2143965620150308,1.1818073295929432,-1.0325892324220987,-0.907246030798603,False,,False,,False,,MACD_FAIL
CHOP_2015_2016,CB,legacy,MACD_FAIL,2015-03-09,2015-03-10,104.56,GREEN,197.04,194.95300000000003,188.07370000000003,-0.18817214762598733,-0.18159188687486116,-0.08216692655860675,False,2015-03-06,104.6,-0.03824091778201755,True,0.0,3.136954858454466,-1.4824024483550136,0.22953328232593329,-1.4824024483550136,1.4345830145371163,0.5451415455240971,0.35386381025248603,0.11476664116296664,False,,False,,False,,MACD_FAIL
CHOP_2015_2016,CLX,legacy,MACD_FAIL,2015-03-11,2015-03-12,100.37,GREEN,193.38,194.8252,188.23995,-0.3105311042396738,-0.2256742473523785,-0.12093953072172758,False,2015-03-10,99.297,1.0805965940562157,False,,4.652784696622492,-0.2191890006974173,4.652784696622492,-0.2191890006974173,1.7634751419746797,1.8132908239513634,2.3313739165089054,2.759788781508421,True,2.0,True,6.0,False,,MACD_FAIL
CHOP_2015_2016,ABBV,legacy,MACD_PASS,2015-03-12,2015-03-13,52.663,GREEN,194.07,194.75920000000002,188.31810000000002,-0.15035131810721858,-0.2596653147885961,-0.30101520081030686,True,2015-03-09,49.637,6.096258839172375,False,,7.836621536942445,-3.081860129502678,7.836621536942445,-3.081860129502678,3.921159068036384,-0.8108159428821038,-0.8772762660691491,6.171315724512461,True,1.0,True,2.0,True,4.0,MACD_PASS
CHOP_2015_2016,ABT,legacy,MACD_FAIL,2015-03-12,2015-03-13,44.297,GREEN,194.07,194.75920000000002,188.31810000000002,-0.11795158938653921,-0.1638546926270878,-0.13948014801423103,False,2015-03-11,43.359,2.1633340252311895,True,13.0,1.3522360430729075,-3.5171682055218145,1.3522360430729075,-3.5171682055218145,0.5485698805788308,-0.912025645077541,-1.9324107727385464,-0.936858026502918,False,,False,,False,,MACD_FAIL
CHOP_2015_2016,GPC,legacy,MACD_FAIL,2015-03-12,2015-03-13,88.228,GREEN,194.07,194.75920000000002,188.31810000000002,-0.06785927130784775,-0.20592006164472987,-0.17102123366066035,False,2015-03-05,85.659,2.9991010868676726,True,13.0,2.048102643151828,-4.234483383959731,2.048102643151828,-4.234483383959731,1.2751054087137836,-1.8905562859863,-1.5289930634265647,-1.9948315727433386,True,6.0,False,,False,,MACD_FAIL
CHOP_2015_2016,ADP,legacy,MACD_PASS,2015-03-13,2015-03-16,81.564,GREEN,196.77,194.76760000000002,188.41044999999997,-0.3347521572854558,-0.3784693812750352,-0.4707135548010678,True,2015-03-06,79.794,2.21821189563125,True,8.0,1.7336079642979785,-3.0172625177774526,1.7336079642979785,-3.0172625177774526,0.9133931636506443,-0.7270364376440464,-0.7687214947771026,-1.0396743661419294,False,,False,,False,,MACD_PASS
CHOP_2015_2016,HRL,legacy,MACD_FAIL,2015-03-13,2015-03-16,26.461,GREEN,196.77,194.76760000000002,188.41044999999997,-0.23312286679150324,-0.21005050643346357,-0.19768023279777514,False,2015-03-12,26.106,1.359840649659061,False,,5.317259362835869,-1.458750614111326,5.317259362835869,-1.458750614111326,2.588715468047331,3.268961868410125,4.406485015683459,4.640792109141767,True,4.0,True,5.0,True,16.0,MACD_FAIL
CHOP_2015_2016,ITW,legacy,MACD_PASS,2015-03-13,2015-03-16,92.268,GREEN,196.77,194.76760000000002,188.41044999999997,-0.3712826368523383,-0.42499725619300066,-0.4367885789745285,True,2015-03-10,90.61,1.829820108155844,False,,2.28356526639788,-2.1741015303247013,2.28356526639788,-2.1741015303247013,-0.009754194303546182,0.48554211644340484,0.5386482854293995,2.1285819569081266,True,2.0,False,,False,,MACD_PASS
CHOP_2015_2016,KMB,legacy,MACD_PASS,2015-03-13,2015-03-16,98.213,GREEN,196.77,194.76760000000002,188.41044999999997,-0.26234016324149523,-0.32485207296885577,-0.3737332675898921,True,2015-03-06,96.074,2.226408809875724,False,,3.9577245374848635,-1.2981988127844457,3.9577245374848635,-1.2981988127844457,2.8377098754747365,1.6667854561005058,0.9275757791738393,1.585329844317962,True,4.0,True,5.0,False,,MACD_PASS
CHOP_2015_2016,LEG,legacy,MACD_FAIL,2015-03-13,2015-03-16,42.458,GREEN,196.77,194.76760000000002,188.41044999999997,-0.0773689359514555,-0.1536148610989806,-0.13340611875623326,False,2015-03-12,40.967,3.6395147313691423,False,,3.0995336567902543,-2.2327947618823285,3.0995336567902543,-2.2327947618823285,1.6698855339394303,0.9892128691883828,0.3509350416882606,-0.6806726647510475,True,3.0,True,5.0,False,,MACD_FAIL
CHOP_2015_2016,PEP,legacy,MACD_PASS,2015-03-13,2015-03-16,88.014,GREEN,196.77,194.76760000000002,188.41044999999997,-0.3828953462398188,-0.44909503303298753,-0.5378864571228139,True,2015-03-05,86.983,1.1852890794752824,False,,2.749562569591202,-2.454155020792148,2.749562569591202,-2.454155020792148,1.3656918217556324,2.0746699388733747,1.745176903674417,2.0417206353534834,True,6.0,False,,False,,MACD_PASS
CHOP_2015_2016,PPG,legacy,MACD_PASS,2015-03-13,2015-03-16,109.71,GREEN,196.77,194.76760000000002,188.41044999999997,-0.6048204771673593,-0.6142983951768489,-0.6726837349133848,True,2015-03-10,107.92,1.658636026686433,True,7.0,1.5039649986327674,-3.7918147844316796,1.5039649986327674,-2.807401330781145,-0.9935283930361805,-1.8503326952875598,-1.6771488469601525,-0.3190228784978544,False,,False,,False,,MACD_PASS
CHOP_2015_2016,SHW,legacy,MACD_PASS,2015-03-13,2015-03-16,278.14,GREEN,196.77,194.76760000000002,188.41044999999997,-1.0782551383839127,-1.213517571295463,-1.3752398993012798,True,2015-03-11,273.37,1.7448878808940194,True,8.0,2.3369526137916097,-3.4982382972603587,1.459696555691381,-3.4982382972603587,0.704681095851023,-0.5572733155964626,0.6147983030128756,1.5280074782483721,False,,False,,False,,MACD_PASS
CHOP_2015_2016,SWK,legacy,MACD_PASS,2015-03-13,2015-03-16,90.658,GREEN,196.77,194.76760000000002,188.41044999999997,-0.36284699600895004,-0.3893751766596636,-0.4356805717531065,True,2015-03-10,90.37,0.3186898306960284,True,1.0,2.1299830130821373,-2.03843014405789,0.2603190010809886,-2.03843014405789,0.8074301219969549,1.0390699110944368,0.9850206269716999,0.7434534183414554,False,,False,,False,,MACD_PASS
CHOP_2015_2016,SYY,legacy,MACD_PASS,2015-03-13,2015-03-16,35.865,GREEN,196.77,194.76760000000002,188.41044999999997,-0.030384421048380794,-0.03427731117246574,-0.057672731344763195,True,2015-03-10,35.419,1.2592111578531462,True,3.0,0.5437055625261422,-3.3514568520842225,0.12547051442910462,-1.7565872020075313,-0.07528230865746499,-1.1097169942841267,-1.0818346577443294,-1.5279520423811532,False,,False,,False,,MACD_PASS
CHOP_2015_2016,WMT,legacy,MACD_PASS,2015-03-13,2015-03-16,76.851,GREEN,196.77,194.76760000000002,188.41044999999997,-0.04705875100352319,-0.14430035970538524,-0.20394496222343772,True,2015-03-04,75.071,2.371088702694779,True,15.0,1.7579471965231352,-3.359748083954661,1.7579471965231352,-2.7898140557702678,1.0461802709138546,0.09498900469742111,-2.365616582738028,-2.7898140557702678,False,,False,,False,,MACD_PASS
CHOP_2015_2016,APD,legacy,MACD_FAIL,2015-03-16,2015-03-17,141.51,GREEN,197.24,194.82440000000003,188.50050000000002,-0.7398804785412749,-0.8034824826346811,-0.8000626242860673,False,2015-03-10,140.39,0.79777761948856,True,6.0,2.275457564836403,-2.2330577344357283,2.275457564836403,-1.3002614656208111,-0.09186629920147071,-0.15546604480248805,-0.36746519680587175,0.5299978800084704,True,1.0,False,,False,,MACD_FAIL
CHOP_2015_2016,CL,legacy,MACD_PASS,2015-03-16,2015-03-17,64.471,GREEN,197.24,194.82440000000003,188.50050000000002,-0.2883375554230222,-0.35231637665693794,-0.37356168746522617,True,2015-03-10,63.665,1.2660017277939195,False,,3.0664950132617497,-2.43520342479564,3.0664950132617497,-2.43520342479564,1.1121279334894707,1.152456143072067,1.9714290145957047,1.9435094848846868,True,4.0,True,5.0,False,,MACD_PASS
CHOP_2015_2016,MDT,legacy,MACD_PASS,2015-03-16,2015-03-17,73.147,GREEN,197.24,194.82440000000003,188.50050000000002,-0.2746606207743807,-0.3832315395262281,-0.4179628342303636,True,2015-03-10,71.615,2.1392166445577177,False,,2.686371279751709,-1.7061533624072145,2.686371279751709,-1.7061533624072145,1.6774440510205268,1.1333342447400252,-0.9433059455616899,1.029433879721653,True,5.0,False,,False,,MACD_PASS
CHOP_2015_2016,MKC,legacy,MACD_FAIL,2015-03-16,2015-03-17,68.545,GREEN,197.24,194.82440000000003,188.50050000000002,-0.31970757227233265,-0.36119189839884674,-0.3342876059192231,False,2015-03-10,67.71,1.2332004135283015,False,,9.52658837260194,-1.6879422277335965,9.52658837260194,-1.6879422277335965,4.0002917791231996,6.759063389014508,8.413451017579687,7.939309942373618,True,5.0,True,5.0,True,5.0,MACD_FAIL
CHOP_2015_2016,MMM,legacy,MACD_FAIL,2015-03-16,2015-03-17,155.19,GREEN,197.24,194.82440000000003,188.50050000000002,-0.5433148037854615,-0.7841855170418635,-0.7788837600881362,False,2015-03-10,151.56,2.3950910530482927,False,,1.3209614021522098,-2.6097042335202048,1.3209614021522098,-2.6097042335202048,0.4768348476061668,-0.34151685031251766,0.451059990978786,0.5541594174882425,False,,False,,False,,MACD_FAIL
CHOP_2015_2016,PG,legacy,MACD_PASS,2015-03-16,2015-03-17,76.322,GREEN,197.24,194.82440000000003,188.50050000000002,-0.08536590334273142,-0.2311111484597862,-0.26880849444921795,True,2015-03-06,73.987,3.1559598307810965,False,,2.0976913602893,-2.29029637588114,2.0976913602893,-2.29029637588114,0.6708419590681691,-1.703309661696495,-0.7088388669060031,0.17950263357877638,True,4.0,False,,False,,MACD_PASS
CHOP_2015_2016,BDX,legacy,MACD_PASS,2015-03-18,2015-03-19,139.03,GREEN,199.03,195.0374,188.68285,-0.4807278182709792,-0.6944638999565649,-0.6948597641732724,True,2015-03-11,134.55,3.3296172426607207,False,,2.1434222829604943,-3.474070344529967,2.1434222829604943,-3.474070344529967,-1.136445371502559,-2.4886715097460987,-1.136445371502559,-2.2872761274545073,True,3.0,False,,False,,MACD_PASS
CHOP_2015_2016,KO,legacy,MACD_PASS,2015-03-18,2015-03-19,37.317,GREEN,199.03,195.0374,188.68285,-0.11029540789919617,-0.14805069087454892,-0.18389341857114422,True,2015-03-09,36.515,2.1963576612351154,False,,2.797652544416751,-1.3318326767960964,2.797652544416751,-1.3318326767960964,-0.32156925797892644,0.4957526060508588,0.9861457244687566,-0.44483747353751824,True,11.0,False,,False,,MACD_PASS
CHOP_2015_2016,VFC,legacy,MACD_PASS,2015-03-18,2015-03-19,69.432,GREEN,199.03,195.0374,188.68285,-0.3387945131633613,-0.41661188575210395,-0.4350219188205383,True,2015-03-10,67.863,2.3120109632642327,False,,3.478223297614913,-1.2040557667934104,3.478223297614913,-1.2040557667934104,-0.040327226639025326,2.124380689019456,2.2597649498790284,-0.23044129508007494,True,2.0,True,2.0,False,,MACD_PASS
CHOP_2015_2016,TROW,legacy,MACD_FAIL,2015-04-01,2015-04-02,74.127,GREEN,195.39,196.24020000000002,189.4828,-0.1904388705379225,-0.21622354948858807,-0.18336928600493477,False,2015-03-27,73.032,1.4993427538613213,False,,4.66226880893601,-1.0293145547506155,4.66226880893601,-1.0293145547506155,1.4798926167253645,3.284902936851619,3.4737679927691723,2.1193357346176223,True,4.0,True,7.0,False,,MACD_FAIL
CHOP_2015_2016,CTAS,legacy,MACD_PASS,2015-04-09,2015-04-10,79.025,GREEN,198.45,196.63160000000005,189.8438,-0.18822960789691243,-0.18983761524029025,-0.2256157060296891,True,2015-03-26,77.876,1.4754224664851767,True,14.0,0.9528630180322573,-2.8598544764315115,0.9528630180322573,-2.8598544764315115,-0.574501739955724,0.34039860803543043,-0.7099019297690745,0.6833280607402514,False,,False,,False,,MACD_PASS
CHOP_2015_2016,LEG,legacy,MACD_PASS,2015-04-15,2015-04-16,41.909,GREEN,199.9,197.3752,190.17075,-0.13202533282295506,-0.13261380975999282,-0.13330768594075576,True,2015-04-14,41.51,0.9612141652613815,True,0.0,5.428428261232665,-5.807821708940796,0.08590040325466841,-1.3815648190126262,-1.8945811162280113,-5.521487031425232,2.956405545348262,5.270944188599125,False,,False,,False,,MACD_PASS
CHOP_2015_2016,LOW,legacy,MACD_PASS,2015-04-22,2015-04-23,69.765,GREEN,200.09,197.90239999999997,190.53650000000002,-0.1891125912651757,-0.21444120596593813,-0.25437684890469214,True,2015-04-21,69.393,0.5360771259348862,True,2.0,1.3430803411452752,-7.333189994983158,1.3029456030961173,-1.58962230344728,-5.607396258869068,-0.9044649896079671,-0.9460331111588838,-5.798036264602602,False,,False,,False,,MACD_PASS
CHOP_2015_2016,VFC,legacy,MACD_FAIL,2015-04-22,2015-04-23,69.346,GREEN,200.09,197.90239999999997,190.53650000000002,-0.17405368806851723,-0.16965663612820267,-0.19050048516590792,False,2015-04-20,69.149,0.28489204471504603,True,2.0,0.7484209615550963,-6.105615320278035,0.7484209615550963,-0.7022755458137575,-1.8818677357021363,-3.8589103913708067,-4.386698583912551,-3.44071756121479,False,,False,,False,,MACD_FAIL
CHOP_2015_2016,CLX,legacy,MACD_PASS,2015-04-23,2015-04-24,102.33,GREEN,200.59,198.00279999999998,190.62095000000002,-0.16352283534933687,-0.19036385143229062,-0.19887700376510675,True,2015-04-20,101.61,0.7085916740478204,True,3.0,1.8274210886348063,-3.3235610280465178,0.44952604319359324,-1.983777973223888,-2.6189778168669964,-1.319261213720313,0.14658457930225577,0.6742890647903899,False,,False,,False,,MACD_PASS
CHOP_2015_2016,WMT,legacy,MACD_PASS,2015-04-23,2015-04-24,73.989,GREEN,200.59,198.00279999999998,190.62095000000002,-0.09145556989558279,-0.1796246843619247,-0.2210710055923415,True,2015-04-06,72.282,2.3615837967958964,True,17.0,1.952993012474824,-4.2114368352052285,1.952993012474824,-3.3626620173269006,-0.9812269391396011,-0.44601224506345405,0.45141845409450987,-3.8316506507724224,False,,False,,False,,MACD_PASS
CHOP_2015_2016,CB,legacy,MACD_FAIL,2015-04-24,2015-04-27,102.51,GREEN,201.06,198.1102,190.70355,-0.34519569220004426,-0.3499628839907942,-0.3050066378270789,False,2015-04-23,101.12,1.3746044303797555,True,3.0,0.3414301043800583,-2.4290313140181485,0.14632718759144403,-2.0583357721197904,-1.3559652716808146,-0.6048190420446797,-0.17559262510975504,-1.9900497512437831,False,,False,,False,,MACD_FAIL
CHOP_2015_2016,CINF,legacy,MACD_PASS,2015-04-24,2015-04-27,48.714,GREEN,201.06,198.1102,190.70355,-0.16665995123337904,-0.1941482227297017,-0.19826630451601995,True,2015-04-21,47.697,2.1322095729291,True,2.0,0.0,-4.696801740772671,0.0,-4.413515621792497,-2.8225971999835786,-3.1243585006363594,-2.9396066839101787,-4.3355092991747775,False,,False,,False,,MACD_PASS
CHOP_2015_2016,SHW,legacy,MACD_PASS,2015-04-27,2015-04-28,274.7,GREEN,200.22,198.1632,190.78564999999998,-0.6608571455679995,-0.772040801848018,-0.8587856647818086,True,2015-04-21,272.21,0.9147349472833577,True,1.0,4.503094284674192,-2.9377502730251193,0.2730251183108878,-1.8128867855842556,-2.6137604659628666,2.2715689843465725,3.840553330906449,2.8758645795413207,False,,False,,False,,MACD_PASS
CHOP_2015_2016,ITW,legacy,MACD_PASS,2015-04-28,2015-04-29,89.363,GREEN,200.86,198.21239999999997,190.8696,-0.2794903575936567,-0.3375659712382035,-0.3785368199028949,True,2015-04-21,88.578,0.8862245704351013,False,,3.8282063046227277,-1.1011268645860106,3.8282063046227277,-1.1011268645860106,0.5416111813614011,1.5285968465696076,2.4697022257533785,1.2622673813547092,True,4.0,True,11.0,False,,MACD_PASS
CHOP_2015_2016,PEP,legacy,MACD_FAIL,2015-04-30,2015-05-01,88.572,GREEN,198.03,198.22440000000003,191.01170000000002,-0.16767412935143777,-0.20592388067241296,-0.17817671832426704,False,2015-04-27,86.805,2.035597027820968,False,,3.446913245720995,-0.4199972903400573,3.446913245720995,-0.4199972903400573,1.462087341371987,3.2165921510183937,1.1572505983832304,0.8524138553944738,True,6.0,True,10.0,False,,MACD_FAIL
CHOP_2015_2016,PPG,legacy,MACD_PASS,2015-04-30,2015-05-01,106.36,GREEN,198.03,198.22440000000003,191.01170000000002,-0.2495303829440853,-0.2550785353778706,-0.2673625451174536,True,2015-04-27,104.85,1.4401525989508945,False,,4.945468221135774,-0.48890560361037894,4.945468221135774,-0.48890560361037894,3.619781872884542,4.842045881910506,3.6949981195938397,3.619781872884542,True,2.0,True,5.0,False,,MACD_PASS
CHOP_2015_2016,GPC,legacy,MACD_FAIL,2015-05-01,2015-05-04,86.225,GREEN,200.17,198.25600000000003,191.0859,-0.09881290754217953,-0.15693459406582366,-0.07466395678533455,False,2015-04-29,83.337,3.465447520309106,False,,2.342708031313445,-3.0895911858509595,2.342708031313445,-3.0895911858509595,1.7732676138011216,1.2861699043201114,0.010437808060315135,-2.4076543925775518,True,5.0,False,,False,,MACD_FAIL
CHOP_2015_2016,BCR,legacy,MACD_PASS,2015-05-04,2015-05-05,168.39,GREEN,200.75,198.27560000000003,191.1736,-0.42063333581440576,-0.5659156752236596,-0.6210245544968643,True,2015-04-29,163.29,3.1232776042623422,False,,2.6248589583704574,-2.232911693093409,2.6248589583704574,-2.232911693093409,-1.7340697191044474,2.185402933665892,1.0986400617613912,0.8789120494091307,True,8.0,False,,False,,MACD_PASS
CHOP_2015_2016,BF-B,legacy,MACD_PASS,2015-05-04,2015-05-05,44.37,GREEN,200.75,198.27560000000003,191.1736,-0.09971879925217098,-0.1348764106937823,-0.15867165219117949,True,2015-04-27,43.41,2.2114720110573582,False,,5.677259409510937,-1.9900833896776993,5.677259409510937,-1.9900833896776993,0.4034257381113404,3.7885958981293877,2.2560288483209456,5.65472165877845,True,4.0,True,8.0,True,20.0,MACD_PASS
CHOP_2015_2016,HRL,legacy,MACD_PASS,2015-05-04,2015-05-05,26.8,GREEN,200.75,198.27560000000003,191.1736,-0.05084518602355961,-0.09661202210493874,-0.13696307137693706,True,2015-04-23,25.91,3.4349671941335425,False,,5.977611940298511,-2.2500000000000075,5.977611940298511,-2.2500000000000075,-0.4477611940298498,-0.3955223880597103,4.32835820895523,1.5932835820895441,True,11.0,True,11.0,True,11.0,MACD_PASS
CHOP_2015_2016,MKC,legacy,MACD_PASS,2015-05-04,2015-05-05,72.794,GREEN,200.75,198.27560000000003,191.1736,-0.17856989834185216,-0.25025595883101315,-0.31209955559378205,True,2015-04-23,71.653,1.5923966896012498,False,,4.525098222380963,-1.4671538863093136,4.525098222380963,-1.4671538863093136,1.5234772096601512,4.324532241668266,3.3052174629777165,2.2172157045910357,True,6.0,True,7.0,False,,MACD_PASS
CHOP_2015_2016,TGT,legacy,MACD_PASS,2015-05-04,2015-05-05,73.5,GREEN,200.75,198.27560000000003,191.1736,-0.3520430366049521,-0.4149542843476915,-0.434226478161654,True,2015-04-30,72.003,2.0790800383317265,True,7.0,1.687074829931956,-4.447619047619056,1.687074829931956,-4.447619047619056,0.9863945578231226,-1.9768707482993197,1.0176870748299427,1.068027210884348,False,,False,,False,,MACD_PASS
CHOP_2015_2016,MMM,legacy,MACD_PASS,2015-05-06,2015-05-07,147.42,GREEN,197.62,198.19580000000002,191.30475,-0.3242752660912467,-0.4074551588407842,-0.507667487291865,True,2015-04-27,146.29,0.772438307471468,False,,4.375254375254389,0.0,4.375254375254389,0.0,3.7579704246371026,3.7172703839370547,1.8111518111518121,0.5223171889838563,True,1.0,True,5.0,False,,MACD_PASS
CHOP_2015_2016,CAH,legacy,MACD_PASS,2015-05-08,2015-05-11,81.978,GREEN,201.03,198.18359999999996,191.44459999999998,-0.4543819662892662,-0.632048830706831,-0.6958552911699318,True,2015-05-01,79.612,2.9719137818419394,False,,3.5106979921442294,-0.945375588572539,3.5106979921442294,-0.945375588572539,1.4564883261362738,1.153968137793071,1.665080875356817,1.2369172216936342,True,4.0,True,12.0,False,,MACD_PASS
CHOP_2015_2016,MDT,legacy,MACD_PASS,2015-05-08,2015-05-11,72.095,GREEN,201.03,198.18359999999996,191.44459999999998,-0.14842434347693167,-0.27164908756403494,-0.2853152923755115,True,2015-05-07,70.275,2.589825684809677,False,,4.043276232748472,-1.8891740065191676,4.043276232748472,-1.8891740065191676,1.9238504750676233,0.7393023094528051,1.148484638324443,-1.4300575629378032,True,5.0,True,6.0,False,,MACD_PASS
CHOP_2015_2016,TROW,legacy,MACD_FAIL,2015-05-08,2015-05-11,75.988,GREEN,201.03,198.18359999999996,191.44459999999998,-0.1800223067944485,-0.23233347255595566,-0.21249284269326485,False,2015-05-07,74.583,1.8838073019320722,True,15.0,0.8540822235089784,-4.561246512607243,0.8540822235089784,-2.4201189661525513,0.40137916513134364,-1.3831131231247018,-1.8581881349686857,-4.527030583776382,False,,False,,False,,MACD_FAIL
CHOP_2015_2016,WBA,legacy,MACD_PASS,2015-05-08,2015-05-11,80.955,GREEN,201.03,198.18359999999996,191.44459999999998,-0.3346939410976805,-0.4951398656568391,-0.6291230805582059,True,2015-04-24,78.481,3.152355347154101,False,,2.8077326910011635,-2.214810697300962,2.8077326910011635,-2.214810697300962,1.4452473596442417,0.8856772280896763,1.8084120807856152,-0.7411524921252521,True,8.0,False,,False,,MACD_PASS
CHOP_2015_2016,BDX,legacy,MACD_PASS,2015-05-15,2015-05-18,135.69,GREEN,201.8,198.28760000000003,191.8315,-0.15934322794398081,-0.26129830038617974,-0.3533016105762791,True,2015-05-13,132.57,2.35347363656937,False,,1.1496794163166069,-2.181442995062277,1.1496794163166069,-2.181442995062277,-0.7738226840592666,-0.6116884073992024,-2.011938978554051,-1.0686122779865803,False,,False,,False,,MACD_PASS
CHOP_2015_2016,LOW,legacy,MACD_FAIL,2015-05-26,2015-05-27,66.887,GREEN,200.16,199.1064,192.48864999999998,-0.2879210989265566,-0.29497636049516185,-0.2722402506070701,False,2015-05-22,65.624,1.9246007558210598,True,9.0,1.7566941259138602,-3.1037421322528957,1.7566941259138602,-3.1037421322528957,1.013649887123047,-1.1033534169569537,-0.38572517828575625,0.20183294212627878,False,,False,,False,,MACD_FAIL
CHOP_2015_2016,AFL,legacy,MACD_FAIL,2015-05-29,2015-06-01,59.176,GREEN,200.57,199.336,192.79324999999997,-0.15136771675465224,-0.14341957899186092,-0.1508665586498121,False,2015-05-26,58.351,1.413857517437589,True,5.0,2.127551710152775,-1.8875895633365003,0.46302555089901,-1.4735703663647404,-1.4093551439772978,-0.7198864404488359,0.5272407732864526,-1.6983236447208339,False,,False,,False,,MACD_FAIL
CHOP_2015_2016,ADP,legacy,MACD_FAIL,2015-06-02,2015-06-03,80.858,GREEN,200.79,199.41099999999997,192.97375,-0.22304732287511717,-0.22490241973733205,-0.1971522221912268,False,2015-06-01,79.509,1.6966632708246943,True,1.0,0.23003289717775655,-6.748868386554219,0.1273838086522039,-2.1482104429988436,-1.2787850305473913,-2.330010635929658,-1.919414281827414,-5.131217690271839,False,,False,,False,,MACD_FAIL
CHOP_2015_2016,ITW,legacy,MACD_PASS,2015-06-03,2015-06-04,89.488,GREEN,201.31,199.44760000000002,193.06419999999997,-0.17829614915749242,-0.22559574662178877,-0.23511782709583715,True,2015-06-01,88.086,1.5916263651431617,True,2.0,0.4648667977829479,-2.868541033434646,0.15644555694618312,-2.03267477203648,0.3698819953513288,-1.0057214375111756,-1.6639102449490517,-0.6235472912569207,False,,False,,False,,MACD_PASS
CHOP_2015_2016,GWW,legacy,MACD_PASS,2015-06-09,2015-06-10,227.92,GREEN,198.02,199.6616,193.3216,-0.657102184347118,-0.8238107476782829,-0.8262297804177904,True,2015-06-08,225.68,0.9925558312654958,True,2.0,1.7593892593892768,-3.821516321516316,0.9477009477009579,-1.8076518076518,-0.7371007371007265,0.7722007722007707,-2.0884520884520863,-2.492102492102488,False,,False,,False,,MACD_PASS
CHOP_2015_2016,ADM,legacy,MACD_FAIL,2015-06-10,2015-06-11,48.789,GREEN,200.39,199.713,193.39115,-0.27807080836378406,-0.3519832652101895,-0.336373577257971,False,2015-06-05,47.516,2.6790975671352912,True,10.0,0.9920268913074626,-10.43062985509028,0.9920268913074626,-3.660661214618055,-1.535182110721689,-2.8203078562790918,-6.751521859435538,-9.508290803254837,False,,False,,False,,MACD_FAIL
CHOP_2015_2016,CINF,legacy,MACD_FAIL,2015-06-10,2015-06-11,47.282,GREEN,200.39,199.713,193.39115,0.03998063751701031,-0.015326298060656773,-0.0034695228031044745,False,2015-06-08,46.056,2.6619767239881797,False,,5.911340467831305,-2.0219110866714574,5.911340467831305,-2.0219110866714574,1.7385051393765227,-0.5900765619051618,3.214754029017386,5.693498582970258,True,14.0,True,14.0,True,20.0,MACD_FAIL
CHOP_2015_2016,CL,legacy,MACD_PASS,2015-06-10,2015-06-11,62.847,GREEN,200.39,199.713,193.39115,-0.08320897926929471,-0.19097421252322194,-0.24003902582348935,True,2015-05-28,61.316,2.496901298192955,False,,1.685044632202004,-1.9269018409788785,1.685044632202004,-1.9269018409788785,1.0867662736486983,0.015911658472167467,-0.4375706079844721,0.28481868665171106,False,,False,,False,,MACD_PASS
CHOP_2015_2016,ECL,legacy,MACD_FAIL,2015-06-10,2015-06-11,112.52,GREEN,200.39,199.713,193.39115,-0.06151262222921661,-0.1715195906259238,-0.14088290131962267,False,2015-06-08,109.91,2.37467018469657,True,15.0,2.328474937788849,-4.470316388197659,2.328474937788849,-2.97724848915748,1.4219694276573103,0.3199431212228987,-2.4084607180945516,-2.870600782083177,True,6.0,False,,False,,MACD_FAIL
CHOP_2015_2016,HRL,legacy,MACD_FAIL,2015-06-10,2015-06-11,27.241,GREEN,200.39,199.713,193.39115,-0.04985773645162282,-0.06736357897640557,-0.061932714708862385,False,2015-06-08,26.613,2.35974899485214,False,,2.999155684446242,-1.8428104695128678,2.999155684446242,-1.8428104695128678,0.6167174479644544,1.8281267207518104,-0.143166550420315,0.6681105686281663,True,8.0,False,,False,,MACD_FAIL
CHOP_2015_2016,MHFI,legacy,MACD_PASS,2015-06-10,2015-06-11,100.52,GREEN,200.39,199.713,193.39115,-0.3096692726741961,-0.45299700316801117,-0.4882972035355776,True,2015-06-01,97.833,2.7465170239080905,True,12.0,2.7755670513330832,-3.3953442101074427,2.7755670513330832,-2.8889773179466727,1.8603263032232364,-0.139275766016711,-1.3479904496617512,-0.2984480700358061,True,5.0,False,,False,,MACD_PASS
CHOP_2015_2016,WBA,legacy,MACD_FAIL,2015-06-10,2015-06-11,81.788,GREEN,200.39,199.713,193.39115,-0.1277382588828227,-0.21668033554229224,-0.211876780203702,False,2015-06-08,79.162,3.3172481746292393,False,,9.478163055705014,-2.0785445297598737,9.478163055705014,-2.0785445297598737,2.483249376436647,0.8069643468479493,0.16383821587520053,8.684648114637849,True,5.0,True,6.0,True,19.0,MACD_FAIL
CHOP_2015_2016,APD,legacy,MACD_PASS,2015-06-11,2015-06-12,136.73,GREEN,201.04,199.8118,193.45935,-0.05229285914551285,-0.1152729581125913,-0.17170086433094978,True,2015-06-08,134.17,1.9080271297607476,True,9.0,0.8922694361149786,-9.171359613837481,0.8922694361149786,-2.8742777737146064,-0.8410736487968862,-2.94741461274044,-6.501864989395145,-6.223945001097042,False,,False,,False,,MACD_PASS
CHOP_2015_2016,MDT,legacy,MACD_PASS,2015-06-11,2015-06-12,71.974,GREEN,201.04,199.8118,193.45935,-0.11873786434486505,-0.17231374774336639,-0.2367211960841238,True,2015-06-05,70.949,1.444699713878994,True,11.0,2.2285825436963336,-4.366854697529665,2.2285825436963336,-2.9885792091588814,1.094839803262282,-0.4459943868619143,-2.6064967905076952,-0.43348987134242956,True,6.0,False,,False,,MACD_PASS
CHOP_2015_2016,MKC,legacy,MACD_PASS,2015-06-11,2015-06-12,73.358,GREEN,201.04,199.8118,193.45935,-0.2468364010246989,-0.2858891964157791,-0.32460720796912124,True,2015-06-04,72.653,0.9703659862634773,False,,7.138962349028044,-0.8710706398756929,7.138962349028044,-0.8710706398756929,3.045339294964422,5.932549960467837,3.2375473704299385,5.340930777829267,True,3.0,True,4.0,True,8.0,MACD_PASS
CHOP_2015_2016,MMM,legacy,MACD_PASS,2015-06-11,2015-06-12,150.87,GREEN,201.04,199.8118,193.45935,-0.05836490334950806,-0.21193282228620836,-0.3516174977338217,True,2015-06-05,147.48,2.298616761594796,True,1.0,0.6097965135547057,-4.507191621926165,0.05302578378736378,-2.8302512096507026,-0.5965400676078758,-1.7697355339033716,-3.015841452906487,-2.134287797441503,False,,False,,False,,MACD_PASS
CHOP_2015_2016,PEP,legacy,MACD_PASS,2015-06-11,2015-06-12,88.102,GREEN,201.04,199.8118,193.45935,-0.23488918578971607,-0.3122422753298281,-0.3678327598047063,True,2015-06-04,86.938,1.3388851825438808,True,1.0,3.7558738734648545,-1.5118839526912065,0.11463984926562976,-1.5118839526912065,0.9568454745635613,1.0079226351274562,0.4687748291752669,3.466436630269465,False,,False,,False,,MACD_PASS
CHOP_2015_2016,SHW,legacy,MACD_PASS,2015-06-11,2015-06-12,275.05,GREEN,201.04,199.8118,193.45935,-0.8422641304603596,-1.0751276437801007,-1.3291722283038143,True,2015-06-04,270.08,1.840195497630348,True,11.0,1.5160879840029118,-2.4868205780767205,1.5160879840029118,-2.0396291583348547,-0.003635702599524837,0.38174877295038545,-0.7235048173059422,0.0290856207962209,False,,False,,False,,MACD_PASS
CHOP_2015_2016,TROW,legacy,MACD_PASS,2015-06-12,2015-06-15,72.591,GREEN,199.49,199.89379999999997,193.51915,-0.1564080757417643,-0.1832614298830625,-0.26491156178529235,True,2015-06-03,72.522,0.09514354264910097,True,10.0,3.0017495281784212,-2.5994958052651174,3.0017495281784212,-0.30582303591353277,1.858357096609775,-0.20663718642806028,-0.5400118471986848,0.5937375156700009,True,2.0,True,3.0,False,,MACD_PASS
CHOP_2015_2016,CLX,legacy,MACD_PASS,2015-06-17,2015-06-18,99.65,GREEN,200.05,200.05379999999997,193.69774999999998,-0.16050612199191183,-0.25519830453217507,-0.3168326483174265,True,2015-06-03,97.381,2.3300233105020496,False,,4.836929252383326,-2.1605619668841003,4.836929252383326,-2.1605619668841003,0.030105368790778186,-0.06021073758153417,1.39488208730556,3.9939789262418257,True,13.0,True,14.0,False,,MACD_PASS
CHOP_2015_2016,MCD,legacy,MACD_PASS,2015-06-18,2015-06-19,90.194,GREEN,202.12,200.145,193.7694,-0.0546595877481586,-0.16119137532275035,-0.2223541485139372,True,2015-06-01,87.976,2.5211421296717385,False,,3.360533960130385,-1.9180876776725753,3.360533960130385,-1.9180876776725753,0.9346519724150237,-0.767235071069039,2.116548772645621,1.141982836995803,True,15.0,True,17.0,False,,MACD_PASS
CHOP_2015_2016,PPG,legacy,MACD_FAIL,2015-07-02,2015-07-06,110.5,GREEN,197.89,200.23760000000001,194.38514999999998,-0.2623500164097581,-0.2427891395822751,-0.2605194054819341,False,2015-07-01,110.9,-0.36068530207394867,True,0.0,3.013574660633478,-11.488687782805428,1.031674208144806,-0.5339366515837107,1.4932126696832526,-3.447963800904974,-10.82262443438914,-6.036199095022621,False,,False,,False,,MACD_FAIL
CHOP_2015_2016,ADP,legacy,MACD_PASS,2015-07-06,2015-07-07,76.785,GREEN,197.31,200.172,194.43204999999998,-0.2810811549424428,-0.30473652020985564,-0.3077013166550072,True,2015-06-30,75.401,1.8355194228193206,False,,2.556488897571141,-3.2232857980074137,2.556488897571141,-3.2232857980074137,1.1356384710555556,0.5430748193006485,-0.4831672852770641,-0.35944520414142866,True,7.0,False,,False,,MACD_PASS
CHOP_2015_2016,GWW,legacy,MACD_FAIL,2015-07-09,2015-07-10,224.06,GREEN,195.58,199.9168,194.55385,-0.42471383333223245,-0.531569722491108,-0.5105772826611426,False,2015-07-02,219.21,2.2124903060991796,True,3.0,0.9818798536106454,-6.721413906989204,0.9818798536106454,-3.258055877889854,-1.807551548692321,-4.998661072926891,-3.7668481656699115,-4.4273855217352605,False,,False,,False,,MACD_FAIL
CHOP_2015_2016,LOW,legacy,MACD_PASS,2015-07-09,2015-07-10,64.468,GREEN,195.58,199.9168,194.55385,-0.15339818586560772,-0.20551966791194876,-0.21315931323421444,True,2015-06-30,62.955,2.403303947263935,False,,4.588322888875096,-1.6861078364459936,4.588322888875096,-1.6861078364459936,0.17683191660977648,0.07290438667244548,3.3210274865049128,3.5738661041136766,True,13.0,True,15.0,False,,MACD_PASS
CHOP_2015_2016,MDT,legacy,MACD_PASS,2015-07-10,2015-07-13,71.29,GREEN,198.06,199.87740000000002,194.61294999999998,-0.09518579317316544,-0.1983297310343935,-0.21487940823247959,True,2015-07-01,68.831,3.5725181967427577,False,,5.52251367653247,0.0,5.52251367653247,0.0,2.9681582269603046,1.1768831533174318,4.307757048674432,3.795763781736561,True,3.0,True,3.0,True,14.0,MACD_PASS
CHOP_2015_2016,MHFI,legacy,MACD_PASS,2015-07-10,2015-07-13,101.05,GREEN,198.06,199.87740000000002,194.61294999999998,-0.06227491873324831,-0.24377161870528086,-0.27888422456129125,True,2015-07-08,97.107,4.060469379138465,True,10.0,3.3646709549727927,-6.382978723404253,3.3646709549727927,-5.231073725878277,1.7615042058386932,-4.259277585353782,-2.6887679366650152,-0.6333498268184079,True,7.0,True,8.0,False,,MACD_PASS
CHOP_2015_2016,AFL,legacy,MACD_PASS,2015-07-13,2015-07-14,58.106,GREEN,200.24,199.9216,194.67574999999997,-0.10450806191805612,-0.13227101389210036,-0.1903221788337577,True,2015-07-08,57.025,1.8956597983340595,False,,5.899562867862174,-0.5042508518913746,5.899562867862174,-0.5042508518913746,0.7004440161084924,1.562661343062688,4.171686228616656,4.677658073176594,True,11.0,True,11.0,True,11.0,MACD_PASS
CHOP_2015_2016,CAH,legacy,MACD_PASS,2015-07-13,2015-07-14,81.562,GREEN,200.24,199.9216,194.67574999999997,-0.02237177679072866,-0.16369597100360855,-0.30270859678820783,True,2015-06-26,79.212,2.9667222138059834,True,9.0,1.8758735685735939,-6.661190260170169,1.8758735685735939,-4.234815232583788,0.4977808293077812,-2.4263750275863805,-0.01226061155928937,0.14957946102351904,False,,False,,False,,MACD_PASS
CHOP_2015_2016,CTAS,legacy,MACD_PASS,2015-07-13,2015-07-14,83.137,GREEN,200.24,199.9216,194.67574999999997,-0.08116558043762234,-0.19654205083172827,-0.26866947373796035,True,2015-07-08,80.695,3.0262098023421613,False,,3.0311413690655042,-3.1117312387986096,3.0311413690655042,-3.1117312387986096,-1.0669136485560005,-1.4975281763835668,0.9754982739333729,2.1025536163200576,True,16.0,True,19.0,False,,MACD_PASS
CHOP_2015_2016,ECL,legacy,MACD_PASS,2015-07-13,2015-07-14,110.6,GREEN,200.24,199.9216,194.67574999999997,-0.22879940659215814,-0.4245236855396276,-0.5489252327113181,True,2015-07-01,107.49,2.893292399292946,True,8.0,3.60759493670888,-5.180831826401433,1.6365280289331041,-3.9511754068715987,-0.9222423146473702,0.14466546112117395,1.5099457504520908,2.0343580470162825,False,,False,,False,,MACD_PASS
CHOP_2015_2016,MMM,legacy,MACD_FAIL,2015-07-13,2015-07-14,147.67,GREEN,200.24,199.9216,194.67574999999997,0.021733400364604805,-0.15409824759371515,-0.2608583757707321,False,2015-07-08,144.07,2.4987853126952064,True,7.0,0.9209724385454088,-5.63418432992483,0.9209724385454088,-4.787702309202945,-0.48080178777001326,-3.4468747883794837,-3.900589151486411,-5.119523261325909,False,,False,,False,,MACD_FAIL
CHOP_2015_2016,APD,legacy,MACD_PASS,2015-07-14,2015-07-15,128.67,GREEN,201.11,199.94039999999998,194.75799999999998,-0.11966321024788806,-0.3446353843437264,-0.5763815243799719,True,2015-06-26,124.19,3.6073757951525787,True,7.0,8.447967669231371,-6.264086422631532,1.0569674360767944,-5.510219942488526,-3.054325017486592,-2.090619414004802,7.647470272790868,6.124193673739042,False,,False,,False,,MACD_PASS
CHOP_2015_2016,T,legacy,MACD_PASS,2015-07-14,2015-07-15,31.363,GREEN,201.11,199.94039999999998,194.75799999999998,-0.06533256005123728,-0.08698914258059859,-0.09584981819443922,True,2015-07-10,30.727,2.0698408565756443,True,5.0,0.39537034084748957,-4.70299397379077,0.39537034084748957,-3.080062494021618,-2.3690335745942592,-1.1701686700889558,-1.5145234830851617,-3.080062494021618,False,,False,,False,,MACD_PASS
CHOP_2015_2016,ADM,legacy,MACD_PASS,2015-07-16,2015-07-17,44.607,GREEN,202.66,200.03040000000001,194.91694999999999,-0.06712754817380873,-0.13200070833271416,-0.1751436884158013,True,2015-06-29,43.7,2.0755148741418594,True,15.0,3.770708633174169,-4.840047526173019,3.770708633174169,-2.936758804671913,-1.06933889299885,-0.5851099603201404,-2.6811935346470195,-1.0469208868563173,True,12.0,True,12.0,False,,MACD_PASS
CHOP_2015_2016,SWK,legacy,MACD_FAIL,2015-07-28,2015-07-29,101.63,GREEN,199.82,200.1616,195.60525,-0.3124720369074275,-0.36945325775966514,-0.28994072825828765,False,2015-07-27,99.67,1.9664894150697165,True,3.0,4.693496014956233,-14.136573846305211,4.693496014956233,-3.094558693299221,-0.8658860572665517,-1.4365836859195014,-0.42310341434614873,-7.874643313982088,True,0.0,True,1.0,False,,MACD_FAIL
CHOP_2015_2016,TGT,legacy,MACD_PASS,2015-07-29,2015-07-30,75.433,GREEN,201.2,200.137,195.7152,-0.4253982090204208,-0.5401919859283458,-0.5585824368073851,True,2015-07-23,73.168,3.095615569647925,True,6.0,4.463563692283201,-11.227181737435876,0.9558150941895383,-3.653573369745333,-2.5002319939549156,-3.175002982779429,-0.4255431972744139,-3.896172762584027,False,,False,,False,,MACD_PASS
CHOP_2015_2016,LEG,legacy,MACD_PASS,2015-08-12,2015-08-13,44.923,GREEN,199.42,199.81220000000002,196.75710000000004,-0.1961116624573327,-0.233734338892291,-0.2673730066293673,True,2015-08-04,43.985,2.132545185858814,True,7.0,3.592814371257469,-17.334105024152436,3.592814371257469,-17.334105024152436,0.3539389622242428,-8.6258709347105,-8.398815751396837,-7.3036083965897225,True,3.0,True,4.0,False,,MACD_PASS
CHOP_2015_2016,ABBV,legacy,MACD_FAIL,2015-08-24,2015-08-25,59.927,YELLOW,180.94,199.14280000000002,197.05655,-0.5229516245378825,-0.3227618203271669,-0.20497249775626541,False,2015-08-21,49.581,20.866864323026956,False,,0.013349575316645712,-12.591986917416186,0.013349575316645712,-12.591986917416186,-7.080281008560418,-8.985932885010095,-8.60046389774225,-11.792681095332657,False,,False,,False,,MACD_FAIL
CHOP_2015_2016,AFL,legacy,MACD_FAIL,2015-08-25,2015-08-26,53.846,YELLOW,178.76,198.745,196.995,-0.9482574605618522,-0.730777960489666,-0.4282049957369047,False,2015-08-21,48.971,9.95487125033183,False,,4.5128700367715435,-1.5897188277680718,4.5128700367715435,-1.5897188277680718,1.6305760873602582,2.0707202020577187,2.795007985737108,1.7011477175649103,True,1.0,True,1.0,False,,MACD_FAIL
CHOP_2015_2016,CAH,legacy,MACD_FAIL,2015-08-25,2015-08-26,77.251,YELLOW,178.76,198.745,196.995,-0.5726881022360165,-0.5058784482274726,-0.307502491328845,False,2015-08-24,71.099,8.65272366699954,False,,5.603810953903499,-1.906771433379506,5.603810953903499,-1.906771433379506,0.5177926499333241,2.1902629092179993,4.361108594063512,0.24595150871833393,True,0.0,True,0.0,True,13.0,MACD_FAIL
CHOP_2015_2016,BCR,legacy,MACD_FAIL,2015-08-26,2015-08-27,191.27,YELLOW,185.61,198.4628,196.9669,-2.2960875985359,-2.466285071444951,-2.055058454987728,False,2015-08-24,179.33,6.658116321864727,False,,3.555183771631709,-3.445391331625458,3.555183771631709,-3.445391331625458,-1.3331939143619076,-0.09933601714853246,1.0142730172008063,0.1097924400062622,True,0.0,True,14.0,False,,MACD_FAIL
CHOP_2015_2016,BDX,legacy,MACD_FAIL,2015-08-26,2015-08-27,136.09,YELLOW,185.61,198.4628,196.9669,-1.360798928155378,-1.4888631353056847,-1.33920822911177,False,2015-08-19,128.69,5.7502525448752895,False,,1.7488426776397947,-5.239179954441909,1.7488426776397947,-5.239179954441909,-3.2772430009552544,-3.2405026085678523,-1.5724887941803378,-3.1229333529282144,False,,False,,False,,MACD_FAIL
CHOP_2015_2016,BF-B,legacy,MACD_FAIL,2015-08-26,2015-08-27,48.135,YELLOW,185.61,198.4628,196.9669,-0.7673312775383445,-0.739109853018353,-0.6366352009383099,False,2015-08-21,45.838,5.011126139883926,False,,1.792874207956796,-4.339877428066896,1.792874207956796,-4.339877428066896,-1.6079775631037685,-2.906409057858106,-0.9701880128804352,0.5796198192583368,False,,False,,False,,MACD_FAIL
CHOP_2015_2016,CINF,legacy,MACD_FAIL,2015-08-26,2015-08-27,49.1,YELLOW,185.61,198.4628,196.9669,-0.6203829221537991,-0.6234207120555042,-0.46322227725073795,False,2015-08-24,46.306,6.033775320692802,False,,4.236252545824848,-3.6822810590631305,4.236252545824848,-3.6822810590631305,0.15071283095722254,1.3441955193482569,1.0386965376782076,2.283095723014239,True,12.0,True,13.0,False,,MACD_FAIL
CHOP_2015_2016,CLX,legacy,MACD_FAIL,2015-08-26,2015-08-27,104.81,YELLOW,185.61,198.4628,196.9669,-1.2120600828299097,-1.2146309519596938,-0.8891904000731929,False,2015-08-25,101.41,3.35272655556651,False,,5.419330216582385,-2.36618643259231,5.419330216582385,-2.36618643259231,0.3816429729987414,-0.9636485068218681,2.2993989123175185,4.789619311134419,True,13.0,True,14.0,True,20.0,MACD_FAIL
CHOP_2015_2016,CTAS,legacy,MACD_FAIL,2015-08-26,2015-08-27,81.612,YELLOW,185.61,198.4628,196.9669,-0.6621130124133774,-0.7464445522061748,-0.5489669154493568,False,2015-08-25,78.32,4.203268641470892,False,,6.151056217222961,-2.152869676028024,6.151056217222961,-2.152869676028024,0.6628927118561112,1.4544429740724452,2.236190756261336,4.577758172817736,True,7.0,True,8.0,True,20.0,MACD_FAIL
CHOP_2015_2016,MHFI,legacy,MACD_FAIL,2015-08-26,2015-08-27,94.739,YELLOW,185.61,198.4628,196.9669,-0.7271400258541609,-0.8642449985567182,-0.6927622703776013,False,2015-08-21,88.218,7.3919154821011634,True,19.0,2.4794435237863954,-8.755633899450066,2.4794435237863954,-8.755633899450066,-3.549752477860224,-2.695827483929536,-5.112994648455238,-8.283811313186751,True,0.0,False,,False,,MACD_FAIL
CHOP_2015_2016,SWK,legacy,MACD_FAIL,2015-08-26,2015-08-27,94.936,YELLOW,185.61,198.4628,196.9669,-0.9485236547734831,-0.98517397754784,-0.6416456081572983,False,2015-08-25,90.508,4.892385203517935,False,,8.241341535350122,-1.828600320215723,8.241341535350122,-1.828600320215723,0.6446448133479388,1.2429426139715094,1.681132552456388,-0.3075756298980381,True,2.0,True,2.0,True,14.0,MACD_FAIL
CHOP_2015_2016,T,legacy,MACD_FAIL,2015-08-26,2015-08-27,29.495,YELLOW,185.61,198.4628,196.9669,-0.19350993391316262,-0.21181719394705584,-0.13924231790028707,False,2015-08-25,28.388,3.899535014794986,False,,1.4816070520427216,-3.2107136802848046,1.4816070520427216,-3.2107136802848046,0.09493134429563455,-0.8815053398881223,-1.3900661129004899,-2.061366333276826,False,,False,,False,,MACD_FAIL
CHOP_2015_2016,VFC,legacy,MACD_FAIL,2015-08-26,2015-08-27,68.39,YELLOW,185.61,198.4628,196.9669,-0.75900022962835,-0.8786543339193144,-0.732904774917884,False,2015-08-21,63.397,7.875766992128974,False,,1.488521713700841,-3.8646000877321285,1.488521713700841,-3.8646000877321285,-0.6477555198128315,-1.5616318175171728,-2.1158064044450975,-2.862991665448167,False,,False,,False,,MACD_FAIL
CHOP_2015_2016,WBA,legacy,MACD_FAIL,2015-08-26,2015-08-27,82.692,YELLOW,185.61,198.4628,196.9669,-1.262170861917081,-1.4784435538190612,-1.263393407156946,False,2015-08-14,72.852,13.506835776643044,False,,6.711652880568875,-2.419822957480766,6.711652880568875,-2.419822957480766,2.296473661297349,4.776761960044507,0.24307067189088816,-1.1101436656508423,True,0.0,True,5.0,True,8.0,MACD_FAIL
CHOP_2015_2016,ECL,legacy,MACD_PASS,2015-08-27,2015-08-28,106.57,YELLOW,190.22,198.26620000000003,196.95875,-0.9249221866208774,-1.212858329461819,-1.2239348793353537,True,2015-08-21,100.36,6.1877241929055415,False,,5.677019799193039,-4.128741672140368,5.677019799193039,-4.128741672140368,-2.674298583090917,-0.21582058740733379,3.2842263301116725,-1.6702636764567735,True,7.0,True,12.0,True,13.0,MACD_PASS
CHOP_2015_2016,MKC,legacy,MACD_PASS,2015-08-27,2015-08-28,75.81,YELLOW,190.22,198.26620000000003,196.95875,-0.8172533371055534,-0.9383685558807373,-0.9632110167125562,True,2015-08-21,72.559,4.480491737758241,False,,6.789341775491353,-2.2648727080860076,6.789341775491353,-2.2648727080860076,-0.3812161983907103,2.569581849360225,5.195884447961996,3.0747922437673214,True,4.0,True,7.0,True,12.0,MACD_PASS
CHOP_2015_2016,ABT,legacy,MACD_PASS,2015-08-28,2015-08-31,43.506,YELLOW,190.23,198.0284,196.94965,-0.4975001372337571,-0.6487614456961628,-0.789667481829176,True,2015-08-21,40.085,8.534364475489586,True,16.0,1.5721969383533319,-15.046200524065645,1.5721969383533319,-8.626396359122879,-4.075299958626399,-4.5740817358525305,-7.4702339907139255,-13.961292695260418,False,,False,,False,,MACD_PASS
CHOP_2015_2016,KMB,legacy,MACD_PASS,2015-08-28,2015-08-31,99.88,YELLOW,190.23,198.0284,196.94965,-1.1402729118767703,-1.273967468624357,-1.4297540363518944,True,2015-08-21,96.344,3.6701818483766413,False,,3.7244693632358716,-3.217861433720459,3.7244693632358716,-3.217861433720459,-0.02002402883459764,-0.35042050460551977,1.7420905086103389,1.6419703644373174,True,12.0,True,18.0,False,,MACD_PASS
CHOP_2015_2016,SHW,legacy,MACD_PASS,2015-08-28,2015-08-31,251.12,YELLOW,190.23,198.0284,196.94965,-1.952536151005102,-2.2507349738354554,-2.631422357269678,True,2015-08-24,242.97,3.354323579042684,True,13.0,3.1777636189869396,-15.012742911755339,3.1777636189869396,-4.233035998725709,1.8636508442179123,-2.4012424338961447,-7.629818413507483,-14.75390251672508,True,6.0,True,6.0,False,,MACD_PASS
CHOP_2015_2016,ADP,legacy,MACD_FAIL,2015-12-14,2015-12-15,81.915,YELLOW,194.7,197.62900000000002,196.908,-0.2602493668839005,-0.27546374144337826,-0.15334474397711637,False,2015-12-11,79.83,2.6118000751597314,True,12.0,2.271867179393272,-9.602636879692362,2.271867179393272,-4.762253555514873,-0.529817493743534,1.2512970762375453,-7.655496551303176,-7.410120246597096,True,9.0,False,,False,,MACD_FAIL
CHOP_2015_2016,BF-B,legacy,MACD_PASS,2015-12-15,2015-12-16,49.91,YELLOW,196.74,197.755,196.89344999999997,-0.14925874643881004,-0.183072779927845,-0.19985941209816194,True,2015-12-11,48.169,3.614357781975963,True,11.0,1.1420557002604692,-12.027649769585258,1.1420557002604692,-7.15487878180725,0.8254858745742499,-2.9773592466439514,-9.088359046283301,-10.09617311160087,False,,False,,False,,MACD_PASS
CHOP_2015_2016,CINF,legacy,MACD_FAIL,2015-12-15,2015-12-16,57.331,YELLOW,196.74,197.755,196.89344999999997,-0.24666342860167967,-0.289742690328074,-0.26708502433731873,False,2015-12-11,55.721,2.889395380556703,True,2.0,1.0448099631961805,-9.214909909124213,0.9837609670160896,-3.608867802759419,-1.2105143813992525,-1.5454117318728144,-7.5997278959027526,-8.285220910153324,False,,False,,False,,MACD_FAIL
CHOP_2015_2016,ECL,legacy,MACD_FAIL,2015-12-15,2015-12-16,113.29,YELLOW,196.74,197.755,196.89344999999997,-0.5074597859689371,-0.6014869899503642,-0.5581071459513385,False,2015-12-10,109.46,3.4989950666910463,True,13.0,2.4273987112719553,-13.036455115191103,2.4273987112719553,-7.882425633330392,0.7149792567746394,-1.1121899549827896,-9.78903698472946,-11.316091446729637,True,0.0,False,,False,,MACD_FAIL
CHOP_2015_2016,PEP,legacy,MACD_FAIL,2015-12-15,2015-12-16,95.0,YELLOW,196.74,197.755,196.89344999999997,-0.1970284319607221,-0.26777095526922656,-0.22175021018694197,False,2015-12-11,92.117,3.129715470542882,True,18.0,1.869473684210532,-6.549473684210517,1.869473684210532,-3.4957894736842077,0.8052631578947311,0.07999999999999119,-2.6336842105263103,-5.919999999999992,False,,False,,False,,MACD_FAIL
CHOP_2015_2016,AFL,legacy,MACD_PASS,2015-12-16,2015-12-17,59.165,GREEN,199.61,197.9514,196.89735000000002,-0.4446912013285391,-0.5876416073721993,-0.688870468158462,True,2015-12-07,56.556,4.6131268123629665,True,1.0,0.016901884560116542,-9.446463280655792,0.016901884560116542,-5.543818135722134,-2.4795064649708376,-4.100397194287164,-7.501056367785008,-8.459393222344291,False,,False,,False,,MACD_PASS
CHOP_2015_2016,CTAS,legacy,MACD_FAIL,2015-12-16,2015-12-17,89.326,GREEN,199.61,197.9514,196.89735000000002,-0.2063603325606293,-0.27213331123314416,-0.26868714719089115,False,2015-12-15,87.793,1.7461528823482286,True,1.0,2.3733291538857726,-9.69706468441438,0.581017844748466,-3.290195463806722,0.07612565210577404,-3.476031614535513,-6.733761726708898,-8.713028681458912,False,,False,,False,,MACD_FAIL
CHOP_2015_2016,LOW,legacy,MACD_FAIL,2015-12-16,2015-12-17,73.479,GREEN,199.61,197.9514,196.89735000000002,-0.2270912390957841,-0.2723303157469267,-0.2129517436376095,False,2015-12-15,71.233,3.153033004365957,True,13.0,1.9039453449284816,-11.244028906218107,1.9039453449284816,-5.862899603968474,0.07757318417507264,-1.234366281522603,-4.643503586058606,-8.503109732032287,False,,False,,False,,MACD_FAIL
CHOP_2015_2016,MMM,legacy,MACD_PASS,2015-12-23,2015-12-24,144.24,GREEN,198.87,198.28239999999997,196.89765,-0.7488009883781546,-1.0504030020255668,-1.217960495615248,True,2015-12-17,140.29,2.815596264879905,True,7.0,1.9065446478092163,-10.718247365501943,1.9065446478092163,-4.901552967276778,-2.655296727676104,-6.884359400998341,-8.243205768164186,-4.000277315585143,False,,False,,False,,MACD_PASS
CHOP_2015_2016,SWK,legacy,MACD_PASS,2015-12-23,2015-12-24,103.34,GREEN,198.87,198.28239999999997,196.89765,-0.4707170374762167,-0.5926905186536787,-0.6169341593816943,True,2015-12-21,99.98,3.3606721344268786,True,6.0,1.5192568221404912,-15.395780917360169,1.5192568221404912,-4.13295916392491,-1.848267853686858,-9.882910779949682,-10.463518482678536,-9.949680665763495,False,,False,,False,,MACD_PASS
CHOP_2015_2016,MCD,legacy,MACD_PASS,2016-01-12,2016-01-13,111.98,YELLOW,186.93,197.47660000000005,196.6579,-0.4498129242176072,-0.5206161281175341,-0.5318078832101616,True,2016-01-11,109.96,1.8370316478719673,True,0.0,6.063582782639743,-4.259689230219688,0.12502232541524716,-2.232541525272369,0.09823182711199419,3.9739239149848116,2.5093766744061385,-0.8394356135024039,False,,False,,False,,MACD_PASS
CHOP_2015_2016,MDT,legacy,MACD_FAIL,2016-01-12,2016-01-13,74.145,YELLOW,186.93,197.47660000000005,196.6579,-0.3188122929180761,-0.5033876328905539,-0.41913380218930785,False,2016-01-08,69.657,6.442999267840999,False,,1.1841661609009346,-7.71596196641714,1.1841661609009346,-7.71596196641714,-3.0777530514532248,-3.974644278103723,-1.0007417897363147,-5.651089082203786,False,,False,,False,,MACD_FAIL
CHOP_2015_2016,MKC,legacy,MACD_PASS,2016-01-12,2016-01-13,83.017,YELLOW,186.93,197.47660000000005,196.6579,-0.1505474002271967,-0.2638060594130849,-0.2852100007010172,True,2016-01-08,80.325,3.351384998443807,True,3.0,6.427599166435782,-8.50307768288423,0.5372393606128734,-5.7626751147355275,-6.950383656359538,-0.38546321837694686,0.10479781249623787,5.36637074334172,False,,False,,False,,MACD_PASS
CHOP_2015_2016,SYY,legacy,MACD_PASS,2016-01-12,2016-01-13,38.928,YELLOW,186.93,197.47660000000005,196.6579,-0.0642190665804388,-0.11780517227840316,-0.13601663504524786,True,2016-01-07,37.98,2.4960505529225907,True,4.0,8.035347307850383,-4.585388409371138,0.4187217427044976,-4.585388409371138,-3.198212083847096,-2.9490341142622167,6.730374023838892,4.693279901356373,False,,False,,False,,MACD_PASS
CHOP_2015_2016,KO,legacy,MACD_PASS,2016-01-13,2016-01-14,39.668,YELLOW,182.27,197.1318,196.58015,-0.1721688174492905,-0.19196413708964244,-0.2334902899659829,True,2016-01-07,39.007,1.6945676417053468,False,,3.5721488353332775,-2.949480689724715,3.5721488353332775,-2.949480689724715,0.16890188565090725,2.218412826459626,1.0713925582333417,2.667137239084405,True,10.0,True,10.0,False,,MACD_PASS
CHOP_2015_2016,BDX,legacy,MACD_PASS,2016-01-14,2016-01-15,138.43,YELLOW,185.22,196.7988,196.52575000000002,-1.1476973285494019,-1.535863792770493,-1.6144845706903435,True,2016-01-06,135.4,2.237813884785811,True,13.0,4.088709094849374,-9.029834573430618,4.088709094849374,-3.474680343856107,1.791519179368617,2.5789207541717873,-6.660405981362416,-0.15892508849237874,True,5.0,True,5.0,False,,MACD_PASS
CHOP_2015_2016,JNJ,legacy,MACD_FAIL,2016-01-14,2016-01-15,91.907,YELLOW,185.22,196.7988,196.52575000000002,-0.5150634551851914,-0.6556506108855735,-0.6380953059987471,False,2016-01-06,91.63,0.3023027392775379,True,2.0,8.72947653606364,-2.1695844712589896,2.1173577638264662,-1.9084509340964173,0.03046557933563676,8.316015102222906,5.840686781202753,6.1660156462510995,True,1.0,False,,False,,MACD_FAIL
CHOP_2015_2016,GPC,legacy,MACD_FAIL,2016-04-22,2016-04-25,92.709,GREEN,202.76,194.8012,193.73770000000002,-0.470357991372484,-0.4736690965257362,-0.3981404167394793,False,2016-04-21,91.78,1.012203094356079,True,16.0,1.767897399389473,-4.65219126514147,1.767897399389473,-2.8637996311037806,0.009707795359670257,0.26858233828430667,0.19631319505117872,-3.132381969388076,False,,False,,False,,MACD_FAIL
CHOP_2015_2016,CLX,legacy,MACD_FAIL,2016-04-25,2016-04-26,119.02,GREEN,202.4,195.31939999999997,193.7718,-0.4704061116956326,-0.5338559842539825,-0.4708562562153331,False,2016-04-22,114.76,3.7120948065527903,False,,7.754999159805087,-0.27726432532347856,7.754999159805087,-0.27726432532347856,4.67148378423794,7.4357250882204795,4.67148378423794,5.1924046378760025,True,4.0,True,5.0,True,5.0,MACD_FAIL
CHOP_2015_2016,LEG,legacy,MACD_PASS,2016-04-25,2016-04-26,46.095,GREEN,202.4,195.31939999999997,193.7718,-0.22543907812192232,-0.2569631526080435,-0.2685613444986047,True,2016-04-21,45.165,2.0591165725672544,False,,4.950645406226273,-1.1845102505694705,4.950645406226273,-1.1845102505694705,3.2845210977329398,3.4732617420544454,0.9567198177676595,3.763965722963447,True,3.0,True,4.0,False,,MACD_PASS
CHOP_2015_2016,PEP,legacy,MACD_FAIL,2016-04-25,2016-04-26,98.894,GREEN,202.4,195.31939999999997,193.7718,-0.34965379147627673,-0.39581113420894776,-0.36776891136403245,False,2016-04-22,96.734,2.232927409183949,True,16.0,3.636216555099381,-3.097255647460917,3.636216555099381,-2.8404149897870545,0.35088074099540734,3.2721904261127976,-0.7958015653123596,-2.033490403866778,True,9.0,True,10.0,False,,MACD_FAIL
CHOP_2015_2016,PG,legacy,MACD_FAIL,2016-04-25,2016-04-26,77.814,GREEN,202.4,195.31939999999997,193.7718,-0.19114352680925867,-0.2022740673754197,-0.16100711438424184,False,2016-04-22,76.296,1.9896193771626214,True,0.0,1.6989230729688831,-2.9454853882334597,0.0,-2.81054823039556,-0.489629115583301,1.2028683784409022,-1.0782121469144368,-0.6489834734109468,False,,False,,False,,MACD_FAIL
CHOP_2015_2016,ED,legacy,MACD_PASS,2016-04-26,2016-04-27,68.559,GREEN,202.71,195.7708,193.79505,-0.5867153574378121,-0.6154357378367923,-0.63385193501542,True,2016-04-22,67.486,1.5899593989864513,False,,6.137779139135624,-1.9005528085298762,6.137779139135624,-1.9005528085298762,5.405563091643706,2.9171954083344165,-0.740967633716938,0.16482154057089193,True,1.0,True,2.0,True,5.0,MACD_PASS
CHOP_2015_2016,MCD,legacy,MACD_PASS,2016-04-26,2016-04-27,122.65,GREEN,202.71,195.7708,193.79505,-0.3492186019894201,-0.396899076117573,-0.43761464133410555,True,2016-04-25,119.83,2.353333889677045,True,17.0,3.139013452914785,-4.541377904606614,3.139013452914785,-4.541377904606614,1.0843864655523783,0.9376273950264968,-1.3615980432123975,-3.6689767631471693,True,7.0,True,9.0,False,,MACD_PASS
CHOP_2015_2016,T,legacy,MACD_FAIL,2016-04-26,2016-04-27,35.228,GREEN,202.71,195.7708,193.79505,-0.1140272422256969,-0.11295072760576713,-0.11620444340271588,False,2016-04-25,35.228,0.0,False,,4.768933802656972,-0.3491540819802519,4.768933802656972,-0.3491540819802519,2.6910412172135745,3.4801862155103835,1.5555807880095474,2.004087657545117,True,0.0,True,3.0,False,,MACD_FAIL
CHOP_2015_2016,MKC,legacy,MACD_PASS,2016-04-27,2016-04-28,90.038,GREEN,203.12,196.1696,193.80945,-0.6442713798899424,-0.745618147580436,-0.8520056344952888,True,2016-04-15,88.337,1.9255804476040472,False,,7.452408982873915,-0.21657522379439076,7.452408982873915,-0.21657522379439076,2.3867700304315953,6.76158955107844,3.759523756636085,5.325529220995584,True,2.0,True,5.0,True,8.0,MACD_PASS
CHOP_2015_2016,HRL,legacy,MACD_PASS,2016-04-28,2016-04-29,37.49,GREEN,201.31,196.4722,193.81045000000003,-0.09105148098181903,-0.17721302477423007,-0.2688477466358603,True,2016-04-11,36.44,2.881448957189914,True,13.0,5.0893571619098354,-11.125633502267274,5.0893571619098354,-8.893038143504938,-0.0506801813817126,3.4462523339557016,-9.621232328620966,-9.826620432115241,True,6.0,True,6.0,True,10.0,MACD_PASS
CHOP_2015_2016,CAH,legacy,MACD_FAIL,2016-05-03,2016-05-04,76.279,GREEN,200.01,197.33700000000002,193.78765000000004,-0.8531518793111785,-0.7968254706607353,-0.6750024374312175,False,2016-05-02,74.398,2.5282937713379416,True,2.0,1.013385073218065,-4.537290735326893,0.4234455092489542,-4.537290735326893,-2.6927463653168004,-1.591525845907782,-2.9824722400660586,1.013385073218065,False,,False,,False,,MACD_FAIL
CHOP_2015_2016,CB,legacy,MACD_PASS,2016-05-03,2016-05-04,114.06,GREEN,200.01,197.33700000000002,193.78765000000004,-0.30998482132878424,-0.3362652255266756,-0.42325538777831045,True,2016-04-28,113.05,0.8934099955771879,False,,8.872523233385943,-0.6750832894967473,8.872523233385943,-0.6750832894967473,5.155181483429772,6.733298264071541,8.048395581273017,8.600736454497637,True,1.0,True,1.0,True,4.0,MACD_PASS
CHOP_2015_2016,KMB,legacy,MACD_PASS,2016-05-04,2016-05-05,122.27,GREEN,198.91,197.6028,193.7675,-0.6084419089272357,-0.9135238565849126,-1.1251038273016138,True,2016-04-25,118.07,3.5572118234945327,False,,2.1755132084730677,-2.26547804040238,2.1755132084730677,-2.26547804040238,1.6766173223194514,-0.8832910771243929,0.01635724216897394,1.6847959434039383,True,5.0,False,,False,,MACD_PASS
CHOP_2015_2016,SHW,legacy,MACD_FAIL,2016-05-04,2016-05-05,285.2,GREEN,198.91,197.6028,193.7675,-1.8958860626598808,-1.914175490333431,-1.8361364428477414,False,2016-04-29,278.04,2.5751690404258287,False,,2.8190743338008417,-0.8800841514726487,2.8190743338008417,-0.8800841514726487,2.1248246844319807,-0.2910238429172485,-0.26297335203365746,0.6241234221598946,True,3.0,False,,False,,MACD_FAIL
CHOP_2015_2016,NUE,legacy,MACD_FAIL,2016-05-06,2016-05-09,45.932,GREEN,199.59,198.0674,193.74045,-0.33441655348182975,-0.3398604704701953,-0.29713634046206217,False,2016-05-05,45.922,0.021776055049871346,True,0.0,5.765043978054507,-5.366628929722205,0.500740224679963,-3.0066184794914186,-0.1654619872855534,-2.209788382826794,1.2953931899329474,5.179395628320127,False,,False,,False,,MACD_FAIL
CHOP_2015_2016,TGT,legacy,MACD_PASS,2016-05-09,2016-05-10,75.573,GREEN,199.75,198.2962,193.73605,-0.4025642278151003,-0.5077073347417461,-0.5179902384724208,True,2016-05-03,73.452,2.887600065348783,True,1.0,0.8151059240734115,-17.35540470803064,0.8151059240734115,-5.2346737591467685,-7.12423749222606,-13.331480819869512,-13.68345837799213,-13.417490373546093,False,,False,,False,,MACD_PASS
CHOP_2015_2016,ADP,legacy,MACD_PASS,2016-05-10,2016-05-11,85.207,GREEN,202.24,198.6044,193.7545,-0.31405429329853407,-0.4325146240558695,-0.4544605882847961,True,2016-05-06,83.178,2.4393469427011816,True,2.0,0.34034762402150864,-4.343539850012313,0.34034762402150864,-2.7779407795134103,-2.9375520790545395,-0.7593272853169242,-0.11266679967607551,-0.02464586242912903,False,,False,,False,,MACD_PASS
CHOP_2015_2016,DOV,legacy,MACD_FAIL,2016-05-10,2016-05-11,63.554,GREEN,202.24,198.6044,193.7545,-0.3100317420049134,-0.491477717114472,-0.4675304225502223,False,2016-05-04,60.736,4.639752370916761,False,,10.660225949586156,-3.6897756238788992,10.660225949586156,-3.6897756238788992,-0.4389967586619359,1.3091229505617141,2.4561789973880366,10.224376121093881,True,11.0,True,11.0,True,17.0,MACD_FAIL
CHOP_2015_2016,TROW,legacy,MACD_PASS,2016-05-10,2016-05-11,72.136,GREEN,202.24,198.6044,193.7545,-0.3010669055517745,-0.38812962032581566,-0.4249496327964475,True,2016-05-04,70.464,2.372842870118075,False,,2.9846401242098253,-3.1939669513141866,2.9846401242098253,-3.1939669513141866,-1.3529998890983719,2.531329710546748,1.97682155927692,-1.429244759897963,True,10.0,False,,False,,MACD_PASS
CHOP_2015_2016,EMR,legacy,MACD_PASS,2016-05-12,2016-05-13,50.56,GREEN,200.42,198.95239999999998,193.77235000000002,-0.2798455501331785,-0.32412455178975264,-0.365623165432167,True,2016-05-05,49.783,1.56077375811019,True,0.0,2.4841772151898756,-6.164952531645573,0.3579905063290978,-2.051028481012651,-3.945806962025322,-1.0067246835443022,1.420094936708849,-2.08465189873418,False,,False,,False,,MACD_PASS
CHOP_2015_2016,WMT,legacy,MACD_FAIL,2016-05-19,2016-05-20,66.999,GREEN,198.12,199.5756,193.72975000000002,-0.09453534354803694,-0.41220399051814016,-0.28444643298495087,False,2016-05-17,60.611,10.53934104370493,False,,3.5313959909849313,-0.6955327691458013,3.5313959909849313,-0.6955327691458013,2.0477917580859373,2.4806340393140225,1.726891446140999,2.550784340064771,True,3.0,True,10.0,False,,MACD_FAIL
CHOP_2015_2016,BEN,legacy,MACD_PASS,2016-05-20,2016-05-23,34.408,GREEN,199.36,199.7106,193.72395,-0.09746795385066398,-0.15710410427035515,-0.1943057782809361,True,2016-05-02,33.757,1.9284889060046995,True,12.0,6.17007672634271,-9.169379214136253,6.17007672634271,-3.6183445710300077,5.356312485468484,0.0,-7.16693792141363,-4.629737270402245,True,1.0,True,1.0,True,2.0,MACD_PASS
CHOP_2015_2016,GPC,legacy,MACD_FAIL,2016-05-20,2016-05-23,90.063,GREEN,199.36,199.7106,193.72395,-0.3634384006606779,-0.376732566484609,-0.2996794937314577,False,2016-05-19,88.396,1.8858319380967492,False,,5.355140290685401,-0.8394124113120793,5.355140290685401,-0.8394124113120793,3.117817527730571,4.412466828775408,2.388328170280807,4.497962537334987,True,2.0,True,3.0,True,19.0,MACD_FAIL
CHOP_2015_2016,CL,legacy,MACD_FAIL,2016-05-23,2016-05-24,68.151,GREEN,199.09,199.7782,193.72494999999998,-0.2731399596557902,-0.25864511116813144,-0.21379522604097378,False,2016-05-20,67.571,0.8583563954950968,False,,2.9390617892620874,-0.4695455679300298,2.9390617892620874,-0.4695455679300298,1.0931607753371209,2.2288741177679094,1.8312277149271639,2.585435283414772,True,8.0,False,,False,,MACD_FAIL
CHOP_2015_2016,PG,legacy,MACD_FAIL,2016-05-23,2016-05-24,76.668,GREEN,199.09,199.7782,193.72494999999998,-0.15749978832428463,-0.16263281089380785,-0.13779810915190133,False,2016-05-20,76.182,0.6379459714893398,False,,4.335576772577876,0.0,4.335576772577876,0.0,1.8573590024521192,2.9282099441748644,3.3025512599780926,4.072103093859236,True,6.0,True,8.0,False,,MACD_FAIL
CHOP_2015_2016,PPG,legacy,MACD_PASS,2016-05-23,2016-05-24,104.06,GREEN,199.09,199.7782,193.72494999999998,-0.3159174402794127,-0.3934642888251936,-0.4530904101916091,True,2016-05-03,102.49,1.5318567665138172,False,,4.4013069383048276,-1.4126465500672647,4.4013069383048276,-1.4126465500672647,1.3261579857774208,4.113011724005378,0.038439361906594804,1.1627906976744207,True,1.0,True,10.0,False,,MACD_PASS
CHOP_2015_2016,ABBV,legacy,MACD_FAIL,2016-05-24,2016-05-25,57.883,GREEN,201.66,199.90240000000003,193.74070000000003,-0.42194248816971414,-0.5131841268986795,-0.48971625134479235,False,2016-05-23,56.035,3.2979387882573485,False,,7.0245149698529685,-3.1425461707237035,7.0245149698529685,-3.1425461707237035,6.566694884508406,-0.5407459875956699,-0.29542352676951156,0.37662180605704254,True,2.0,True,2.0,True,5.0,MACD_FAIL
CHOP_2015_2016,APD,legacy,MACD_PASS,2016-05-24,2016-05-25,137.64,GREEN,201.66,199.90240000000003,193.74070000000003,-0.25601458567733404,-0.4114645408992701,-0.463734468096801,True,2016-05-04,134.44,2.3802439750074234,False,,2.3249055507120087,-1.809067131647768,2.3249055507120087,-1.809067131647768,-0.23249055507119643,1.9253124091833884,0.35600116245277924,1.5111886079628212,True,9.0,False,,False,,MACD_PASS
CHOP_2015_2016,GWW,legacy,MACD_PASS,2016-05-24,2016-05-25,218.08,GREEN,201.66,199.90240000000003,193.74070000000003,-0.7943901907086388,-1.1028143375187,-1.183494320109471,True,2016-05-16,211.44,3.1403707907680767,True,12.0,2.191856199559794,-4.365370506236244,2.191856199559794,-4.365370506236244,1.5269625825385047,0.3943506969919186,-2.1505869405722744,-0.13297872340426453,True,9.0,False,,False,,MACD_PASS
CHOP_2015_2016,KO,legacy,MACD_PASS,2016-05-26,2016-05-27,42.567,GREEN,203.11,200.19740000000002,193.7706,-0.05490350826691204,-0.09299325618026788,-0.11360426620506636,True,2016-05-19,41.835,1.7497310864108995,False,,2.9318486151243883,-2.3774285244438143,2.9318486151243883,-2.3774285244438143,1.4800197335964604,1.6938003617825936,1.3766532760119299,-1.3273192848920479,True,7.0,False,,False,,MACD_PASS
CHOP_2015_2016,PEP,legacy,MACD_PASS,2016-05-27,2016-05-31,97.883,GREEN,203.94,200.32600000000002,193.79319999999998,-0.24911052734324102,-0.34371193414769685,-0.456998428354932,True,2016-05-19,95.831,2.1412695265623727,False,,3.266144274286642,-1.2913376173595004,3.266144274286642,-1.2913376173595004,1.0931418121635117,1.8358652677175957,2.6531675571856317,0.7468099670014272,True,7.0,True,14.0,False,,MACD_PASS
CHOP_2015_2016,SYY,legacy,MACD_PASS,2016-06-03,2016-06-06,47.181,GREEN,204.01,200.8008,193.87169999999998,-0.13800000438590698,-0.16632305949049453,-0.18998486783091906,True,2016-05-24,46.314,1.872004145614703,False,,5.93035332019245,-1.6150569085013,5.93035332019245,-1.6150569085013,-1.1614844958775628,1.9393399885547113,1.4497361225917382,5.148258833004826,True,9.0,True,17.0,True,20.0,MACD_PASS
CHOP_2015_2016,MCD,legacy,MACD_PASS,2016-06-08,2016-06-09,117.88,GREEN,206.04,201.265,194.04285,-0.12676801760174072,-0.22532360857477052,-0.3265538804887975,True,2016-05-19,116.2,1.4457831325301207,True,11.0,1.6372582287071724,-4.920257889379032,1.6372582287071724,-3.104852392263313,0.3223617237869014,-0.7041058703766478,-1.4251781472684022,-0.6277570410586963,False,,False,,False,,MACD_PASS
CHOP_2015_2016,HRL,legacy,MACD_FAIL,2016-06-09,2016-06-10,33.707,GREEN,205.76,201.3826,194.16694999999999,0.09847268405837095,0.032022596961820415,-0.022411570717686624,False,2016-05-19,32.969,2.2384664381691843,False,,7.790666627110099,-2.8243391580383803,7.790666627110099,-2.8243391580383803,0.581481591360844,1.9076156288011514,4.616251817129968,5.022695582519954,True,10.0,True,11.0,True,14.0,MACD_FAIL
CHOP_2015_2016,AFL,legacy,MACD_FAIL,2016-06-16,2016-06-17,66.815,GREEN,202.16,201.641,194.55715,-0.22115424750423773,-0.2547253475738083,-0.22923374711654998,False,2016-06-14,65.493,2.0185363321270966,True,6.0,7.793160218513817,-2.3991618648506963,4.636683379480644,-2.3991618648506963,0.6974481778043939,5.4089650527576305,5.640948888722597,6.4401706203696785,True,1.0,True,3.0,False,,MACD_FAIL
CHOP_2015_2016,CB,legacy,MACD_FAIL,2016-06-16,2016-06-17,121.41,GREEN,202.16,201.641,194.55715,-0.4901208378427797,-0.5494525306393871,-0.5098439447246421,False,2016-06-14,119.45,1.640853913771445,True,6.0,5.164319248826299,-3.352277407132853,2.7921917469730717,-3.352277407132853,-1.0625154435384143,4.620706696318266,4.315954204760741,3.7970513137303374,True,4.0,False,,False,,MACD_FAIL
CHOP_2015_2016,LOW,legacy,MACD_FAIL,2016-06-16,2016-06-17,75.645,GREEN,202.16,201.641,194.55715,-0.39230174366101667,-0.4816226835471866,-0.4804061932979664,False,2016-06-13,73.451,2.987025363848006,False,,7.4241522903033985,-3.236168947055318,7.4241522903033985,-3.236168947055318,-1.0390640491770742,2.2222222222222143,6.3335316279992115,5.652719941833584,True,1.0,True,10.0,True,14.0,MACD_FAIL
CHOP_2015_2016,MMM,legacy,MACD_FAIL,2016-06-16,2016-06-17,164.83,GREEN,202.16,201.641,194.55715,-0.14129322974975567,-0.25588061558284736,-0.21645928044508933,False,2016-06-15,161.58,2.011387547963861,False,,6.970818418977109,-2.845355821149076,6.970818418977109,-2.845355821149076,-0.515682824728525,3.270035794454884,4.71394770369471,6.54613844567129,True,4.0,True,9.0,True,16.0,MACD_FAIL
CHOP_2015_2016,PNR,legacy,MACD_PASS,2016-06-16,2016-06-17,58.541,GREEN,202.16,201.641,194.55715,-0.23353715213734794,-0.29466127970020095,-0.33136601616272077,True,2016-06-14,56.238,4.09509584266865,True,5.0,5.8728070924651155,-8.170342153362586,3.68972173348594,-4.726601868775726,-4.366170717958351,-2.7109205514084134,2.8629507524640774,4.135563109615492,True,1.0,True,1.0,False,,MACD_PASS
CHOP_2015_2016,SWK,legacy,MACD_FAIL,2016-06-16,2016-06-17,109.61,GREEN,202.16,201.641,194.55715,-0.41034319650318973,-0.4232204531449686,-0.40174460102060516,False,2016-06-15,108.06,1.4343883027947424,True,5.0,5.647294954839888,-7.380713438554876,2.700483532524389,-4.744092692272606,-4.379162485174703,0.1642185931940654,3.3117416294133672,4.634613630143236,True,1.0,False,,False,,MACD_FAIL
CHOP_2015_2016,TGT,legacy,MACD_FAIL,2016-06-16,2016-06-17,63.897,GREEN,202.16,201.641,194.55715,0.23098009219456017,0.2226904527727287,0.19545222945951046,False,2016-06-13,62.862,1.6464636823518175,False,,10.761068594769707,-0.20814748736246447,10.761068594769707,-0.20814748736246447,3.4899917054008744,4.536989217021148,8.253908634208184,10.371378937978303,True,1.0,True,3.0,True,7.0,MACD_FAIL
CHOP_2015_2016,ITW,legacy,MACD_FAIL,2016-06-17,2016-06-20,103.76,GREEN,201.41,201.7118,194.64884999999998,-0.2780485051975743,-0.2980679505696666,-0.22642209887811526,False,2016-06-16,100.7,3.038728897715992,True,4.0,5.021202775636069,-8.139938319198158,1.089051657671547,-5.436584425597535,-7.7843099460293,-2.3804934464147998,3.373168851195074,4.394757131842697,False,,False,,False,,MACD_FAIL
CHOP_2015_2016,MHFI,legacy,MACD_PASS,2016-06-20,2016-06-21,106.06,GREEN,202.72,201.798,194.72979999999998,-0.595846580232752,-0.657599975491125,-0.6588265522021484,True,2016-06-14,103.9,2.078922040423481,True,3.0,9.315481802753144,-7.886102206298329,2.7908730907033608,-3.780878747878569,-5.619460682632482,-0.8014331510465822,5.789175938148228,8.79690741089949,True,2.0,False,,False,,MACD_PASS
CHOP_2015_2016,TROW,legacy,MACD_PASS,2016-06-20,2016-06-21,69.766,GREEN,202.72,201.798,194.72979999999998,-0.3632453774481317,-0.47141702611424163,-0.5161254691252606,True,2016-06-10,67.685,3.074536455640109,True,3.0,3.715276782386834,-7.027778574090537,1.5193647335378202,-5.978556890175735,-4.21122036522088,-0.647880056187844,2.043975575495205,2.2661468337012103,False,,False,,False,,MACD_PASS
CHOP_2015_2016,SHW,legacy,MACD_FAIL,2016-06-22,2016-06-23,288.72,GREEN,202.96,201.9684,194.90849999999998,-0.43737164506569237,-0.5444026913852398,-0.4247882809524076,False,2016-06-21,283.28,1.920361479807986,True,1.0,6.743557772236075,-4.783180936547515,0.17664172901079578,-3.809919645331117,0.31518426156829094,4.703518980326948,4.492241618176762,0.2840121917428551,False,,False,,False,,MACD_FAIL
CHOP_2015_2016,ABBV,legacy,MACD_PASS,2016-06-23,2016-06-24,56.158,GREEN,205.59,202.0444,194.99415000000002,-0.12853291497834757,-0.22972169711330498,-0.2818029782446305,True,2016-06-20,56.623,-0.8212210585804236,True,1.0,11.054524733786808,-1.5705687524484424,2.2614765483101262,-1.5705687524484424,5.821076249154178,8.591830193382943,8.198297660173083,9.489298051924933,True,0.0,False,,False,,MACD_PASS
CHOP_2015_2016,ADM,legacy,MACD_PASS,2016-06-29,2016-06-30,40.203,GREEN,201.54,201.6938,195.21765000000002,-0.35007665083862693,-0.44618794744837836,-0.4686534440957062,True,2016-06-27,37.609,6.897285224281435,False,,8.852573191055392,-1.1715543616148127,8.852573191055392,-1.1715543616148127,4.270825560281577,5.395119767181544,4.84540954655126,8.106360221873988,True,0.0,True,1.0,True,10.0,MACD_PASS
CHOP_2015_2016,APD,legacy,MACD_FAIL,2016-06-29,2016-06-30,134.41,GREEN,201.54,201.6938,195.21765000000002,-0.7215280535750155,-0.8910688599845733,-0.7486078736901253,False,2016-06-28,128.55,4.5585375340334355,False,,9.389182352503544,-1.629343054832233,9.389182352503544,-1.629343054832233,3.4149244847853533,6.993527267316435,6.4876125288297,7.045606725690057,True,1.0,True,5.0,True,7.0,MACD_FAIL
CHOP_2015_2016,BDX,legacy,MACD_FAIL,2016-06-29,2016-06-30,165.17,GREEN,201.54,201.6938,195.21765000000002,-0.5530022137531458,-0.7446750882010664,-0.5947429220199931,False,2016-06-28,159.72,3.4122213874279828,False,,5.376278985287897,-0.2240116243869772,5.376278985287897,-0.2240116243869772,4.2743839680329465,3.9413937155657885,3.105890900284569,4.492341224193264,True,3.0,True,5.0,True,6.0,MACD_FAIL
CHOP_2015_2016,DOV,legacy,MACD_FAIL,2016-06-29,2016-06-30,66.232,GREEN,201.54,201.6938,195.21765000000002,-0.5866160105049225,-0.6640856328158894,-0.5724649707000862,False,2016-06-28,63.374,4.509735853820174,False,,7.968957603575322,-2.7131899987921204,7.968957603575322,-2.7131899987921204,3.2129484237226613,7.2774489672665865,4.577847566131177,4.814893103031781,True,1.0,True,5.0,True,6.0,MACD_FAIL
CHOP_2015_2016,ECL,legacy,MACD_FAIL,2016-06-29,2016-06-30,115.15,GREEN,201.54,201.6938,195.21765000000002,-0.5645500344521364,-0.6353114536502917,-0.5482322801809476,False,2016-06-28,112.87,2.0200230353504045,False,,4.203213200173672,-0.2344767694311911,4.203213200173672,-0.2344767694311911,2.023447676943113,3.508467216673905,2.726877985236653,1.320017368649573,True,1.0,True,7.0,False,,MACD_FAIL
CHOP_2015_2016,EMR,legacy,MACD_FAIL,2016-06-29,2016-06-30,48.804,GREEN,201.54,201.6938,195.21765000000002,-0.2763367384561629,-0.3029434212389108,-0.2272730053527784,False,2016-06-28,47.084,3.6530456205929873,False,,11.435538070649942,-0.6843701335956132,11.435538070649942,-0.6843701335956132,4.991394148020656,10.472502253913607,9.648799278747644,9.825014343086625,True,0.0,True,1.0,True,5.0,MACD_FAIL
CHOP_2015_2016,GWW,legacy,MACD_FAIL,2016-06-29,2016-06-30,212.6,GREEN,201.54,201.6938,195.21765000000002,-0.3983245739748744,-0.5042490101477268,-0.43735253711845856,False,2016-06-28,207.71,2.3542438977420366,True,14.0,5.73377234242709,-2.62935089369708,5.73377234242709,-2.615239887111953,4.482596425211671,4.858889934148647,-1.2417685794919975,-0.7949200376293541,True,0.0,True,0.0,True,6.0,MACD_FAIL
CHOP_2015_2016,NUE,legacy,MACD_FAIL,2016-06-29,2016-06-30,46.666,GREEN,201.54,201.6938,195.21765000000002,-0.3747970237993397,-0.4212289576393641,-0.40652940640366486,False,2016-06-27,44.216,5.54098064049211,False,,18.27454677923972,-0.3728624694638527,18.27454677923972,-0.3728624694638527,10.215145930656156,17.425963228046125,9.240132001885758,11.14515921656023,True,0.0,True,1.0,True,3.0,MACD_FAIL
CHOP_2015_2016,PEP,legacy,MACD_FAIL,2016-06-29,2016-06-30,100.16,GREEN,201.54,201.6938,195.21765000000002,-0.10706827396066326,-0.13934339499950632,-0.08611641340340703,False,2016-06-28,97.99,2.214511684865794,False,,6.938897763578278,-0.19968051118210983,6.938897763578278,-0.19968051118210983,4.363019169329085,5.700878594249215,5.251597444089473,5.001996805111819,True,0.0,True,2.0,True,4.0,MACD_FAIL
CHOP_2015_2016,PPG,legacy,MACD_PASS,2016-06-30,2016-07-01,101.86,GREEN,204.31,201.7034,195.29205000000002,-0.5743945931664123,-0.7692782003458208,-0.8411862317380501,True,2016-06-28,96.102,5.991550644107302,False,,5.586098566660125,-2.4896917337522084,5.586098566660125,-2.4896917337522084,2.199096799528766,4.771254663263291,2.1794620066758252,0.34360887492637104,True,4.0,True,6.0,True,7.0,MACD_PASS
CHOP_2015_2016,ED,legacy,MACD_FAIL,2016-07-21,2016-07-22,76.325,GREEN,210.92,203.7214,196.84575,-0.25158331697557323,-0.3139805145714665,-0.3055236119287703,False,2016-07-20,74.939,1.8495042634676384,True,10.0,1.8539141827710326,-6.3465443825745265,1.8539141827710326,-2.6767114313789753,0.3629217163445775,-2.5561742548313227,-1.2538486734359755,-3.3003603013429528,False,,False,,False,,MACD_FAIL
CHOP_2015_2016,GPC,legacy,MACD_PASS,2016-07-26,2016-07-27,97.609,GREEN,211.39,204.42340000000002,197.14755000000002,-0.4955783410876029,-0.5773801996861152,-0.6227664396428736,True,2016-07-21,94.953,2.797173338388448,False,,3.4330850638772947,-2.1176325953549346,3.4330850638772947,-2.1176325953549346,-0.4354106690981352,0.03893083629584737,1.2980360417584658,3.2281859254781997,True,16.0,True,20.0,False,,MACD_PASS
CHOP_2015_2016,BCR,legacy,MACD_FAIL,2016-07-28,2016-07-29,222.98,GREEN,211.41,204.8872,197.3278,-1.557304437778189,-1.4160098979620672,-1.035889699900082,False,2016-07-22,220.14,1.2900881257381647,True,3.0,1.1974168086823944,-4.3322271055700075,1.1974168086823944,-2.1975065028253526,-0.6009507579155082,-0.6099201722127523,-2.139205309893255,-3.0406314467665285,False,,False,,False,,MACD_FAIL
CHOP_2015_2016,MKC,legacy,MACD_PASS,2016-08-01,2016-08-02,99.69,GREEN,211.57,205.41459999999998,197.52755000000002,-0.570110709392998,-0.6003515347613447,-0.617788342714324,True,2016-07-25,98.632,1.0726741828209763,True,1.0,0.7924566155080859,-2.060387200321001,0.19059083157788592,-2.0503561039221574,-1.1866787039823357,-1.7062894974420595,0.3109639883639215,-0.7122078443173807,False,,False,,False,,MACD_PASS
CHOP_2015_2016,CB,legacy,MACD_FAIL,2016-08-03,2016-08-04,122.58,GREEN,210.83,205.8666,197.68685000000002,-0.5422911036294346,-0.5888702471898518,-0.574568681116724,False,2016-07-27,119.59,2.500209047579216,False,,1.3786914667971883,-0.693424702235268,1.3786914667971883,-0.693424702235268,0.6526350138684966,1.1910589003100158,0.23658019252732476,1.0605318975362987,False,,False,,False,,MACD_FAIL
CHOP_2015_2016,AFL,legacy,MACD_PASS,2016-08-04,2016-08-05,70.352,GREEN,211.06,206.0546,197.76649999999998,-0.31331408840843,-0.323928803140497,-0.32431835248050533,True,2016-08-03,69.468,1.2725283583808311,False,,3.454059586081404,-1.03621787582443,3.454059586081404,-1.03621787582443,0.3709915851717094,0.6339549692972346,1.0234250625426489,2.7447691607914493,True,15.0,True,17.0,False,,MACD_PASS
CHOP_2015_2016,CLX,legacy,MACD_PASS,2016-08-04,2016-08-05,129.55,GREEN,211.06,206.0546,197.76649999999998,-0.33056487581532407,-0.5791787798916384,-0.6960603398649401,True,2016-07-21,125.44,3.276466836734704,False,,0.6792744114241467,-3.095329988421458,0.6792744114241467,-3.095329988421458,-0.27788498649171656,-2.238517946738716,-2.3620223851794853,-1.3585488228483267,False,,False,,False,,MACD_PASS
CHOP_2015_2016,CVX,legacy,MACD_PASS,2016-08-04,2016-08-05,96.059,GREEN,211.06,206.0546,197.76649999999998,-0.6153866654816609,-0.685932371299314,-0.761641467537257,True,2016-07-27,93.126,3.149496381246908,False,,3.6654556054091847,-1.2606835382421244,3.6654556054091847,-1.2606835382421244,1.15345777074507,2.386033583526803,1.3845657356416297,0.9910575791961085,True,6.0,True,9.0,False,,MACD_PASS
CHOP_2015_2016,LEG,legacy,MACD_FAIL,2016-08-04,2016-08-05,51.198,GREEN,211.06,206.0546,197.76649999999998,-0.25172220387711497,-0.3081178485935908,-0.26980451741208,False,2016-08-02,49.238,3.980665339778211,False,,0.373061447712808,-2.9063635298253843,0.373061447712808,-2.9063635298253843,-0.3418102269619805,-1.0937927262783753,-2.5274424782217975,-2.2637603031368414,False,,False,,False,,MACD_FAIL
CHOP_2015_2016,WBA,legacy,MACD_PASS,2016-08-04,2016-08-05,77.974,GREEN,211.06,206.0546,197.76649999999998,-0.25782783363280626,-0.3317550029895574,-0.3943274852402595,True,2016-07-28,75.836,2.8192415211772737,False,,4.522020160566331,-1.7236514735681219,4.522020160566331,-1.7236514735681219,3.825634185754212,3.3831790083874047,-0.6220022058634922,2.920204170620977,True,3.0,True,3.0,False,,MACD_PASS
CHOP_2015_2016,EMR,legacy,MACD_FAIL,2016-08-05,2016-08-08,51.883,GREEN,212.79,206.24940000000004,197.8561,-0.3959431796709515,-0.42127151245255656,-0.3611676418713249,False,2016-08-04,50.675,2.383818450912689,False,,2.530694061638683,-2.9161767823757345,2.530694061638683,-2.9161767823757345,1.998727907021558,-1.33569762735386,0.17346722433166928,-2.00836497504,True,5.0,False,,False,,MACD_FAIL
CHOP_2015_2016,GWW,legacy,MACD_FAIL,2016-08-05,2016-08-08,215.07,GREEN,212.79,206.24940000000004,197.8561,0.06830047958104579,-0.2661550013943532,-0.49297405758489266,False,2016-08-02,207.37,3.713169696677432,False,,6.146835913888493,-1.25075556795462,6.146835913888493,-1.25075556795462,4.100990375226665,3.9940484493420803,5.784163295671174,3.8313107360394394,True,3.0,True,3.0,True,14.0,MACD_FAIL
CHOP_2015_2016,XOM,legacy,MACD_PASS,2016-08-05,2016-08-08,83.365,GREEN,212.79,206.24940000000004,197.8561,-0.6768174031598095,-0.7803407793278923,-0.8663796447016844,True,2016-07-27,81.026,2.8867277170290917,False,,1.8724884543873443,-1.4826365980927125,1.8724884543873443,-1.4826365980927125,0.5781802914892387,0.7845018892820965,0.6129670725124603,1.4490493612427269,False,,False,,False,,MACD_PASS
CHOP_2015_2016,PPG,legacy,MACD_PASS,2016-08-08,2016-08-09,102.29,GREEN,212.66,206.4404,197.95100000000002,-0.2677540747953595,-0.3520424648687198,-0.40673209380999986,True,2016-08-01,100.46,1.8216205454907541,False,,3.4607488513050955,-1.3979861179000963,3.4607488513050955,-1.3979861179000963,-0.6843288689021398,1.9943298465147974,2.815524489197374,2.277837520774262,True,10.0,True,13.0,False,,MACD_PASS
CHOP_2015_2016,ADP,legacy,MACD_PASS,2016-08-09,2016-08-10,87.421,GREEN,212.79,206.61739999999998,198.03024999999997,-0.5750136937573298,-0.7266593469497447,-0.8554795556633467,True,2016-08-01,85.108,2.717723363256108,False,,1.1782066093958932,-1.2674300225346324,1.1782066093958932,-1.2674300225346324,-0.6668878187163441,-0.275677468800406,-0.13269122979604475,0.08007229384243697,False,,False,,False,,MACD_PASS
CHOP_2015_2016,SYY,legacy,MACD_FAIL,2016-08-09,2016-08-10,50.269,GREEN,212.79,206.61739999999998,198.03024999999997,-0.14162051400355713,-0.17932465241707962,-0.17037715026255262,False,2016-08-05,49.551,1.4490121289176816,False,,4.026338299946297,-0.5967892737074432,4.026338299946297,-0.5967892737074432,0.6922755575006434,1.0404026338300065,-0.037796654001465146,1.4064333883705649,True,3.0,True,3.0,False,,MACD_FAIL
CHOP_2015_2016,KMB,legacy,MACD_PASS,2016-08-10,2016-08-11,125.88,GREEN,212.26,206.791,198.09599999999998,-0.23586341332910976,-0.33810074776133714,-0.43652494389100194,True,2016-07-21,123.67,1.787013827120565,True,3.0,0.07944073721004585,-5.338417540514772,0.07944073721004585,-2.4785510009532774,-2.5341595170003117,-1.803304734667932,-2.017794725135047,-5.298697171909761,False,,False,,False,,MACD_PASS
CHOP_2015_2016,KO,legacy,MACD_PASS,2016-08-12,2016-08-15,42.308,GREEN,213.06,207.14419999999998,198.24315,-0.002613192589175306,-0.04977860772780651,-0.08829286351585186,True,2016-07-28,41.465,2.0330399131797794,True,18.0,0.524723456556675,-4.148151649806186,0.524723456556675,-4.148151649806186,-0.8130849957454833,-1.2668998770918094,-0.6996312754089073,-3.3397938924080495,False,,False,,False,,MACD_PASS
CHOP_2015_2016,MCD,legacy,MACD_PASS,2016-08-12,2016-08-15,114.93,GREEN,213.06,207.14419999999998,198.24315,-0.07490599767481765,-0.182177915672752,-0.3119034721159567,True,2016-07-28,113.09,1.627022725263072,True,2.0,0.9658052727747224,-4.246062820847484,0.1914208648742699,-2.105629513616991,-3.0192290959714763,-3.027930044374838,-0.7221787174802152,-2.853911076307314,False,,False,,False,,MACD_PASS
CHOP_2015_2016,ED,legacy,MACD_PASS,2016-08-18,2016-08-19,74.327,GREEN,213.44,207.78760000000003,198.4951,-0.23211242135812918,-0.33841315544723377,-0.378953291210849,True,2016-08-16,71.481,3.9814775954449377,True,14.0,0.19373847996018156,-5.3358806355698345,0.19373847996018156,-5.3358806355698345,-2.9491301949493343,-1.9346939873800983,-3.363515277086393,-0.8314609764957459,False,,False,,False,,MACD_PASS
CHOP_2015_2016,LOW,legacy,MACD_FAIL,2016-08-23,2016-08-24,76.137,GREEN,213.54,208.3482,198.6645,-0.5685229950717368,-0.5989264017635487,-0.5952305432925011,False,2016-08-19,74.312,2.455861771988377,True,8.0,0.12871534208072077,-9.781052576276982,0.12871534208072077,-3.1797943181370525,-1.8978945847616946,-5.012017810000402,-8.623927919408436,-7.637548104075542,False,,False,,False,,MACD_FAIL
CHOP_2015_2016,SHW,legacy,MACD_PASS,2016-08-23,2016-08-24,286.62,GREEN,213.54,208.3482,198.6645,-0.8320765301345554,-1.142825847534881,-1.2011639727145549,True,2016-08-17,282.2,1.566265060240979,True,5.0,0.25120368432069995,-6.245202707417475,0.25120368432069995,-2.198032237806158,-2.096852976065866,-2.222454818226227,-4.497243737352585,-3.506384760309822,False,,False,,False,,MACD_PASS
CHOP_2015_2016,ABT,legacy,MACD_FAIL,2016-08-29,2016-08-30,41.761,GREEN,212.96,209.20239999999998,198.90970000000002,-0.36262419690033343,-0.39362720332584933,-0.3914051648704491,False,2016-08-24,40.867,2.187584114322072,True,1.0,0.8117621704461175,-5.883479801728885,0.8117621704461175,-2.511913028902568,-2.581355810445163,-5.117214626086541,-2.535858815641401,-1.6762050717176402,False,,False,,False,,MACD_FAIL
CHOP_2015_2016,BCR,legacy,MACD_FAIL,2016-08-29,2016-08-30,219.99,GREEN,212.96,209.20239999999998,198.90970000000002,0.0854668072217617,-0.2572159447063975,-0.40849792352818515,False,2016-08-16,213.32,3.1267579223701603,True,7.0,5.041138233556075,-3.8774489749534125,0.8000363652893361,-3.327423973817001,-0.5136597118050812,-1.7955361607345899,3.463793808809501,2.918314468839478,False,,False,,False,,MACD_FAIL
CHOP_2015_2016,PEP,legacy,MACD_FAIL,2016-08-29,2016-08-30,104.19,GREEN,212.96,209.20239999999998,198.90970000000002,-0.15391787991735625,-0.18242781133020092,-0.16415541801762257,False,2016-08-26,103.63,0.5403840586702735,True,0.0,1.0269699587292624,-2.8889528745560944,0.13436990114215064,-0.8158172569344369,0.047989250407898254,-1.9675592667242503,-0.01919570016315486,0.20155485171322596,False,,False,,False,,MACD_FAIL
CHOP_2015_2016,ADM,legacy,MACD_PASS,2016-08-30,2016-08-31,41.973,GREEN,212.61,209.4002,198.9899,-0.14574454934955702,-0.18331507174287337,-0.19289608512564588,True,2016-08-26,40.955,2.485654987181052,True,6.0,1.8488075667691284,-4.357563195387515,1.8488075667691284,-2.820861029709565,0.0,-2.215710099349577,-0.6003859624044039,-3.9549234031401093,False,,False,,False,,MACD_PASS
CHOP_2015_2016,JNJ,legacy,MACD_PASS,2016-08-30,2016-08-31,116.42,GREEN,212.61,209.4002,198.9899,-0.23837413478422076,-0.3108111487775253,-0.43997403666855106,True,2016-08-09,115.25,1.0151843817787443,True,6.0,0.36935234495789615,-2.0872702284830846,0.36935234495789615,-1.1338258031266202,-0.060127125923392644,-0.7558838687510727,-0.06871671534101065,-1.898299261295322,False,,False,,False,,MACD_PASS
CHOP_2015_2016,PNR,legacy,MACD_FAIL,2016-08-30,2016-08-31,62.357,GREEN,212.61,209.4002,198.9899,-0.32171827694829636,-0.31108562473551726,-0.34221025202443645,False,2016-08-26,61.675,1.1057965139845916,True,1.0,1.6838526548743404,-9.148932758150641,0.311111823852972,-2.5594560354090135,-2.952354988213035,-7.885241432397327,-2.8272687909937866,-1.7335663999230144,False,,False,,False,,MACD_FAIL
CHOP_2015_2016,WMT,legacy,MACD_PASS,2016-09-01,2016-09-02,71.017,GREEN,212.01,209.75560000000002,199.1518,-0.11047840527936476,-0.23034125707394365,-0.2616962363409009,True,2016-08-23,68.974,2.961985675761869,True,4.0,0.2745821423039585,-3.6850331610740916,0.2745821423039585,-3.6850331610740916,-1.436275821282218,-1.2306912429418282,-1.8756072489685471,-1.3433403269639599,False,,False,,False,,MACD_PASS
CHOP_2015_2016,CAH,legacy,MACD_PASS,2016-09-02,2016-09-06,77.581,GREEN,212.97,209.9032,199.23095,-0.3261349047012193,-0.38733010291506764,-0.44501149842831944,True,2016-08-18,76.415,1.5258784270103964,True,5.0,1.88963792681196,-6.9411324937806995,1.88963792681196,-2.914373364612477,-2.33820136373597,-5.002513502017248,-2.2750415694564374,-4.793699488276781,False,,False,,False,,MACD_PASS
CHOP_2015_2016,NUE,legacy,MACD_PASS,2016-09-02,2016-09-06,47.497,GREEN,212.97,209.9032,199.23095,-0.10394129633601756,-0.15563444041638497,-0.23993529013415038,True,2016-08-11,46.583,1.9620891741622515,True,3.0,2.513842979556613,-8.773185674884731,1.7306356190917471,-4.665557824704725,-6.311977598585172,-6.0066951596942975,-0.0989536181232431,-2.3075141587889703,False,,False,,False,,MACD_PASS
CHOP_2015_2016,T,legacy,MACD_PASS,2016-09-06,2016-09-07,38.821,GREEN,213.6,210.213,199.2975,-0.027756160323982815,-0.06926531274709502,-0.09772716376118884,True,2016-08-18,38.153,1.7508452808429276,True,2.0,1.0638571906957717,-4.744854589011094,0.3142628989464491,-3.827825146183761,-3.322943767548492,-1.671775585379054,-0.9968831302645476,-3.9360140130341836,False,,False,,False,,MACD_PASS
CHOP_2015_2016,ABBV,legacy,MACD_PASS,2016-09-07,2016-09-08,61.145,GREEN,213.58,210.5912,199.36485000000002,-0.226508388395298,-0.3089617066095386,-0.3806481239282231,True,2016-08-25,60.705,0.7248167366773917,True,1.0,2.140812821980531,-2.675607163300353,0.29601766293236853,-1.4081282198053824,-0.9534712568484816,1.7499386703736963,-1.784283261100661,-1.767928694087828,False,,False,,False,,MACD_PASS
CHOP_2015_2016,VFC,legacy,MACD_PASS,2016-09-08,2016-09-09,57.88,GREEN,213.11,210.88980000000004,199.4262,-0.4465476526154975,-0.45267632433053817,-0.5009321850486064,True,2016-09-01,56.827,1.8529924155771038,True,0.0,1.7605390463026893,-9.181064270905326,0.06910850034553828,-2.045611610228071,-5.834485141672429,-4.509329647546645,-6.019350380096755,-8.51762266758811,False,,False,,False,,MACD_PASS
CHOP_2015_2016,DOV,legacy,MACD_FAIL,2016-09-12,2016-09-13,67.599,GREEN,210.99,211.15279999999998,199.51375,-0.47984481340357155,-0.44316707704420183,-0.2591375128112672,False,2016-09-09,66.651,1.4223342485484292,True,1.0,7.463128152783338,-4.310714655542247,0.4482314827142453,-2.9497477773339886,-0.23225195638990614,0.4482314827142453,5.019305019305009,-3.224899776623924,False,,False,,False,,MACD_FAIL
CHOP_2015_2016,EMR,legacy,MACD_FAIL,2016-09-12,2016-09-13,49.941,GREEN,210.99,211.15279999999998,199.51375,-0.18963200334110436,-0.21669120953014162,-0.11712118739020957,False,2016-09-09,48.762,2.417866371354749,False,,6.335475861516571,-2.1285116437396168,6.335475861516571,-2.1285116437396168,-0.7949380268717166,0.3704371157966291,3.3339340421697505,-1.623916221140942,True,7.0,True,12.0,True,13.0,MACD_FAIL
CHOP_2015_2016,CL,legacy,MACD_FAIL,2016-09-13,2016-09-14,70.066,GREEN,207.96,211.21880000000002,199.54930000000002,-0.343373813727606,-0.31682968784624344,-0.34088232889885445,False,2016-09-09,68.928,1.6509981429897902,False,,3.4281962720863257,-0.9034339051751106,3.4281962720863257,-0.9034339051751106,1.347301116090538,2.179373733337142,1.3059115690919887,0.5551908200839062,True,6.0,True,12.0,False,,MACD_FAIL
CHOP_2015_2016,ADP,legacy,MACD_FAIL,2016-09-14,2016-09-15,84.567,GREEN,207.88,211.31119999999999,199.58329999999998,-0.24117793996777415,-0.19567714379610923,-0.10123901795105156,False,2016-09-13,84.449,0.13972930407701867,True,18.0,3.8502016152872853,-0.879775799070559,3.8502016152872853,-0.879775799070559,3.445788546359685,0.8431184741092945,1.247531543036895,0.47299774143578777,True,4.0,True,5.0,False,,MACD_FAIL
CHOP_2015_2016,BDX,legacy,MACD_FAIL,2016-09-14,2016-09-15,170.02,GREEN,207.88,211.31119999999999,199.58329999999998,-0.5207662656616107,-0.5237281328864769,-0.3218243712095392,False,2016-09-13,167.93,1.2445661882927395,False,,5.211151629220079,-0.9822373838372034,5.211151629220079,-0.9822373838372034,5.099400070579918,2.1350429361251644,2.5291142218562435,0.06469827079165213,True,0.0,True,4.0,True,5.0,MACD_FAIL
CHOP_2015_2016,SWK,legacy,MACD_FAIL,2016-09-14,2016-09-15,117.73,GREEN,207.88,211.31119999999999,199.58329999999998,-0.528942646734698,-0.5120051797789256,-0.41900172025722204,False,2016-09-13,117.41,0.27254918661103744,True,18.0,4.153571731928984,-2.4462753758600297,4.153571731928984,-2.4462753758600297,2.760553809564259,1.5459101333559877,3.567484923129194,0.7899430901214588,True,3.0,True,5.0,False,,MACD_FAIL
CHOP_2015_2016,GWW,legacy,MACD_PASS,2016-09-15,2016-09-16,219.22,GREEN,209.95,211.4206,199.6318,-0.9022154467462791,-1.2493107623281245,-1.3208474615218182,True,2016-09-13,215.23,1.85383078567114,True,0.0,0.9989964419304886,-5.975732141227985,0.3968616002189673,-4.853571754401964,-4.2468752851017255,-0.5884499589453474,-0.7800383176717496,-5.291488002919442,False,,False,,False,,MACD_PASS
CHOP_2015_2016,MKC,legacy,MACD_FAIL,2016-09-15,2016-09-16,93.44,GREEN,209.95,211.4206,199.6318,-0.3971873108165457,-0.48579843689404045,-0.4633156144726802,False,2016-09-09,93.85,-0.4368673415023894,True,0.0,5.35958904109588,-1.4490582191780788,0.866866438356162,-0.627140410958904,1.055222602739736,4.409246575342474,0.3028681506849429,-0.8722174657534221,False,,False,,False,,MACD_FAIL
CHOP_2015_2016,ITW,legacy,MACD_PASS,2016-09-19,2016-09-20,114.95,GREEN,209.18,211.55180000000001,199.71220000000002,-0.5222441713213248,-0.6179632948603461,-0.6331286198077855,True,2016-09-09,112.02,2.6156043563649423,False,,3.123096998695085,-2.931709438886476,3.123096998695085,-2.931709438886476,0.9134406263592743,1.5224010439321534,-1.9051761635493714,-1.8703784254023526,True,2.0,True,9.0,False,,MACD_PASS
CHOP_2015_2016,MMM,legacy,MACD_FAIL,2016-09-19,2016-09-20,173.4,GREEN,209.18,211.55180000000001,199.71220000000002,-0.49696397326267516,-0.6032186700114976,-0.5581810084987815,False,2016-09-16,170.15,1.9100793417572648,True,10.0,2.220299884659749,-5.207612456747402,2.220299884659749,-3.662053056516723,-0.7900807381776231,-3.39677047289505,-4.521337946943483,-4.371395617070362,True,2.0,False,,False,,MACD_FAIL
CHOP_2015_2016,BF-B,legacy,MACD_PASS,2016-09-20,2016-09-21,45.879,GREEN,209.19,211.57299999999998,199.7718,-0.12827606914820222,-0.2163123248916211,-0.31353426626038017,True,2016-09-02,44.47,3.1684281538115533,True,18.0,2.726737723141315,-3.8579742365788205,2.726737723141315,-3.8579742365788205,1.3709976241853772,0.0,-1.3775365635693815,-3.051505045881553,True,1.0,False,,False,,MACD_PASS
CHOP_2015_2016,GPC,legacy,MACD_PASS,2016-09-20,2016-09-21,96.018,GREEN,209.19,211.57299999999998,199.7718,-0.2826697451971094,-0.4297181111048911,-0.6058867765090291,True,2016-09-08,93.183,3.0424004378480918,True,20.0,3.027557333000064,-8.393217938303232,3.027557333000064,-8.393217938303232,1.8808973317502975,0.030202670332646342,-0.7988085567289471,-6.836218209085809,True,1.0,True,1.0,False,,MACD_PASS
CHOP_2015_2016,HCP,legacy,MACD_PASS,2016-09-20,2016-09-21,35.338,GREEN,209.19,211.57299999999998,199.7718,-0.23517288271749115,-0.29226491959215145,-0.3390250918572314,True,2016-09-13,34.419,2.6700368982248257,True,10.0,5.498330409191232,-5.57756522723415,5.498330409191232,-4.168317392042553,4.547512592676428,-3.506140698398341,-4.09474220385988,-2.07708415869603,True,1.0,True,1.0,True,2.0,MACD_PASS
CHOP_2015_2016,AFL,legacy,MACD_PASS,2016-09-21,2016-09-22,71.99,GREEN,211.54,211.6112,199.82379999999998,-0.07072881030671752,-0.17903854568848362,-0.23311398334607802,True,2016-09-15,69.655,3.35223602038619,True,13.0,0.3528267814974395,-5.468815113210168,0.3528267814974395,-4.017224614529791,-2.8920683428253824,-2.1975274343658757,-4.179747187109317,-5.332685095152101,False,,False,,False,,MACD_PASS
CHOP_2015_2016,APD,legacy,MACD_PASS,2016-09-21,2016-09-22,144.57,GREEN,211.54,211.6112,199.82379999999998,-0.9059394175877031,-1.1661357378052024,-1.3174580928131148,True,2016-09-13,139.51,3.62698014479248,True,7.0,1.7431002282631392,-12.429964722971576,1.7431002282631392,-6.979317977450372,0.8300477277443541,-7.622604966452229,-10.832122847063708,-9.407207581102572,False,,False,,False,,MACD_PASS
CHOP_2015_2016,BEN,legacy,MACD_FAIL,2016-09-21,2016-09-22,35.166,GREEN,211.54,211.6112,199.82379999999998,-0.12144534685524735,-0.17044540071026,-0.16515094768276334,False,2016-09-20,34.151,2.972094521390267,True,2.0,3.1479269749189687,-5.7555593470966055,2.3602343172382634,-4.470226923733134,-3.0483990217823886,1.026559745208444,-3.9953364044815864,-3.4948529829949337,True,0.0,False,,False,,MACD_FAIL
CHOP_2015_2016,CINF,legacy,MACD_PASS,2016-09-21,2016-09-22,73.97,GREEN,211.54,211.6112,199.82379999999998,-0.20820089634584993,-0.287723860116981,-0.31241122384550507,True,2016-09-15,72.034,2.6876197351250797,True,8.0,0.8422333378396818,-4.042179261862911,0.7232661889955416,-3.5811815600919283,-1.8575098012707736,-2.3158037042044,-0.7489522779505209,-3.97593619034744,False,,False,,False,,MACD_PASS
CHOP_2015_2016,KMB,legacy,MACD_PASS,2016-09-21,2016-09-22,121.54,GREEN,211.54,211.6112,199.82379999999998,-0.0007503814630240857,-0.20949715551107317,-0.3587659858407728,True,2016-09-12,117.52,3.4206943498978903,True,16.0,1.6537765344742494,-5.076518018759257,1.6537765344742494,-3.8834951456310773,-0.10696067138391552,-1.6949152542372947,-2.97844331084417,-4.936646371564912,False,,False,,False,,MACD_PASS
CHOP_2015_2016,KO,legacy,MACD_PASS,2016-09-21,2016-09-22,41.309,GREEN,211.54,211.6112,199.82379999999998,-0.014663028205169237,-0.04603506143434233,-0.06887380304515534,True,2016-09-16,40.589,1.773879622557839,True,8.0,0.704446972814643,-3.0647074487399784,0.704446972814643,-2.173860417826612,-1.5880316638020697,-2.3408942361228813,-2.21985523735746,-1.8252681013822603,False,,False,,False,,MACD_PASS
CHOP_2015_2016,PPG,legacy,MACD_PASS,2016-09-21,2016-09-22,101.46,GREEN,211.54,211.6112,199.82379999999998,-0.2974028300548388,-0.46514068653662555,-0.5619943060711493,True,2016-09-13,97.805,3.737027759316991,True,11.0,0.6899270648531575,-12.750837768578748,0.6899270648531575,-10.625862408831054,-1.399566331559221,-1.271437019515076,-11.003351074314994,-10.480977725211904,False,,False,,False,,MACD_PASS
CHOP_2015_2016,SHW,legacy,MACD_PASS,2016-09-21,2016-09-22,276.3,GREEN,211.54,211.6112,199.82379999999998,-0.11444847450587137,-0.5111326223232942,-0.7174969519668939,True,2016-09-09,268.72,2.820779994045841,True,8.0,1.6395222584147495,-6.4314151284835415,1.6395222584147495,-2.9895041621425977,-0.7347086500181121,-1.889250814332255,-3.53963083604778,-1.25950054288817,False,,False,,False,,MACD_PASS
CHOP_2015_2016,CLX,legacy,MACD_FAIL,2016-09-22,2016-09-23,122.44,GREEN,212.88,211.67680000000001,199.88865,0.03293816575026964,-0.26082774088486715,-0.46630464864326715,False,2016-09-09,117.88,3.868340685442817,True,8.0,0.3348578895785659,-6.239790918000654,0.3348578895785659,-4.173472721332894,-1.0045736687357087,-3.005553740607636,-3.7079385821626842,-5.063704671675929,False,,False,,False,,MACD_FAIL
CHOP_2015_2016,CTAS,legacy,MACD_PASS,2016-09-22,2016-09-23,112.28,GREEN,212.88,211.67680000000001,199.88865,-0.5472741608337002,-0.6735801596993052,-0.8017065539110046,True,2016-09-13,109.91,2.1563097079428717,True,4.0,3.411115069469184,-7.926612041325265,3.411115069469184,-3.3843961524759547,-2.0662629141432243,-3.9276807980049844,-4.978624866405424,-7.418952618453867,True,3.0,True,3.0,False,,MACD_PASS
CHOP_2015_2016,CVX,legacy,MACD_PASS,2016-09-22,2016-09-23,95.482,GREEN,212.88,211.67680000000001,199.88865,-0.18077341757709253,-0.3075513976888626,-0.4430921633973415,True,2016-09-15,93.738,1.860504811282504,False,,5.1088163214009,-1.559456232588341,5.1088163214009,-1.559456232588341,3.5964893906704987,2.953436249764363,1.7542573469345069,1.9783833602144973,True,3.0,True,5.0,True,11.0,MACD_PASS
CHOP_2015_2016,ECL,legacy,MACD_PASS,2016-09-22,2016-09-23,117.52,GREEN,212.88,211.67680000000001,199.88865,-0.2503761388117356,-0.4128311400263398,-0.5617762678712326,True,2016-09-13,115.19,2.0227450299505234,True,16.0,2.6718856364874144,-3.2590197413206234,2.6718856364874144,-2.408100748808717,2.3825731790333426,0.11061946902655162,-1.7869298842750125,-2.612321307011567,True,3.0,False,,False,,MACD_PASS
CHOP_2015_2016,LOW,legacy,MACD_FAIL,2016-09-22,2016-09-23,70.43,GREEN,212.88,211.67680000000001,199.88865,0.0037141670056763942,-0.10235043330747207,-0.23268363205929488,False,2016-08-26,68.69,2.53311981365556,True,12.0,1.9238960670168836,-4.10052534431351,1.9238960670168836,-3.0768138577310866,0.028396989919055038,-1.2338492119835287,-1.1642765866818228,-1.652704813289796,False,,False,,False,,MACD_FAIL
CHOP_2015_2016,WBA,legacy,MACD_FAIL,2016-09-22,2016-09-23,80.553,GREEN,212.88,211.67680000000001,199.88865,-0.11360686672572229,-0.22245178714691463,-0.200289691623464,False,2016-09-20,77.743,3.6144733287884367,True,4.0,0.07324370290366922,-7.598723821583297,0.07324370290366922,-4.399587848993825,-2.3140044442789276,-3.2103087408290154,-5.113403597631372,-1.1632093156058732,False,,False,,False,,MACD_FAIL
CHOP_2015_2016,LEG,legacy,MACD_PASS,2016-09-23,2016-09-26,46.941,GREEN,211.7,211.69539999999998,199.95425,-0.10882427515559767,-0.11648699197839774,-0.18007927077021202,True,2016-09-13,47.037,-0.2040946488934159,True,0.0,0.6412304808163238,-7.496644724228297,0.0745616838158547,-1.5743166954261811,-5.9436313670352074,-4.948765471549388,-5.487739928846846,-6.748897552246436,False,,False,,False,,MACD_PASS
CHOP_2015_2016,SYY,legacy,MACD_PASS,2016-09-23,2016-09-26,47.749,GREEN,211.7,211.69539999999998,199.95425,-0.14364537368479224,-0.1805770147485094,-0.26373213188951394,True,2016-09-13,47.207,1.1481348105153888,True,6.0,0.6282854091185008,-3.4953611593960154,0.48796833441537846,-2.525707344656436,-0.7288110745774734,-1.5351106829462502,-1.4345850174872776,-2.4942930742005154,False,,False,,False,,MACD_PASS
CHOP_2015_2016,XOM,legacy,MACD_FAIL,2016-09-28,2016-09-29,83.046,GREEN,212.35,211.7202,200.18114999999997,0.10046013014850153,-0.17614900379724352,-0.23066356882741346,False,2016-09-14,78.577,5.687414892398546,False,,1.9543385593526308,-1.771307468150185,1.9543385593526308,-1.771307468150185,0.07947402644317147,-0.47202755099584603,0.27575078871950875,-0.05900344387448353,False,,False,,False,,MACD_FAIL
CHOP_2015_2016,ADM,legacy,MACD_FAIL,2016-09-30,2016-10-03,40.751,GREEN,212.01,211.7166,200.33615,-0.03894698682106412,-0.07267531240044733,-0.05299643414007155,False,2016-09-29,40.163,1.4640340612006142,False,,5.285759858653782,-1.1680694952271087,5.285759858653782,-1.1680694952271087,3.0723172437486346,-0.30919486638364413,1.2613187406444126,3.7888640769551785,True,0.0,True,1.0,True,20.0,MACD_FAIL
CHOP_2015_2016,CB,legacy,MACD_FAIL,2016-10-07,2016-10-10,122.94,GREEN,210.78,211.68560000000002,200.71220000000002,-0.14160972386964865,-0.25619535865579035,-0.1575861554237965,False,2016-10-05,119.16,3.1722054380664666,False,,2.489019033674955,-3.156011062306807,2.489019033674955,-3.156011062306807,0.18708312998210186,-2.521555230193584,1.2363754677078287,-0.7483325199284185,True,14.0,False,,False,,MACD_FAIL
CHOP_2015_2016,T,legacy,MACD_FAIL,2016-10-11,2016-10-12,37.283,GREEN,209.2,211.6408,200.8305,-0.0918854055715459,-0.10365862099244466,-0.10117514238622455,False,2016-10-06,36.388,2.459602066615374,True,7.0,1.0862859748410836,-7.354558377812959,1.0862859748410836,-5.5923611297374105,0.5900812702840375,-6.946865863798523,-7.099750556553919,-4.3666014001019215,False,,False,,False,,MACD_FAIL
CHOP_2015_2016,PEP,legacy,MACD_PASS,2016-10-14,2016-10-17,103.88,GREEN,208.9,211.5418,200.98105000000004,-0.08341498446226221,-0.1514796143303973,-0.15505515501529982,True,2016-10-11,102.09,1.7533548829464118,True,18.0,1.9541778975741275,-5.981902194840194,1.9541778975741275,-4.149018097805158,0.442818636888731,0.3369272237196741,0.12514439738160466,-5.098190219484011,False,,False,,False,,MACD_PASS
CHOP_2015_2016,BCR,legacy,MACD_PASS,2016-10-17,2016-10-18,219.66,GREEN,208.18,211.4496,201.03800000000004,-0.763888982219769,-0.8162008150380702,-0.9084584670511406,True,2016-10-13,215.04,2.1484375,True,5.0,2.1123554584357773,-7.552581261950286,1.9803332422835274,-2.440134753710277,-2.4173723026495453,-2.5084221068924606,1.7618137121005129,-3.6602021305654153,False,,False,,False,,MACD_PASS
CHOP_2015_2016,NUE,legacy,MACD_FAIL,2016-10-17,2016-10-18,46.167,GREEN,208.18,211.4496,201.03800000000004,-0.0898724994170188,-0.08430723747157487,-0.0706156973962781,False,2016-10-13,44.725,3.2241475684740006,False,,27.374531591829655,-4.388415968115755,27.374531591829655,-4.388415968115755,-0.8014382567634981,0.9487296120605615,8.423765893387047,27.333376654320183,True,2.0,True,2.0,True,13.0,MACD_FAIL
CHOP_2015_2016,WMT,legacy,MACD_PASS,2016-10-17,2016-10-18,66.717,GREEN,208.18,211.4496,201.03800000000004,-0.2651549900294803,-0.32691046783805355,-0.41017707850318974,True,2016-10-10,65.258,2.235741211805453,False,,5.135122982148488,-0.8453617518773271,5.135122982148488,-0.8453617518773271,1.1526297645277905,1.06569539997301,1.7791567366638228,4.154863078375826,True,7.0,True,16.0,True,17.0,MACD_PASS
CHOP_2015_2016,DOV,legacy,MACD_PASS,2016-10-18,2016-10-19,66.485,GREEN,209.47,211.3858,201.11519999999996,-0.4009352136643103,-0.45273427255566123,-0.49870831002280147,True,2016-10-12,64.392,3.250403776866695,True,12.0,6.204407009099788,-3.677521245393689,4.203955779499147,-3.677521245393689,0.8528239452508135,-2.501316086335259,3.307512972851012,3.924193427088807,True,0.0,True,0.0,False,,MACD_PASS
CHOP_2015_2016,ED,legacy,MACD_PASS,2016-10-18,2016-10-19,70.68,GREEN,209.47,211.3858,201.11519999999996,-0.05256893983645672,-0.1436430708926124,-0.24085211894170822,True,2016-10-04,68.832,2.6847977684797852,True,16.0,3.7733446519524483,-5.830503678551224,3.7733446519524483,-5.830503678551224,0.8474816072439051,0.7625919637803902,-1.3653084323712594,-3.754951895868719,True,8.0,True,8.0,False,,MACD_PASS
CHOP_2015_2016,ABBV,legacy,MACD_PASS,2016-10-19,2016-10-20,59.286,GREEN,210.03,211.3306,201.19350000000003,-0.08762100594019451,-0.147107850246313,-0.23322477106546757,True,2016-10-12,57.752,2.656185067183814,True,6.0,5.85973079647808,-10.395371588570669,0.8652970347130751,-10.395371588570669,0.016867388590902088,-9.04598050129879,4.151064332220078,0.40819080389973283,False,,False,,False,,MACD_PASS
CHOP_2015_2016,MDT,legacy,MACD_PASS,2016-10-19,2016-10-20,81.808,GREEN,210.03,211.3306,201.19350000000003,-0.24460594423894944,-0.31862994488934104,-0.3913447701743213,True,2016-10-14,80.576,1.5289912629070868,True,4.0,1.7088793272051594,-8.689859182476056,1.172256991981202,-3.5314394680227013,-3.025376491296705,-2.461861920594577,-1.124584392724426,-2.2247212986505116,False,,False,,False,,MACD_PASS
CHOP_2015_2016,APD,legacy,MACD_PASS,2016-10-20,2016-10-21,129.97,GREEN,209.64,211.2782,201.28215,-0.026960269513495838,-0.2467567276302005,-0.47730819200400143,True,2016-10-05,126.6,2.6619273301737856,False,,5.839809186735412,-3.2622912979918373,5.839809186735412,-3.2622912979918373,0.34623374624913605,0.015388166499974432,3.885512041240302,3.4546433792413733,True,1.0,True,12.0,True,14.0,MACD_PASS
CHOP_2015_2016,BEN,legacy,MACD_PASS,2016-10-20,2016-10-21,33.602,GREEN,209.64,211.2782,201.28215,-0.10073914494420444,-0.126936832355258,-0.18185967641782547,True,2016-10-14,33.161,1.329875456108054,True,6.0,18.844116421641566,-3.5593119457175137,3.669424439021496,-1.7796559728587513,-0.14284863996189,-1.2826617463246204,8.704838997678731,13.585500863043887,True,1.0,True,3.0,False,,MACD_PASS
CHOP_2015_2016,WBA,legacy,MACD_FAIL,2016-10-20,2016-10-21,78.766,GREEN,209.64,211.2782,201.28215,0.024765454793249098,-0.21839775641789938,-0.19617472046149476,False,2016-10-11,74.432,5.822764402407565,False,,4.69364954421958,-4.5590737120077325,4.69364954421958,-4.5590737120077325,0.49767666251936404,-0.43292791305894474,0.43546707970443244,3.6614783028210196,True,1.0,True,1.0,False,,MACD_FAIL
CHOP_2015_2016,AFL,legacy,MACD_FAIL,2016-10-24,2016-10-25,68.384,GREEN,210.63,211.15960000000004,201.52129999999997,-0.14266923875534498,-0.17656922261275798,-0.14545959680716752,False,2016-10-18,67.086,1.934829919804426,True,3.0,5.713324754328486,-2.969992980814229,1.4155357978474559,-2.54153018249883,-2.2987833411324377,0.13014740290127058,4.19103883949461,2.292934019653714,False,,False,,False,,MACD_FAIL
CHOP_2015_2016,EMR,legacy,MACD_PASS,2016-10-24,2016-10-25,48.568,GREEN,210.63,211.15960000000004,201.52129999999997,-0.11975199815649995,-0.17613974073408722,-0.22388714535003806,True,2016-10-12,47.61,2.0121823146397766,False,,12.946796244440794,-1.6512930324493524,12.946796244440794,-1.6512930324493524,1.573052215450499,3.2140504035578887,12.162329105583925,9.285949596442112,True,5.0,True,5.0,True,11.0,MACD_PASS
CHOP_2015_2016,MMM,legacy,MACD_FAIL,2016-10-24,2016-10-25,165.35,GREEN,210.63,211.15960000000004,201.52129999999997,0.1004978911805614,-0.056698849251211936,-0.0996706140053063,False,2016-10-03,163.64,1.0449767782938268,True,0.0,3.5621409132144066,-3.3081342606592123,0.24795887511339654,-2.5703054127608094,-3.0843664953129735,0.9253099485938998,2.818264287874195,2.0925309948593984,False,,False,,False,,MACD_FAIL
CHOP_2015_2016,MKC,legacy,MACD_FAIL,2016-10-25,2016-10-26,93.969,GREEN,209.93,211.085,201.64385,0.14434747465130648,-0.008751447045213023,-0.03437468171668767,False,2016-10-06,91.076,3.1764680047432936,True,11.0,0.6470218901978297,-5.3751769200480854,0.6470218901978297,-4.540859219529835,-1.0546031137928513,-1.3153273952047906,-4.113058561866145,-4.936734454979829,False,,False,,False,,MACD_FAIL
CHOP_2015_2016,CL,legacy,MACD_PASS,2016-10-26,2016-10-27,70.145,GREEN,209.5,211.02359999999996,201.7567,-0.05737492046839243,-0.084313869610535,-0.11959138096973476,True,2016-10-12,69.059,1.5725683835560833,True,0.0,0.20956589920879676,-8.670610877468087,0.20956589920879676,-2.050039204504961,-1.6023950388480923,-6.29980754152113,-7.987739682087103,-7.2350131869698515,False,,False,,False,,MACD_PASS
CHOP_2015_2016,GPC,legacy,MACD_PASS,2016-10-26,2016-10-27,88.736,GREEN,209.5,211.02359999999996,201.7567,-0.672144717404501,-0.7867420498759827,-0.8262730879613613,True,2016-10-19,85.947,3.2450230956287074,True,4.0,7.299179588892879,-5.221105301117934,0.0,-3.546474936891464,-3.7977821853588223,2.3181121529029847,3.5228092318788207,7.134646592138472,False,,False,,False,,MACD_PASS
CHOP_2015_2016,PG,legacy,MACD_PASS,2016-10-26,2016-10-27,84.856,GREEN,209.5,211.02359999999996,201.7567,-0.1489923167771094,-0.308143221336328,-0.49093297107018974,True,2016-10-18,81.512,4.102463440965742,True,10.0,0.20623173376073112,-6.627698689544637,0.20623173376073112,-6.0903177147166865,-1.0394079381540355,-5.1993966248703565,-5.074479117563868,-4.627840105590641,False,,False,,False,,MACD_PASS
CHOP_2015_2016,JNJ,legacy,MACD_PASS,2016-10-27,2016-10-28,112.8,GREEN,208.95,210.9432,201.89010000000002,-0.2017402290469552,-0.35879299263063547,-0.45294307201189954,True,2016-10-19,110.04,2.5081788440566966,False,,5.762411347517737,-3.014184397163111,5.762411347517737,-3.014184397163111,-0.6117021276595747,2.2960992907801403,0.2925531914893531,-1.648936170212767,True,8.0,True,8.0,True,8.0,MACD_PASS
CHOP_2015_2016,GWW,legacy,MACD_PASS,2016-10-28,2016-10-31,202.81,GREEN,208.32,210.84079999999997,202.00560000000002,-0.29699059442356734,-0.6715212163813575,-0.9674242992145263,True,2016-10-13,195.74,3.6119341984264697,False,,10.497509984714748,-3.4317834426310423,10.497509984714748,-3.4317834426310423,0.31556629357525345,7.3714313889847505,6.784675311868238,8.80134115674769,True,7.0,True,7.0,True,7.0,MACD_PASS
CHOP_2015_2016,ITW,legacy,MACD_PASS,2016-10-28,2016-10-31,112.07,GREEN,208.32,210.84079999999997,202.00560000000002,-0.2370492860484663,-0.35361429583194637,-0.4440729496282755,True,2016-10-21,109.3,2.5343092406221457,False,,10.350673686089063,-2.444900508610681,10.350673686089063,-2.444900508610681,2.471669492281614,8.030695101275986,8.003926117605076,9.868831980012494,True,5.0,True,6.0,True,7.0,MACD_PASS
CHOP_2015_2016,SWK,legacy,MACD_FAIL,2016-10-28,2016-10-31,112.3,GREEN,208.32,210.84079999999997,202.00560000000002,-0.6618906038823419,-0.5775993004976537,-0.4491416126799428,False,2016-10-26,109.88,2.202402621041144,False,,10.819234194122895,-1.3089937666963536,10.819234194122895,-1.3089937666963536,2.5556544968833528,6.598397150489754,5.921638468388246,4.87978628673198,True,5.0,True,6.0,True,7.0,MACD_FAIL
CHOP_2015_2016,SYY,legacy,MACD_FAIL,2016-10-31,2016-11-01,46.908,GREEN,208.33,210.7446,202.14114999999998,0.08453194208327608,0.046891415801190606,0.0034649763375478315,False,2016-10-21,45.977,2.02492550623139,False,,13.641596316193393,-1.0595207640487714,13.641596316193393,-1.0595207640487714,12.663085188027633,11.228361899889139,12.473352093459544,10.710326596742558,True,4.0,True,4.0,True,4.0,MACD_FAIL
CHOP_2015_2016,BDX,legacy,MACD_PASS,2016-11-03,2016-11-04,170.5,GREEN,204.65,210.30300000000003,202.52195,-0.07023058340981292,-0.5583512378504809,-0.6327572227022549,True,2016-10-13,162.89,4.671864448400775,True,6.0,3.8064516129032278,-6.2287390029325485,3.8064516129032278,-6.2287390029325485,-1.6539589442815195,-0.7917888563049869,-1.683284457478007,-5.096774193548381,True,1.0,True,1.0,False,,MACD_PASS
CHOP_2015_2016,MHFI,legacy,MACD_PASS,2016-11-04,2016-11-07,123.4,GREEN,204.42,210.145,202.6246,-0.14895810134053356,-0.2557791482592818,-0.39037126669348854,True,2016-11-01,117.94,4.629472613193153,True,14.0,2.2528363047001676,-9.489465153970833,2.2528363047001676,-4.9432739059967705,-0.9157212317666197,-2.5121555915721294,-3.9222042139384183,-8.784440842787689,True,1.0,False,,False,,MACD_PASS
CHOP_2015_2016,ABT,legacy,MACD_PASS,2016-11-07,2016-11-08,38.715,GREEN,208.93,210.08539999999996,202.7637,-0.050173820019924875,-0.1410597410921186,-0.18909983985188483,True,2016-10-13,37.424,3.449657973492948,True,10.0,4.81725429420119,-5.656722200697417,4.81725429420119,-4.569288389513126,0.4778509621593541,-3.840888544491805,-3.913211933359162,-2.8774376856515627,True,1.0,True,1.0,False,,MACD_PASS
CHOP_2015_2016,CTAS,legacy,MACD_FAIL,2016-11-07,2016-11-08,103.66,GREEN,208.93,210.08539999999996,202.7637,0.009838542528361582,-0.15342631081693758,-0.19915030355779795,False,2016-10-03,100.96,2.6743264659271127,False,,14.981670846999817,-1.8618560679143248,14.981670846999817,-1.8618560679143248,4.148176731622599,9.589041095890405,9.357514952730073,14.865907775419629,True,1.0,True,2.0,True,7.0,MACD_FAIL
CHOP_2015_2016,XOM,legacy,MACD_PASS,2016-11-07,2016-11-08,81.624,GREEN,208.93,210.08539999999996,202.7637,-0.21741515886187923,-0.37037994197563084,-0.3955942792513199,True,2016-11-01,79.027,3.286218634137694,False,,4.44844653533274,-1.2643340194060548,4.44844653533274,-1.2643340194060548,2.4649612858963055,2.2995687542879617,3.0321964128197765,3.9412427717337994,True,1.0,True,2.0,False,,MACD_PASS
CHOP_2015_2016,ECL,legacy,MACD_PASS,2016-11-08,2016-11-09,110.52,GREEN,209.87,210.02360000000002,202.89520000000002,-0.14460813180124354,-0.31980068798110817,-0.47596188489553204,True,2016-10-13,109.37,1.0514766389320584,False,,7.111834961997832,-0.6695620702135363,7.111834961997832,-0.6695620702135363,2.651103872602256,4.460731089395598,5.9717698154180265,6.985161056822298,True,0.0,True,0.0,True,10.0,MACD_PASS
CHOP_2015_2016,PNR,legacy,MACD_FAIL,2016-11-08,2016-11-09,54.512,GREEN,209.87,210.02360000000002,202.89520000000002,0.03841677849949865,-0.08705674158761667,-0.21480877768152595,False,2016-10-10,52.671,3.495282033756708,False,,10.505943645435867,-0.5778544173759892,10.505943645435867,-0.5778544173759892,4.6833724684473,3.861535074845901,5.618946287056059,8.9062958614617,True,0.0,True,0.0,True,1.0,MACD_FAIL
CHOP_2015_2016,CINF,legacy,MACD_PASS,2016-11-09,2016-11-10,68.877,GREEN,212.09,210.01319999999998,203.04775,-0.06901902145174188,-0.1975195609196152,-0.3129031840482548,True,2016-10-24,66.335,3.83206452099194,False,,11.092236886043239,-0.3716770474904596,11.092236886043239,-0.3716770474904596,4.666289182165317,8.426615561072648,8.709728937090766,10.591343990011183,True,2.0,True,5.0,True,6.0,MACD_PASS
CHOP_2015_2016,T,legacy,MACD_FAIL,2016-11-09,2016-11-10,35.684,GREEN,212.09,210.01319999999998,203.04775,0.10378505705882479,0.040464882843343375,-0.008966668813969236,False,2016-10-24,34.541,3.309110911670188,True,2.0,8.751821544669891,-3.657101221836112,0.0,-3.657101221836112,-0.16253783208159955,4.643537719986557,3.037776034076911,7.765385046519446,False,,False,,False,,MACD_FAIL
CHOP_2015_2016,HCP,legacy,MACD_FAIL,2016-11-16,2016-11-17,27.77,GREEN,213.54,210.021,203.7473,0.0076170480701145404,-0.08098175434494226,-0.1983095955629266,False,2016-10-25,26.249,5.794506457388859,False,,5.034209578682036,-3.114872164205973,5.034209578682036,-3.114872164205973,0.1728483975513173,-0.4429240187252437,2.8411955347497297,-0.23766654663305298,True,7.0,True,13.0,True,17.0,MACD_FAIL
CHOP_2015_2016,PEP,legacy,MACD_PASS,2016-11-22,2016-11-23,99.69,GREEN,216.21,210.43599999999998,204.42965,-0.29348780715561273,-0.43420686979465195,-0.5475044744729893,True,2016-11-14,97.666,2.0723690946695905,True,5.0,4.674490921857766,-3.2179757247467133,0.7021767479185481,-3.2179757247467133,-2.697361821647104,0.37115056675696145,3.4607282575985554,3.5108837395927406,False,,False,,False,,MACD_PASS
CHOP_2015_2016,PG,legacy,MACD_PASS,2016-11-25,2016-11-28,80.61,GREEN,217.14,210.74880000000002,204.8204,-0.08446367913918063,-0.18249648671027263,-0.23324173327078834,True,2016-11-18,79.232,1.7391962843295694,False,,3.1385684158293126,-2.3471033370549454,3.1385684158293126,-2.3471033370549454,-0.1687135591117661,2.405408758218597,1.8992680808832763,1.767770748046149,True,10.0,True,12.0,False,,MACD_PASS
CHOP_2015_2016,BDX,legacy,MACD_FAIL,2016-12-06,2016-12-07,161.64,GREEN,217.31,211.5392,205.91685,-0.5549787227823253,-0.5319931209355842,-0.4014239510130082,False,2016-12-05,159.51,1.335339477148767,False,,5.153427369463004,-1.3548626577579825,5.153427369463004,-1.3548626577579825,2.5921801534273925,1.5095273447166768,1.6208859193268976,2.6787923781242284,True,2.0,True,3.0,True,4.0,MACD_FAIL
CHOP_2015_2016,JNJ,legacy,MACD_PASS,2016-12-07,2016-12-08,108.4,GREEN,220.14,211.71599999999998,206.08505000000002,-0.23615630257169806,-0.23754933355737573,-0.3033313166643685,True,2016-11-21,107.2,1.1194029850746245,False,,6.11623616236161,-0.5535055350553542,6.11623616236161,-0.5535055350553542,4.843173431734327,4.428044280442811,4.225092250922513,5.193726937269361,True,2.0,True,2.0,True,4.0,MACD_PASS
CHOP_2015_2016,SWK,legacy,MACD_FAIL,2016-12-07,2016-12-08,118.86,GREEN,220.14,211.71599999999998,206.08505000000002,-0.11491905223821189,-0.2479040023059713,-0.24780888850250304,False,2016-12-01,116.45,2.0695577501073315,True,6.0,0.9759380784115645,-5.12367491166078,0.9759380784115645,-3.070839643277812,-1.9013966010432481,-3.8532727578663994,-4.787144539794719,-2.3136463065791646,False,,False,,False,,MACD_FAIL
CHOP_2015_2016,AFL,legacy,MACD_PASS,2016-12-08,2016-12-09,67.593,GREEN,220.69,211.88279999999997,206.2448,-0.2771809150054002,-0.33769458751543335,-0.38966363501060813,True,2016-12-02,66.974,0.9242392570251168,False,,2.936694628141967,-1.8611394671046,2.936694628141967,-1.8611394671046,0.9172547453138558,1.992809906351245,1.439498172887732,0.9453641649283195,True,3.0,False,,False,,MACD_PASS
CHOP_2015_2016,MHFI,legacy,MACD_PASS,2016-12-13,2016-12-14,115.31,GREEN,223.26,212.54460000000003,206.74785,-0.1877750716236286,-0.4573972911790076,-0.4993608254102797,True,2016-11-23,111.6,3.324372759856642,True,4.0,0.6417483305870997,-7.848408637585635,0.6417483305870997,-3.91986818142398,-3.980574104587631,-6.63429017431273,-1.4916312548781563,-3.356170323475849,False,,False,,False,,MACD_PASS
CHOP_2015_2016,NUE,legacy,MACD_PASS,2016-12-21,2016-12-22,60.305,GREEN,222.6,213.9176,207.63715,-0.7848398136398398,-0.8404229805197363,-0.8897776516534539,True,2016-12-20,58.991,2.2274584258615615,True,5.0,1.7709974297321907,-4.0494154713539565,1.6880855650443616,-3.449133571014007,-3.236879197413145,-3.041207196749862,-2.2303291601028064,-0.9617776303789016,False,,False,,False,,MACD_PASS
COVID_2020,HRL,yfinance,MACD_FAIL,2020-01-07,2020-01-08,36.222244197221485,GREEN,294.17462158203125,284.81135925292966,268.5792478942871,-0.15582353744953087,-0.16917909966352845,-0.15877163003817346,False,2020-01-06,35.91300039800501,0.861091515020429,False,,8.431264337894584,-0.4717815211306542,8.431264337894584,-0.4717815211306542,2.310697820556573,6.127591487194106,8.137681803613273,5.90173580273361,True,2.0,True,3.0,True,7.0,MACD_FAIL
COVID_2020,ABT,yfinance,MACD_FAIL,2020-01-08,2020-01-09,76.2071155869388,GREEN,295.7424621582031,285.25482360839845,268.8043450927734,-0.1914066787492804,-0.19128691890379246,-0.15206188344974914,False,2020-01-07,75.53602044512724,0.8884438680471396,True,1.0,7.581317570255175,-2.24008290515858,0.7995674390416596,-1.3093552702653333,2.728815107568261,5.195802772856273,1.4022153115320402,2.251732142031515,False,,False,,False,,MACD_FAIL
COVID_2020,CAH,yfinance,MACD_PASS,2020-01-08,2020-01-09,42.59545907956449,GREEN,295.7424621582031,285.25482360839845,268.8043450927734,-0.11223434196391602,-0.16195153000757878,-0.19636951969118477,True,2019-12-17,41.517849360652924,2.5955335729235474,False,,20.478087598005956,-1.0557820437035126,20.478087598005956,-1.0557820437035126,8.406366360213301,7.211155195985475,2.0119566301902925,16.015940427153108,True,3.0,True,3.0,True,4.0,MACD_PASS
COVID_2020,APD,yfinance,MACD_PASS,2020-01-09,2020-01-10,200.21756925254033,GREEN,297.747802734375,285.7075555419922,269.03012428283694,-0.46100106545564234,-0.8389863351865796,-0.9078455293445608,True,2020-01-06,192.02959918045954,4.263910411220584,False,,7.46269907864352,-1.3859275053304976,7.46269907864352,-1.3859275053304976,1.066111516504109,-0.43923179739387974,3.629020182199083,7.339034549903345,True,9.0,True,9.0,True,16.0,MACD_PASS
COVID_2020,LIN,yfinance,MACD_PASS,2020-01-09,2020-01-10,192.13046608142565,GREEN,297.747802734375,285.7075555419922,269.03012428283694,-0.6843647186257364,-0.8579981490043993,-0.9483886294101431,True,2020-01-06,186.1588504563706,3.2078064569133202,True,14.0,3.1697856547830305,-3.687008256792479,1.746222259266328,-3.687008256792479,1.594380154572539,-2.7806558035334827,-0.6168801027524706,2.2302395851025336,False,,False,,False,,MACD_PASS
COVID_2020,SHW,yfinance,MACD_PASS,2020-01-09,2020-01-10,178.60040199871605,GREEN,297.747802734375,285.7075555419922,269.03012428283694,-0.5539156352271104,-0.5922748172637139,-0.71847747914283,True,2020-01-06,175.93955900586235,1.5123619769702001,True,14.0,5.65291408769939,-2.9321101364345403,5.65291408769939,-2.9321101364345403,4.687881209760358,2.8916199209220617,1.2433155829232767,0.7801448833123725,True,3.0,True,3.0,True,6.0,MACD_PASS
COVID_2020,ADM,yfinance,MACD_FAIL,2020-01-10,2020-01-13,36.539763540734036,GREEN,296.89105224609375,286.14478515625,269.258224029541,-0.30250779253582805,-0.26459411924629594,-0.20719748852256226,False,2020-01-08,35.701770471191566,2.34720311761194,False,,5.608527712076983,-1.521375182331397,5.608527712076983,-1.521375182331397,2.4523236179654573,-0.2724777760506947,3.019980135200062,4.722970566608087,True,3.0,True,3.0,True,17.0,MACD_FAIL
COVID_2020,LEG,yfinance,MACD_PASS,2020-01-10,2020-01-13,38.08723433791309,GREEN,296.89105224609375,286.14478515625,269.258224029541,-0.1557478725492893,-0.16698676777711718,-0.18643238517779087,True,2020-01-09,37.74909339932961,0.8957590981230945,True,13.0,4.439040850955811,-9.806322176099025,4.439040850955811,-4.156592783269031,3.1880429057126403,1.311504238330219,-4.096054020464535,-8.232461652073598,True,0.0,True,2.0,False,,MACD_PASS
COVID_2020,PG,yfinance,MACD_PASS,2020-01-10,2020-01-13,104.45631600307694,GREEN,296.89105224609375,286.14478515625,269.258224029541,-0.2144099669346285,-0.2940235702678299,-0.3898880408040017,True,2020-01-06,102.66204752493887,1.747742735894886,False,,3.9120950819072187,-0.15322777532762455,3.9120950819072187,-0.15322777532762455,1.6854701768346025,2.240947083442646,1.9407710209094153,0.7239105235059551,True,3.0,True,10.0,False,,MACD_PASS
COVID_2020,CB,yfinance,MACD_FAIL,2020-01-13,2020-01-14,135.80895953381156,GREEN,298.9327697753906,286.6059765625,269.4917700958252,-0.5410315585581185,-0.4285931593356884,-0.2322267197661646,False,2020-01-09,135.0413450221371,0.5684292551652481,False,,11.544114727401977,-0.857781341766628,11.544114727401977,-0.857781341766628,2.2942067687289125,0.33916576206516336,9.94152416454057,8.983935403480924,True,3.0,True,14.0,True,15.0,MACD_FAIL
COVID_2020,PEP,yfinance,MACD_PASS,2020-01-13,2020-01-14,111.23921094084376,GREEN,298.9327697753906,286.6059765625,269.4917700958252,-0.1677154230622495,-0.28906240218226964,-0.29378556433913794,True,2020-01-07,109.41759689168386,1.6648273229425525,False,,7.754449610105629,-0.3524715474774953,7.754449610105629,-0.3524715474774953,5.287125224271194,4.07548044067374,5.962692189347707,7.269794242183059,True,1.0,True,3.0,True,5.0,MACD_PASS
COVID_2020,ED,yfinance,MACD_PASS,2020-01-14,2020-01-15,69.69951376401647,GREEN,298.47698974609375,287.0727471923828,269.71508476257327,-0.17745749128859736,-0.20884549069077255,-0.243492099750371,True,2020-01-08,68.61515763272519,1.580344881076412,False,,7.9945674061362215,-0.12491552736912936,7.9945674061362215,-0.12491552736912936,5.348618677873884,7.585765411475376,6.143537078782368,6.336571958500636,True,2.0,True,3.0,True,5.0,MACD_PASS
COVID_2020,PPG,yfinance,MACD_PASS,2020-01-14,2020-01-15,113.26780907170654,GREEN,298.47698974609375,287.0727471923828,269.71508476257327,-0.4233677798761934,-0.5561415368458252,-0.661238484765931,True,2020-01-06,111.30301787358997,1.7652631848204203,True,1.0,1.6729612648407333,-7.987040343172113,1.6729612648407333,-3.3382196024892785,-2.659793433515456,-5.088267188465467,-4.124602202144533,-7.13130323888167,False,,False,,False,,MACD_PASS
COVID_2020,TGT,yfinance,MACD_PASS,2020-01-14,2020-01-15,97.54789584301687,GREEN,298.47698974609375,287.0727471923828,269.71508476257327,-0.5834025192346454,-0.7220616799301116,-0.7791314483900096,True,2020-01-06,101.84036841747816,-4.2149028338791865,True,0.0,1.6256734163226705,-6.060093940456579,1.6256734163226705,-1.642693284762542,-1.6682166197736104,-2.4001772016247536,-2.000163054801185,0.6723725604172115,False,,False,,False,,MACD_PASS
COVID_2020,AFL,yfinance,MACD_FAIL,2020-01-15,2020-01-16,45.04183988290779,GREEN,299.15155029296875,287.50203186035156,269.9267227935791,-0.036622915763850294,-0.042767097706973095,-0.03805721473203419,False,2020-01-08,44.613289262034726,0.9605896089749821,True,6.0,1.731701237461647,-1.960020424686637,1.731701237461647,-1.7126250599868165,-0.30445252893662733,-1.8648743816617297,0.7231530911503636,0.4947887584816568,False,,False,,False,,MACD_FAIL
COVID_2020,GPC,yfinance,MACD_PASS,2020-01-15,2020-01-16,82.43779447586562,GREEN,299.15155029296875,287.50203186035156,269.9267227935791,-0.567233342701246,-0.601552909473817,-0.6602077709082383,True,2020-01-07,80.84356387837947,1.971994455717585,True,6.0,3.0460779390603765,-6.342676499235955,3.0460779390603765,-4.128250319466698,-1.733471813540699,-6.242477619188569,-4.428828363049419,-3.3366685305942556,True,1.0,True,1.0,False,,MACD_PASS
COVID_2020,NUE,yfinance,MACD_PASS,2020-01-15,2020-01-16,47.60025820957748,GREEN,299.15155029296875,287.50203186035156,269.9267227935791,-0.2186824453756923,-0.2539118253777146,-0.33600811039787176,True,2019-12-31,46.57394465716236,2.203621703014358,True,2.0,0.3717732677832597,-13.011124661952145,0.3717732677832597,-3.215584611868394,-6.449793345583266,-11.728608501820826,-10.929345605561934,-12.360562568653178,False,,False,,False,,MACD_PASS
COVID_2020,VFC,yfinance,MACD_FAIL,2020-01-15,2020-01-16,78.53525882319671,GREEN,299.15155029296875,287.50203186035156,269.9267227935791,-0.6297831897054229,-0.6196451307618056,-0.6448927463967467,False,2020-01-10,77.32137582184257,1.569919040435952,True,1.0,0.23858477582836546,-14.688821445566557,0.23858477582836546,-3.0601852897462534,-12.313292606555926,-13.931533001087082,-13.941888775922717,-13.215750781889767,False,,False,,False,,MACD_FAIL
COVID_2020,CAT,yfinance,MACD_FAIL,2020-01-16,2020-01-17,130.06099875563322,GREEN,301.6400146484375,287.9587738037109,270.1501737213135,-0.2994901066181508,-0.4042078242495173,-0.3453045971256836,False,2020-01-15,127.39155705434241,2.095462025126271,True,2.0,0.7200580872563256,-12.166290539681391,0.7200580872563256,-3.18587619616153,-7.798389902996517,-11.847017920262282,-8.756186568858283,-7.220974822015879,False,,False,,False,,MACD_FAIL
COVID_2020,WMT,yfinance,MACD_FAIL,2020-01-16,2020-01-17,35.40818764781676,GREEN,301.6400146484375,287.9587738037109,270.1501737213135,-0.0931142333932064,-0.10983477678336298,-0.10569669248894265,False,2020-01-02,34.941362932563166,1.3360232002242345,True,4.0,3.3605920623220875,-2.9039264881005056,0.41361399569173063,-1.6372399322623576,-0.16373487179134338,-1.5338425849674153,-0.6893626354706139,3.0848491885711926,False,,False,,False,,MACD_FAIL
COVID_2020,T,yfinance,MACD_FAIL,2020-01-17,2020-01-21,18.621262405164064,GREEN,302.5787658691406,288.4404571533203,270.3762964630127,-0.03361424064560184,-0.04389870556610005,-0.04068462286883602,False,2020-01-15,18.339637228113705,1.5356093119368808,True,6.0,2.0599924360072963,-5.293348878604387,2.0599924360072963,-3.4419819879572877,0.5997761893287157,-1.8774476930281891,-0.4693421331318559,0.23469016110926333,True,1.0,False,,False,,MACD_FAIL
COVID_2020,SYY,yfinance,MACD_PASS,2020-01-21,2020-01-22,70.1016610048862,GREEN,301.9862976074219,288.9090209960938,270.59604270935057,-0.28072609719283975,-0.3249215096857259,-0.3392975190693196,True,2020-01-15,68.95313934117294,1.6656553634643023,True,5.0,0.597943056179151,-11.038063045798951,0.597943056179151,-2.3439331027485966,-2.0688763786477216,-9.471455690321651,-7.366652475948021,-8.263580284063831,False,,False,,False,,MACD_PASS
COVID_2020,GWW,yfinance,MACD_FAIL,2020-01-27,2020-01-28,299.92049873267393,GREEN,294.87646484375,290.49323486328126,271.410997543335,-2.3532766939500944,-1.8814843935683054,-1.6545877667806819,False,2020-01-24,295.78144890661764,1.3993608596335694,True,2.0,1.6849994277516878,-12.25909867689009,1.6849994277516878,-5.452379511651295,-5.0796328924881955,-6.886548907344481,-4.946113622598891,-11.844395553873788,False,,False,,False,,MACD_FAIL
COVID_2020,ABBV,yfinance,MACD_PASS,2020-02-04,2020-02-05,65.6660175412691,GREEN,299.94451904296875,292.3174621582031,272.51810722351075,-0.36148698655596323,-0.5435677264142392,-0.619464871482003,True,2020-01-24,62.07623345737582,5.782863881968892,False,,15.048209485785002,-4.091214133330812,15.048209485785002,-4.091214133330812,14.965914988504725,10.780624016532258,0.4232351498103526,6.5248088578667485,True,0.0,True,1.0,True,2.0,MACD_PASS
COVID_2020,LOW,yfinance,MACD_FAIL,2020-02-04,2020-02-05,106.8375206224803,GREEN,299.94451904296875,292.3174621582031,272.51810722351075,-0.40226622889281377,-0.49983411592609245,-0.42501593179194774,False,2020-02-03,103.46894059042154,3.2556436867302807,True,14.0,5.152664242742877,-14.595088564540282,5.152664242742877,-7.102575778875231,3.7421141736887042,5.019903168697848,-10.703612693592223,-10.786592496882863,True,4.0,True,5.0,True,10.0,MACD_FAIL
COVID_2020,ROST,yfinance,MACD_PASS,2020-02-04,2020-02-05,109.92646427740063,GREEN,299.94451904296875,292.3174621582031,272.51810722351075,-0.41882001742797303,-0.6532990317067979,-0.7321592817153697,True,2020-01-28,104.67757048036202,5.0143443079081695,True,16.0,6.056212535254768,-13.983080094183087,6.056212535254768,-8.806697233970418,2.5540136314968542,5.757240880871528,-4.381997427231877,-13.137427405081404,True,1.0,True,5.0,True,8.0,MACD_PASS
COVID_2020,DOV,yfinance,MACD_PASS,2020-02-05,2020-02-06,109.4896402725061,GREEN,303.4083251953125,292.75696166992185,272.7310814666748,-0.2126615357792554,-0.4583567477866871,-0.5657823472436021,True,2020-02-04,105.67653983370575,3.6082752565524068,True,11.0,0.6781344632660335,-16.398603024582414,0.6781344632660335,-4.395121653568479,0.0920970394907128,-0.008362675860695834,-13.59819229752457,-14.649378454079386,False,,False,,False,,MACD_PASS
COVID_2020,EMR,yfinance,MACD_PASS,2020-02-05,2020-02-06,66.27102253678258,GREEN,303.4083251953125,292.75696166992185,272.7310814666748,-0.2542114941082044,-0.48112174711024336,-0.5556326040286782,True,2020-01-28,61.575065397453876,7.6263940752921755,True,11.0,0.0,-19.576302948582658,0.0,-9.355830143221999,-3.9171675740115375,-5.296556248361128,-15.779737487206813,-18.367716660575606,False,,False,,False,,MACD_PASS
COVID_2020,PNR,yfinance,MACD_PASS,2020-02-05,2020-02-06,40.929178472310475,GREEN,303.4083251953125,292.75696166992185,272.7310814666748,-0.21805750017592423,-0.31030743172708486,-0.3610586242187134,True,2020-01-29,39.092017613948286,4.699580555050908,True,12.0,0.04466444597257535,-16.9718611212747,0.04466444597257535,-5.381867883156655,-0.3126340105054748,-0.49128435218522837,-12.03662792491269,-14.515410735958334,False,,False,,False,,MACD_PASS
COVID_2020,EXPD,yfinance,MACD_PASS,2020-02-07,2020-02-10,67.81971062298202,GREEN,302.8067321777344,293.5755871582031,273.13859580993653,-0.11347820072178216,-0.14638576654368574,-0.2423196936437625,True,2020-01-22,67.11471017013145,1.0504410300863132,True,10.0,4.951449274461384,-9.72507062467477,4.951449274461384,-1.8328592327812476,1.805491086433575,-1.053215418921516,-3.9529489378098193,-4.322282055799542,True,4.0,True,5.0,False,,MACD_PASS
COVID_2020,MMM,yfinance,MACD_PASS,2020-02-07,2020-02-10,106.38411346725398,GREEN,302.8067321777344,293.5755871582031,273.13859580993653,-0.9719289716213058,-1.1420760555361322,-1.4833316225608555,True,2020-01-28,103.84090556095049,2.449138798015138,True,9.0,3.0148185263418004,-9.587441169527555,3.0148185263418004,-4.126778437134837,0.06790371633351722,-7.5090155858285605,-8.523023171922773,-3.4465595287421547,True,2.0,True,2.0,False,,MACD_PASS
COVID_2020,BDX,yfinance,MACD_FAIL,2020-02-11,2020-02-12,176.88362073763295,GREEN,305.5959777832031,294.3678857421875,273.5616750335693,-2.610567704013356,-2.7367413039185977,-2.411747205792892,False,2020-02-10,169.84294152692416,4.145405836363625,True,8.0,1.9589852366011629,-13.82186920934786,1.9589852366011629,-5.3006793480463665,-1.285272775586599,-5.4798528704216976,-4.915121878478567,-13.810146119146072,False,,False,,False,,MACD_FAIL
COVID_2020,MKC,yfinance,MACD_PASS,2020-02-11,2020-02-12,71.24977463712627,GREEN,305.5959777832031,294.3678857421875,273.5616750335693,-0.20973381571582334,-0.26554426903394024,-0.3428052532586272,True,2020-02-03,70.04486118197224,1.7202025028270729,True,8.0,3.467951256154822,-19.680184880385443,3.467951256154822,-3.1554576404679624,0.37987050879371154,-7.93454680865755,-5.924888331107281,-19.62504345523668,True,1.0,True,2.0,False,,MACD_PASS
COVID_2020,NUE,yfinance,MACD_FAIL,2020-02-20,2020-02-21,42.035107202018,GREEN,307.13641357421875,297.2741369628906,274.8899291229248,0.11481462276094367,0.07776387784416716,0.04418430251399208,False,2020-02-10,41.40692927451825,1.5170840690336584,True,2.0,2.399501672533244,-42.05429658383929,2.399501672533244,-5.451492230910626,-12.965655505144092,-16.628045941535895,-24.56323580791614,-35.52935759230959,True,0.0,False,,False,,MACD_FAIL
COVID_2020,ABT,yfinance,MACD_FAIL,2020-03-02,2020-03-03,72.34511311086489,GREEN,281.7414855957031,296.8803271484375,275.85561630249026,-0.9604652265401397,-1.1786833859368995,-1.0057346810363386,False,2020-02-25,65.6408823141395,10.21349890551555,True,9.0,3.4567344218957574,-24.4790437625517,2.3535157218082414,-14.194656149707585,-0.8580581446153257,-2.5619272279852168,-14.574653518212155,-3.2728323501569734,True,0.0,False,,False,,MACD_FAIL
COVID_2020,CAH,yfinance,MACD_FAIL,2020-03-02,2020-03-03,45.80284464540796,GREEN,281.7414855957031,296.8803271484375,275.85561630249026,-0.7501324906204521,-0.7933408591029073,-0.6456144557010834,False,2020-02-27,41.99302407195751,9.07250825023247,True,4.0,3.9088666552661744,-27.658383472974702,3.9088666552661744,-12.726914114363586,-7.910315492548059,-11.52277601325432,-19.3404958412431,-10.298592425262608,True,1.0,True,1.0,False,,MACD_FAIL
COVID_2020,CAT,yfinance,MACD_FAIL,2020-03-02,2020-03-03,112.20533842941077,GREEN,281.7414855957031,296.8803271484375,275.85561630249026,-0.8217221043597589,-1.0030724692827349,-0.8756851529145016,False,2020-02-26,105.16379226463279,6.695789504298899,True,4.0,2.0157461091289353,-31.102361780296906,2.0157461091289353,-18.08662066378296,-16.149599866560738,-21.10237122533367,-20.2047293104874,-8.629917773610208,True,0.0,False,,False,,MACD_FAIL
COVID_2020,CL,yfinance,MACD_FAIL,2020-03-02,2020-03-03,62.24508351346909,GREEN,281.7414855957031,296.8803271484375,275.85561630249026,-0.7505544635468664,-0.901363637549936,-0.6535013783754753,False,2020-02-28,56.90000227415144,9.393815510875324,True,7.0,4.024823029651925,-19.379707311200832,4.024823029651925,-12.887643507040636,-1.0199631418725708,-3.2391156371466945,-15.671917139530523,-8.532017079135535,True,0.0,True,1.0,False,,MACD_FAIL
COVID_2020,CTAS,yfinance,MACD_FAIL,2020-03-02,2020-03-03,65.05550109554619,GREEN,281.7414855957031,296.8803271484375,275.85561630249026,-0.8004201716476904,-0.9315909955971731,-0.7655546900931537,False,2020-02-26,59.80441238100272,8.780436936809565,True,4.0,3.3310464495579284,-44.3635529608433,3.3310464495579284,-10.371696469694458,-3.2337235419902854,-24.611572692674734,-37.34454766310936,-37.55361996094025,True,0.0,True,0.0,False,,MACD_FAIL
COVID_2020,ECL,yfinance,MACD_FAIL,2020-03-02,2020-03-03,179.30285571312785,GREEN,281.7414855957031,296.8803271484375,275.85561630249026,-2.685732753646986,-3.0927897730661487,-2.479945149597258,False,2020-02-26,162.33346264481145,10.453416561097907,True,7.0,6.415205795624623,-35.0020290059057,6.415205795624623,-14.1519321470284,-0.702360763024068,-11.579797834665529,-20.202731541071593,-18.71079805509127,True,0.0,True,1.0,True,1.0,MACD_FAIL
COVID_2020,GWW,yfinance,MACD_FAIL,2020-03-02,2020-03-03,267.6081365159694,GREEN,281.7414855957031,296.8803271484375,275.85561630249026,-1.4260914201951351,-2.1028688627167087,-1.8290847341272807,False,2020-02-26,249.62907955966963,7.202308716602146,True,4.0,2.823342711319987,-30.418633055720555,2.823342711319987,-12.722391104084485,-3.0141055670396155,-14.526027211252934,-17.210625742185037,-13.808036344998232,True,1.0,False,,False,,MACD_FAIL
COVID_2020,JNJ,yfinance,MACD_FAIL,2020-03-02,2020-03-03,117.69563582190735,GREEN,281.7414855957031,296.8803271484375,275.85561630249026,-1.276525374800447,-1.4209258513677077,-1.0573134532626307,False,2020-02-19,109.97815605521055,7.0172841985298495,True,7.0,2.5999790130451172,-22.02859059301079,2.5999790130451172,-11.071431365035133,1.171415565902012,-2.435729976251688,-14.871423545951856,-6.3357073351060444,True,1.0,False,,False,,MACD_FAIL
COVID_2020,KMB,yfinance,MACD_FAIL,2020-03-02,2020-03-03,111.61853105876592,GREEN,281.7414855957031,296.8803271484375,275.85561630249026,-0.7894602566399375,-1.2076727630054322,-0.9769938951846397,False,2020-02-20,99.95714633023232,11.66638420229349,True,7.0,5.252027930084013,-21.315457547157802,5.252027930084013,-13.40860937436692,0.2719666625209838,2.440651623623502,-16.53722147703558,-9.07830679065964,True,1.0,True,1.0,True,1.0,MACD_FAIL
COVID_2020,KO,yfinance,MACD_FAIL,2020-03-02,2020-03-03,46.59425375625285,GREEN,281.7414855957031,296.8803271484375,275.85561630249026,-0.5619455670041574,-0.614095464116998,-0.44855198019334475,False,2020-02-26,42.342001672416394,10.042633592843519,True,7.0,3.946437698776517,-35.5389537760044,3.946437698776517,-17.741352335944484,-5.461601348568113,-16.149073237842714,-29.88728749875382,-21.35644149787822,True,1.0,True,1.0,False,,MACD_FAIL
COVID_2020,MCD,yfinance,MACD_FAIL,2020-03-02,2020-03-03,174.75018820142458,GREEN,281.7414855957031,296.8803271484375,275.85561630249026,-1.905024215135222,-2.0787885459819786,-1.4594812490128954,False,2020-02-27,163.3395491041355,6.985839718471576,True,4.0,2.5544360359391893,-38.49999619498239,2.5544360359391893,-8.861376195452586,-1.0594026911192045,-26.920791329677705,-19.826732530023396,-18.143569847151554,True,1.0,False,,False,,MACD_FAIL
COVID_2020,PEP,yfinance,MACD_FAIL,2020-03-02,2020-03-03,112.06422784089203,GREEN,281.7414855957031,296.8803271484375,275.85561630249026,-1.1712868366842666,-1.2821323090045467,-0.8995843056166029,False,2020-02-26,104.84324838330643,6.8874053111991795,True,7.0,4.02361960451858,-25.57415151815883,4.02361960451858,-16.64335554254056,-1.5629897234509582,-6.274211603177515,-16.459892819032618,-11.866069043796346,True,1.0,True,1.0,False,,MACD_FAIL
COVID_2020,PG,yfinance,MACD_FAIL,2020-03-02,2020-03-03,101.4585286360292,GREEN,281.7414855957031,296.8803271484375,275.85561630249026,-0.9293381757713424,-1.1862300569569608,-0.944232475922735,False,2020-02-26,90.39155116858085,12.243375984120863,True,7.0,4.142644157452846,-21.20604979347499,4.142644157452846,-15.643541430738706,0.6848788167516995,-1.2444550511826913,-13.747594283706544,-8.12661312087737,True,1.0,True,1.0,False,,MACD_FAIL
COVID_2020,SHW,yfinance,MACD_FAIL,2020-03-02,2020-03-03,170.43932760349793,GREEN,281.7414855957031,296.8803271484375,275.85561630249026,-1.81488700745034,-2.096978117422551,-1.6598332525619484,False,2020-02-26,156.92763520237085,8.610142110217023,True,7.0,6.3531374059190515,-39.79317936078187,6.3531374059190515,-12.859858343688735,1.0175391576818127,-22.22674470572964,-16.00310557521143,-14.985550537163883,True,0.0,True,1.0,True,1.0,MACD_FAIL
COVID_2020,SPGI,yfinance,MACD_FAIL,2020-03-02,2020-03-03,260.2519744232535,GREEN,281.7414855957031,296.8803271484375,275.85561630249026,-2.9070684987320456,-4.099247679712566,-3.5310909028363597,False,2020-02-25,230.77234718034455,12.774332628281115,True,4.0,2.6946899522804824,-35.803748706558004,2.6946899522804824,-16.520028447788583,-10.578633846135354,-21.450495737748376,-24.555772071063263,-15.450433611045078,True,0.0,False,,False,,MACD_FAIL
COVID_2020,SWK,yfinance,MACD_PASS,2020-03-02,2020-03-03,115.79582443322084,GREEN,281.7414855957031,296.8803271484375,275.85561630249026,-1.9853068765011086,-2.2670216081497276,-2.5400516641217448,True,2020-02-24,106.76691773830368,8.456652009986755,True,2.0,2.2198652933144825,-50.51255289070672,2.2198652933144825,-10.477159793904821,-7.677590955282221,-35.72991623098047,-36.182385948782105,-29.30361942948585,True,0.0,False,,False,,MACD_PASS
COVID_2020,T,yfinance,MACD_FAIL,2020-03-02,2020-03-03,18.0920052874345,GREEN,281.7414855957031,296.8803271484375,275.85561630249026,-0.11002868866659457,-0.15031341002154675,-0.1042427043679293,False,2020-02-27,16.02836816759172,12.874904658200425,True,7.0,2.5764839108932014,-30.005375505141018,2.5764839108932014,-16.63985355545441,-3.7842417114796634,-9.447121459417485,-24.610839119816973,-21.765973379310346,True,1.0,False,,False,,MACD_FAIL
COVID_2020,TROW,yfinance,MACD_FAIL,2020-03-02,2020-03-03,94.37272364624415,GREEN,281.7414855957031,296.8803271484375,275.85561630249026,-1.6434226037751591,-1.9356611509799648,-1.6687406366870299,False,2020-02-26,86.22014707636517,9.455535447716468,True,4.0,3.616202510929023,-33.037955644609106,3.616202510929023,-16.827385317822507,-9.36192446339571,-12.261948495019581,-27.365134795407997,-20.750898529951023,True,1.0,True,1.0,False,,MACD_FAIL
COVID_2020,WMT,yfinance,MACD_FAIL,2020-03-02,2020-03-03,35.41733430411764,GREEN,281.7414855957031,296.8803271484375,275.85561630249026,-0.15745212500464648,-0.2658094013580613,-0.16012582624530275,False,2020-02-26,31.844482492288538,11.219688725336653,True,7.0,10.337739503097843,-12.129553279879534,3.962801143426553,-11.285321615091693,3.1960921968906097,2.739511161179209,-0.46606662298316337,-1.686139987194435,True,4.0,True,4.0,False,,MACD_FAIL
COVID_2020,ADM,yfinance,MACD_PASS,2020-03-03,2020-03-04,32.42032619883642,YELLOW,273.6745300292969,296.55607360839844,275.93146774291995,-0.596167742675449,-0.6339438628509502,-0.6980635145058014,True,2020-02-21,29.92002695974571,8.356607574099462,True,3.0,1.5991718456650483,-25.4062224114437,1.5991718456650483,-9.775579052659722,-9.54345983583339,-14.831063000144706,-15.656409514882231,-12.638634283837046,False,,False,,False,,MACD_PASS
COVID_2020,ADP,yfinance,MACD_FAIL,2020-03-03,2020-03-04,137.22808363031118,YELLOW,273.6745300292969,296.55607360839844,275.93146774291995,-2.3565340955494913,-2.236464057792563,-2.5322818372441636,False,2020-02-26,130.39352743438974,5.2414842441933285,True,5.0,3.9136453856224884,-34.510892616307686,3.9136453856224884,-8.035619793110204,-6.571163558593007,-25.307740444135074,-22.138392436343402,-17.609855733869082,True,0.0,True,0.0,False,,MACD_FAIL
COVID_2020,ALB,yfinance,MACD_FAIL,2020-03-03,2020-03-04,78.44230569043783,YELLOW,273.6745300292969,296.55607360839844,275.93146774291995,-1.1227896937003017,-1.1055575901820847,-1.1603891393114942,False,2020-02-27,70.70504590773254,10.943009347313248,True,3.0,2.022111922258163,-42.20538193304949,2.022111922258163,-18.18717215957346,-17.6228376212766,-18.85817672097687,-29.048191213487662,-35.17166050808698,True,1.0,False,,False,,MACD_FAIL
COVID_2020,AMCR,yfinance,MACD_PASS,2020-03-03,2020-03-04,37.17790572320751,YELLOW,273.6745300292969,296.55607360839844,275.93146774291995,-0.26310953061511355,-0.3428341971687804,-0.46376151191301895,True,2020-02-14,34.546554604298294,7.61682647965658,True,3.0,0.8238960497728876,-40.26776754066389,0.8238960497728876,-11.328528694077333,-17.71370441456194,-34.19155974779551,-20.597338845501657,-19.052514897660366,False,,False,,False,,MACD_PASS
COVID_2020,APD,yfinance,MACD_PASS,2020-03-03,2020-03-04,197.5878581502074,YELLOW,273.6745300292969,296.55607360839844,275.93146774291995,-3.0835263917663873,-3.287357357139787,-3.6360060869680826,True,2020-02-26,182.55234529618122,8.236274822781331,True,3.0,2.6013327802665076,-27.65101842609331,2.6013327802665076,-11.5288223321101,-10.206524373503267,-12.89860736674714,-17.401277014019524,-17.675187564153816,True,0.0,False,,False,,MACD_PASS
COVID_2020,ATO,yfinance,MACD_PASS,2020-03-03,2020-03-04,92.44536872862443,YELLOW,273.6745300292969,296.55607360839844,275.93146774291995,-1.4045279120025416,-1.4559000154385342,-1.5345460145369585,True,2020-02-26,87.12681595022964,6.1043809766134105,True,6.0,4.8267546476115974,-27.811738433940548,4.8267546476115974,-16.147843661884252,-4.715576460398408,-1.9455259738805686,-16.342415391233487,-12.321650966616126,True,0.0,True,0.0,False,,MACD_PASS
COVID_2020,BF-B,yfinance,MACD_PASS,2020-03-03,2020-03-04,55.14758759620556,YELLOW,273.6745300292969,296.55607360839844,275.93146774291995,-0.7453464666036478,-0.8396752061236135,-0.96028350447222,True,2020-02-26,52.251594191102576,5.542402006934588,True,3.0,3.5222616232532644,-28.264297290235476,3.5222616232532644,-15.050671274773919,-10.523049917701243,-12.353347716360641,-16.367221176306003,-14.151549468603452,True,0.0,True,0.0,False,,MACD_PASS
COVID_2020,CB,yfinance,MACD_FAIL,2020-03-03,2020-03-04,133.56926614534035,YELLOW,273.6745300292969,296.55607360839844,275.93146774291995,-1.9174433299760565,-1.740280839756375,-1.842363724201864,False,2020-02-27,128.45771328709372,3.979171610211263,True,3.0,2.954706258497297,-40.939821090644735,2.954706258497297,-10.7775337877566,-11.230550171072984,-32.515209894373484,-30.648576904770263,-29.03400034370852,True,0.0,False,,False,,MACD_FAIL
COVID_2020,ED,yfinance,MACD_PASS,2020-03-03,2020-03-04,67.6761849080935,YELLOW,273.6745300292969,296.55607360839844,275.93146774291995,-0.9681847460934712,-1.0816808800355355,-1.223206735853393,True,2020-02-25,62.082378117568716,9.01029722142972,True,12.0,11.578790045203746,-26.860064988185506,11.578790045203746,-16.200942235213954,1.9926501335856717,8.71356964203529,-16.366012235063764,-8.489604939689531,True,0.0,True,0.0,True,3.0,MACD_PASS
COVID_2020,ESS,yfinance,MACD_FAIL,2020-03-03,2020-03-04,233.9937049434766,YELLOW,273.6745300292969,296.55607360839844,275.93146774291995,-3.413202414234117,-3.3374690393287687,-3.0834054647887426,False,2020-02-28,220.46617051785168,6.135877624149844,True,5.0,2.6924552114448552,-40.45789338029924,2.6924552114448552,-7.024083252330571,-6.004674012455813,-30.148672944272082,-32.00460895697338,-31.534651694481262,True,0.0,False,,False,,MACD_FAIL
COVID_2020,HRL,yfinance,MACD_PASS,2020-03-03,2020-03-04,35.86483917127575,YELLOW,273.6745300292969,296.55607360839844,275.93146774291995,-0.44896518862365564,-0.5111094572596622,-0.580685625865468,True,2020-02-24,32.83791902890537,9.217758712742885,True,6.0,17.54101342394263,-11.017382203058057,2.760034398405975,-11.017382203058057,-3.5812196003493946,10.104888534544877,-4.333940976017036,5.725343291335916,True,0.0,False,,False,,MACD_PASS
COVID_2020,ITW,yfinance,MACD_FAIL,2020-03-03,2020-03-04,147.22695349544014,YELLOW,273.6745300292969,296.55607360839844,275.93146774291995,-1.9172623992676572,-1.8577721759361066,-1.9987910874827945,False,2020-02-26,139.27636645413065,5.708496885527192,True,3.0,3.4370230517399625,-32.459514122581915,3.4370230517399625,-12.61798295096278,-7.707082546275668,-17.41816111907256,-16.387065174057337,-19.432190908964454,True,0.0,True,0.0,False,,MACD_FAIL
COVID_2020,LIN,yfinance,MACD_PASS,2020-03-03,2020-03-04,180.880168492414,YELLOW,273.6745300292969,296.55607360839844,275.93146774291995,-2.6275445270150444,-2.752462757607653,-2.9720455423755636,True,2020-02-26,169.52958929175426,6.6953381106384935,True,3.0,3.7046402871113493,-25.70533768138531,3.7046402871113493,-12.736268097563775,-11.926052943891907,-20.23616326611044,-16.29127900094385,-18.53463440468999,True,0.0,True,0.0,False,,MACD_PASS
COVID_2020,MDT,yfinance,MACD_PASS,2020-03-03,2020-03-04,84.7954644623071,YELLOW,273.6745300292969,296.55607360839844,275.93146774291995,-1.3706915899867118,-1.413350775082791,-1.5254639498836875,True,2020-02-20,79.84249541477722,6.2034246572573615,True,3.0,1.3944419918291429,-29.66358339526166,1.3944419918291429,-10.570427649400171,-9.85860577745228,-27.313506755143145,-15.338855462143597,-17.468137227674298,False,,False,,False,,MACD_PASS
COVID_2020,O,yfinance,MACD_FAIL,2020-03-03,2020-03-04,53.40971949096061,YELLOW,273.6745300292969,296.55607360839844,275.93146774291995,-0.6314787525058233,-0.6402748341265982,-0.6357305098158229,False,2020-02-28,48.71899448856228,9.628123592533445,True,6.0,2.984479633465531,-50.03943715360919,2.984479633465531,-13.147518078403653,-3.286867177045494,-44.1230337643608,-28.346017246722234,-38.634354802836725,True,0.0,False,,False,,MACD_FAIL
COVID_2020,PPG,yfinance,MACD_PASS,2020-03-03,2020-03-04,92.85472656016664,YELLOW,273.6745300292969,296.55607360839844,275.93146774291995,-1.1743278176403193,-1.266219706858502,-1.3436884527358655,True,2020-02-18,87.89982269595552,5.636989600479714,True,3.0,1.9644898800633026,-34.10464262424454,1.9644898800633026,-9.831881923424268,-8.415181789989179,-31.12956785770493,-19.049876716512614,-24.546631126260678,False,,False,,False,,MACD_PASS
COVID_2020,ROP,yfinance,MACD_PASS,2020-03-03,2020-03-04,345.0134924675058,YELLOW,273.6745300292969,296.55607360839844,275.93146774291995,-4.279876908404253,-4.281916161566727,-4.760095543792595,True,2020-02-26,327.7667260156424,5.261902775036509,True,3.0,2.3170345425375993,-33.16251632242473,2.3170345425375993,-16.450353504849204,-10.022837834780518,-19.998325552175967,-20.58037472915084,-18.21879575001899,True,0.0,False,,False,,MACD_PASS
COVID_2020,SYY,yfinance,MACD_PASS,2020-03-03,2020-03-04,57.98771044846604,YELLOW,273.6745300292969,296.55607360839844,275.93146774291995,-0.6095496886208664,-0.6262065949056694,-0.6753517979741788,True,2020-02-26,54.92778659936674,5.570812221904786,True,3.0,2.1685702467944434,-62.41145508006719,2.1685702467944434,-12.895778612458875,-20.268916148030204,-54.835917896332084,-34.003184254973526,-39.467975227094364,True,0.0,False,,False,,MACD_PASS
COVID_2020,TGT,yfinance,MACD_FAIL,2020-03-03,2020-03-04,89.34400962682128,YELLOW,273.6745300292969,296.55607360839844,275.93146774291995,-0.7834972626867138,-0.768415779942625,-0.9344187358602685,False,2020-02-26,84.11694785693064,6.214041168946149,True,6.0,2.4205432762732126,-15.401883988976694,2.4205432762732126,-13.635518692895666,-1.3271427859954388,-3.9065633984336046,-14.915898754782065,-10.962608307000476,True,4.0,False,,False,,MACD_FAIL
COVID_2020,UTX,yfinance,MACD_PASS,2020-03-03,2020-03-04,72.89577104979885,YELLOW,273.6745300292969,296.55607360839844,275.93146774291995,-1.2028103811612163,-1.2906837381705882,-1.3905772782299763,True,2020-02-25,68.23268277475303,6.834097803891748,True,3.0,4.016658541912266,-48.66112354591326,4.016658541912266,-16.312145886255568,-20.031237353196296,-40.940209464618995,-28.4513696753382,-32.03659770245161,True,0.0,True,0.0,False,,MACD_PASS
COVID_2020,GD,yfinance,MACD_FAIL,2020-03-04,2020-03-05,141.9794435815749,GREEN,285.1778869628906,296.4381219482422,276.07319213867186,-2.0763486872714707,-2.5925555453464035,-2.5423223376615107,False,2020-02-26,134.05526995276264,5.9111242934384745,True,2.0,1.9859036444466627,-38.93477993807875,1.9859036444466627,-10.974161495518208,-19.695138470282114,-28.318972774446248,-19.130331072702845,-22.312646863603746,False,,False,,False,,MACD_FAIL
COVID_2020,LEG,yfinance,MACD_PASS,2020-03-04,2020-03-05,30.11012365983304,GREEN,285.1778869628906,296.4381219482422,276.07319213867186,-0.22447311400636494,-0.33140085972557465,-0.3450210713317303,True,2020-01-31,29.356987460245684,2.5654410235628866,True,1.0,0.7401758888935905,-43.10888723195131,0.7401758888935905,-5.997931789542454,-23.22411675828384,-32.46922122392388,-21.72630628987271,-37.4791739469591,False,,False,,False,,MACD_PASS
COVID_2020,VFC,yfinance,MACD_FAIL,2020-03-04,2020-03-05,59.52874227162491,GREEN,285.1778869628906,296.4381219482422,276.07319213867186,-0.49877138217831307,-0.6663266920231266,-0.6081755769630295,False,2020-02-26,57.02765888637966,4.385737437036186,True,2.0,0.0,-37.894334351737825,0.0,-14.537536823474895,-23.72868481312187,-21.344778669082842,-14.661560840955145,-32.31351782020243,False,,False,,False,,MACD_FAIL
COVID_2020,ABBV,yfinance,MACD_FAIL,2020-03-19,2020-03-20,56.355745077117085,YELLOW,219.2295379638672,285.1708309936523,275.53876892089846,-1.5374946693077216,-1.5217610188140749,-1.3471259113103886,False,2020-03-18,49.940442386971185,12.845906811229145,True,1.0,18.633741444960506,-14.315064881968132,0.0,-14.315064881968132,-0.4520205039775127,0.5068296109937531,10.000017049346832,16.770742724945563,False,,False,,False,,MACD_FAIL
COVID_2020,LOW,yfinance,MACD_PASS,2020-03-24,2020-03-25,71.01521589557082,YELLOW,222.93922424316406,280.1059936523437,274.88145111083986,-1.8646588941076008,-2.9104560715991514,-3.349349556046505,True,2020-03-09,53.188287487629665,33.51664294904639,False,,24.603675636565647,-2.2344287877786417,24.603675636565647,-2.2344287877786417,0.3869812040546039,17.77554483122894,15.391332715564232,19.15100182325975,True,0.0,True,0.0,True,0.0,MACD_PASS
COVID_2020,DOV,yfinance,MACD_PASS,2020-03-25,2020-03-26,75.83551531844465,YELLOW,226.27662658691406,278.6528707885742,274.7146071624756,-0.9511521344299005,-2.015630866533172,-2.872740006684211,True,2020-03-09,57.9631640189209,30.833981550230227,False,,13.040322608728383,-6.714399910809298,13.040322608728383,-6.714399910809298,-2.1369469833708132,8.559998110223855,7.442956102358389,10.45412944082711,True,0.0,True,2.0,True,3.0,MACD_PASS
COVID_2020,PNR,yfinance,MACD_PASS,2020-03-25,2020-03-26,26.816932069134797,YELLOW,226.27662658691406,278.6528707885742,274.7146071624756,-0.5202408678546147,-0.9302382772263922,-1.271097040683694,True,2020-03-09,20.117271325071748,33.30302920214332,False,,16.257664678877504,-8.111815803766776,16.257664678877504,-8.111815803766776,-5.453327331897717,11.92910165575336,8.570162374370117,8.604458747585774,True,0.0,True,0.0,True,0.0,MACD_PASS
COVID_2020,CLX,yfinance,MACD_FAIL,2020-03-26,2020-03-27,138.35987743218115,YELLOW,239.48892211914062,277.47310943603514,274.6141396331787,-1.1227038264297002,-1.177927774469496,-0.5970159824113823,False,2020-03-25,130.77829239166795,5.797280956848039,False,,16.60313077022444,-1.138165137072622,16.60313077022444,-1.138165137072622,4.159590527065338,8.811981347144894,12.89528808893805,11.526627756942087,True,0.0,True,0.0,True,1.0,MACD_FAIL
COVID_2020,TGT,yfinance,MACD_PASS,2020-07-13,2020-07-14,99.67221488898622,GREEN,289.9405212402344,278.63780029296873,275.87898536682127,-0.2009871859477002,-0.24453315019826327,-0.30933711023912513,True,2020-07-09,98.26200593204702,1.4351518102677652,False,,13.348499117421863,-1.1116723248880689,13.348499117421863,-1.1116723248880689,1.2295969187090972,3.831922731631132,9.861888562311583,10.931457376883902,True,1.0,True,1.0,True,8.0,MACD_PASS
COVID_2020,CAH,yfinance,MACD_PASS,2020-07-14,2020-07-15,44.54479769165052,GREEN,293.69793701171875,279.3260723876953,276.00049140930173,-0.17261758764264906,-0.2819174977626465,-0.33323988063502763,True,2020-07-09,41.74181644660027,6.715043770642004,False,,14.527099599626503,-0.5826433132226416,14.527099599626503,-0.5826433132226416,9.069708128821908,12.060583100450728,11.866383341162567,4.525149445564058,True,1.0,True,2.0,True,4.0,MACD_PASS
COVID_2020,MMM,yfinance,MACD_FAIL,2020-08-05,2020-08-06,105.51599810337501,GREEN,305.8447570800781,289.9389978027344,278.5564655303955,-0.48058633009259855,-0.6932053567306946,-0.6892860089876038,False,2020-08-03,101.03629150675681,4.433759919146096,False,,10.287414343219602,-0.8016419762420512,10.287414343219602,-0.8016419762420512,6.368205438244878,4.514847341288153,6.184455289729285,7.6276311108767425,True,2.0,True,2.0,True,3.0,MACD_FAIL
COVID_2020,ECL,yfinance,MACD_PASS,2020-08-06,2020-08-07,181.87467155240216,GREEN,307.88922119140625,290.53077575683596,278.7353673553467,-1.359912136134907,-1.8570967763157613,-2.256494447646992,True,2020-07-30,171.59963593547548,5.987795697183351,False,,8.077272051007522,-0.9485019271778694,8.077272051007522,-0.9485019271778694,0.36594753336167685,0.4381159680289404,3.350500751230001,5.546360870078693,True,2.0,True,2.0,True,18.0,MACD_PASS
COVID_2020,AOS,yfinance,MACD_PASS,2020-08-07,2020-08-10,43.84044204954561,GREEN,308.1102294921875,291.1372430419922,278.9198188018799,-0.36818114480593245,-0.4210919790304879,-0.4509567278238765,True,2020-08-03,42.4098106033004,3.373350236404682,True,20.0,3.2225446158731907,-3.6915878779256617,3.2225446158731907,-3.6915878779256617,1.386922225374554,1.386922225374554,-0.12235657880342865,-3.6100110636340443,True,1.0,True,2.0,False,,MACD_PASS
COVID_2020,ABBV,yfinance,MACD_PASS,2020-08-12,2020-08-13,75.45297053577056,GREEN,310.7532653808594,292.82954833984377,279.4609828948975,-0.3147279982587815,-0.5224091362862793,-0.5776692681667086,True,2020-07-31,72.78823603350915,3.6609411732888564,True,17.0,2.3964635660240763,-6.411605232489615,2.3964635660240763,-5.98065824272731,0.06304742000662333,-0.8828995879367363,-3.4370333564555766,-5.7178948930961315,True,2.0,False,,False,,MACD_PASS
COVID_2020,CAH,yfinance,MACD_FAIL,2020-08-12,2020-08-13,46.214464126214544,GREEN,310.7532653808594,292.82954833984377,279.4609828948975,-0.4205492702577669,-0.44750001832086783,-0.39467978831029693,False,2020-08-10,45.288792108335485,2.0439317870627915,True,3.0,0.6739206182338364,-10.408063587396466,0.6739206182338364,-2.8079453471439697,-6.102575108452724,-5.147878577649689,-6.364650284425377,-9.434644294618376,False,,False,,False,,MACD_FAIL
COVID_2020,CLX,yfinance,MACD_PASS,2020-08-18,2020-08-19,187.56355999720603,GREEN,311.8583679199219,294.48142578125,280.17240364074706,-1.1741554209430403,-1.3608033510601234,-1.4630629602782523,True,2020-08-13,182.40450281700706,2.828360649284334,True,4.0,0.4154330232020609,-10.503755433204399,0.4154330232020609,-4.351054224517714,-3.6688854307386665,-2.160209026380744,-5.995269669097492,-9.54608421952866,False,,False,,False,,MACD_PASS
COVID_2020,BDX,yfinance,MACD_PASS,2020-08-19,2020-08-20,180.4851719863622,GREEN,310.5599060058594,294.810107421875,280.3367665863037,-1.2071342316324938,-1.43588713269338,-1.833163878635715,True,2020-08-10,176.79597373380463,2.0866981157117603,True,4.0,0.6570115810578425,-13.56313440131075,0.6570115810578425,-3.9266984974304586,-5.263795155973428,-9.686121704417483,-9.10271463266341,-10.598503169727202,False,,False,,False,,MACD_PASS
COVID_2020,TROW,yfinance,MACD_PASS,2020-08-26,2020-08-27,104.86967553044923,GREEN,320.0821228027344,298.0389093017578,281.24339378356933,-0.5370064704799602,-0.582975644230519,-0.5946474894988372,True,2020-08-21,103.5191131780885,1.304650234046445,True,6.0,4.2460661626139595,-9.885601848202485,4.2460661626139595,-3.5469962293365187,-0.5960804743540771,-7.469315383769204,-5.149359705095091,-7.187659120618495,True,0.0,True,4.0,False,,MACD_PASS
COVID_2020,KMB,yfinance,MACD_FAIL,2020-08-28,2020-08-31,125.08927659358115,GREEN,322.8540954589844,299.47924743652345,281.66170738220217,-0.5524715913811957,-0.5564480770715625,-0.526027118989437,False,2020-08-27,123.67382200088161,1.1445062259735517,True,1.0,0.9525671337463848,-7.074704717822544,0.9525671337463848,-1.59186200536805,-4.107214656436476,-5.71006158194689,-5.401053763645159,-5.8001583664872625,False,,False,,False,,MACD_FAIL
COVID_2020,ROP,yfinance,MACD_PASS,2020-09-02,2020-09-03,427.8470882648118,GREEN,329.4110107421875,301.8423138427734,282.32093360900876,-1.1355217196271177,-2.0657790922778814,-2.7129202600449167,True,2020-08-21,409.9132409021457,4.375034903287567,True,1.0,0.11261768269459349,-14.394801674506253,0.11261768269459349,-6.121900725373575,-9.995948908802399,-11.849634241304742,-10.32930855302352,-10.86985532463447,False,,False,,False,,MACD_PASS
COVID_2020,CL,yfinance,MACD_FAIL,2020-09-09,2020-09-10,66.95236087539294,GREEN,312.9173889160156,304.5131506347656,282.941169052124,-0.312979711412828,-0.3445425139252264,-0.20610640452077944,False,2020-09-08,65.61523143400943,2.037833917766929,True,7.0,2.2435050428737613,-3.579311292024545,0.8688862192219649,-3.579311292024545,-0.5187331830523556,-1.7507429409693298,-0.06486004070679341,2.1138222046191535,False,,False,,False,,MACD_FAIL
COVID_2020,DOV,yfinance,MACD_FAIL,2020-09-09,2020-09-10,103.66554132330283,GREEN,312.9173889160156,304.5131506347656,282.941169052124,-0.43606138016140283,-0.5584936157125928,-0.41350570334231707,False,2020-09-08,99.97515537532537,3.6913030383629364,True,7.0,4.348990713294754,-5.487829625835072,4.348990713294754,-5.0035898724620775,3.4612620539653305,-3.927558031840428,-3.927558031840428,1.264355276975948,True,2.0,True,4.0,False,,MACD_FAIL
COVID_2020,ITW,yfinance,MACD_FAIL,2020-09-09,2020-09-10,170.0713488225828,GREEN,312.9173889160156,304.5131506347656,282.941169052124,-1.0577275587456496,-1.1138824419673075,-0.7778228381779737,False,2020-09-08,164.818545114769,3.1870222517472735,False,,3.8964936105190473,-3.23049168194518,3.8964936105190473,-3.23049168194518,2.751055966411764,-1.6465662731733999,-1.8108703761490652,3.3737481502660316,True,3.0,True,5.0,False,,MACD_FAIL
COVID_2020,SPGI,yfinance,MACD_FAIL,2020-09-09,2020-09-10,316.96988952494684,GREEN,312.9173889160156,304.5131506347656,282.941169052124,-2.2253838244679303,-2.303454910590363,-1.2669360866463313,False,2020-09-08,302.0671142028,4.9335974097933555,False,,4.710165402185096,-2.699257290512058,4.710165402185096,-2.699257290512058,0.04265799957159366,-1.6241162846797885,3.455829390126053,1.5984706122214032,True,3.0,True,14.0,False,,MACD_FAIL
COVID_2020,AOS,yfinance,MACD_PASS,2020-09-10,2020-09-11,43.455956945786404,GREEN,307.4840393066406,304.9833703613281,283.06829246520994,-0.1474455950395301,-0.16878452888380013,-0.17383312811633672,True,2020-09-08,42.22203360521556,2.922463072499726,False,,18.580288395164214,0.0,18.580288395164214,0.0,9.547362271022596,7.325133880107804,10.14404134740916,17.674933277525717,True,1.0,True,1.0,True,3.0,MACD_PASS
COVID_2020,CTAS,yfinance,MACD_FAIL,2020-09-11,2020-09-14,76.06654621785881,GREEN,307.64056396484375,305.41693725585935,283.18526863098145,-0.6440371098476607,-0.6087391494286458,-0.4480003022814918,False,2020-09-10,73.83617709539155,3.020699622064371,False,,8.315332860583169,-5.145833045368309,8.315332860583169,-5.145833045368309,-2.389465416648995,3.5949715893089262,3.718309205140824,7.603118132266218,True,1.0,True,7.0,True,13.0,MACD_FAIL
COVID_2020,MKC,yfinance,MACD_FAIL,2020-09-11,2020-09-14,87.9790028088067,GREEN,307.64056396484375,305.41693725585935,283.18526863098145,-0.5868109657726999,-0.556408536630113,-0.4584949901185382,False,2020-09-10,86.5889174493383,1.6053848464865128,True,3.0,1.579997611774031,-8.390001540325265,1.579997611774031,-4.445012908335677,-4.799998534983796,-2.4099972703017225,-2.1459572183903264,0.7733815662839705,False,,False,,False,,MACD_FAIL
COVID_2020,PNR,yfinance,MACD_FAIL,2020-09-11,2020-09-14,41.31799978679255,GREEN,307.64056396484375,305.41693725585935,283.18526863098145,-0.39118917199616743,-0.38542488459288127,-0.3291281725436642,False,2020-09-08,39.90470916486294,3.5416637572540877,False,,12.944334327365393,-1.5202332039679245,12.944334327365393,-1.5202332039679245,-0.20122058344748117,2.503901856889379,3.2640438569653263,12.340711570162611,True,1.0,True,2.0,True,4.0,MACD_FAIL
COVID_2020,SWK,yfinance,MACD_FAIL,2020-09-11,2020-09-14,133.59621524603614,GREEN,307.64056396484375,305.41693725585935,283.18526863098145,-0.7627489815745863,-0.8382142127258696,-0.7687520737021307,False,2020-09-10,129.4959810265167,3.1663022952657105,True,5.0,11.069873570704436,-5.828862080122721,3.5517515924077037,-5.828862080122721,-4.4428155204499165,1.5221808566839856,4.764502695456163,10.123150612599495,True,2.0,True,2.0,False,,MACD_FAIL
COVID_2020,TGT,yfinance,MACD_FAIL,2020-09-11,2020-09-14,125.31161898522323,GREEN,307.64056396484375,305.41693725585935,283.18526863098145,-1.141764437088442,-1.2107464456748414,-1.1484445745546186,False,2020-09-10,122.57845304290502,2.229727879957455,False,,11.403551586747195,-1.4136757571724168,11.403551586747195,-1.4136757571724168,0.8818499082924536,5.324808250760027,8.710861611568621,10.784232835935704,True,6.0,True,6.0,True,10.0,MACD_FAIL
COVID_2020,EMR,yfinance,MACD_PASS,2020-09-15,2020-09-16,61.01860101720355,GREEN,313.2674255371094,306.3258801269531,283.4548264312744,-0.3703324636965921,-0.40977420540968135,-0.4321729904370848,True,2020-09-10,59.487164490053296,2.574398259319155,True,3.0,3.2932224328112047,-8.37080582067652,1.0010215396557332,-6.934547045627626,-7.311746651578243,-4.874491818300541,-0.0725330805268154,0.6528011598101013,False,,False,,False,,MACD_PASS
COVID_2020,JNJ,yfinance,MACD_PASS,2020-09-15,2020-09-16,127.3019028190582,GREEN,313.2674255371094,306.3258801269531,283.4548264312744,-0.4770380643967467,-0.5619335824496168,-0.6129607558793733,True,2020-09-08,124.85628550052732,1.9587458562673188,True,3.0,2.5102393830417125,-4.304140140376534,0.4484893042925764,-4.304140140376534,-3.313469072741926,-0.34137587917623113,-1.0107568434191916,-0.8634871579983217,False,,False,,False,,MACD_PASS
COVID_2020,PEP,yfinance,MACD_FAIL,2020-09-15,2020-09-16,113.75460036525259,GREEN,313.2674255371094,306.3258801269531,283.4548264312744,-0.3540582300109694,-0.33174040806976324,-0.3656652415509113,False,2020-09-10,111.75131674268022,1.7926264145818882,True,1.0,5.745539714135495,-5.077788466956578,0.23481606037947245,-3.368082498908398,-3.8743951300819757,1.702382892402432,0.5356525198331186,4.578826646467493,False,,False,,False,,MACD_FAIL
COVID_2020,BEN,yfinance,MACD_PASS,2020-09-16,2020-09-17,15.535842619840661,GREEN,312.02410888671875,306.7870745849609,283.5894571685791,-0.04768294886529856,-0.0950875235163076,-0.11006713755791536,True,2020-09-09,14.97484888827703,3.7462396832785405,True,3.0,15.778436461811097,-7.992297824584105,3.0332241862400355,-5.825720823464509,-7.221956755058912,-2.468981441951168,8.89905924860679,15.241769768289103,True,1.0,True,1.0,False,,MACD_PASS
COVID_2020,BDX,yfinance,MACD_PASS,2020-09-18,2020-09-21,161.0015610136242,GREEN,305.7192077636719,307.4732220458984,283.84716987609863,-0.3083528800562503,-0.6362849532786079,-0.7463565892104373,True,2020-09-04,156.00572553541502,3.202341107073714,True,1.0,4.045127641275892,-5.13849565929676,0.0,-3.7339476747573097,-2.761579974830275,2.91715551421845,3.0122613922473285,2.5887061560751157,False,,False,,False,,MACD_PASS
COVID_2020,CAH,yfinance,MACD_PASS,2020-09-18,2020-09-21,40.6863789799791,GREEN,305.7192077636719,307.4732220458984,283.84716987609863,-0.10442156991241225,-0.16944273050483005,-0.2099204715570846,True,2020-09-10,39.700147372549104,2.48420137632015,True,2.0,6.032013922742729,-5.0605777409353125,1.0631695256189122,-3.806060313933324,1.1056562418402027,1.3051557560582516,3.818982772394275,2.9165845326657447,False,,False,,False,,MACD_PASS
COVID_2020,CLX,yfinance,MACD_PASS,2020-09-22,2020-09-23,174.90786708755417,GREEN,305.3955078125,307.97919311523435,284.05806282043454,-0.33586781469306093,-0.686939792574504,-0.8258082738645394,True,2020-09-17,167.82130213803333,4.222684998411053,False,,4.740912813147857,-2.686979447761728,4.740912813147857,-2.686979447761728,-1.4443201191444488,0.881594006303632,2.663520564683064,-0.8909718063662475,True,13.0,True,14.0,False,,MACD_PASS
COVID_2020,GWW,yfinance,MACD_PASS,2020-09-25,2020-09-28,329.319903811733,GREEN,303.9439697265625,308.2962139892578,284.29136756896975,-2.0216940390549367,-2.5440300265497964,-2.7080036292394842,True,2020-09-21,316.0410625058755,4.201618992345546,False,,11.69825181574593,-0.6658921404844143,11.69825181574593,-0.6658921404844143,5.617215338958981,10.597006839643196,6.635920046585486,2.8057645626704764,True,2.0,True,4.0,True,5.0,MACD_PASS
COVID_2020,HRL,yfinance,MACD_PASS,2020-09-25,2020-09-28,40.476689329586904,GREEN,303.9439697265625,308.2962139892578,284.29136756896975,-0.1461976148519441,-0.20785149653714374,-0.23594181931204056,True,2020-09-10,39.16299850502655,3.3544183916145887,False,,4.306980761098234,-1.2247495247256324,4.306980761098234,-1.2247495247256324,1.041020207835519,2.265753163940709,0.5253342452785636,1.4071404657654885,True,10.0,True,11.0,False,,MACD_PASS
COVID_2020,ABT,yfinance,MACD_PASS,2020-09-28,2020-09-29,94.77199759367633,GREEN,308.9921875,308.55052673339844,284.41033988952637,-0.48127374293082603,-0.5915115867769692,-0.6392593528969684,True,2020-09-24,89.70307011328792,5.650784832655953,False,,5.24479822514099,-1.0282086079806185,5.24479822514099,-1.0282086079806185,0.22640341873352288,2.226201313900389,2.557469613537755,2.7656896516937923,True,1.0,True,1.0,True,9.0,MACD_PASS
COVID_2020,ALB,yfinance,MACD_FAIL,2020-09-28,2020-09-29,79.4497770036343,GREEN,308.9921875,308.55052673339844,284.41033988952637,-1.7114102484255698,-1.7437367804756454,-1.6340801530106954,False,2020-09-25,77.19578749316429,2.9198348558457266,False,,16.69216123689583,-0.44733599410796687,16.69216123689583,-0.44733599410796687,10.34726289145489,11.995283955124702,10.135367747030678,12.042376032903013,True,0.0,True,0.0,True,1.0,MACD_FAIL
COVID_2020,AMCR,yfinance,MACD_PASS,2020-09-28,2020-09-29,42.34309911882947,GREEN,308.9921875,308.55052673339844,284.41033988952637,-0.21335825793021646,-0.2629584391887976,-0.287062764587793,True,2020-09-25,40.895126036614045,3.5406984219073845,False,,7.11644561540854,-3.142333407285114,7.11644561540854,-3.142333407285114,1.7559892897323515,5.4528486841133095,3.4195674586370295,-2.3105461341672906,True,1.0,True,2.0,True,6.0,MACD_PASS
COVID_2020,APD,yfinance,MACD_PASS,2020-09-28,2020-09-29,254.62965042326113,GREEN,308.9921875,308.55052673339844,284.41033988952637,-1.4866578294056332,-1.736439029739782,-1.8480123850206276,True,2020-09-25,246.30718004489822,3.378898811169795,True,20.0,4.614496732919293,-3.493629537658949,4.614496732919293,-3.493629537658949,0.9934510033565935,2.6641837326878193,0.410394632291311,-3.3367898983528543,True,1.0,True,4.0,False,,MACD_PASS
COVID_2020,CAT,yfinance,MACD_PASS,2020-09-28,2020-09-29,133.28011121042414,GREEN,308.9921875,308.55052673339844,284.41033988952637,-0.8794898489575029,-1.0132651305288016,-1.013422416598341,True,2020-09-24,128.2136907444832,3.9515440484727993,False,,15.719022325546428,-3.1138316165436164,15.719022325546428,-3.1138316165436164,2.1297903219869463,9.267378326001264,13.897697966320543,7.079928327244356,True,4.0,True,4.0,True,6.0,MACD_PASS
COVID_2020,ECL,yfinance,MACD_FAIL,2020-09-28,2020-09-29,186.9937795607648,GREEN,308.9921875,308.55052673339844,284.41033988952637,-0.9625631541967103,-1.1247179336866688,-1.086745358953139,False,2020-09-23,180.8107786793265,3.4195975077371044,True,20.0,4.391974445214886,-5.005015871273111,4.391974445214886,-5.005015871273111,-1.2914533324859145,1.0301548127583438,2.015081211357783,-4.638176130885108,True,2.0,True,9.0,False,,MACD_FAIL
COVID_2020,KMB,yfinance,MACD_PASS,2020-09-28,2020-09-29,118.84846836888194,GREEN,308.9921875,308.55052673339844,284.41033988952637,-0.14482555739074887,-0.2991546763146502,-0.41007083208005035,True,2020-09-10,116.23957964092497,2.244406540367816,True,17.0,5.318410039857091,-8.827896261032919,5.318410039857091,-7.8320113393711255,1.6260003026196346,4.485079728352703,0.6232788779926501,-8.699203895898632,True,5.0,True,8.0,True,10.0,MACD_PASS
COVID_2020,LEG,yfinance,MACD_FAIL,2020-09-28,2020-09-29,33.46678977175439,GREEN,308.9921875,308.55052673339844,284.41033988952637,-0.3370722177523394,-0.3877446969607842,-0.3548275811859667,False,2020-09-24,32.061094303104696,4.384427603625407,False,,9.4684888787961,-3.749402086478304,9.4684888787961,-3.749402086478304,0.3797265869383226,5.315668326146827,5.030866507600873,-0.3084551866433527,True,4.0,True,4.0,True,7.0,MACD_FAIL
COVID_2020,LIN,yfinance,MACD_FAIL,2020-09-28,2020-09-29,219.6348159079781,GREEN,308.9921875,308.55052673339844,284.41033988952637,-1.8462021889670286,-2.190214451292436,-2.1472860291649623,False,2020-09-22,211.0530082314554,4.066185906770525,True,19.0,2.132410704900556,-5.291045452644106,2.132410704900556,-4.828391696112289,-2.388950943818413,-0.7486549288542199,-1.901080567395963,-5.169070112948204,True,9.0,False,,False,,MACD_FAIL
COVID_2020,MDT,yfinance,MACD_PASS,2020-09-28,2020-09-29,88.5373529751032,GREEN,308.9921875,308.55052673339844,284.41033988952637,-0.5595491259285801,-0.6338162932531004,-0.6741195807851079,True,2020-09-23,84.47770692288523,4.805582679846876,False,,7.001534348436955,-3.919323967730437,7.001534348436955,-3.919323967730437,-1.6552414518361758,1.7313751733244898,3.8337351816371434,0.08564644211717098,True,7.0,True,7.0,True,13.0,MACD_PASS
COVID_2020,NUE,yfinance,MACD_FAIL,2020-09-28,2020-09-29,41.619523243186826,GREEN,308.9921875,308.55052673339844,284.41033988952637,-0.24236918899768106,-0.3110179859752711,-0.3068396703291423,False,2020-09-23,39.84592600985532,4.451138198903526,False,,11.159846451713108,-3.0914367003800125,11.159846451713108,-3.0914367003800125,2.8940951091849465,6.709056048093376,6.358250196014259,5.722447814579734,True,3.0,True,4.0,True,5.0,MACD_FAIL
COVID_2020,PPG,yfinance,MACD_PASS,2020-09-28,2020-09-29,108.3001419958097,GREEN,308.9921875,308.55052673339844,284.41033988952637,-1.0212362269286515,-1.1806245325511264,-1.2270953298680132,True,2020-09-23,103.647316170845,4.4890943604321665,False,,13.256984309812815,-1.800308204536727,13.256984309812815,-1.800308204536727,1.9230894925729158,9.304459143764943,10.17182787934976,4.247163456325809,True,4.0,True,4.0,True,5.0,MACD_PASS
COVID_2020,TROW,yfinance,MACD_PASS,2020-09-28,2020-09-29,99.20527065711582,GREEN,308.9921875,308.55052673339844,284.41033988952637,-0.03667417629809444,-0.32728222722417355,-0.4755704839255297,True,2020-09-21,94.50267694800719,4.976148677455838,False,,16.649690742629875,-1.3476402583943115,16.649690742629875,-1.3476402583943115,4.889126659243459,12.967141849781406,14.972958456375473,11.494193219025938,True,4.0,True,4.0,True,5.0,MACD_PASS
COVID_2020,WMT,yfinance,MACD_PASS,2020-09-28,2020-09-29,42.420545528693005,GREEN,308.9921875,308.55052673339844,284.41033988952637,-0.13957554897765218,-0.1614051789968836,-0.1884947464196956,True,2020-09-18,41.64786891587372,1.8552608643194857,False,,6.8123803308631325,-0.6265942516222478,6.8123803308631325,-0.6265942516222478,2.462655886715126,6.542791740414744,4.8451653767583425,4.094726414821026,True,1.0,True,1.0,True,2.0,MACD_PASS
COVID_2020,ABBV,yfinance,MACD_PASS,2020-09-29,2020-09-30,68.99734560818968,GREEN,307.3094787597656,308.7232989501953,284.50860771179197,-0.17599854217861566,-0.22616552977936566,-0.3003383542219573,True,2020-09-10,67.66499541531964,1.9690390647220557,True,15.0,2.0689747435687744,-6.5141214624030885,2.0689747435687744,-3.8111266477463435,0.08046464110753604,0.2783057692696156,-3.4266486284634357,-6.222851892903858,True,9.0,False,,False,,MACD_PASS
COVID_2020,BF-B,yfinance,MACD_PASS,2020-09-30,2020-10-01,67.54743930851973,GREEN,309.6395263671875,308.9299652099609,284.61766410827636,-0.541193507820084,-0.594831504457703,-0.6377023065367793,True,2020-09-24,65.53668191757103,3.068140363709193,True,17.0,4.478363947278519,-9.483664447225282,4.478363947278519,-4.899885827071104,2.73970631886149,0.4478306410158117,-0.9747354729015112,-8.298204047525504,True,4.0,True,6.0,False,,MACD_PASS
COVID_2020,GPC,yfinance,MACD_PASS,2020-09-30,2020-10-01,81.10712418737282,GREEN,309.6395263671875,308.9299652099609,284.61766410827636,-0.7031261495047024,-0.7724161205369017,-0.7953472959140149,True,2020-09-23,78.67451432819144,3.0919922162261138,True,19.0,8.255856723527732,-6.5524031071859,8.255856723527732,-6.5524031071859,5.705937974886832,5.841796996296944,1.1390881889337345,-5.622303855272925,True,2.0,True,3.0,True,5.0,MACD_PASS
GFC_2007_2009,ABT,legacy,MACD_PASS,2007-08-01,2007-08-02,20.72,GREEN,127.57,132.15339999999998,126.3529,-0.09026997538528414,-0.10653599274572456,-0.10894723225959813,True,2007-07-26,20.072,3.228377839776808,False,,11.192084942084946,-1.6505791505791456,11.192084942084946,-1.6505791505791456,7.326254826254841,1.3175675675675569,1.9015444015444194,0.419884169884166,True,2.0,True,2.0,True,3.0,MACD_PASS
GFC_2007_2009,ADP,legacy,MACD_PASS,2007-08-01,2007-08-02,34.697,GREEN,127.57,132.15339999999998,126.3529,-0.13784573671117267,-0.2018407107158875,-0.23927062431902923,True,2007-07-24,33.311,4.160787727777615,False,,4.579646655330438,-3.7496037121365067,4.579646655330438,-3.7496037121365067,1.1931867308412558,-0.7781652592443233,-0.37755425541112775,-2.510303484451115,True,1.0,True,3.0,False,,MACD_PASS
GFC_2007_2009,FITB,legacy,MACD_FAIL,2007-08-01,2007-08-02,31.348,GREEN,127.57,132.15339999999998,126.3529,-0.14710066169244684,-0.17359423796808393,-0.16561785365893344,False,2007-07-24,30.444,2.9693864144002102,True,18.0,11.005486793415864,-5.4676534388158675,11.005486793415864,-4.89664412402705,4.10552507336992,-1.891667729998725,-0.20734975118029686,-4.497894602526475,True,0.0,True,2.0,True,3.0,MACD_FAIL
GFC_2007_2009,KO,legacy,MACD_FAIL,2007-08-01,2007-08-02,21.683,GREEN,127.57,132.15339999999998,126.3529,-0.0434145229248907,-0.06486509589473079,-0.046980770029395436,False,2007-07-31,21.227,2.1482074716163257,False,,6.940921459207661,-0.6226075727528535,6.940921459207661,-0.6226075727528535,5.059263017110194,0.4058478992759351,1.5449891620163303,0.4473550707927876,True,1.0,True,3.0,True,4.0,MACD_FAIL
GFC_2007_2009,PPG,legacy,MACD_FAIL,2007-08-01,2007-08-02,35.216,GREEN,127.57,132.15339999999998,126.3529,-0.1765716881120063,-0.228388757056451,-0.1769360096509099,False,2007-07-30,33.696,4.5109211775878455,True,5.0,0.8632439800090985,-14.198091776465239,0.8632439800090985,-8.88232621535665,-8.6579963652885,-9.717174011812812,-7.908337119491149,-6.993980009086787,False,,False,,False,,MACD_FAIL
GFC_2007_2009,STT,legacy,MACD_FAIL,2007-08-01,2007-08-02,59.961,GREEN,127.57,132.15339999999998,126.3529,-0.34338869738172634,-0.34960616958360863,-0.31613096019006504,False,2007-07-27,57.134,4.948016942626099,True,9.0,7.137973015793597,-13.133536798919298,7.137973015793597,-8.904121011991128,3.657377295241915,-8.817397975350637,-6.4491919747836075,-12.616534080485643,True,3.0,True,3.0,True,4.0,MACD_FAIL
GFC_2007_2009,WMT,legacy,MACD_PASS,2007-08-02,2007-08-03,39.697,GREEN,128.58,132.0692,126.4006,-0.15943560639410537,-0.21196387642263542,-0.229782021647161,True,2007-07-27,38.653,2.700954647763454,True,7.0,3.6778597878932784,-8.096329697458259,3.6778597878932784,-6.806559689649106,-1.3502279769252112,-6.872055822858158,-6.343048593092682,-6.574804141370882,True,3.0,True,3.0,False,,MACD_PASS
GFC_2007_2009,TGT,legacy,MACD_FAIL,2007-08-03,2007-08-06,50.126,YELLOW,125.27,131.9184,126.43084999999999,-0.6182749908190438,-0.6156246450151466,-0.7776331351295138,False,2007-07-26,48.781,2.7572210491789706,True,7.0,9.5439492478953,-7.638750349120215,9.164904440809174,-4.508638231656226,4.23732194868931,-2.6493237042652384,2.5575549614970328,5.837290029126607,True,0.0,True,1.0,True,2.0,MACD_FAIL
GFC_2007_2009,LLY,legacy,MACD_FAIL,2007-08-06,2007-08-07,43.859,GREEN,127.37,131.8338,126.47345,-0.07246817079199641,-0.18558507861904266,-0.17898150072852337,False,2007-07-30,42.045,4.31442502081103,False,,5.693244260015051,-3.8669372306710303,5.693244260015051,-3.8669372306710303,-0.5358079299573659,-0.9986547800907464,0.4674069176223705,2.601518502473832,True,0.0,True,1.0,True,2.0,MACD_FAIL
GFC_2007_2009,MCD,legacy,MACD_PASS,2007-08-06,2007-08-07,39.67,GREEN,127.37,131.8338,126.47345,-0.1917617890780725,-0.27948863082483033,-0.3137593861812189,True,2007-07-27,38.456,3.1568545870605424,False,,5.87849760524326,-4.812200655407106,5.87849760524326,-4.812200655407106,-1.8351399042097372,-1.0763801361230119,-0.7335518023695586,0.4965969246281787,True,0.0,True,1.0,True,2.0,MACD_PASS
GFC_2007_2009,VFC,legacy,MACD_PASS,2007-08-06,2007-08-07,18.87,GREEN,127.37,131.8338,126.47345,-0.051386852562550156,-0.10356345064283146,-0.1216634111581765,True,2007-07-23,17.999,4.839157730985066,True,6.0,5.728669846316903,-11.547429782723906,5.728669846316903,-8.108108108108114,-3.529411764705881,-7.23900370959194,-11.494435612082675,-8.404875463699002,True,0.0,True,0.0,True,0.0,MACD_PASS
GFC_2007_2009,EMR,legacy,MACD_PASS,2007-08-07,2007-08-08,39.741,GREEN,128.73,131.7652,126.52205,-0.13511057274194943,-0.20686398577121962,-0.2788291954934024,True,2007-07-30,37.892,4.879657975298213,True,1.0,2.2898266274125056,-11.46674718804258,1.6959814800835415,-6.346090938828919,-5.087944440250613,-3.7115321708059756,-1.0669082307943945,-0.24911300671849324,False,,False,,False,,MACD_PASS
GFC_2007_2009,GE,legacy,MACD_PASS,2007-08-07,2007-08-08,31.802,GREEN,128.73,131.7652,126.52205,-0.1253439186178576,-0.1738780854920733,-0.2088774362515674,True,2007-08-03,30.602,3.9213123325272825,True,4.0,2.4275202817432895,-8.354820451543931,2.4275202817432895,-5.8486887617130945,-6.581347085088984,-0.9087478774919777,-2.003018678070567,-0.2547009622036356,True,0.0,False,,False,,MACD_PASS
GFC_2007_2009,SLM,legacy,MACD_PASS,2007-08-07,2007-08-08,16.18,GREEN,128.73,131.7652,126.52205,-0.014108343894598141,-0.05582198028368324,-0.09404708740752643,True,2007-08-01,15.604,3.6913611894386023,True,3.0,4.153275648949317,-8.992583436341162,4.153275648949317,-5.426452410383186,-5.302843016069225,1.378244746600732,0.6118665018541414,-1.4153275648949304,True,0.0,True,0.0,False,,MACD_PASS
GFC_2007_2009,MMM,legacy,MACD_PASS,2007-08-08,2007-08-09,74.674,GREEN,130.53,131.7232,126.57875,-0.3169505984441738,-0.34270265840897407,-0.3503519873326451,True,2007-08-03,73.578,1.4895756883851252,True,1.0,4.105846747194453,-5.337868602190865,0.2611350670916224,-3.5728633794895215,-2.8430243458231863,0.9668693253341187,1.660551195864679,1.1610466829150567,False,,False,,False,,MACD_PASS
GFC_2007_2009,SVU,legacy,MACD_PASS,2007-08-08,2007-08-09,265.69,GREEN,130.53,131.7232,126.57875,-1.6913846219948798,-1.9943304663135404,-2.8946289164794283,True,2007-07-26,250.43,6.093519147067039,False,,5.62309458391359,-9.462155143212014,5.62309458391359,-9.462155143212014,-5.743535699499414,4.034777372125409,1.3436711957544478,-0.9522375701004782,True,1.0,True,1.0,True,2.0,MACD_PASS
GFC_2007_2009,SWK,legacy,MACD_PASS,2007-08-08,2007-08-09,47.743,GREEN,130.53,131.7232,126.57875,-0.3161522649134929,-0.492917309465281,-0.6072812520708837,True,2007-07-26,44.997,6.102629064159837,False,,6.602014955071955,-5.680413882663437,6.602014955071955,-5.680413882663437,-2.0610351255681447,1.2441614477515017,0.4314768657185164,-3.288440190184949,True,1.0,True,1.0,True,6.0,MACD_PASS
GFC_2007_2009,SHW,legacy,MACD_FAIL,2007-08-10,2007-08-13,63.222,YELLOW,126.07,131.4312,126.64744999999999,-0.324983428849326,-0.41177248485856477,-0.2337982325918121,False,2007-08-09,58.799,7.522236772734225,False,,3.427604314953636,-9.036411375786912,3.427604314953636,-9.036411375786912,-1.1182816108316729,1.1420075290247134,0.32267248742525734,-2.5639808927272134,True,0.0,True,10.0,False,,MACD_FAIL
GFC_2007_2009,GWW,legacy,MACD_PASS,2007-08-13,2007-08-14,76.297,YELLOW,126.52,131.277,126.67945,-0.29498758563855243,-0.39690570877135034,-0.513415877059813,True,2007-07-24,73.324,4.054606949975459,True,1.0,7.10381797449442,-8.422349502601678,0.31324953798970157,-5.735481080514293,0.8873219130503207,0.5308203468026296,3.9188958936786644,0.09305739413083547,False,,False,,False,,MACD_PASS
GFC_2007_2009,CB,legacy,MACD_PASS,2007-08-17,2007-08-20,49.121,YELLOW,126.07,130.6202,126.75785,-0.0385485218400865,-0.19370194070899327,-0.26445908807936647,True,2007-08-15,45.528,7.891846775610611,False,,4.159117281814284,-3.1167932248936325,4.159117281814284,-3.1167932248936325,1.7670650027483026,1.107469310478204,-0.1201115612467274,2.080576535493983,True,0.0,True,2.0,False,,MACD_PASS
GFC_2007_2009,KO,legacy,MACD_PASS,2007-09-04,2007-09-05,22.079,GREEN,129.88,129.60019999999997,127.1622,-0.029970612128791527,-0.05457993654104465,-0.06577926864944861,True,2007-08-29,21.649,1.986234930019859,False,,7.763032746048282,-1.7256216314144646,7.763032746048282,-1.7256216314144646,3.1613750622763837,4.592599302504641,5.933239730060236,6.345396077720911,True,4.0,True,4.0,True,12.0,MACD_PASS
GFC_2007_2009,VFC,legacy,MACD_PASS,2007-09-04,2007-09-05,17.325,GREEN,129.88,129.60019999999997,127.1622,-0.003289909671050195,-0.050198298761112814,-0.06691398005398058,True,2007-08-28,16.691,3.7984542567850887,False,,9.339105339105359,-3.84415584415585,9.339105339105359,-3.84415584415585,-0.36940836940837496,5.645021645021653,-0.5714285714285672,3.4054834054834116,True,9.0,True,9.0,True,10.0,MACD_PASS
GFC_2007_2009,ADP,legacy,MACD_PASS,2007-09-05,2007-09-06,33.884,GREEN,128.75,129.56459999999998,127.19605,-0.05410709232436922,-0.0758725265464546,-0.09265116382882055,True,2007-08-28,33.396,1.4612528446520612,True,1.0,3.7598866721756607,-4.311769566757162,1.1244245071420078,-2.7859756817376957,-3.3112973674890855,0.5725416125605065,0.3305394876637946,3.2788336678078123,False,,False,,False,,MACD_PASS
GFC_2007_2009,SHW,legacy,MACD_FAIL,2007-09-13,2007-09-14,62.256,GREEN,129.73,129.2278,127.37449999999998,-0.16918131685186055,-0.23639746361090083,-0.2085136426653043,False,2007-09-11,60.882,2.2568246772445066,True,5.0,3.9241197635569325,-7.093292212798763,3.9241197635569325,-3.535402210228733,-2.486507324595222,-2.725841685941921,-2.1042148547931183,-3.6719352351580636,True,2.0,True,3.0,False,,MACD_FAIL
GFC_2007_2009,SWK,legacy,MACD_FAIL,2007-09-13,2007-09-14,46.234,GREEN,129.73,129.2278,127.37449999999998,-0.09607223258203079,-0.12803943691414976,-0.12100849824859161,False,2007-09-10,45.094,2.5280525125293885,False,,9.07557208980403,-0.44772245533589716,9.07557208980403,-0.44772245533589716,6.019379677293779,4.2328156767746705,5.666825280096899,6.979711900333085,True,2.0,True,2.0,True,2.0,MACD_FAIL
GFC_2007_2009,GWW,legacy,MACD_FAIL,2007-09-18,2007-09-19,79.202,GREEN,132.82,129.07659999999998,127.51175,-0.10363422236092784,-0.27914832254245564,-0.24239892856039974,False,2007-09-13,75.335,5.133072277162021,False,,6.690487613949148,-0.6552864826645632,6.690487613949148,-0.6552864826645632,1.467134668316472,1.1881013105729643,4.525138254084493,3.0340142925683766,True,0.0,True,8.0,True,12.0,MACD_FAIL
GFC_2007_2009,MO,legacy,MACD_PASS,2007-09-19,2007-09-20,15.423,GREEN,133.62,129.1194,127.5677,-0.002385909665212682,-0.024789337026244723,-0.04246509894817068,True,2007-09-11,15.029,2.621598243396095,False,,4.499773066199841,-0.7197043376774959,4.499773066199841,-0.7197043376774959,1.5431498411463407,1.8349218699345027,2.210983595928151,3.5855540426635635,True,7.0,True,17.0,False,,MACD_PASS
GFC_2007_2009,CTL,legacy,MACD_PASS,2007-09-20,2007-09-21,29.272,GREEN,132.67,129.12439999999998,127.62025,-0.10806732662769501,-0.1347409444998378,-0.17082408448072267,True,2007-09-13,28.368,3.186689227298367,False,,2.02241049467069,-3.344493030882756,2.02241049467069,-3.344493030882756,0.5431811970483924,0.28013118338343634,-0.9121344629680173,-1.6295435911451106,True,6.0,False,,False,,MACD_PASS
GFC_2007_2009,SVU,legacy,MACD_FAIL,2007-09-20,2007-09-21,260.3,GREEN,132.67,129.12439999999998,127.62025,-0.32530890191190487,-0.28655213519713474,-0.24766633660310644,False,2007-09-17,256.14,1.624111813851803,True,2.0,0.2766039185555069,-12.604686899731076,0.2766039185555069,-6.661544371878603,-2.6469458317326167,-6.066077602766051,-11.42912024587015,-6.865155589704186,False,,False,,False,,MACD_FAIL
GFC_2007_2009,KMB,legacy,MACD_FAIL,2007-10-22,2007-10-23,55.935,GREEN,131.13,130.60139999999998,128.76515,-0.1325935765646476,-0.23826434342952735,-0.14037351640497575,False,2007-10-17,53.432,4.684458751310072,False,,1.4409582551175415,-3.507642799678201,1.4409582551175415,-3.507642799678201,-0.2842585143470133,-0.8688656476267154,-1.21212121212122,-1.7538213998391061,False,,False,,False,,MACD_FAIL
GFC_2007_2009,CB,legacy,MACD_PASS,2007-10-23,2007-10-24,51.502,GREEN,132.21,130.7152,128.81125,-0.30378268662345054,-0.3114897694765848,-0.31467409994695794,True,2007-10-19,49.564,3.910096037446542,True,6.0,5.046405964816891,-8.20356491010058,5.046405964816891,-5.269698264145095,0.017475049512638563,-6.223059298668021,-2.083414236340342,-4.376529066832369,True,4.0,True,5.0,True,5.0,MACD_PASS
GFC_2007_2009,JNJ,legacy,MACD_FAIL,2007-10-23,2007-10-24,52.356,GREEN,132.21,130.7152,128.81125,-0.25578002724449195,-0.2694496427169423,-0.2582892232722478,False,2007-10-18,51.722,1.225783999071961,False,,5.7204522881808995,-0.9320803728321447,5.7204522881808995,-0.9320803728321447,1.3045305218122083,-0.655130262052106,3.9747115898846275,4.366261746504696,True,12.0,True,13.0,True,17.0,MACD_FAIL
GFC_2007_2009,BDX,legacy,MACD_FAIL,2007-10-24,2007-10-25,71.998,GREEN,131.96,130.8628,128.8566,-0.32898848252601776,-0.32342711008568914,-0.30546863454867834,False,2007-10-23,70.812,1.6748573688075474,True,5.0,4.766799077752171,-3.745937387149645,3.312592016444893,-1.734770410289188,-1.7111586432956516,-1.211144754020943,1.7556043223422746,1.8778299397205434,True,0.0,True,1.0,False,,MACD_FAIL
GFC_2007_2009,BCR,legacy,MACD_FAIL,2007-10-25,2007-10-26,79.064,GREEN,132.28,131.0512,128.9015,-0.837825278675908,-0.7481325567306991,-0.3562199300010936,False,2007-10-16,75.336,4.948497398322171,False,,4.572245269654984,-3.3415966811696785,4.572245269654984,-3.3415966811696785,-1.6138824243650651,1.5342001416573936,3.1341697865020945,-1.0915207932813864,True,9.0,True,11.0,False,,MACD_FAIL
GFC_2007_2009,TGT,legacy,MACD_PASS,2007-10-25,2007-10-26,52.018,GREEN,132.28,131.0512,128.9015,-0.29894575393251427,-0.3781302227282166,-0.41965504708418755,True,2007-10-18,49.551,4.9787088050695205,True,4.0,1.3841362605252039,-20.223768695451582,1.3841362605252039,-7.489715098619709,-5.807605059787003,-10.794340420623637,-14.456534276596567,-12.330347187512015,False,,False,,False,,MACD_PASS
GFC_2007_2009,ADP,legacy,MACD_FAIL,2007-10-29,2007-10-30,35.902,GREEN,134.28,131.416,128.999,-0.12549807660100565,-0.15036776197032692,-0.13496856768695775,False,2007-10-26,34.241,4.850909728103736,True,14.0,2.448331569271911,-8.350509720906906,2.448331569271911,-5.531725252075104,1.935825302211569,-3.0081889588323696,-5.308896440309729,-6.211353127959452,True,0.0,False,,False,,MACD_FAIL
GFC_2007_2009,LLY,legacy,MACD_PASS,2007-10-30,2007-10-31,42.28,GREEN,133.34,131.5626,129.04305,-0.40586611126186367,-0.45339119692443214,-0.4734157848509044,True,2007-10-18,40.687,3.915255487010594,True,5.0,1.0950804162724648,-8.805581835383158,1.0950804162724648,-4.418164616840114,-4.273888363292344,-1.4853358561967789,-8.805581835383158,-1.9252601702932859,False,,False,,False,,MACD_PASS
GFC_2007_2009,GWW,legacy,MACD_PASS,2007-11-06,2007-11-07,76.578,GREEN,132.48,132.0092,129.24085000000002,-0.25785808665700005,-0.29502101230060074,-0.34306149037153294,True,2007-10-19,76.076,0.6598664493401518,True,0.0,5.438898900467493,-2.987803285538926,0.0,-1.633628457259273,1.5631121209746857,-2.987803285538926,2.2996160777246644,3.6211444540207305,False,,False,,False,,MACD_PASS
GFC_2007_2009,PPG,legacy,MACD_FAIL,2007-11-08,2007-11-09,31.474,YELLOW,128.21,132.0934,129.27935000000002,-0.1568570343250303,-0.16501826635516037,-0.10807086411359096,False,2007-10-19,31.117,1.1472828357489417,True,0.0,0.619559001080261,-8.076507593569303,0.37808985194127676,-2.011183834275909,-5.439410306920001,-6.55779373451103,-3.1200355849272388,0.3050136620702748,False,,False,,False,,MACD_FAIL
GFC_2007_2009,MCD,legacy,MACD_FAIL,2007-11-16,2007-11-19,46.861,YELLOW,127.01,131.93779999999998,129.34765,-0.2747724451001661,-0.32706794323795685,-0.31440557023526794,False,2007-11-15,45.532,2.9188263199507958,False,,10.033930133799984,-1.9568511128656985,10.033930133799984,-1.9568511128656985,-0.7276840016218089,3.717376923241078,9.069375386782186,3.365271761166011,True,8.0,True,9.0,True,14.0,MACD_FAIL
GFC_2007_2009,MMM,legacy,MACD_PASS,2007-11-19,2007-11-20,69.654,YELLOW,125.23,131.90220000000002,129.3428,-0.03498515593180196,-0.17469457235622832,-0.34113660503660004,True,2007-10-23,67.096,3.81244783593655,False,,8.181870387917423,-1.3452206621299534,8.181870387917423,-1.3452206621299534,1.72710827806013,2.1563729290493105,5.695293881184127,3.5848623194647766,True,5.0,True,7.0,True,12.0,MACD_PASS
GFC_2007_2009,GE,legacy,MACD_PASS,2007-11-28,2007-11-29,30.828,YELLOW,128.18,131.3342,129.31635,-0.040555626609754536,-0.12465668995188539,-0.15755464940066244,True,2007-11-21,29.403,4.846444240383629,True,3.0,0.9893603217853819,-5.793434540028541,0.9893603217853819,-5.793434540028541,-2.6956014013234664,-1.8586998832230472,-4.622421175554692,-2.4815103152977858,False,,False,,False,,MACD_PASS
GFC_2007_2009,ADP,legacy,MACD_PASS,2007-11-30,2007-12-03,33.226,GREEN,129.51,131.16320000000002,129.33575,-0.13652080522253984,-0.15094979083779947,-0.18004615986949452,True,2007-11-19,32.904,0.9786044249939119,True,10.0,3.828327213627869,-4.144344790224519,3.828327213627869,-1.658339854330948,3.500270872208522,-1.658339854330948,1.7275627520616288,-3.9487148618551626,True,2.0,True,5.0,False,,MACD_PASS
GFC_2007_2009,BDX,legacy,MACD_PASS,2007-12-06,2007-12-07,72.172,GREEN,131.49,130.9282,129.38015,-0.11536597616855168,-0.16603765642909876,-0.22802573446460384,True,2007-12-05,70.898,1.7969477277215207,False,,10.975170426204084,-1.607271518040232,10.975170426204084,-1.607271518040232,0.3408524081361275,2.6062739012359337,1.7028764617857295,7.907498752979003,True,1.0,True,11.0,True,16.0,MACD_PASS
GFC_2007_2009,EMR,legacy,MACD_FAIL,2007-12-20,2007-12-21,45.721,YELLOW,127.89,129.7908,129.69715,-0.3041198862849537,-0.3146130874316414,-0.29775417299648066,False,2007-12-19,44.433,2.898746427205001,True,8.0,4.29343190218936,-20.034557424378285,4.29343190218936,-4.208131930622693,0.9754817261214965,-5.166116226679196,-10.997134795826858,-9.947288991929303,True,1.0,True,2.0,False,,MACD_FAIL
GFC_2007_2009,CTL,legacy,MACD_PASS,2009-06-24,2009-06-25,20.026,GREEN,78.508,78.65804,78.31306500000001,-0.12771413139081872,-0.1350003729728202,-0.13992651960166935,True,2009-06-22,19.522,2.581702694396082,True,5.0,2.5416957954659036,-8.104464196544503,2.5416957954659036,-5.717567162688509,-5.717567162688509,-7.150704084689896,-5.238190352541694,-2.756416658344152,True,0.0,False,,False,,MACD_PASS
GFC_2007_2009,EMR,legacy,MACD_PASS,2009-06-25,2009-06-26,26.792,GREEN,80.218,78.77706,78.17735499999999,-0.19790878883408733,-0.26599447278918154,-0.28771656675101415,True,2009-06-19,25.528,4.9514258853024185,True,6.0,12.720214989549117,-7.722454464019124,1.9856673633920519,-6.901313825022393,-4.378172588832497,-3.557031949835787,6.292923260674832,12.197670946551199,False,,False,,False,,MACD_PASS
GFC_2007_2009,GWW,legacy,MACD_PASS,2009-06-25,2009-06-26,72.933,GREEN,80.218,78.77706,78.17735499999999,-0.3129494544982642,-0.5087737394566975,-0.5938650533962613,True,2009-06-22,67.883,7.43927050955322,False,,7.543910164123235,-6.261911617511973,7.543910164123235,-6.261911617511973,-1.287483032372183,-2.0758778605021178,5.938326957618623,7.350582041051368,True,12.0,True,15.0,True,15.0,MACD_PASS
GFC_2007_2009,MMM,legacy,MACD_FAIL,2009-06-25,2009-06-26,49.961,GREEN,80.218,78.77706,78.17735499999999,-0.29191170658909843,-0.37836847865437984,-0.36870108843913085,False,2009-06-23,48.093,3.8841411432017026,False,,19.53924060767398,-1.7033285963051203,19.53924060767398,-1.7033285963051203,3.1584636016092515,2.8562278577290323,8.556674205880576,18.876723844598796,True,1.0,True,3.0,True,12.0,MACD_FAIL
GFC_2007_2009,NUE,legacy,MACD_FAIL,2009-06-25,2009-06-26,35.886,GREEN,80.218,78.77706,78.17735499999999,-0.37712367569833394,-0.41658913873822423,-0.3848920133485456,False,2009-06-24,34.946,2.689864362158767,True,4.0,3.4581731037173213,-12.166304408404404,3.4581731037173213,-5.458953352282236,-7.4430139887421305,-4.592320124839777,0.4068438945549646,1.0533355626149543,True,0.0,True,0.0,False,,MACD_FAIL
GFC_2007_2009,PPG,legacy,MACD_PASS,2009-06-25,2009-06-26,19.492,GREEN,80.218,78.77706,78.17735499999999,-0.09182536464378391,-0.151671942992304,-0.19440156880423626,True,2009-06-17,18.311,6.449675058707882,False,,21.84998973938026,-5.781859224297159,21.84998973938026,-5.781859224297159,-1.6519597783706041,-0.400164169915862,15.339626513441406,20.726451877693396,True,12.0,True,12.0,True,12.0,MACD_PASS
GFC_2007_2009,SHW,legacy,MACD_PASS,2009-06-25,2009-06-26,49.243,GREEN,80.218,78.77706,78.17735499999999,-0.1350015781604713,-0.19863854720384064,-0.20430650878333795,True,2009-06-22,47.629,3.3886917634214475,True,4.0,7.91381516154579,-4.140690047316376,1.549458806327797,-4.140690047316376,0.5584550088337359,-0.37568791503361787,7.599049611112241,5.127632353837086,False,,False,,False,,MACD_PASS
GFC_2007_2009,ADM,legacy,MACD_PASS,2009-06-26,2009-06-29,22.804,GREEN,80.008,78.87006,78.038445,-0.18109896956153432,-0.19863748637557005,-0.23815095070373193,True,2009-06-23,21.921,4.028100907805299,False,,19.847395193825633,-3.017014558849318,19.847395193825633,-3.017014558849318,1.5611296263813523,1.6751447114541351,9.138747588142436,16.07174179968427,True,0.0,True,2.0,True,12.0,MACD_PASS
GFC_2007_2009,JCI,legacy,MACD_PASS,2009-06-26,2009-06-29,11.363,GREEN,80.008,78.87006,78.038445,-0.09873130269503745,-0.12037144632693672,-0.14697007723940242,True,2009-06-18,10.937,3.8950352016092094,False,,12.637507700431216,-4.91067499779988,12.637507700431216,-4.91067499779988,-3.7490099445568914,1.3640763882777573,9.284519933116254,10.419783507876446,True,10.0,True,11.0,True,12.0,MACD_PASS
GFC_2007_2009,KO,legacy,MACD_PASS,2009-06-26,2009-06-29,19.636,GREEN,80.008,78.87006,78.038445,-0.1095535054470792,-0.12261332635548139,-0.1258443380098394,True,2009-06-23,19.242,2.04760419914769,False,,5.999185170095744,-0.6926054186188635,5.999185170095744,-0.6926054186188635,1.02363006722348,2.3833774699531407,4.593603585251582,2.587084946017515,True,2.0,True,2.0,True,11.0,MACD_PASS
GFC_2007_2009,LOW,legacy,MACD_PASS,2009-06-26,2009-06-29,17.106,GREEN,80.008,78.87006,78.038445,-0.06422894371087956,-0.12073010685633292,-0.16679438316349737,True,2009-06-18,15.947,7.267824669216805,False,,14.117853384777268,-4.66502981410033,14.117853384777268,-4.66502981410033,-3.624459254062906,1.2334853267859103,6.360341400678116,11.791184379749797,True,0.0,True,11.0,True,13.0,MACD_PASS
GFC_2007_2009,PGR,legacy,MACD_PASS,2009-06-26,2009-06-29,11.614,GREEN,80.008,78.87006,78.038445,-0.08660515866997959,-0.11643469560033626,-0.14793499545665942,True,2009-06-15,11.007,5.514672481148364,False,,4.374031341484397,-6.552436714310328,4.374031341484397,-6.552436714310328,-4.632340278973657,-3.573273635267793,-1.5929051145169626,3.8488031685896207,True,8.0,True,8.0,False,,MACD_PASS
GFC_2007_2009,DOV,legacy,MACD_PASS,2009-06-29,2009-06-30,24.071,GREEN,80.757,78.96798,77.89543,-0.2029308493390367,-0.2678969205541817,-0.3149008147773136,True,2009-06-22,22.8,5.574561403508782,True,4.0,9.633999418387273,-9.633999418387285,0.5649952224668686,-7.660670516389024,-8.437538947280965,-0.8433384570645241,4.918781936770378,-0.2451082215113698,False,,False,,False,,MACD_PASS
GFC_2007_2009,FHN,legacy,MACD_PASS,2009-06-29,2009-06-30,10.842,GREEN,80.757,78.96798,77.89543,-0.10743089192856584,-0.12911937097016798,-0.13196323465964616,True,2009-06-24,10.38,4.450867052023111,True,2.0,6.862202545655771,-8.356391809629226,2.6102195166943343,-5.939863493820329,-6.530160486995018,2.776240546024722,-3.5878989116399307,3.8369304556354678,True,0.0,False,,False,,MACD_PASS
GFC_2007_2009,SWK,legacy,MACD_PASS,2009-06-29,2009-06-30,29.285,GREEN,80.757,78.96798,77.89543,-0.20562335978804733,-0.24936763466841444,-0.2859738873727983,True,2009-06-19,28.493,2.779630084582174,True,2.0,16.83455694041318,-8.533378862899088,0.2322007853850172,-4.954754994024246,-6.9694382789824205,5.224517671162721,11.053440327812858,14.512549086563077,False,,False,,False,,MACD_PASS
GFC_2007_2009,VFC,legacy,MACD_FAIL,2009-07-01,2009-07-02,11.773,GREEN,80.434,79.24306,77.62592,-0.038163474856703225,-0.04795093487868772,-0.04742948542044449,False,2009-06-25,11.578,1.6842287096217046,True,0.0,20.130807780514747,-3.2362184659814885,0.9513293128344591,-3.2362184659814885,-1.1466915824343782,8.451541663127493,18.02429287352416,16.945553384863675,False,,False,,False,,MACD_FAIL
GFC_2007_2009,TGT,legacy,MACD_PASS,2009-07-09,2009-07-10,31.836,YELLOW,76.812,79.51938,76.92755,-0.12903571933613173,-0.2065662310782505,-0.21273465509543565,True,2009-07-07,30.028,6.021047022778747,False,,15.281442392260347,-2.7233320768940694,15.281442392260347,-2.7233320768940694,2.622816936801109,10.79281316748335,13.14863676341249,11.358210830506344,True,3.0,True,3.0,True,8.0,MACD_PASS
GFC_2007_2009,LEG,legacy,MACD_PASS,2009-07-13,2009-07-14,11.456,GREEN,78.491,79.57598,76.66879,-0.0431736569456244,-0.07186159842060694,-0.08159615274904852,True,2009-07-07,10.837,5.711912891021509,False,,23.30656424581006,-0.6983240223463638,23.30656424581006,-0.6983240223463638,8.379888268156432,14.10614525139664,21.03701117318435,20.015712290502808,True,1.0,True,1.0,True,1.0,MACD_PASS
GFC_2007_2009,MCD,legacy,MACD_PASS,2009-08-11,2009-08-12,45.266,GREEN,86.881,82.08858000000001,76.25475,-0.0012168787583973772,-0.05098206953324258,-0.14110696352026914,True,2009-07-27,44.261,2.270621992273103,True,3.0,2.343922590907077,-2.6443688419564237,1.3232890027835564,-2.52728317059161,-0.4661335218486218,1.9440639773781632,-0.9631953342464583,-1.8954623779437019,False,,False,,False,,MACD_PASS
GFC_2007_2009,BDX,legacy,MACD_PASS,2009-08-12,2009-08-13,59.113,GREEN,87.813,82.19224,76.31468,-0.25770710236383465,-0.44224238633411783,-0.5777783711180432,True,2009-08-03,55.688,6.150337595173094,False,,6.359007324953891,-4.293471825148442,6.359007324953891,-4.293471825148442,0.639453250554034,3.850252905452267,2.5138294452996757,5.986838766430402,True,6.0,True,7.0,True,11.0,MACD_PASS
GFC_2007_2009,CLX,legacy,MACD_PASS,2009-08-13,2009-08-14,47.733,GREEN,88.484,82.33022000000001,76.39143,-0.2666702506747703,-0.3015330679930848,-0.3359201737490016,True,2009-08-06,46.524,2.5986587567707,False,,1.9944273353864395,-2.8072821737581855,1.9944273353864395,-2.8072821737581855,0.691345609955385,0.9134141998198286,0.5174617141181059,-0.7981899314939311,False,,False,,False,,MACD_PASS
GFC_2007_2009,GWW,legacy,MACD_FAIL,2009-08-17,2009-08-18,76.112,GREEN,85.646,82.50484,76.44485,-0.5849586863420524,-0.49768436036006625,-0.40617206859292754,False,2009-08-14,74.387,2.3189535805987482,False,,5.575993273071256,-1.020863989909604,5.575993273071256,-1.020863989909604,3.2964578515871423,-0.220727349169636,2.8103321421063754,4.996583981500957,True,2.0,True,3.0,True,20.0,MACD_FAIL
GFC_2007_2009,KO,legacy,MACD_PASS,2009-08-17,2009-08-18,19.885,GREEN,85.646,82.50484,76.44485,-0.06900053651918414,-0.08012702531479887,-0.0823571773302996,True,2009-08-12,19.342,2.807362216937248,False,,8.34297208951471,-0.8800603469952262,8.34297208951471,-0.8800603469952262,-0.025144581342728678,-0.46266029670607445,3.85214986170479,8.03620819713351,True,3.0,True,11.0,True,17.0,MACD_PASS
GFC_2007_2009,PFE,legacy,MACD_FAIL,2009-08-17,2009-08-18,12.428,GREEN,85.646,82.50484,76.44485,-0.04799788159837573,-0.05185059952337859,-0.04771742940016627,False,2009-08-13,12.163,2.1787387979939288,False,,6.927904731251999,-0.5069198583843026,6.927904731251999,-0.5069198583843026,5.801416157064687,3.1541680077244783,1.8265207595751454,3.4036047634373956,True,1.0,True,1.0,True,3.0,MACD_FAIL
GFC_2007_2009,TGT,legacy,MACD_FAIL,2009-08-18,2009-08-19,36.338,GREEN,86.323,82.59074000000001,76.457005,-0.041432473488712596,-0.1713071768548151,-0.124830500702386,False,2009-08-17,34.033,6.772838127699576,False,,11.679233859871218,-0.11833342506466504,11.679233859871218,-0.11833342506466504,7.771478892619288,5.154383840607624,9.469425945291432,10.605977213935812,True,0.0,True,0.0,True,4.0,MACD_FAIL
GFC_2007_2009,EMR,legacy,MACD_FAIL,2009-08-20,2009-08-21,28.793,GREEN,87.98,82.7982,76.48754,-0.19165133905558118,-0.22235769748133083,-0.2175250929641232,False,2009-08-18,27.474,4.800902671616791,False,,17.875872607925537,-0.6980863404299709,17.875872607925537,-0.6980863404299709,5.275587816483185,5.866009099433889,12.013336574861967,13.822804153787382,True,0.0,True,1.0,True,2.0,MACD_FAIL
GFC_2007_2009,JNJ,legacy,MACD_PASS,2009-08-20,2009-08-21,49.719,GREEN,87.98,82.7982,76.48754,-0.13278644921237293,-0.18722653659928035,-0.21822731295534237,True,2009-08-17,48.426,2.670053277165163,False,,0.6536736458898851,-2.9626500935256095,0.6536736458898851,-2.9626500935256095,-1.3073472917798035,-1.2570647036344251,-1.2248838472213919,-0.6898771093545752,False,,False,,False,,MACD_PASS
GFC_2007_2009,MTB,legacy,MACD_FAIL,2009-08-20,2009-08-21,50.199,GREEN,87.98,82.7982,76.48754,-0.3508062101876015,-0.40402861615107977,-0.3784723275209838,False,2009-08-19,48.028,4.520279836761887,True,8.0,12.607820872925757,-5.155481184884159,4.589732863204454,-5.155481184884159,2.8845196119444694,-2.4183748680252526,-0.9880674913842813,9.283053447279844,True,0.0,True,3.0,False,,MACD_FAIL
GFC_2007_2009,ADM,legacy,MACD_PASS,2009-08-21,2009-08-24,24.498,GREEN,89.705,82.94026,76.4987,-0.11859769460606204,-0.19932192552114184,-0.2503439759291699,True,2009-08-11,22.992,6.550104384133615,False,,2.424687729610575,-4.473834598742754,2.424687729610575,-4.473834598742754,0.10204914686913202,-0.21634419136256078,1.236835660053881,0.3347212017307477,True,0.0,False,,False,,MACD_PASS
GFC_2007_2009,LOW,legacy,MACD_FAIL,2009-08-21,2009-08-24,18.733,GREEN,89.705,82.94026,76.4987,-0.3265361050879087,-0.37805867737313387,-0.3655346688700807,False,2009-08-19,17.413,7.580543272267848,False,,5.679816366839274,-2.9199807825762036,5.679816366839274,-2.9199807825762036,1.5640847701916316,2.839908183419637,0.20285058452997884,-0.4697592483852042,True,2.0,True,2.0,True,19.0,MACD_FAIL
GFC_2007_2009,PEP,legacy,MACD_PASS,2009-08-21,2009-08-24,47.387,GREEN,89.705,82.94026,76.4987,-0.08686985505620148,-0.14703885320059473,-0.18092491821247841,True,2009-08-17,45.886,3.271150241903853,False,,4.007428197606933,-3.460864794141849,4.007428197606933,-3.460864794141849,-1.7641969316479211,1.023487454365113,1.0424800050646832,1.5426171734864047,True,13.0,True,18.0,False,,MACD_PASS
GFC_2007_2009,PPG,legacy,MACD_FAIL,2009-08-21,2009-08-24,24.454,GREEN,89.705,82.94026,76.4987,-0.26576565883215486,-0.30725675241095773,-0.2970746388017056,False,2009-08-20,23.462,4.228113545307299,False,,10.145579455303832,-3.3164308497587336,10.145579455303832,-3.3164308497587336,0.9446307352580341,0.9282734930890602,8.256317984787763,9.55262942667865,True,4.0,True,11.0,True,13.0,MACD_FAIL
GFC_2007_2009,SLM,legacy,MACD_PASS,2009-08-21,2009-08-24,2.8841,GREEN,89.705,82.94026,76.4987,-0.022377815974224835,-0.03132699392239227,-0.03717606487167625,True,2009-08-18,2.6776,7.712130265909778,False,,11.362296730349165,-7.728580839776711,11.362296730349165,-7.728580839776711,1.1372698588814512,-1.1372698588814512,-1.4770639020838416,0.45421448632156913,True,0.0,True,0.0,True,0.0,MACD_PASS
GFC_2007_2009,CMA,legacy,MACD_FAIL,2009-08-28,2009-08-31,23.489,GREEN,90.061,83.85814,76.728515,-0.196330478138385,-0.20850453751093778,-0.18968001722205452,False,2009-08-27,23.427,0.26465189738336115,True,1.0,21.401507088424367,-6.432798331133716,3.129124270935324,-2.626761462812388,-0.19157903699604795,10.11537315339095,13.546766571586687,13.738345608582737,True,0.0,True,0.0,False,,MACD_FAIL
GFC_2007_2009,BAC,legacy,MACD_FAIL,2009-09-04,2009-09-08,16.46,GREEN,88.912,84.76974,77.02921,-0.20771888109533354,-0.2210271978296815,-0.21172673756864102,False,2009-09-03,15.566,5.743286650391877,True,17.0,3.5601458080194215,-10.540704738760642,3.5601458080194215,-7.314702308626975,-3.8396111786148324,0.8748481166463984,-1.7132442284325644,-2.6306196840826246,True,10.0,True,10.0,False,,MACD_FAIL
GFC_2007_2009,FHN,legacy,MACD_FAIL,2009-09-04,2009-09-08,11.723,GREEN,88.912,84.76974,77.02921,-0.12313885755564444,-0.13016012430422297,-0.12657784030289163,False,2009-09-03,11.206,4.613599857219364,False,,14.603770365947288,-3.9665614603770494,14.603770365947288,-3.9665614603770494,5.8688049134180575,7.276294463874433,3.241491085899506,-0.7847820523756766,True,1.0,True,1.0,True,5.0,MACD_FAIL
GFC_2007_2009,GE,legacy,MACD_FAIL,2009-09-04,2009-09-08,11.689,GREEN,88.912,84.76974,77.02921,-0.09575692718964618,-0.12045680298873426,-0.11858821974841427,False,2009-09-03,10.7,9.242990654205618,False,,20.660449995722473,-1.0864915732740288,20.660449995722473,-1.0864915732740288,10.189066643853195,17.1528787749166,15.091111301223359,10.753700059885363,True,1.0,True,1.0,True,4.0,MACD_FAIL
GFC_2007_2009,NUE,legacy,MACD_PASS,2009-09-08,2009-09-09,36.569,GREEN,89.678,84.96314000000001,77.12260500000001,-0.17562466578825492,-0.27773869394664974,-0.3166602522676227,True,2009-09-02,34.591,5.718250411956882,False,,12.31370833219394,-3.029888703546735,12.31370833219394,-3.029888703546735,5.786321747928569,7.23563674150236,3.3662391643194844,-0.41565260193060505,True,1.0,True,1.0,True,2.0,MACD_PASS
GFC_2007_2009,SWK,legacy,MACD_PASS,2009-09-08,2009-09-09,35.004,GREEN,89.678,84.96314000000001,77.12260500000001,-0.29408051974591287,-0.33214830034039644,-0.3647915997732495,True,2009-09-02,33.905,3.241409821560226,False,,6.336418695006296,-1.34841732373443,6.336418695006296,-1.34841732373443,4.070963318477894,4.242372300308528,4.710890183978966,3.8281339275511472,True,5.0,True,5.0,True,7.0,MACD_PASS
GFC_2007_2009,USB,legacy,MACD_FAIL,2009-09-08,2009-09-09,17.997,GREEN,89.678,84.96314000000001,77.12260500000001,-0.21603263326153943,-0.21260806333836824,-0.23458987807108433,False,2009-09-03,17.792,1.1522032374100544,False,,9.473801189087073,-1.183530588431414,9.473801189087073,-1.183530588431414,8.612546535533694,5.045285325332016,4.045118630882927,5.556481635828203,True,0.0,True,0.0,True,2.0,MACD_FAIL
GFC_2007_2009,BBT,legacy,MACD_FAIL,2009-09-09,2009-09-10,22.346,GREEN,90.365,85.15530000000001,77.24579,-0.2483287511016976,-0.27808984042839935,-0.2741526623284548,False,2009-09-04,21.787,2.5657502180199243,True,15.0,10.932605387988904,-5.884722097914619,10.932605387988904,-5.249261612816625,7.549449565917832,3.450281929651844,-4.994182404009662,-0.5996598943882603,True,3.0,True,3.0,True,3.0,MACD_FAIL
GFC_2007_2009,KMB,legacy,MACD_PASS,2009-09-11,2009-09-14,46.503,GREEN,91.271,85.59573999999999,77.441835,-0.21416901447205516,-0.24757591574155074,-0.282449223115529,True,2009-09-04,45.881,1.3556810008500175,True,2.0,2.789067371997489,-2.0944885276218628,0.23869427778853147,-1.6127991742468262,-1.4085112788422283,0.2558974689804927,0.030105584585937706,2.072984538631917,False,,False,,False,,MACD_PASS
GFC_2007_2009,SHW,legacy,MACD_PASS,2009-09-14,2009-09-15,55.16,GREEN,91.718,85.86532000000001,77.52731,-0.26260951534506766,-0.32320482890625246,-0.33958574826417975,True,2009-09-11,53.842,2.447903123955264,False,,5.928208846990568,-2.1573604060913687,5.928208846990568,-2.1573604060913687,2.1374184191443213,0.6870920957215532,0.1522842639593902,5.681653372008699,True,1.0,True,2.0,True,20.0,MACD_PASS
GFC_2007_2009,MO,legacy,MACD_FAIL,2009-09-16,2009-09-17,13.332,GREEN,93.493,86.47832,77.67532499999999,-0.04516364867564304,-0.05019963629064106,-0.032637277534304204,False,2009-09-15,12.987,2.6565026565026573,True,4.0,0.3225322532253161,-5.288028802880285,0.3225322532253161,-2.7902790279027867,-4.035403540354032,-3.862886288628864,-2.1452145214521545,0.060006000600054676,False,,False,,False,,MACD_FAIL
GFC_2007_2009,CLX,legacy,MACD_FAIL,2009-09-18,2009-09-21,47.275,GREEN,92.971,87.13532,77.877875,-0.11449175531126901,-0.15806312035812187,-0.14165567200232215,False,2009-09-15,46.679,1.2768054157115571,True,10.0,4.173453199365418,-2.371232152300362,4.173453199365418,-2.371232152300362,2.1195134849286035,-1.455314648334205,1.5060814383923926,0.8672659968270935,True,1.0,True,1.0,False,,MACD_FAIL
GFC_2007_2009,CB,legacy,MACD_PASS,2009-09-25,2009-09-28,43.989,GREEN,90.993,88.40843999999998,78.261615,-0.17182801454988306,-0.2790191536118884,-0.29476293967193545,True,2009-09-21,41.728,5.418424079754591,False,,7.497328877673959,-0.4251062765691316,7.497328877673959,-0.4251062765691316,3.9759939984996384,4.751187796949252,6.5266316579144945,3.2212598604196563,True,0.0,True,0.0,True,3.0,MACD_PASS
GFC_2007_2009,BDX,legacy,MACD_FAIL,2009-09-28,2009-09-29,61.932,GREEN,92.622,88.62082000000001,78.33223,-0.14755567535410763,-0.23185198454805156,-0.17421087849291345,False,2009-09-25,59.825,3.521938988717088,True,3.0,0.0855777304139993,-5.3316540722082255,0.0855777304139993,-5.189562746237808,-4.196538138603634,-2.425240586449662,-4.253051734160051,-4.367693599431643,False,,False,,False,,MACD_FAIL
GFC_2007_2009,PGR,legacy,MACD_FAIL,2009-09-28,2009-09-29,13.005,GREEN,92.622,88.62082000000001,78.33223,-0.05634548402779829,-0.07426363697023836,-0.051994515762960214,False,2009-09-25,12.528,3.8074712643678232,True,2.0,1.5378700499807607,-5.859284890426764,0.29219530949633477,-4.429065743944638,-1.7839292579777122,-2.7758554402153024,-1.3610149942330008,-3.6063052672049345,False,,False,,False,,MACD_FAIL
GFC_2007_2009,ADM,legacy,MACD_FAIL,2009-09-29,2009-09-30,24.573,GREEN,92.341,88.81013999999999,78.410885,-0.10644783154889748,-0.13125743604052853,-0.11618808113866747,False,2009-09-28,23.147,6.160625567028144,False,,9.481951735644811,-4.248565498718104,9.481951735644811,-4.248565498718104,2.1120742278110116,3.528262727383713,8.525617547714969,2.392870223415944,True,4.0,True,6.0,True,13.0,MACD_FAIL
GFC_2007_2009,FITB,legacy,MACD_PASS,2009-09-29,2009-09-30,8.4439,GREEN,92.341,88.81013999999999,78.410885,-0.07969851586231683,-0.09915030159377859,-0.11346382623935078,True,2009-09-25,7.9703,5.942059897368979,True,2.0,9.213751939269766,-12.315399282322147,1.8013003469960598,-9.41389642226932,1.5987872902331945,3.5990478333471465,1.2008668979973658,-11.51363706344224,False,,False,,False,,MACD_PASS
GFC_2007_2009,BAC,legacy,MACD_FAIL,2009-10-05,2009-10-06,16.224,GREEN,90.618,89.30254,78.65260500000001,-0.1260723278295629,-0.16131577977430567,-0.14727555944133996,False,2009-10-02,14.725,10.179966044142619,True,14.0,10.996055226824453,-17.948717948717952,10.996055226824453,-12.432199211045358,3.500986193293887,-1.152613412228809,-10.219428007889542,-13.97928994082841,True,2.0,True,4.0,True,6.0,MACD_FAIL
GFC_2007_2009,TGT,legacy,MACD_FAIL,2009-10-05,2009-10-06,39.301,GREEN,90.618,89.30254,78.65260500000001,-0.2839651164060476,-0.3256129071631715,-0.2965987853470414,False,2009-10-02,37.767,4.061747027828533,False,,8.783491514210828,-0.14757894201165023,8.783491514210828,-0.14757894201165023,5.274674944657898,4.997328312256677,1.8116587364189085,3.4884608534133887,True,1.0,True,2.0,True,4.0,MACD_FAIL
GFC_2007_2009,DOV,legacy,MACD_PASS,2009-10-06,2009-10-07,27.201,GREEN,91.918,89.42730000000002,78.723255,-0.14918576901338498,-0.16652394356216438,-0.172710694058269,True,2009-10-05,26.475,2.742209631728043,False,,9.584206462997692,-1.6139112532627453,9.584206462997692,-1.6139112532627453,5.911547369581993,5.069666556376595,-1.0551082680783752,2.135950884158677,True,1.0,True,2.0,True,5.0,MACD_PASS
GFC_2007_2009,GWW,legacy,MACD_PASS,2009-10-06,2009-10-07,77.637,GREEN,91.918,89.42730000000002,78.723255,-0.2441331764069638,-0.3433501083000108,-0.3979475504401344,True,2009-10-02,75.03,3.4746101559376186,False,,11.673557710885273,-0.5577237657302669,11.673557710885273,-0.5577237657302669,5.722786815564751,8.749694089158533,5.641639939719467,7.229800224119942,True,1.0,True,2.0,True,3.0,MACD_PASS
GFC_2007_2009,JNJ,legacy,MACD_FAIL,2009-10-06,2009-10-07,48.97,GREEN,91.918,89.42730000000002,78.723255,-0.09059671573412895,-0.10880463311583571,-0.09106376237542035,False,2009-10-05,48.296,1.3955607089614075,True,17.0,4.272003267306501,-2.311619358791095,4.272003267306501,-2.311619358791095,0.6309985705534205,0.23483765570757598,-1.0006126199714194,-1.0782111496834723,True,2.0,True,3.0,False,,MACD_FAIL
GFC_2007_2009,LEG,legacy,MACD_FAIL,2009-10-06,2009-10-07,14.616,GREEN,91.918,89.42730000000002,78.723255,-0.11683918893992026,-0.12549245703938178,-0.11302233714790771,False,2009-10-05,14.241,2.633242047609019,False,,14.538861521620138,-1.388888888888884,14.538861521620138,-1.388888888888884,5.890804597701149,2.8872468527640915,4.0161466885604735,3.0582922824302194,True,3.0,True,4.0,True,5.0,MACD_FAIL
GFC_2007_2009,MMM,legacy,MACD_PASS,2009-10-06,2009-10-07,62.473,GREEN,91.918,89.42730000000002,78.723255,-0.2692892591681576,-0.34290816648652966,-0.3626579377949286,True,2009-10-02,60.844,2.6773387679968508,False,,7.766555151825605,-1.0964736766283067,7.766555151825605,-1.0964736766283067,4.120179917724465,3.7968402349815022,1.2549421350023238,0.7235125574247991,True,3.0,True,5.0,True,6.0,MACD_PASS
GFC_2007_2009,MTB,legacy,MACD_FAIL,2009-10-06,2009-10-07,51.909,GREEN,91.918,89.42730000000002,78.723255,-0.3695397171214744,-0.4726015614603254,-0.4483635203166717,False,2009-10-05,50.452,2.8878934432728043,False,,12.81280702768306,-2.0015796875301084,12.81280702768306,-2.0015796875301084,8.584253212352388,6.973742510932612,4.679342695871624,-1.6124371496272216,True,1.0,True,2.0,True,2.0,MACD_FAIL
GFC_2007_2009,SLM,legacy,MACD_PASS,2009-10-06,2009-10-07,2.812,GREEN,91.918,89.42730000000002,78.723255,-0.013311477603001082,-0.019444280374129038,-0.02038109208499755,True,2009-10-02,2.6252,7.115648331555691,False,,34.72972972972974,-0.7005689900426715,34.72972972972974,-0.7005689900426715,11.536273115220496,25.174253200568984,17.599573257468016,13.75177809388337,True,0.0,True,0.0,True,1.0,MACD_PASS
GFC_2007_2009,VFC,legacy,MACD_PASS,2009-10-06,2009-10-07,15.231,GREEN,91.918,89.42730000000002,78.723255,-0.07076118599336859,-0.0906217262515546,-0.09881981892803793,True,2009-10-05,14.7,3.6122448979591937,False,,11.49629046024554,-1.9237082266430283,11.49629046024554,-1.9237082266430283,6.604950430043988,5.863042479154346,-1.1686691615783507,0.026262228350071304,True,1.0,True,1.0,True,1.0,MACD_PASS
GFC_2007_2009,LOW,legacy,MACD_FAIL,2009-10-07,2009-10-08,18.317,GREEN,92.167,89.5651,78.799955,-0.10538453031556128,-0.10044940525635954,-0.12559095617298266,False,2009-09-29,17.645,3.808444318503823,True,13.0,6.22918600207456,-7.47939072992303,6.22918600207456,-3.9580717366381024,4.574984986624453,2.2711142654364913,-3.483103128241538,-3.040890975596433,True,2.0,True,2.0,True,4.0,MACD_FAIL
GFC_2007_2009,WMT,legacy,MACD_PASS,2009-10-07,2009-10-08,42.102,GREEN,92.167,89.5651,78.799955,-0.06286416280915524,-0.09745116689523431,-0.14000895057750962,True,2009-09-28,41.42,1.6465475615644598,False,,4.985511377131746,-0.26364543252100914,4.985511377131746,-0.26364543252100914,2.8668471806565066,1.9167735499501237,1.7576362168068016,3.5342739062277584,True,3.0,True,6.0,False,,MACD_PASS
GFC_2007_2009,BCR,legacy,MACD_PASS,2009-10-08,2009-10-09,74.876,GREEN,92.872,89.72116,78.8851,-0.30955257360908317,-0.4071765642198364,-0.443137332003947,True,2009-09-23,73.299,2.1514618207615355,True,5.0,1.3088305999251926,-5.055024306854017,0.5889737699663389,-2.2957957155831044,-2.2330252684438445,-1.526523852769912,-3.6700678455045765,0.5889737699663389,False,,False,,False,,MACD_PASS
GFC_2007_2009,EMR,legacy,MACD_FAIL,2009-10-08,2009-10-09,31.869,GREEN,92.872,89.72116,78.8851,-0.22126089824395967,-0.24210911428019954,-0.2405272131010956,False,2009-10-05,31.175,2.2261427425821934,True,15.0,6.084282531613794,-4.242367190686879,3.548903322978436,-3.583419624086104,0.02824060999717659,1.4559603376321784,-3.473595029652643,5.415921428347303,True,3.0,True,10.0,False,,MACD_FAIL
GFC_2007_2009,FHN,legacy,MACD_PASS,2009-10-09,2009-10-12,12.005,GREEN,93.437,89.87078,78.976995,-0.05699599821665707,-0.09466972114311531,-0.10572704766733788,True,2009-10-01,11.258,6.6352815775448715,True,10.0,8.74635568513118,-12.927946688879643,8.74635568513118,-7.246980424823002,2.1074552269887414,-6.29737609329446,-10.73719283631821,-3.7067888379841762,True,2.0,True,2.0,True,4.0,MACD_PASS
GFC_2007_2009,NUE,legacy,MACD_PASS,2009-10-14,2009-10-15,36.594,GREEN,95.217,90.29724,79.25444499999999,-0.14423202353134532,-0.2261780558935636,-0.24401393347289196,True,2009-10-01,35.461,3.1950593609881395,True,7.0,3.2710280373831724,-15.915177351478393,3.2710280373831724,-5.00628518336339,-2.92397660818714,-9.359457834617713,-12.586762857299016,-10.769525058752805,True,4.0,True,4.0,False,,MACD_PASS
GFC_2007_2009,SNV,legacy,MACD_FAIL,2009-10-22,2009-10-23,20.286,GREEN,95.237,91.20504,79.71601,-0.21015207860237298,-0.2852772412538109,-0.21308239494141917,False,2009-10-21,20.286,0.0,True,0.0,1.552795031055898,-51.70068027210885,1.552795031055898,-13.92586019915214,-31.262939958592128,-34.358671004633734,-40.25929212264616,-47.98876072167998,False,,False,,False,,MACD_FAIL
GFC_2007_2009,KO,legacy,MACD_PASS,2009-10-28,2009-10-29,21.83,GREEN,90.957,91.65906,80.02803,-0.11767442969541284,-0.12307971232782955,-0.12315733753784947,True,2009-10-27,21.653,0.8174386920980936,False,,9.166284928996804,-1.4154832798900507,9.166284928996804,-1.4154832798900507,1.6399450297755358,4.516720109940442,6.2803481447549325,6.839212093449398,True,7.0,True,7.0,True,9.0,MACD_PASS
GFC_2007_2009,BDX,legacy,MACD_FAIL,2009-10-29,2009-10-30,59.535,GREEN,92.909,91.77566,80.12507000000001,-0.05845638979679674,-0.12448095597344988,-0.0838477411138916,False,2009-10-27,58.139,2.4011420905072134,False,,12.23985890652559,-0.3812883177962467,12.23985890652559,-0.3812883177962467,4.058117073990086,7.269673301419344,8.717561098513471,10.338456370202408,True,1.0,True,2.0,True,6.0,MACD_FAIL
GFC_2007_2009,CINF,legacy,MACD_FAIL,2009-10-29,2009-10-30,19.836,GREEN,92.909,91.77566,80.12507000000001,-0.06895127270033971,-0.09119068892642716,-0.07980572744933827,False,2009-10-27,19.365,2.4322230828814906,False,,3.5944746924783333,-2.374470659407135,3.5944746924783333,-2.374470659407135,0.4688445251058715,1.7090139140955918,-0.8923169993950375,-0.5444646098003436,True,6.0,True,8.0,False,,MACD_FAIL
GFC_2007_2009,PGR,legacy,MACD_FAIL,2009-10-29,2009-10-30,12.652,GREEN,92.909,91.77566,80.12507000000001,-0.03018441243746633,-0.04522596509334896,-0.030074036826957147,False,2009-10-28,12.351,2.4370496316087564,True,0.0,5.951628201074932,-3.4065760354094143,0.5374644325008004,-2.8612077141953796,-2.0075877331647174,3.8808093582042513,2.3632627252608396,1.8732216250395117,False,,False,,False,,MACD_FAIL
GFC_2007_2009,CTL,legacy,MACD_FAIL,2009-11-02,2009-11-03,20.733,GREEN,90.881,91.84395999999998,80.29243000000001,-0.1017538075399734,-0.11338928565452105,-0.10626482999237044,False,2009-10-28,20.535,0.9642074506939435,False,,12.815318574253599,-0.7958327304297463,12.815318574253599,-0.7958327304297463,6.694641392948419,6.82486856701876,9.55963922249554,12.255824048618136,True,1.0,True,2.0,True,2.0,MACD_FAIL
GFC_2007_2009,TGT,legacy,MACD_FAIL,2009-11-02,2009-11-03,40.564,GREEN,90.881,91.84395999999998,80.29243000000001,-0.1548047107708974,-0.19631290021313225,-0.17605481944946144,False,2009-10-30,39.895,1.6769018674019254,True,11.0,3.8704269795878155,-6.37018045557638,3.8704269795878155,-3.3354698747658063,2.7881865693718533,-0.709989152943491,-3.379844196824777,-2.847352332117148,True,4.0,True,5.0,False,,MACD_FAIL
GFC_2007_2009,PPG,legacy,MACD_PASS,2009-11-03,2009-11-04,26.082,GREEN,91.168,91.8734,80.397325,-0.20049033876455466,-0.23302794671527738,-0.24570125564985315,True,2009-10-28,24.905,4.725958642842798,False,,5.46353807223372,-1.7253278122843274,5.46353807223372,-1.7253278122843274,4.524192929990023,3.373974388467138,3.6500268384326295,1.8096771719960048,True,3.0,True,3.0,True,5.0,MACD_PASS
GFC_2007_2009,SWK,legacy,MACD_FAIL,2009-11-03,2009-11-04,42.484,GREEN,91.168,91.8734,80.397325,-0.011232874404559334,-0.23614045268563655,-0.1915044608938623,False,2009-11-02,38.29,10.953251501697569,False,,3.469541474437432,-2.7516241408530373,3.469541474437432,-2.7516241408530373,1.610017889087656,0.7202711609076262,1.0474531588362757,-1.7018171546935301,True,4.0,True,5.0,False,,MACD_FAIL
GFC_2007_2009,AVY,legacy,MACD_PASS,2009-11-04,2009-11-05,30.701,GREEN,91.403,91.90405999999999,80.488235,-0.25805150099487595,-0.28123595248565225,-0.3207277963247912,True,2009-10-30,29.59,3.754646840148701,False,,9.087651868017321,-0.736132373538323,9.087651868017321,-0.736132373538323,5.1594410605517504,4.374450343636993,2.4364027230383334,5.863001205172469,True,0.0,True,2.0,True,2.0,MACD_PASS
GFC_2007_2009,JCI,legacy,MACD_PASS,2009-11-04,2009-11-05,14.55,GREEN,91.403,91.90405999999999,80.488235,-0.10275385681295109,-0.11705817796935264,-0.12517051135519777,True,2009-10-28,14.101,3.1841713353662815,False,,9.828178694158062,-0.4398625429553271,9.828178694158062,-0.4398625429553271,4.646048109965628,7.7044673539518715,5.92439862542955,4.9140893470790425,True,2.0,True,2.0,True,5.0,MACD_PASS
GFC_2007_2009,WMT,legacy,MACD_FAIL,2009-11-04,2009-11-05,42.935,GREEN,91.403,91.90405999999999,80.488235,-0.03032293391272524,-0.05461714929497628,-0.0473660067044198,False,2009-11-03,42.094,1.9979094407754028,False,,9.067194596483063,-0.03726563409807149,9.067194596483063,-0.03726563409807149,5.403516944218012,7.977174799114928,8.158844765342966,7.387911959939442,True,2.0,True,2.0,True,5.0,MACD_FAIL
GFC_2007_2009,BAC,legacy,MACD_PASS,2009-11-05,2009-11-06,14.084,GREEN,93.085,91.96817999999999,80.59322,-0.15527952848927584,-0.21235567784848441,-0.23854291333660943,True,2009-10-23,13.312,5.799278846153855,False,,12.042033513206473,-0.6461232604373701,12.042033513206473,-0.6461232604373701,6.9653507526270975,7.703777335984108,6.106219823913661,6.368929281454139,True,0.0,True,1.0,True,1.0,MACD_PASS
GFC_2007_2009,JNJ,legacy,MACD_PASS,2009-11-05,2009-11-06,48.782,GREEN,93.085,91.96817999999999,80.59322,-0.07462759989378365,-0.12615388913526587,-0.15725638808755543,True,2009-10-27,47.838,1.9733266440904673,False,,8.909023820261574,-0.6190808084949317,8.909023820261574,-0.6190808084949317,2.4906727891435443,3.9522774793981474,4.841949899553111,7.394120782255764,True,2.0,True,6.0,True,11.0,MACD_PASS
GFC_2007_2009,MMM,legacy,MACD_PASS,2009-11-05,2009-11-06,63.606,GREEN,93.085,91.96817999999999,80.59322,-0.25597898954327525,-0.346246020697394,-0.34697113521952394,True,2009-10-30,62.134,2.369073293205015,False,,5.700720057856179,-0.25469295349495047,5.700720057856179,-0.25469295349495047,3.2701317485771764,2.361412445366784,3.430493978555482,4.05622111121593,True,1.0,True,1.0,True,3.0,MACD_PASS
GFC_2007_2009,PEP,legacy,MACD_PASS,2009-11-05,2009-11-06,50.097,GREEN,93.085,91.96817999999999,80.59322,-0.15582677600346717,-0.2104787865998171,-0.21488067107927233,True,2009-11-03,48.972,2.297231070815986,False,,5.7268898337225815,-0.3253687845579667,5.7268898337225815,-0.3253687845579667,1.564963969898403,1.7905263788250858,2.0180849152643843,5.313691438609092,True,1.0,True,2.0,True,20.0,MACD_PASS
GFC_2007_2009,VFC,legacy,MACD_PASS,2009-11-05,2009-11-06,15.708,GREEN,93.085,91.96817999999999,80.59322,-0.10690007389331083,-0.1581290139399852,-0.1642486240136784,True,2009-10-29,14.938,5.154639175257736,False,,4.679144385026746,-3.692386045327223,4.679144385026746,-3.692386045327223,0.9103641456582601,-1.8143621084797612,-1.4769544181308825,-2.2536287242169606,True,1.0,True,1.0,False,,MACD_PASS
GFC_2007_2009,GE,legacy,MACD_PASS,2009-11-06,2009-11-09,12.64,GREEN,93.325,92.03310000000002,80.69783000000001,-0.045064308700608124,-0.11673951833946589,-0.14440013613260821,True,2009-10-23,11.392,10.955056179775301,False,,5.023734177215178,-2.547468354430382,5.023734177215178,-2.547468354430382,1.8987341772152,2.033227848101271,2.990506329113929,0.13449367088607111,True,5.0,True,5.0,True,18.0,MACD_PASS
GFC_2007_2009,LOW,legacy,MACD_FAIL,2009-11-06,2009-11-09,18.609,GREEN,93.325,92.03310000000002,80.69783000000001,0.010927225344849856,-0.07619190862762748,-0.1263906887981085,False,2009-10-27,16.947,9.807045494777844,False,,10.081143532699222,-0.6663442420334342,10.081143532699222,-0.6663442420334342,3.374711161266042,4.051802891074208,7.378150357353963,7.990757160513717,True,1.0,True,3.0,True,5.0,MACD_FAIL
GFC_2007_2009,SHW,legacy,MACD_PASS,2009-11-06,2009-11-09,55.26,GREEN,93.325,92.03310000000002,80.69783000000001,-0.005530159137317137,-0.1350652487775016,-0.2473340178795339,True,2009-10-22,51.833,6.61161808114521,False,,5.025334781035107,-1.48389431777054,5.025334781035107,-1.48389431777054,1.735432500904821,0.903003981179884,3.7242128121606877,2.756062251176261,True,5.0,True,12.0,True,16.0,MACD_PASS
GFC_2007_2009,USB,legacy,MACD_PASS,2009-11-06,2009-11-09,20.488,GREEN,93.325,92.03310000000002,80.69783000000001,-0.10630192156301732,-0.11390723839849082,-0.14380357779041447,True,2009-11-04,19.726,3.862922031836158,True,13.0,4.221983600156198,-5.061499414291292,4.221983600156198,-4.846739554861379,-2.2549785240140507,-1.53748535728232,1.7522452167122227,-3.9193674345958662,True,0.0,True,2.0,False,,MACD_PASS
GFC_2007_2009,BBT,legacy,MACD_PASS,2009-11-09,2009-11-10,20.838,GREEN,95.447,92.14081999999999,80.81056000000001,-0.05540302072003622,-0.12537657873563735,-0.1550647790734419,True,2009-10-23,19.751,5.503518809174213,False,,6.555331605720327,-3.186486227085139,6.555331605720327,-3.186486227085139,-0.6046645551396557,0.07678280065264165,4.515788463384207,3.124100201554847,True,1.0,True,15.0,True,15.0,MACD_PASS
GFC_2007_2009,CB,legacy,MACD_PASS,2009-11-09,2009-11-10,44.853,GREEN,95.447,92.14081999999999,80.81056000000001,-0.20452342160724613,-0.3342524238630137,-0.3749331978750825,True,2009-10-27,43.069,4.142190438598514,True,7.0,0.42137649655540343,-9.14543062894344,0.42137649655540343,-5.297304528125224,-2.6129801796981322,-5.6049762557688565,-5.413238802309772,-5.8279267830468555,False,,False,,False,,MACD_PASS
GFC_2007_2009,FITB,legacy,MACD_PASS,2009-11-09,2009-11-10,8.2071,GREEN,95.447,92.14081999999999,80.81056000000001,-0.0140789899491634,-0.06106806549030319,-0.08034628561124316,True,2009-10-28,7.404,10.846839546191255,False,,12.141925893433726,-4.22317261883004,12.141925893433726,-4.22317261883004,1.9592791607266902,3.088788975399326,8.230678315117391,5.976532514530097,True,4.0,True,4.0,True,14.0,MACD_PASS
GFC_2007_2009,LEG,legacy,MACD_PASS,2009-11-09,2009-11-10,15.242,GREEN,95.447,92.14081999999999,80.81056000000001,-0.06170175400796571,-0.07189202278313711,-0.07405124069406926,True,2009-11-02,14.905,2.2609862462261043,False,,3.7396667104054426,-1.8960766303634746,3.7396667104054426,-1.8960766303634746,3.063902375016392,1.3187245768271794,2.657131610024921,2.3028473953549344,True,1.0,True,1.0,False,,MACD_PASS
GFC_2007_2009,MTB,legacy,MACD_PASS,2009-11-09,2009-11-10,54.17,GREEN,95.447,92.14081999999999,80.81056000000001,-0.40043104617539327,-0.5676209052599115,-0.638554972249245,True,2009-10-30,50.603,7.048989190364208,False,,4.336348532397993,-5.305519660328595,4.336348532397993,-5.305519660328595,-1.7611223924681618,2.739523721617143,1.223924681558053,-1.0688573010891655,True,8.0,True,9.0,False,,MACD_PASS
GFC_2007_2009,PFE,legacy,MACD_PASS,2009-11-09,2009-11-10,13.556,GREEN,95.447,92.14081999999999,80.81056000000001,-0.039355641491532284,-0.06735870060902183,-0.0703264247057674,True,2009-11-03,13.086,3.591624637016655,False,,9.634110357037473,-0.5163765122454866,9.634110357037473,-0.5163765122454866,3.5851283564473313,5.7096488639716725,8.195632930067864,5.318678076128647,True,0.0,True,2.0,True,6.0,MACD_PASS
GFC_2007_2009,STT,legacy,MACD_PASS,2009-11-09,2009-11-10,38.353,GREEN,95.447,92.14081999999999,80.81056000000001,-0.13056912775975205,-0.34656085360974354,-0.42693360765863453,True,2009-10-21,35.393,8.363235668069958,False,,0.48236122337235177,-8.81808463483953,0.48236122337235177,-8.81808463483953,-3.856282429014679,-4.54983964748521,-1.1498448622011326,-5.835267123823429,False,,False,,False,,MACD_PASS
GFC_2007_2009,CMA,legacy,MACD_PASS,2009-11-10,2009-11-11,25.22,GREEN,95.467,92.26496000000002,80.91969999999999,-0.16995303193619654,-0.22691674059666722,-0.3302717524818991,True,2009-10-28,23.735,6.256583105119029,False,,4.940523394131646,-3.271213322759714,4.940523394131646,-3.271213322759714,3.4853291038858147,2.0618556701030855,-1.740681998413962,-0.2180808881839802,True,0.0,True,0.0,False,,MACD_PASS
GFC_2007_2009,RF,legacy,MACD_FAIL,2009-11-13,2009-11-16,4.4026,GREEN,95.492,92.75496,81.24213,0.004210724166687857,-0.005823441508206073,-0.012343858487365078,False,2009-10-26,4.142,6.291646547561536,False,,22.24140280743199,-1.0221232907827171,22.24140280743199,-1.0221232907827171,16.12229137327943,17.96211329668833,16.12229137327943,8.976513878162894,True,0.0,True,1.0,True,1.0,MACD_FAIL
GFC_2007_2009,ADM,legacy,MACD_FAIL,2009-12-01,2009-12-02,26.369,GREEN,96.944,93.80136,82.532955,-0.1614542748405116,-0.2088933020817232,-0.1983388486777049,False,2009-11-25,25.543,3.2337626747054093,False,,3.159012476771972,-3.52307633964124,3.159012476771972,-3.52307633964124,-1.6762107019606343,0.7698433766923252,1.0656452652736181,0.9935909590807368,True,0.0,True,2.0,False,,MACD_FAIL
GFC_2007_2009,SWK,legacy,MACD_PASS,2009-12-02,2009-12-03,42.655,GREEN,96.905,93.87411999999999,82.673235,-0.24170275152586895,-0.28908154231607164,-0.2941015415152427,True,2009-12-01,41.845,1.9357151392042082,True,0.0,7.52080647051927,-3.4087445785957127,0.9635447192591684,-2.175594889227528,-0.14535224475441533,2.37017934591488,6.937053100457158,6.097761106552579,False,,False,,False,,MACD_PASS
GFC_2007_2009,TGT,legacy,MACD_PASS,2009-12-02,2009-12-03,38.882,GREEN,96.905,93.87411999999999,82.673235,-0.15107056973151478,-0.2177266062595343,-0.2235634014800451,True,2009-11-19,37.98,2.3749341758820375,True,1.0,5.174630934622715,-4.189599300447499,0.35749189856488783,-4.058433208168289,-2.319839514428268,0.8873000360063665,3.325446221902162,3.117123604752847,False,,False,,False,,MACD_PASS
GFC_2007_2009,SVU,legacy,MACD_PASS,2009-12-04,2009-12-07,94.129,GREEN,96.73,94.05239999999999,82.959955,-0.7188691372498739,-1.0316010127711621,-1.1285664125699706,True,2009-11-16,89.124,5.615771284951321,True,1.0,1.3088421209191736,-14.42700974194987,1.3088421209191736,-9.593217818100698,-8.693388859968776,-12.62735182568604,-12.835576708559538,-11.177214248531275,False,,False,,False,,MACD_PASS
GFC_2007_2009,MTB,legacy,MACD_FAIL,2009-12-08,2009-12-09,53.058,GREEN,95.482,94.22126,83.257605,-0.23747089355319156,-0.28542837494705636,-0.1418349161070539,False,2009-12-07,51.296,3.434965689332503,False,,17.41490444419316,-1.9111161370575669,17.41490444419316,-1.9111161370575669,-0.46175882995965756,4.64208978853331,5.63345772550794,16.61012476912058,True,2.0,True,8.0,True,9.0,MACD_FAIL
GFC_2007_2009,MCD,legacy,MACD_PASS,2009-12-11,2009-12-14,50.399,GREEN,96.809,94.52102000000001,83.71659000000001,-0.35500497739004033,-0.4204022959407883,-0.44655452867243506,True,2009-12-04,48.61,3.6803126928615537,False,,2.682592908589454,-1.9107521974642383,2.682592908589454,-1.9107521974642383,0.6607273953848303,2.1528204924700978,-1.2857397964245343,0.5396932478819005,True,7.0,False,,False,,MACD_PASS
GFC_2007_2009,VFC,legacy,MACD_PASS,2009-12-11,2009-12-14,15.727,GREEN,96.809,94.52102000000001,83.71659000000001,-0.020436131334602314,-0.045934450220391075,-0.05163373575874604,True,2009-12-09,15.049,4.505282743039407,False,,3.0457175557957683,-3.3700006358491796,3.0457175557957683,-3.3700006358491796,-1.4688115978889749,0.32428308005341133,0.7884529789534023,1.6722833343930876,True,16.0,True,18.0,False,,MACD_PASS
GFC_2007_2009,BAC,legacy,MACD_PASS,2009-12-14,2009-12-15,14.566,GREEN,97.447,94.68421999999998,83.89630500000001,-0.02016745793369293,-0.03185574167676532,-0.04636924649475467,True,2009-12-10,14.227,2.382793280382378,True,2.0,11.190443498558288,-3.995606206233704,0.3913222573115327,-3.995606206233704,-0.7757792118632478,-2.464643690786761,9.577097349993124,8.856240560208706,False,,False,,False,,MACD_PASS
GFC_2007_2009,LLY,legacy,MACD_PASS,2009-12-15,2009-12-16,28.23,GREEN,96.993,94.81172000000001,84.076055,-0.2246685227719714,-0.24299402493143651,-0.24701751104766534,True,2009-12-14,27.578,2.364203350496785,True,15.0,2.061636556854407,-3.0712008501594057,2.061636556854407,-3.0712008501594057,0.0,-0.6376195536663132,-2.624867162592981,-0.340063761955367,True,4.0,False,,False,,MACD_PASS
GFC_2007_2009,FITB,legacy,MACD_PASS,2009-12-21,2009-12-22,8.6126,GREEN,96.973,95.1258,84.79754500000001,-0.039245192710824744,-0.06521376723102801,-0.07102401247382661,True,2009-12-17,7.9703,8.058667804223196,False,,24.74746301929729,-4.316931008057967,24.74746301929729,-4.316931008057967,-3.9233216450317077,8.745326614495031,15.516800966026501,18.744629960755166,True,8.0,True,9.0,True,10.0,MACD_PASS
GFC_2007_2009,RF,legacy,MACD_PASS,2009-12-21,2009-12-22,4.9325,GREEN,96.973,95.1258,84.79754500000001,-0.02817297111589187,-0.03460724876400722,-0.03981721173426504,True,2009-12-15,4.69,5.1705756929637525,False,,32.42777496198681,-5.650278763304605,32.42777496198681,-5.650278763304605,-3.097820577800303,12.387227572225035,19.31677648251393,20.22301064368981,True,8.0,True,9.0,True,10.0,MACD_PASS
GFC_2007_2009,USB,legacy,MACD_PASS,2009-12-21,2009-12-22,19.642,GREEN,96.973,95.1258,84.79754500000001,-0.07289496379479593,-0.13096239434442358,-0.15253713734587204,True,2009-12-09,18.647,5.335978977851674,False,,17.045107422869354,-3.243050605844622,17.045107422869354,-3.243050605844622,-2.092454943488431,5.401690255574798,10.452092454943497,7.585785561551783,True,8.0,True,9.0,True,10.0,MACD_PASS
GFC_2007_2009,WMT,legacy,MACD_FAIL,2009-12-21,2009-12-22,45.442,GREEN,96.973,95.1258,84.79754500000001,-0.2591180258621359,-0.28816123396342813,-0.269143524215509,False,2009-12-17,44.464,2.1995322058294464,False,,3.2546982967298854,-1.4413978257999283,3.2546982967298854,-1.4413978257999283,1.5734342678579205,0.2596716693807455,1.406188107917794,-0.9704678491263663,True,7.0,True,14.0,False,,MACD_FAIL
GFC_2007_2009,ADP,legacy,MACD_PASS,2009-12-22,2009-12-23,31.694,GREEN,97.32,95.19619999999999,84.96978500000002,-0.1224750421244479,-0.1509370149787745,-0.17568185568441344,True,2009-12-17,30.993,2.2618010518504095,True,19.0,1.438758124566153,-4.335205401653308,1.438758124566153,-4.243705433205025,-0.2397930207610255,-1.1642582192213036,-1.5239477503628418,-3.8461538461538436,False,,False,,False,,MACD_PASS
GFC_2007_2009,AVY,legacy,MACD_PASS,2009-12-22,2009-12-23,31.008,GREEN,97.32,95.19619999999999,84.96978500000002,-0.14767029363061457,-0.18354681192404673,-0.21126165244502199,True,2009-12-17,30.165,2.7946295375435026,False,,8.262383900928793,-2.231682146542824,8.262383900928793,-2.231682146542824,-1.8027605779153633,2.4509803921568762,6.25,3.82481940144479,True,7.0,True,7.0,True,11.0,MACD_PASS
GFC_2007_2009,CTL,legacy,MACD_PASS,2009-12-22,2009-12-23,22.906,GREEN,97.32,95.19619999999999,84.96978500000002,-0.11462527326788324,-0.13906722556755652,-0.1457890606763086,True,2009-12-18,22.288,2.7727925340990556,True,9.0,2.868244128176034,-5.5924211996856705,2.868244128176034,-3.1782065834279116,0.6592159259582564,-3.1520125731249404,-2.5015279839343374,-3.3441019820134366,True,3.0,False,,False,,MACD_PASS
GFC_2007_2009,KO,legacy,MACD_FAIL,2009-12-22,2009-12-23,23.331,GREEN,97.32,95.19619999999999,84.96978500000002,-0.10866671680684403,-0.10597155683374143,-0.09341525604316442,False,2009-12-21,23.208,0.5299896587383612,True,7.0,1.3415627277013398,-5.8034374866058,1.3415627277013398,-1.8558998757018497,-0.35574986070034953,-3.591787750203601,-1.5987313017016058,-4.993356478504984,False,,False,,False,,MACD_FAIL
GFC_2007_2009,PEP,legacy,MACD_PASS,2009-12-22,2009-12-23,50.001,GREEN,97.32,95.19619999999999,84.96978500000002,-0.2498242050981527,-0.30577724278290525,-0.3559883404939106,True,2009-12-14,48.275,3.5753495598135565,False,,3.367932641347182,-1.2999740005199878,3.367932641347182,-1.2999740005199878,-0.11799764004719604,-0.16599668006639368,2.3359532809343886,-1.0519789604207852,True,7.0,True,14.0,False,,MACD_PASS
GFC_2007_2009,PPG,legacy,MACD_PASS,2009-12-23,2009-12-24,26.446,GREEN,97.525,95.27446,85.141,-0.029406743384335604,-0.062132052727394554,-0.08857653909810563,True,2009-12-18,25.688,2.9507941451261344,False,,8.273462905543362,-1.436890266959101,8.273462905543362,-1.436890266959101,2.1023973379717065,3.924979202904022,8.224306133252647,1.0398547984572293,True,5.0,True,6.0,True,13.0,MACD_PASS
