window,ticker,data_source,signal_type,signal_date,entry_date,entry_open,regime,spy_close,spy_ma50,spy_ma200,macd_hist,macd_hist_1,macd_hist_2,macd_pass,swing_start,swing_low,swing_distance_pct,stop_hit_20d,days_to_stop,mfe_20d_pct,mae_20d_pct,mfe_before_stop_pct,mae_before_stop_pct,ret_5d_pct,ret_10d_pct,ret_15d_pct,ret_20d_pct,hit_2pct_before_stop,days_to_2pct,hit_3pct_before_stop,days_to_3pct,hit_5pct_before_stop,days_to_5pct,macd_group
BEAR_2022,NUE,yfinance,MACD_FAIL,2022-01-12,2022-01-13,106.71646836468072,GREEN,443.191650390625,438.34759643554685,411.9108235168457,-0.35554187311823804,-0.4358885356532334,-0.17233284432682705,False,2022-01-11,100.55686940257469,6.125487993710665,True,2.0,8.210525079058506,-22.368415170348488,1.9035071657415026,-7.56139289717761,-18.377189759421807,-12.464906796612585,-2.403509972922291,3.8684287736334477,False,,False,,False,,MACD_FAIL
BEAR_2022,PG,yfinance,MACD_FAIL,2022-01-19,2022-01-20,142.4562194370952,GREEN,425.0601501464844,438.0079052734375,413.05893020629884,-0.7177174452422954,-0.974287621720678,-0.8559356971105219,False,2022-01-18,138.0807881584662,3.168747323203003,False,,3.26631109336617,-4.221830055454845,3.26631109336617,-4.221830055454845,-0.6182704613820422,2.510635517314408,-1.8423585915753105,-0.18735836332833822,True,0.0,True,1.0,False,,MACD_FAIL
BEAR_2022,CB,yfinance,MACD_FAIL,2022-01-24,2022-01-25,183.1850307303101,GREEN,413.8538818359375,436.68198059082033,413.577098236084,-0.5822858749447095,-0.7538687536776705,-0.6156015116770843,False,2022-01-21,177.07540382885165,3.45029674892825,False,,9.00199793299954,-2.5528805530264598,9.00199793299954,-2.5528805530264598,2.8720089542991767,7.004979785231846,4.817530263756287,3.6646145556764598,True,2.0,True,5.0,True,6.0,MACD_FAIL
BEAR_2022,DOV,yfinance,MACD_FAIL,2022-01-25,2022-01-26,162.13745547061492,YELLOW,408.801025390625,436.16115478515627,413.7037190246582,-1.2598282515800223,-1.0686871496493409,-0.985191570184998,False,2022-01-21,156.8705930979354,3.3574567856649695,True,6.0,2.117001695839993,-11.757171478109797,2.117001695839993,-5.464531428315356,-0.7056503743162468,-2.262778992978143,-4.968804985996322,-9.39524080217412,True,1.0,False,,False,,MACD_FAIL
BEAR_2022,GPC,yfinance,MACD_FAIL,2022-01-25,2022-01-26,116.74273707984011,YELLOW,408.801025390625,436.16115478515627,413.7037190246582,-0.8351761585878208,-0.7953408708753232,-0.9691302578590445,False,2022-01-19,112.45922288540106,3.8089487767526853,True,11.0,2.0375821359811974,-13.060153520054929,2.0375821359811974,-4.81954633358389,1.684197818031663,-0.6766895653918747,-2.285712975101162,-9.12782021778147,True,5.0,False,,False,,MACD_FAIL
BEAR_2022,GWW,yfinance,MACD_FAIL,2022-01-25,2022-01-26,466.1045348784898,YELLOW,408.801025390625,436.16115478515627,413.7037190246582,-3.0399125189824376,-2.7725371212712506,-2.8943166012286814,False,2022-01-21,454.5218825829521,2.5483156563806952,True,11.0,7.641401781085433,-6.7405363379930305,7.641401781085433,-3.8309440536534622,2.66527367356324,0.2253512397914159,-2.396915386577214,-4.148342814363081,True,4.0,True,4.0,True,6.0,MACD_FAIL
BEAR_2022,ITW,yfinance,MACD_FAIL,2022-01-25,2022-01-26,211.1882123363355,YELLOW,408.801025390625,436.16115478515627,413.7037190246582,-1.3638743623384013,-1.1511756952940284,-1.0954955452897146,False,2022-01-21,206.6879843180967,2.177305097384319,True,7.0,5.057207594607349,-10.97784521328422,5.057207594607349,-4.215067533309935,0.36577847527268226,-3.555775791389182,-6.3927612073355515,-8.919236054772705,True,6.0,True,6.0,True,6.0,MACD_FAIL
BEAR_2022,JNJ,yfinance,MACD_FAIL,2022-01-25,2022-01-26,147.3833944783963,YELLOW,408.801025390625,436.16115478515627,413.7037190246582,-0.7693065741573162,-1.0217467752091962,-0.929099610134747,False,2022-01-14,139.2198851849617,5.863752353041307,False,,3.62903102242802,-6.458374228987873,3.62903102242802,-6.458374228987873,3.1216628516439915,2.3576745982359038,-0.19694897771567188,-5.004671677539918,True,1.0,True,3.0,False,,MACD_FAIL
BEAR_2022,ALB,yfinance,MACD_FAIL,2022-01-26,2022-01-27,201.2120775169926,YELLOW,407.7754821777344,435.55418579101564,413.8195297241211,-2.2025127485228904,-2.0888197295345154,-1.6903959972585136,False,2022-01-20,186.37854067350293,7.9588222924628305,True,15.0,16.515509445457276,-20.15694813468253,16.515509445457276,-8.457465146095721,1.0477827805378537,10.90540019676871,-7.428473856569317,-9.810651014403826,True,2.0,True,2.0,True,3.0,MACD_FAIL
BEAR_2022,BEN,yfinance,MACD_FAIL,2022-01-26,2022-01-27,25.535018756288547,YELLOW,407.7754821777344,435.55418579101564,413.8195297241211,-0.3155836678055644,-0.3204950379021955,-0.28719017275305214,False,2022-01-20,24.00164640566512,6.388613200557369,True,15.0,2.7691301993211237,-13.814563318384876,2.7691301993211237,-6.782830129980377,-3.6714653749858384,-2.3335436435622414,-6.316123505180671,-6.004994724110269,True,3.0,False,,False,,MACD_FAIL
BEAR_2022,ESS,yfinance,MACD_FAIL,2022-01-26,2022-01-27,278.8276983098833,YELLOW,407.7754821777344,435.55418579101564,413.8195297241211,-1.9235047378643493,-1.828748018076145,-1.7402675507880598,False,2022-01-19,271.8398752429154,2.570565874753883,True,0.0,2.8607081639915766,-6.972920905038526,1.042456602687536,-3.184938803926207,-0.06364513778567282,-3.1334107103366593,-4.6637458660188535,-1.627307694566782,False,,False,,False,,MACD_FAIL
BEAR_2022,MKC,yfinance,MACD_FAIL,2022-01-27,2022-01-28,88.3279903338221,YELLOW,405.761962890625,434.90394470214846,413.9318403625488,-0.36250907355352946,-0.6719100659346517,-0.553164672807001,False,2022-01-26,82.28943866084869,7.33818552081873,False,,5.715727146858174,-5.888978749024343,5.715727146858174,-5.888978749024343,3.6474626199034077,2.6490023837916654,-0.3668148219581946,-3.0361789798215133,True,1.0,True,3.0,True,4.0,MACD_FAIL
BEAR_2022,WST,yfinance,MACD_FAIL,2022-02-24,2022-02-25,372.9723682663992,YELLOW,402.99566650390625,428.03062316894534,416.68868072509764,-1.6795169723333592,-2.5938978803352732,-1.641336832256517,False,2022-02-23,344.9075084825873,8.13692340514205,False,,10.909524512833201,-5.029667148870621,10.909524512833201,-5.029667148870621,2.5505702487187643,-3.800747351047473,9.83419938149732,7.331269837656329,True,0.0,True,1.0,True,13.0,MACD_FAIL
BEAR_2022,AOS,yfinance,MACD_FAIL,2022-02-25,2022-02-28,62.67903362376843,YELLOW,411.8873596191406,427.5792126464844,416.85975204467775,-0.17889199563771951,-0.27943554892935785,-0.23489065801839892,False,2022-01-19,59.89921196984549,4.640831761396735,False,,2.019880316566658,-5.005859939502644,2.019880316566658,-5.005859939502644,-1.4636940961682332,-3.571444207717611,-0.5854907488703653,-2.429756120511306,True,2.0,False,,False,,MACD_FAIL
BEAR_2022,BEN,yfinance,MACD_FAIL,2022-02-25,2022-02-28,23.429608719294965,YELLOW,411.8873596191406,427.5792126464844,416.85975204467775,-0.05726528494636596,-0.12041668365952884,-0.10156814507489076,False,2022-02-22,22.00746742183961,6.462085210422996,True,5.0,2.000678728949068,-10.308578409523793,2.000678728949068,-8.27400615770687,-7.731449949484004,-9.02001042849917,-6.239411129672279,-5.086475741982199,True,0.0,False,,False,,MACD_FAIL
BEAR_2022,CTAS,yfinance,MACD_FAIL,2022-02-25,2022-02-28,89.37023552398995,YELLOW,411.8873596191406,427.5792126464844,416.85975204467775,0.2295543926806849,0.0948479447586501,-0.018530358026718652,False,2022-02-22,85.4913399593805,4.537179516021661,False,,13.562601950129082,-2.5242045549520142,13.562601950129082,-2.5242045549520142,-0.47480635820539296,0.5955000293152102,4.965261153036504,13.533090462765717,True,2.0,True,3.0,True,13.0,MACD_FAIL
BEAR_2022,DOV,yfinance,MACD_FAIL,2022-02-25,2022-02-28,148.57382292621088,YELLOW,411.8873596191406,427.5792126464844,416.85975204467775,-0.24846856246247517,-0.5579078549628824,-0.552428991308211,False,2022-02-22,143.0746768006908,3.8435495703971645,True,5.0,2.694452528559843,-6.97866124761839,1.596220200447207,-6.352958209088633,-6.231643919916474,-3.3201216863910643,0.9832760510119387,1.2961363396253534,False,,False,,False,,MACD_FAIL
BEAR_2022,GPC,yfinance,MACD_FAIL,2022-02-25,2022-02-28,106.77131123293283,YELLOW,411.8873596191406,427.5792126464844,416.85975204467775,-0.578229401954153,-0.7500330483189448,-0.7010892298028419,False,2022-02-22,101.4959563936989,5.197600994832774,False,,7.643974443174395,-2.151616945606949,7.643974443174395,-2.151616945606949,-1.8038455793220054,1.102534323487947,6.219760847454436,5.689818478589803,True,2.0,True,2.0,True,12.0,MACD_FAIL
BEAR_2022,GWW,yfinance,MACD_FAIL,2022-02-25,2022-02-28,450.4961305054774,YELLOW,411.8873596191406,427.5792126464844,416.85975204467775,0.004236352695333068,-0.8182923353464524,-0.9520152293069977,False,2022-02-23,434.6865893319718,3.636997680973275,False,,9.162648514980255,-1.6355764125362326,9.162648514980255,-1.6355764125362326,4.423933835382909,2.8138721967355673,7.675936570220365,9.130739966746493,True,1.0,True,3.0,True,5.0,MACD_FAIL
BEAR_2022,JNJ,yfinance,MACD_FAIL,2022-02-25,2022-02-28,144.19498791646902,YELLOW,411.8873596191406,427.5792126464844,416.85975204467775,-0.5837602972871669,-0.9874173586321031,-0.8305480135445431,False,2022-02-22,137.864823311596,4.591573436079366,False,,9.400103348625223,-0.3008474544512918,9.400103348625223,-0.3008474544512918,5.734639252017515,5.41535756945275,7.957251192862369,9.185213708047968,True,2.0,True,3.0,True,5.0,MACD_FAIL
BEAR_2022,LOW,yfinance,MACD_FAIL,2022-02-25,2022-02-28,198.5732860487535,YELLOW,411.8873596191406,427.5792126464844,416.85975204467775,-0.7076844475452884,-1.0539841961213536,-0.9157464767146948,False,2022-02-17,188.50112756018495,5.343288190863826,False,,9.716483356785432,-4.529126051128496,9.716483356785432,-4.529126051128496,2.301391237013717,4.257576042388322,4.75929350665194,-1.6017573212770309,True,1.0,True,1.0,True,2.0,MACD_FAIL
BEAR_2022,XOM,yfinance,MACD_FAIL,2022-02-25,2022-02-28,65.79357176817419,YELLOW,411.8873596191406,427.5792126464844,416.85975204467775,-0.6436406558802077,-0.7388918866921408,-0.6804326808337668,False,2022-02-24,63.66094163540749,3.3499820737501462,False,,19.605321114000507,-0.4051825634984185,19.605321114000507,-0.4051825634984185,13.867489003513533,7.018707856420536,7.436950846666934,8.234219299350798,True,0.0,True,0.0,True,1.0,MACD_FAIL
BEAR_2022,LIN,yfinance,MACD_FAIL,2022-03-09,2022-03-10,264.9853968736675,YELLOW,402.15826416015625,422.0887731933594,417.583263092041,-0.09234921883124514,-1.3358100361259453,-1.0495773845659135,False,2022-03-07,251.66802229837134,5.291643512622124,False,,17.273794227280128,-0.13545479120197212,17.273794227280128,-0.13545479120197212,10.276600852480012,13.36705021254696,13.862510243177084,13.370608873421052,True,0.0,True,1.0,True,3.0,MACD_FAIL
BEAR_2022,AMCR,yfinance,MACD_FAIL,2022-03-10,2022-03-11,45.57767401075892,YELLOW,400.34228515625,421.1216973876953,417.63684814453126,-0.25690393328432926,-0.24882876834241735,-0.28844800469501286,False,2022-03-07,44.289704160774114,2.908057017742549,False,,7.474952189814998,-0.8204137844315618,7.474952189814998,-0.8204137844315618,6.381023820769016,3.3728584896324687,5.195996855761353,6.836843983364749,True,1.0,True,1.0,True,1.0,MACD_FAIL
BEAR_2022,SYY,yfinance,MACD_FAIL,2022-03-10,2022-03-11,71.56326079725113,YELLOW,400.34228515625,421.1216973876953,417.63684814453126,-0.9278324815193095,-0.9802616503523085,-0.9781838732837738,False,2022-03-08,66.67951738989242,7.324203291397868,False,,7.831378462510941,-5.9202488027628615,7.831378462510941,-5.9202488027628615,0.6192607044552156,0.21054805653215602,2.649700192353044,6.585780924765339,True,12.0,True,12.0,True,20.0,MACD_FAIL
BULL_2013_2014,ABT,legacy,MACD_FAIL,2013-01-28,2013-01-29,29.738,GREEN,136.43,130.1228,125.9065,-0.06810976902611954,-0.07559396974048105,-0.06762527229900755,False,2013-01-25,29.495,0.823868452280041,False,,7.034770327527062,-0.03026430829242699,7.034770327527062,-0.03026430829242699,2.636357522361954,4.035241105656051,4.701055888089312,3.9108211715650043,True,2.0,True,3.0,True,8.0,MACD_FAIL
BULL_2013_2014,PPG,legacy,MACD_FAIL,2013-02-05,2013-02-06,64.106,GREEN,137.35,131.6206,126.31115000000001,-0.46563674165448465,-0.4459715145248966,-0.42245356666036216,False,2013-02-04,63.672,0.6816182937555038,True,4.0,1.547437057373724,-6.651483480485442,1.2791314385549146,-1.8095030106386245,0.8501544317224718,-5.284996724175572,-1.945215736436512,-1.3649268399213654,False,,False,,False,,MACD_FAIL
BULL_2013_2014,APD,legacy,MACD_FAIL,2013-02-07,2013-02-08,77.232,GREEN,137.27,132.016,126.4535,-0.28567471184846394,-0.2808879856986912,-0.2754381076345591,False,2013-02-06,76.547,0.8948750440905595,True,8.0,1.9214833229749262,-3.883105448518742,1.8062461155997411,-2.910710586285481,0.7781748498031815,-3.7898798425523017,-1.3828464885021763,1.4631240936399337,False,,False,,False,,MACD_FAIL
BULL_2013_2014,SWK,legacy,MACD_FAIL,2013-02-12,2013-02-13,70.042,GREEN,138.22,132.64700000000002,126.67849999999999,-0.1800072463857525,-0.2541038862267716,-0.21833422918174128,False,2013-02-11,68.451,2.3242903682926697,True,7.0,5.378201650438297,-3.1980811513092067,2.498500899460332,-3.122412266925556,-1.9088546871876888,1.4662630992832826,1.3563290597070399,5.206875874475303,True,3.0,False,,False,,MACD_FAIL
BULL_2013_2014,BF-B,legacy,MACD_FAIL,2013-02-15,2013-02-19,30.976,GREEN,138.3,133.2778,126.87615,-0.007341883986685532,-0.03474360362926564,-0.03239577654565111,False,2013-02-13,30.323,2.153480856115819,False,,5.859375,0.0,5.859375,0.0,0.6714876033057982,4.3194731404958775,4.535769628099184,5.336389462809921,True,1.0,True,9.0,True,16.0,MACD_FAIL
BULL_2013_2014,MCD,legacy,MACD_FAIL,2013-02-20,2013-02-21,80.44,GREEN,137.62,133.69899999999998,127.00555,-0.2769574081280095,-0.278732392870651,-0.26579648693772695,False,2013-02-15,80.241,0.24800289128998898,False,,7.557185479860773,-0.15042267528592168,7.557185479860773,-0.15042267528592168,3.457235206365006,4.74390850323223,7.141969169567375,6.29537543510692,True,2.0,True,2.0,True,11.0,MACD_FAIL
BULL_2013_2014,BCR,legacy,MACD_FAIL,2013-02-27,2013-02-28,96.584,GREEN,138.11,134.4964,127.367,-0.3337034659530087,-0.40875103201164864,-0.39599754618874977,False,2013-02-26,94.798,1.8840059916875873,False,,3.5264640106021705,-1.2838565393854195,3.5264640106021705,-1.2838565393854195,0.5943013335542036,3.0398409674480265,1.1016317402468223,1.8346724095088085,True,6.0,True,6.0,False,,MACD_FAIL
BULL_2013_2014,LOW,legacy,MACD_FAIL,2013-02-27,2013-02-28,34.833,GREEN,138.11,134.4964,127.367,-0.3476681877608651,-0.4130021930474181,-0.38459696238285024,False,2013-02-25,33.097,5.245188385654287,False,,5.164642723853818,-0.5023971521258441,5.164642723853818,-0.5023971521258441,2.5406941693222107,3.8698934918037553,0.05454597651650683,0.4794304251715342,True,1.0,True,4.0,True,7.0,MACD_FAIL
BULL_2013_2014,WAG,legacy,MACD_FAIL,2013-03-08,2013-03-11,36.969,GREEN,141.35,135.8604,128.0919,-0.21922065732375628,-0.24283910940574227,-0.21985590941215416,False,2013-03-07,36.258,1.9609465497269607,False,,19.446022343044177,-0.17041304877060126,19.446022343044177,-0.17041304877060126,4.712056046958257,13.99280478238525,16.789742757445424,19.226919851767697,True,0.0,True,2.0,True,2.0,MACD_FAIL
BULL_2013_2014,CL,legacy,MACD_FAIL,2013-03-20,2013-03-21,51.372,GREEN,142.18,137.6484,129.0412,-0.18533831795024658,-0.24215631707693053,-0.22626811544337866,False,2013-03-18,50.115,2.5082310685423437,False,,5.674297282566387,-0.6676788912247877,5.674297282566387,-0.6676788912247877,3.4357237405590713,2.2911313556022828,3.7374445223078645,5.520517013158921,True,3.0,True,5.0,True,20.0,MACD_FAIL
BULL_2013_2014,EMR,legacy,MACD_FAIL,2013-03-28,2013-04-01,48.143,GREEN,143.08,138.71020000000001,129.81135,-0.158715463067345,-0.17673601584573145,-0.1463036401263382,False,2013-03-27,47.424,1.5161099865047323,True,10.0,3.200880709552778,-4.497019296678639,3.200880709552778,-3.605924018029627,0.7166150842282448,-3.605924018029627,-3.2382693226429504,-0.5089005670606217,True,6.0,True,8.0,False,,MACD_FAIL
BULL_2013_2014,ITW,legacy,MACD_FAIL,2013-03-28,2013-04-01,55.252,GREEN,143.08,138.71020000000001,129.81135,-0.07385230391969339,-0.06493401348660649,-0.014212329210010866,False,2013-03-27,54.665,1.0738132260129873,False,,8.405125606312879,-1.3284586983276614,8.405125606312879,-1.3284586983276614,1.7646420039093558,1.1565192210236663,-0.07601534786071396,6.57894736842104,True,3.0,True,7.0,True,17.0,MACD_FAIL
BULL_2013_2014,CVX,legacy,MACD_FAIL,2013-04-08,2013-04-09,98.817,GREEN,142.65,139.5864,130.5099,-0.3934825996406093,-0.3975319476472132,-0.3552842506309457,False,2013-04-04,97.312,1.5465718513646864,True,6.0,5.042654603964913,-3.274740176285451,2.6847607193094314,-3.274740176285451,-0.8186850440713656,-0.4219921673396132,3.403260572573563,4.29379560197134,True,2.0,False,,False,,MACD_FAIL
BULL_2013_2014,SWK,legacy,MACD_FAIL,2013-04-09,2013-04-10,70.88,GREEN,143.15,139.71740000000003,130.6164,-0.46689425986945166,-0.4726526880333001,-0.4593893900572631,False,2013-04-03,69.273,2.319807139866903,True,6.0,2.7440744920993243,-5.279345372460487,2.7440744920993243,-3.064334085778775,-2.024548532731385,0.10581264108353583,-4.665632054176072,2.294018058690761,True,1.0,False,,False,,MACD_FAIL
BULL_2013_2014,AFL,legacy,MACD_FAIL,2013-04-10,2013-04-11,45.072,GREEN,144.89,139.8866,130.7326,-0.22052839252668166,-0.22655880446010335,-0.17785309004635533,False,2013-04-09,44.24,1.8806509945750394,True,2.0,11.430599929002462,-3.4411608093716795,0.17971246006389663,-2.6668441604543958,-2.7622470713525082,4.532747603833864,9.247426340078091,9.065495207667729,False,,False,,False,,MACD_FAIL
BULL_2013_2014,MKC,legacy,MACD_FAIL,2013-04-10,2013-04-11,65.246,GREEN,144.89,139.8866,130.7326,-0.32706265086017394,-0.3494029519508397,-0.3166569076068779,False,2013-04-09,64.08,1.819600499375773,False,,2.9457744536063757,-1.0958526193176388,2.9457744536063757,-1.0958526193176388,0.19924593078504138,0.5854765043067811,1.894369003463825,2.1166048493394207,True,15.0,False,,False,,MACD_FAIL
BULL_2013_2014,GPC,legacy,MACD_FAIL,2013-04-18,2013-04-19,64.902,GREEN,140.76,140.6442,131.4538,-0.47733727390973646,-0.4527724788241616,-0.390392381857954,False,2013-04-17,65.537,-0.9689183209484753,True,0.0,10.67609626821977,-2.124741918584938,1.8951650180271784,-2.124741918584938,2.1894548704200156,4.999845921543256,6.03217158176943,10.649902930572242,False,,False,,False,,MACD_FAIL
BULL_2013_2014,BCR,legacy,MACD_FAIL,2013-04-23,2013-04-24,97.257,GREEN,144.09,140.9636,131.75635,-0.35459046196325833,-0.3452258964582637,-0.21462347405476612,False,2013-04-22,95.862,1.4552168742567595,False,,8.547456738332437,-1.7654256248907485,8.547456738332437,-1.7654256248907485,0.04215634864328521,3.5915152636828207,7.580945330413225,5.863845275918433,True,7.0,True,10.0,True,12.0,MACD_FAIL
BULL_2013_2014,MDT,legacy,MACD_FAIL,2013-04-23,2013-04-24,42.684,GREEN,144.09,140.9636,131.75635,-0.10360748400548173,-0.1386640722685463,-0.13698396806303575,False,2013-04-19,41.469,2.9298994429573844,False,,15.171961390685041,-1.2159122856339577,15.171961390685041,-1.2159122856339577,-0.18976665729546482,4.437259863180598,6.99793833755038,10.252085090432029,True,7.0,True,10.0,True,11.0,MACD_FAIL
BULL_2013_2014,PNR,legacy,MACD_FAIL,2013-04-23,2013-04-24,48.418,GREEN,144.09,140.9636,131.75635,-0.16000555771502503,-0.3148399782617135,-0.26808229986263776,False,2013-04-19,45.18,7.166888003541394,False,,10.549795530587813,-0.097071337106025,10.549795530587813,-0.097071337106025,0.9438638522863307,4.678012309471691,8.978066008509234,7.66243958858277,True,0.0,True,1.0,True,10.0,MACD_FAIL
BULL_2013_2014,BMS,legacy,MACD_FAIL,2013-05-01,2013-05-02,34.825,GREEN,144.55,141.7382,132.46939999999998,-0.18518223137987933,-0.1813929755021084,-0.19239486350386303,False,2013-04-29,34.543,0.8163737949801853,False,,5.720028715003589,-0.17516152189519518,5.720028715003589,-0.17516152189519518,1.108399138549876,4.051687006460858,3.474515434314407,0.8470926058865569,True,1.0,True,8.0,True,11.0,MACD_FAIL
BULL_2013_2014,CLX,legacy,MACD_FAIL,2013-05-02,2013-05-03,76.235,GREEN,145.88,141.9034,132.58935,-0.4303973532635532,-0.44464366871935557,-0.36452498908830777,False,2013-04-30,73.479,3.7507315015174347,True,19.0,2.1761658031088205,-4.946546861677703,2.1761658031088205,-3.806650488620711,-0.25709975732930435,1.1556371745261362,0.27546402570997053,-3.6912179445136695,True,7.0,False,,False,,MACD_FAIL
BULL_2013_2014,WAG,legacy,MACD_FAIL,2013-05-07,2013-05-08,44.697,GREEN,148.49,142.5692,132.97055,-0.27760551837836567,-0.3354310039881805,-0.28795248548215224,False,2013-05-06,43.577,2.5701631594648555,False,,5.199454102065015,-4.423115645345332,5.199454102065015,-4.423115645345332,2.1231850012304987,2.928608183994452,0.6063046736917377,-0.977694252410688,True,5.0,True,5.0,True,10.0,MACD_FAIL
BULL_2013_2014,HCP,legacy,MACD_FAIL,2013-05-14,2013-05-15,41.917,GREEN,150.9,143.72379999999998,133.66725,-0.12201494552716208,-0.18213352877690303,-0.16458001035397785,False,2013-05-13,40.546,3.381344645587725,True,7.0,4.699763818975589,-15.585561943841409,4.699763818975589,-5.794784932127783,1.1928334565928012,-10.556576090846203,-10.838084786602098,-14.104062790753147,True,3.0,True,4.0,False,,MACD_FAIL
BULL_2013_2014,T,legacy,MACD_FAIL,2013-05-24,2013-05-28,29.36,GREEN,150.97,145.3918,134.77800000000002,-0.08015159252365701,-0.08266979343079915,-0.0786883209911841,False,2013-05-22,28.815,1.891376019434321,True,0.0,0.2997275204359662,-7.956403269754764,0.2997275204359662,-2.3739782016348743,-3.6955040871934686,-3.474114441416898,-2.3467302452316097,-5.439373297002714,False,,False,,False,,MACD_FAIL
BULL_2013_2014,CINF,legacy,MACD_FAIL,2013-05-28,2013-05-29,41.15,GREEN,151.88,145.5834,134.90735,-0.2330418175529483,-0.245966604375995,-0.23616170863771446,False,2013-05-22,40.513,1.5723348061116305,True,4.0,0.554070473876056,-6.150668286755767,0.554070473876056,-3.616038882138517,-4.763061968408266,-4.660996354799507,-2.4860267314702256,-3.8153098420413145,False,,False,,False,,MACD_FAIL
BULL_2013_2014,SYY,legacy,MACD_FAIL,2013-06-04,2013-06-05,30.129,GREEN,149.39,146.4452,135.50424999999998,-0.10158756670891397,-0.11778304326216725,-0.10827053059607966,False,2013-05-31,29.216,3.125,False,,2.157389890139072,-2.827840286766903,2.157389890139072,-2.827840286766903,0.155995884363902,0.13608151614723507,0.0,-0.22569617312224732,True,7.0,False,,False,,MACD_FAIL
BULL_2013_2014,CLX,legacy,MACD_FAIL,2013-06-05,2013-06-06,73.347,GREEN,147.28,146.5602,135.6079,-0.33231709718111624,-0.3161708626976796,-0.36090573520218683,False,2013-05-31,72.464,1.2185361006844753,True,10.0,4.223758299589631,-2.380465458709957,4.223758299589631,-2.380465458709957,2.710403970169195,-1.696047554773883,0.9748183293113666,0.865747747010781,True,1.0,True,6.0,False,,MACD_FAIL
BULL_2013_2014,ABT,legacy,MACD_FAIL,2013-06-07,2013-06-10,33.925,GREEN,150.49,146.8364,135.82745,-0.09651827682238723,-0.14892452729249903,-0.14294679489240641,False,2013-06-06,32.62,4.000613120784791,True,8.0,0.45099484156228,-10.013264554163593,0.45099484156228,-6.402358142962406,-1.538688282977152,-6.673544583640368,-6.514369933677222,-7.289609432571842,False,,False,,False,,MACD_FAIL
BULL_2013_2014,CAH,legacy,MACD_FAIL,2013-06-07,2013-06-10,42.805,GREEN,150.49,146.8364,135.82745,-0.20638344312579315,-0.24360603262741887,-0.2198396064809619,False,2013-06-06,41.53,3.0700698290392348,False,,4.254175914028724,-1.4250671650508084,4.254175914028724,-1.4250671650508084,2.6772573297511926,-0.8713935287933627,1.922672584978402,2.819764046256279,True,3.0,True,5.0,False,,MACD_FAIL
BULL_2013_2014,CVX,legacy,MACD_FAIL,2013-06-07,2013-06-10,103.82,GREEN,150.49,146.8364,135.82745,-0.558554313847341,-0.5632677198855551,-0.44165431236701247,False,2013-06-06,100.18,3.633459772409653,True,8.0,0.6357156617222248,-5.6443845116547875,0.028896166441927384,-4.379695627046809,-1.41591215565402,-4.980735889038712,-3.14968214216913,0.24080138701598752,False,,False,,False,,MACD_FAIL
BULL_2013_2014,EMR,legacy,MACD_FAIL,2013-06-07,2013-06-10,50.537,GREEN,150.49,146.8364,135.82745,-0.18123756858565193,-0.25060836625393484,-0.22940289557807358,False,2013-06-05,48.531,4.133440481341832,True,8.0,0.01978748243860462,-7.818034311494548,0.01978748243860462,-6.349803114549724,-2.4022003680471693,-6.814808951857043,-4.487801017076598,-0.5857094801828389,False,,False,,False,,MACD_FAIL
BULL_2013_2014,GWW,legacy,MACD_FAIL,2013-06-07,2013-06-10,237.96,GREEN,150.49,146.8364,135.82745,-1.1296487995967404,-1.584013810828186,-1.5483752831017492,False,2013-06-06,227.94,4.395893656225325,True,8.0,1.2691208606488313,-5.20255505126912,0.0,-4.878971255673226,-2.5424441082534943,-3.8535888384602535,-2.4794083039166304,0.2941670869053503,False,,False,,False,,MACD_FAIL
BULL_2013_2014,LOW,legacy,MACD_FAIL,2013-06-07,2013-06-10,38.539,GREEN,150.49,146.8364,135.82745,-0.3356693622902357,-0.3986453058873709,-0.3902862424503335,False,2013-06-04,36.668,5.102541725755438,True,9.0,5.770777653805226,-6.515477827655114,0.6227457899789846,-5.558006175562424,-0.5059809543579208,-5.122084122577142,-1.248086354082878,5.360803342069054,False,,False,,False,,MACD_FAIL
BULL_2013_2014,MMM,legacy,MACD_FAIL,2013-06-07,2013-06-10,100.31,GREEN,150.49,146.8364,135.82745,-0.27221539529207195,-0.3819689477986239,-0.3165168684586499,False,2013-06-06,96.898,3.5212285083283446,True,10.0,1.8941282025720207,-3.828132788356098,1.644900807496752,-3.828132788356098,0.4386402153324642,-3.507127903499152,-1.9031003887947429,1.7246535739208424,False,,False,,False,,MACD_FAIL
BULL_2013_2014,PPG,legacy,MACD_FAIL,2013-06-07,2013-06-10,73.11,GREEN,150.49,146.8364,135.82745,-0.5226931630833853,-0.6372078579160521,-0.6110716992054239,False,2013-06-05,69.848,4.6701408773336395,True,9.0,0.7810149090411667,-7.321843797018179,0.7810149090411667,-5.365887019559567,0.0711257009984978,-5.9772944877581775,-4.851593489262751,0.33511147585829626,False,,False,,False,,MACD_FAIL
BULL_2013_2014,SHW,legacy,MACD_FAIL,2013-06-07,2013-06-10,175.66,GREEN,150.49,146.8364,135.82745,-1.4608870584860545,-1.608124769474863,-1.5643779681412995,False,2013-06-05,170.05,3.2990296971478816,True,8.0,0.5123534099965799,-7.508823864283276,0.5123534099965799,-4.48593874530342,-0.20494136399862306,-5.470795855630184,-2.8805647273141277,-0.07969941933279046,False,,False,,False,,MACD_FAIL
BULL_2013_2014,TROW,legacy,MACD_FAIL,2013-06-07,2013-06-10,66.054,GREEN,150.49,146.8364,135.82745,-0.3586984167890144,-0.4450929733120725,-0.4030425328842756,False,2013-06-04,62.954,4.924230390443829,True,9.0,1.5290519877675601,-7.431798225694131,0.7327338238410919,-5.728646259121328,-1.5805250249795622,-6.783843521966881,-2.676597935022862,1.1399763829593956,False,,False,,False,,MACD_FAIL
BULL_2013_2014,XOM,legacy,MACD_FAIL,2013-06-07,2013-06-10,78.728,GREEN,150.49,146.8364,135.82745,-0.2139311035077055,-0.2796360140278702,-0.26281462509578646,False,2013-06-05,76.221,3.2891197963815566,True,10.0,1.6449039731734505,-4.248806015648821,0.3772482471293692,-4.248806015648821,-0.4521898181079065,-3.750889137282787,-1.7681129966466758,1.536937303119612,False,,False,,False,,MACD_FAIL
BULL_2013_2014,ED,legacy,MACD_FAIL,2013-06-25,2013-06-26,48.554,GREEN,145.61,148.0578,137.10535,0.02356352812045215,-0.00821997435757127,0.014965002588196663,False,2013-06-24,46.825,3.6924719701014297,False,,5.451662066976981,-1.5817440375664238,5.451662066976981,-1.5817440375664238,-0.012357375293492456,2.337603493018081,4.617539234666546,3.39415908061127,True,1.0,True,11.0,True,15.0,MACD_FAIL
BULL_2013_2014,HCP,legacy,MACD_FAIL,2013-06-25,2013-06-26,34.75,GREEN,145.61,148.0578,137.10535,-0.15135863266201022,-0.25095675922327176,-0.24599249058466977,False,2013-05-28,32.491,6.9526945923486405,False,,6.897841726618692,-3.0100719424460465,6.897841726618692,-3.0100719424460465,1.2172661870503587,4.874820143884895,5.528057553956822,1.7669064748201402,True,1.0,True,1.0,True,10.0,MACD_FAIL
BULL_2013_2014,T,legacy,MACD_FAIL,2013-06-25,2013-06-26,28.075,GREEN,145.61,148.0578,137.10535,-0.05131211609241709,-0.07801636147962465,-0.0634635984967934,False,2013-06-21,27.024,3.8891355831853103,False,,3.829029385574345,-0.9367764915405141,3.829029385574345,-0.9367764915405141,0.5592163846838805,2.5574354407836175,2.1834372217275133,1.3891362422083775,True,7.0,True,14.0,False,,MACD_FAIL
BULL_2013_2014,TGT,legacy,MACD_FAIL,2013-06-25,2013-06-26,60.657,GREEN,145.61,148.0578,137.10535,-0.1389672655271895,-0.1793312008828974,-0.15386774393214392,False,2013-06-17,59.208,2.4473044183218384,False,,5.753664045369877,-1.3930791170021606,5.753664045369877,-1.3930791170021606,-0.17640173434227968,4.416637815915725,4.200669337421892,3.3400926521258922,True,7.0,True,8.0,True,15.0,MACD_FAIL
BULL_2013_2014,CINF,legacy,MACD_FAIL,2013-06-26,2013-06-27,39.669,GREEN,147.02,148.12300000000002,137.195,-0.014070379497162389,-0.048749408978176034,-0.04137025065219979,False,2013-06-24,38.619,2.718868950516584,False,,9.332224154881663,-0.5974438478408728,9.332224154881663,-0.5974438478408728,1.9637500315107692,7.5172048703017635,8.326400968010294,7.383599284075726,True,3.0,True,6.0,True,7.0,MACD_FAIL
BULL_2013_2014,DOV,legacy,MACD_FAIL,2013-06-26,2013-06-27,59.143,GREEN,147.02,148.12300000000002,137.195,-0.3435065495703271,-0.39660797548211246,-0.38559222821129424,False,2013-06-24,57.162,3.4655890276757306,False,,11.318330148960998,-2.8659351064369454,11.318330148960998,-2.8659351064369454,-0.25700421013475916,3.5811507701672296,9.093214750689004,8.273168422298504,True,7.0,True,9.0,True,14.0,MACD_FAIL
BULL_2013_2014,PNR,legacy,MACD_FAIL,2013-06-26,2013-06-27,52.52,GREEN,147.02,148.12300000000002,137.195,-0.3626147702004066,-0.41479804977678525,-0.41322105441058,False,2013-06-24,50.692,3.6060916909966156,False,,7.41241431835491,-0.19230769230770273,7.41241431835491,-0.19230769230770273,2.244859101294727,6.0529322162985455,5.653084539223152,5.89870525514089,True,3.0,True,7.0,True,9.0,MACD_FAIL
BULL_2013_2014,APD,legacy,MACD_FAIL,2013-07-03,2013-07-05,82.661,GREEN,148.07,148.68880000000001,137.64725,-0.49181958742182014,-0.48181554896666356,-0.3742391425942324,False,2013-07-02,80.746,2.3716345082109402,False,,20.33486166390437,-1.0621695842053636,20.33486166390437,-1.0621695842053636,4.760406963380559,5.1281741087090715,12.862172003726059,15.898670473379228,True,2.0,True,2.0,True,4.0,MACD_FAIL
BULL_2013_2014,GPC,legacy,MACD_FAIL,2013-07-29,2013-07-30,73.014,GREEN,154.78,150.79840000000002,139.57299999999998,-0.3482678151970806,-0.3371026664618263,-0.3556065901686454,False,2013-07-24,71.936,1.4985542704626154,True,11.0,3.2308872271071376,-5.282548552332433,3.2308872271071376,-1.8284164680746118,1.5832580053140477,-0.5601665434026293,-2.8049415180650294,-5.109978908154589,True,2.0,True,3.0,False,,MACD_FAIL
BULL_2013_2014,GWW,legacy,MACD_FAIL,2013-07-29,2013-07-30,235.83,GREEN,154.78,150.79840000000002,139.57299999999998,-0.7930300188862349,-0.8372556994648177,-0.7985511321937735,False,2013-07-26,231.16,2.0202457172521227,True,12.0,4.558368316159944,-4.091930627994744,4.558368316159944,-4.091930627994744,1.8911928083789054,-0.22897850146292864,-2.5018021456133632,-3.901115210108985,True,1.0,True,2.0,False,,MACD_FAIL
BULL_2013_2014,TROW,legacy,MACD_FAIL,2013-08-01,2013-08-02,66.633,GREEN,156.67,150.9738,139.95995000000002,-0.2832463120688033,-0.3822527312949049,-0.3816037995732645,False,2013-07-29,64.495,3.314985657802927,True,8.0,0.784896372668209,-8.369726711989555,0.784896372668209,-3.56129845572013,-2.2001110560833093,-4.727387330601951,-4.9494994972461015,-8.147614545345395,False,,False,,False,,MACD_FAIL
BULL_2013_2014,PEP,legacy,MACD_FAIL,2013-08-05,2013-08-06,74.857,GREEN,156.71,151.19379999999998,140.23295,-0.2331190151161363,-0.2380296607199096,-0.21944658042536014,False,2013-08-02,73.936,1.2456719324821286,True,5.0,1.1742388821352812,-6.906501729965131,1.1742388821352812,-1.3973309109368448,-1.242368783146519,-4.912032274870748,-6.373485445582916,-5.140467825320272,False,,False,,False,,MACD_FAIL
BULL_2013_2014,WAG,legacy,MACD_FAIL,2013-08-12,2013-08-13,46.025,GREEN,155.26,151.66,140.8524,-0.1652767965406985,-0.1790083756675116,-0.14004202189463466,False,2013-08-09,45.205,1.8139586328945967,True,3.0,1.881586094513854,-6.198804997284091,1.5491580662683413,-2.4747419880499666,-2.170559478544254,-5.199348180336772,-0.7104834329168863,1.8185768604019659,False,,False,,False,,MACD_FAIL
BULL_2013_2014,BCR,legacy,MACD_FAIL,2013-08-20,2013-08-21,111.34,GREEN,152.02,152.1128,141.6132,-0.6054045906477883,-0.6669499224631894,-0.5801638220400245,False,2013-08-19,109.1,2.0531622364803104,False,,6.610382611819654,-0.6107418717442137,6.610382611819654,-0.6107418717442137,0.46703790192204053,2.739356924735037,4.347045087120538,5.676306807975573,True,8.0,True,10.0,True,13.0,MACD_FAIL
BULL_2013_2014,BMS,legacy,MACD_FAIL,2013-08-20,2013-08-21,36.794,GREEN,152.02,152.1128,141.6132,-0.14375595521495624,-0.1611620462057775,-0.13696434650076167,False,2013-08-19,36.43,0.9991765028822375,True,5.0,1.6198293199978453,-5.7699624938848615,1.6198293199978453,-1.4540414197966922,-1.252921672011742,-1.8209490677827733,-2.45964015872151,-4.470837636571168,False,,False,,False,,MACD_FAIL
BULL_2013_2014,SHW,legacy,MACD_FAIL,2013-08-20,2013-08-21,164.93,GREEN,152.02,152.1128,141.6132,-0.4370309044474441,-0.6585317224732159,-0.5093257939167117,False,2013-08-16,159.68,3.2878256513026116,False,,7.172739950281937,-3.3832535014854836,7.172739950281937,-3.3832535014854836,-1.6128054326077668,1.291456981749839,1.4490996180197557,5.475050021221128,True,10.0,True,14.0,True,19.0,MACD_FAIL
BULL_2013_2014,LOW,legacy,MACD_FAIL,2013-08-21,2013-08-22,42.783,GREEN,151.09,152.15540000000001,141.72969999999998,-0.1442535023933732,-0.25531799488896423,-0.25456537697127235,False,2013-08-19,40.501,5.634428779536327,False,,6.956033938713979,-1.7390084846784948,6.956033938713979,-1.7390084846784948,0.9770235841338737,-0.8063950634597861,1.9330107753079417,4.067035972231969,True,0.0,True,0.0,True,19.0,MACD_FAIL
BULL_2013_2014,CLX,legacy,MACD_FAIL,2013-08-22,2013-08-23,74.599,GREEN,152.45,152.2498,141.8517,-0.2533127535925326,-0.26261025221863155,-0.23790327116770807,False,2013-08-19,73.789,1.0977245930965385,True,2.0,1.3592675505033514,-2.7319401064357374,0.7399562996822873,-1.8753602595209085,-1.3498840467030426,-0.6112682475636455,0.7748093137977863,-1.1957264842692439,False,,False,,False,,MACD_FAIL
BULL_2013_2014,HRL,legacy,MACD_FAIL,2013-08-22,2013-08-23,19.848,GREEN,152.45,152.2498,141.8517,-0.0880662613840768,-0.09473845090037597,-0.07181189802584131,False,2013-08-21,19.478,1.8995790122189105,True,2.0,3.4663442160419278,-5.003022974607008,0.30229746070133956,-3.441152760983479,-3.0582426440951216,-1.1487303506650393,0.8665860540104875,1.692865779927466,False,,False,,False,,MACD_FAIL
BULL_2013_2014,DOV,legacy,MACD_FAIL,2013-08-30,2013-09-03,65.2,GREEN,150.24,152.4768,142.61710000000002,-0.3372334347225653,-0.3220170843565303,-0.3492451482031158,False,2013-08-29,64.418,1.213946412493394,False,,8.203987730061346,-1.0352760736196287,8.203987730061346,-1.0352760736196287,4.322085889570548,4.4785276073619595,5.8972392638036775,5.628834355828216,True,2.0,True,5.0,True,9.0,MACD_FAIL
BULL_2013_2014,TGT,legacy,MACD_FAIL,2013-09-10,2013-09-11,56.85,GREEN,155.04,153.25240000000002,143.47385,0.11095443745435052,-0.007968489520148614,-0.1029361661558097,False,2013-08-12,55.373,2.6673649612627193,True,18.0,1.329815303430082,-4.174142480211085,1.329815303430082,-3.1996481970096746,1.1574318381706306,-2.304309586631492,-1.6693051890941057,-3.1521547933157423,False,,False,,False,,MACD_FAIL
BULL_2013_2014,GWW,legacy,MACD_FAIL,2013-10-03,2013-10-04,242.34,GREEN,154.65,154.54059999999998,145.8633,-0.919782042249421,-0.8683630976995795,-0.8365372175200596,False,2013-10-01,238.81,1.4781625560068568,True,2.0,3.602376825947018,-5.158042419740861,0.37137905422135464,-2.6409177189073207,-2.6244119831641544,-0.2104481307254269,0.9614591070396861,1.9724354213089157,False,,False,,False,,MACD_FAIL
BULL_2013_2014,PEP,legacy,MACD_FAIL,2013-10-04,2013-10-07,70.76,GREEN,155.84,154.5556,145.9864,-0.10132599730527866,-0.10258539505420974,-0.07818435807861385,False,2013-10-03,70.649,0.15711475038571177,True,0.0,7.88157150932729,-0.49604296212549803,0.423968343697001,-0.3702656868287191,2.319106840022589,3.933013001695884,6.756642170717897,6.455624646693048,False,,False,,False,,MACD_FAIL
BULL_2013_2014,CL,legacy,MACD_FAIL,2013-10-09,2013-10-10,55.245,GREEN,152.77,154.4572,146.33045,-0.07585800820849017,-0.11938477387665322,-0.10011500076191157,False,2013-10-08,53.684,2.907756501005876,False,,9.49045162458142,-0.8905783328807981,9.49045162458142,-0.8905783328807981,4.552448185356139,4.501764865598701,7.303828400760248,7.41605575165174,True,4.0,True,5.0,True,8.0,MACD_FAIL
BULL_2013_2014,ADM,legacy,MACD_FAIL,2013-10-10,2013-10-11,33.33,GREEN,156.08,154.481,146.46370000000002,-0.03938606362700772,-0.07940232370531147,-0.0704721407239775,False,2013-10-08,32.463,2.6707328343036574,False,,13.984398439843982,-1.7341734173417223,13.984398439843982,-1.7341734173417223,2.844284428442845,8.004800480048013,10.633063306330648,12.091209120912104,True,3.0,True,5.0,True,6.0,MACD_FAIL
BULL_2013_2014,APD,legacy,MACD_FAIL,2013-10-10,2013-10-11,97.65,GREEN,156.08,154.481,146.46370000000002,-0.31645164828711614,-0.5555292698913551,-0.5512020609961259,False,2013-10-03,92.195,5.916806768262939,False,,3.3794162826420893,-1.7634408602150597,3.3794162826420893,-1.7634408602150597,1.7716333845366083,3.184843830005124,-0.2826420890937098,1.0742447516640885,True,5.0,True,7.0,False,,MACD_FAIL
BULL_2013_2014,BEN,legacy,MACD_FAIL,2013-10-10,2013-10-11,47.646,GREEN,156.08,154.481,146.46370000000002,-0.1371672666581889,-0.1828648336002614,-0.1441618400833683,False,2013-10-08,46.173,3.190176076928064,False,,8.046845485455222,-1.1186668345716355,8.046845485455222,-1.1186668345716355,5.442219703647733,6.71619863157451,5.70037358854889,2.350669521051074,True,3.0,True,4.0,True,5.0,MACD_FAIL
BULL_2013_2014,BF-B,legacy,MACD_FAIL,2013-10-10,2013-10-11,33.204,GREEN,156.08,154.481,146.46370000000002,-0.013122890198270426,-0.0830128434374598,-0.06820697164297021,False,2013-09-27,31.944,3.9444027047332852,False,,7.234068184556075,-0.48789302493674747,7.234068184556075,-0.48789302493674747,3.8760390314420023,4.14709071196242,4.55969160342129,6.164919889169962,True,4.0,True,4.0,True,7.0,MACD_FAIL
BULL_2013_2014,CB,legacy,MACD_FAIL,2013-10-10,2013-10-11,84.368,GREEN,156.08,154.481,146.46370000000002,-0.3122040100193554,-0.4074270910452652,-0.33688174435634155,False,2013-10-08,82.107,2.7537237994324393,False,,5.784183576711555,-0.40773753081736475,5.784183576711555,-0.40773753081736475,4.258723686705856,3.363834629243323,3.0663284657690193,5.664469941209949,True,3.0,True,3.0,True,6.0,MACD_FAIL
BULL_2013_2014,DOV,legacy,MACD_FAIL,2013-10-10,2013-10-11,67.443,GREEN,156.08,154.481,146.46370000000002,-0.31180884638200096,-0.403840031235709,-0.3475440620285014,False,2013-10-07,65.522,2.931839687433224,False,,4.344409353083356,-4.147205788591846,4.344409353083356,-4.147205788591846,0.16606615957179827,2.4435449194134318,2.790504574233066,3.8966238156665556,True,1.0,True,9.0,False,,MACD_FAIL
BULL_2013_2014,EMR,legacy,MACD_FAIL,2013-10-10,2013-10-11,56.927,GREEN,156.08,154.481,146.46370000000002,-0.21580503981937915,-0.3214589884965534,-0.310751171283389,False,2013-10-07,55.069,3.373949045742619,False,,4.194846030881649,-0.49361462926204025,4.194846030881649,-0.49361462926204025,1.2226184411614938,3.660828780719183,3.3622007131940856,3.272612292936561,True,6.0,True,7.0,False,,MACD_FAIL
BULL_2013_2014,GPC,legacy,MACD_FAIL,2013-10-10,2013-10-11,72.048,GREEN,156.08,154.481,146.46370000000002,-0.18331172101081233,-0.29206485892473866,-0.23487023029540768,False,2013-10-08,69.609,3.5038572598371065,False,,1.1561736620031127,-5.131301354652463,1.1561736620031127,-5.131301354652463,-2.1527315123251234,-1.6044858982900423,-1.7335665112147347,0.3858538751942975,False,,False,,False,,MACD_FAIL
BULL_2013_2014,ITW,legacy,MACD_FAIL,2013-10-10,2013-10-11,70.107,GREEN,156.08,154.481,146.46370000000002,-0.21552451208351586,-0.34355022065108143,-0.3148248134789918,False,2013-10-07,67.597,3.713182537686599,False,,4.384726204230671,-1.1553767812058746,4.384726204230671,-1.1553767812058746,1.427817478996407,2.902705863893762,3.4704095168813565,3.6002111058810016,True,7.0,True,8.0,False,,MACD_FAIL
BULL_2013_2014,JNJ,legacy,MACD_FAIL,2013-10-10,2013-10-11,79.315,GREEN,156.08,154.481,146.46370000000002,-0.04998198535696369,-0.16611612361236766,-0.1656966421688521,False,2013-10-04,76.524,3.647221786629018,False,,6.182941436046141,-0.6770472167937913,6.182941436046141,-0.6770472167937913,3.395322448464988,3.914770220008834,5.3596419340604,6.127466431318163,True,2.0,True,2.0,True,12.0,MACD_FAIL
BULL_2013_2014,LOW,legacy,MACD_FAIL,2013-10-10,2013-10-11,44.634,GREEN,156.08,154.481,146.46370000000002,-0.1612661564527509,-0.21484508796084545,-0.1732958497618151,False,2013-10-09,42.901,4.039532878021479,False,,6.194829054084328,-0.7931173544831305,6.194829054084328,-0.7931173544831305,-0.6273244611730955,5.88564771250617,2.9282609669758486,1.971591163686881,True,1.0,True,8.0,True,9.0,MACD_FAIL
BULL_2013_2014,MMM,legacy,MACD_FAIL,2013-10-10,2013-10-11,107.88,GREEN,156.08,154.481,146.46370000000002,-0.3311922746668078,-0.4309247162394887,-0.4030463070112559,False,2013-10-08,105.6,2.1590909090908994,False,,7.406377456433089,-0.6581386725991734,7.406377456433089,-0.6581386725991734,3.086763070077869,4.412309974045248,5.672969966629582,7.378568780126082,True,1.0,True,4.0,True,11.0,MACD_FAIL
BULL_2013_2014,SWK,legacy,MACD_FAIL,2013-10-10,2013-10-11,82.915,GREEN,156.08,154.481,146.46370000000002,-0.31780859556502605,-0.3725901012674554,-0.2694688883472105,False,2013-10-09,80.889,2.5046668891938406,True,3.0,1.6052583971537082,-17.772417536030883,1.6052583971537082,-16.34203702586988,-14.40873183380571,-12.968702888500271,-12.316227461858531,-10.287643972743176,False,,False,,False,,MACD_FAIL
BULL_2013_2014,PPG,legacy,MACD_FAIL,2013-10-11,2013-10-14,77.84,GREEN,157.08,154.4892,146.60469999999998,-0.1830075483257121,-0.24531222287714471,-0.2385466795378316,False,2013-10-10,77.052,1.022685978300375,False,,13.186022610483029,-0.4689105858170728,13.186022610483029,-0.4689105858170728,6.738180883864331,9.316546762589928,10.881294964028765,10.453494347379234,True,3.0,True,3.0,True,3.0,MACD_FAIL
BULL_2013_2014,AFL,legacy,MACD_FAIL,2013-11-08,2013-11-11,59.487,GREEN,163.57,157.6612,149.43265000000002,-0.2209846286283108,-0.29825331514513365,-0.2690932834077008,False,2013-11-07,58.262,2.1025711441419848,False,,3.47975187856171,-0.8859078454116043,3.47975187856171,-0.8859078454116043,2.590481954040369,1.5465563904718538,0.5026308269033608,1.6205221308857265,True,3.0,True,5.0,False,,MACD_FAIL
BULL_2013_2014,BEN,legacy,MACD_FAIL,2013-11-08,2013-11-11,48.923,GREEN,163.57,157.6612,149.43265000000002,-0.34864758803810814,-0.32491197998237475,-0.2426066226542576,False,2013-11-07,47.348,3.326434062684802,False,,6.712589170737693,-1.6740592359422046,6.712589170737693,-1.6740592359422046,2.6102242299123057,5.688530956809679,4.654252601026099,4.870919608364166,True,2.0,True,3.0,True,9.0,MACD_FAIL
BULL_2013_2014,SHW,legacy,MACD_FAIL,2013-11-08,2013-11-11,176.97,GREEN,163.57,157.6612,149.43265000000002,-0.7896500531030515,-0.891524900765621,-0.5722952247395137,False,2013-11-07,172.9,2.353961827646045,True,15.0,2.045544442560887,-3.480815957506922,2.045544442560887,-2.9383511329603818,0.8871560151437974,0.339040515341571,-2.3732836073910746,0.25428038650618934,True,9.0,False,,False,,MACD_FAIL
BULL_2013_2014,ABBV,legacy,MACD_FAIL,2013-11-11,2013-11-12,42.211,GREEN,163.6,157.9284,149.5685,-0.1721945644725973,-0.20618674562460748,-0.20537009501334824,False,2013-11-07,40.799,3.460869138949474,False,,11.7196939186468,-2.4164317358034593,11.7196939186468,-2.4164317358034593,0.021321456492384705,0.3079765937788803,2.513562815379866,8.706261401056615,True,4.0,True,4.0,True,17.0,MACD_FAIL
BULL_2013_2014,PEP,legacy,MACD_FAIL,2013-12-03,2013-12-04,74.629,GREEN,165.84,161.112,151.68615,-0.29218624588066044,-0.3062384565580243,-0.2504053703564161,False,2013-11-29,74.587,0.05631008084518996,True,0.0,0.37518926958688414,-3.6875745353682987,0.0,-1.097428613541651,-0.4220879282852641,-1.9228450066328118,-0.6874003403502749,-0.9393131356443263,False,,False,,False,,MACD_FAIL
BULL_2013_2014,APD,legacy,MACD_FAIL,2013-12-06,2013-12-09,98.63,GREEN,166.94,161.6908,152.113,-0.19774126998008956,-0.35607442537785716,-0.30344966831360304,False,2013-12-03,95.736,3.0228962981532437,False,,4.248200344722708,-3.3042684781506626,4.248200344722708,-3.3042684781506626,-1.8827942816587284,2.8794484436784007,2.849031734766294,1.287640677278734,True,9.0,True,11.0,False,,MACD_FAIL
BULL_2013_2014,ECL,legacy,MACD_FAIL,2013-12-06,2013-12-09,101.58,GREEN,166.94,161.6908,152.113,-0.526499248431379,-0.6716380754148629,-0.6022683482229475,False,2013-12-04,97.962,3.6932688185214557,True,5.0,0.009844457570395981,-4.556999409332551,0.009844457570395981,-3.847214018507583,-3.7369560937192237,-1.683402244536325,-1.703091159677106,-1.8212246505217466,False,,False,,False,,MACD_FAIL
BULL_2013_2014,MMM,legacy,MACD_FAIL,2013-12-06,2013-12-09,117.17,GREEN,166.94,161.6908,152.113,-0.6284602939709447,-0.7016930879805889,-0.6177694616182152,False,2013-12-04,114.15,2.6456416995181753,False,,9.01254587351712,-2.193394213535893,9.01254587351712,-2.193394213535893,-0.8875992148160816,6.221729111547325,8.884526755995559,6.093709994025764,True,6.0,True,7.0,True,7.0,MACD_FAIL
BULL_2013_2014,SWK,legacy,MACD_FAIL,2013-12-06,2013-12-09,74.578,GREEN,166.94,161.6908,152.113,0.03224199962997354,-0.026055319115621534,-0.02245549988667811,False,2013-12-04,72.995,2.168641687786832,False,,1.1772908900748114,-1.996567352302292,1.1772908900748114,-1.996567352302292,-0.6838477835286572,0.45992115637318864,0.1367695567057403,-0.6181447611896207,False,,False,,False,,MACD_FAIL
BULL_2013_2014,ABT,legacy,MACD_FAIL,2013-12-10,2013-12-11,33.778,GREEN,166.76,162.1558,152.4242,-0.1912973950256946,-0.19080105765310118,-0.18734548507231347,False,2013-12-05,33.675,0.3058648849294743,True,0.0,7.268044289182307,-1.977618568298889,0.269406122328153,-1.2996625022203778,3.02859849606254,3.6503049322043957,4.4289182308011155,6.94238853691751,False,,False,,False,,MACD_FAIL
BULL_2013_2014,BEN,legacy,MACD_FAIL,2013-12-16,2013-12-17,50.895,GREEN,165.34,162.8774,152.95215,-0.15760363506057373,-0.1965448069685931,-0.18852943036467595,False,2013-12-13,50.026,1.737096709710939,False,,7.480106100795747,-1.34590824245997,7.480106100795747,-1.34590824245997,3.9925336477060647,4.190981432360741,4.743098536201984,7.06159740642498,True,1.0,True,3.0,True,6.0,MACD_FAIL
BULL_2013_2014,EMR,legacy,MACD_FAIL,2013-12-16,2013-12-17,59.104,GREEN,165.34,162.8774,152.95215,-0.11146700671328624,-0.13794758108593175,-0.10973627770287014,False,2013-12-13,58.361,1.2731104676067861,False,,5.632444504602052,-1.3501624255549571,5.632444504602052,-1.3501624255549571,4.287357877639408,3.600433134813219,2.0607742284786124,4.571602598808866,True,2.0,True,3.0,True,6.0,MACD_FAIL
BULL_2013_2014,MHFI,legacy,MACD_FAIL,2013-12-16,2013-12-17,69.975,GREEN,165.34,162.8774,152.95215,-0.3188994548557632,-0.40278874643314755,-0.37433242365141206,False,2013-12-12,67.701,3.3588868702087105,False,,7.151125401929259,-2.0507324044301334,7.151125401929259,-2.0507324044301334,4.335834226509472,5.71061093247589,6.255091103965715,3.9285459092533115,True,3.0,True,3.0,True,6.0,MACD_FAIL
BULL_2013_2014,ADM,legacy,MACD_FAIL,2013-12-17,2013-12-18,37.74,GREEN,164.82,163.08460000000002,153.07485,-0.1437389204050542,-0.18477646132728265,-0.16475366090467203,False,2013-12-16,36.544,3.272767075306504,False,,5.569687334393203,-1.7514573396926414,5.569687334393203,-1.7514573396926414,4.750927397986215,3.6486486486486447,0.7472178060413226,-1.579226285108648,True,0.0,True,0.0,True,1.0,MACD_FAIL
BULL_2013_2014,BF-B,legacy,MACD_FAIL,2013-12-18,2013-12-19,35.615,GREEN,167.64,163.384,153.2107,-0.10982291256602747,-0.1583777604167897,-0.14357052750679658,False,2013-12-13,34.438,3.4177362216156526,False,,7.710234451775921,-2.052505966587115,7.710234451775921,-2.052505966587115,0.5784079741681714,-0.9321914923487329,4.329636389161862,6.738733679629361,True,15.0,True,15.0,True,17.0,MACD_FAIL
BULL_2013_2014,CINF,legacy,MACD_FAIL,2013-12-18,2013-12-19,45.309,GREEN,167.64,163.384,153.2107,-0.13692378595861981,-0.18728639225084254,-0.1806999955149559,False,2013-12-13,44.444,1.9462694626946053,False,,4.65470436337152,-2.2181023637687813,4.65470436337152,-2.2181023637687813,1.231543401973112,-0.6819837118453242,-1.6332296011829728,-1.6972345450131265,True,2.0,True,4.0,False,,MACD_FAIL
BULL_2013_2014,CL,legacy,MACD_FAIL,2013-12-18,2013-12-19,59.005,GREEN,167.64,163.384,153.2107,-0.21445596309845588,-0.28035385425397036,-0.26588559951238255,False,2013-12-12,57.511,2.5977639060353663,False,,1.8286585882552275,-1.5846114736039363,1.8286585882552275,-1.5846114736039363,1.4558088297601746,-0.45419879671214636,0.39827133293788286,0.4813151427845108,False,,False,,False,,MACD_FAIL
BULL_2013_2014,CVX,legacy,MACD_FAIL,2013-12-18,2013-12-19,104.36,GREEN,167.64,163.384,153.2107,-0.30947245013179836,-0.42227791086499517,-0.32203549708204887,False,2013-12-16,101.52,2.7974783293932326,False,,3.3633576082790384,-2.7692602529704846,3.3633576082790384,-2.7692602529704846,3.018397853583754,2.0218474511306983,-1.9068608662322628,-1.006132617861244,True,4.0,True,5.0,False,,MACD_FAIL
BULL_2013_2014,SHW,legacy,MACD_FAIL,2013-12-18,2013-12-19,172.88,GREEN,167.64,163.384,153.2107,-0.5068483582502713,-0.6872375758495071,-0.6471310090282132,False,2013-12-13,163.93,5.459647410480084,False,,10.116844053678854,-1.469227209625168,10.116844053678854,-1.469227209625168,1.4229523368810781,1.5270708005552969,6.235539102267462,10.047431744562708,True,5.0,True,11.0,True,12.0,MACD_FAIL
BULL_2013_2014,MMM,legacy,MACD_FAIL,2014-01-14,2014-01-15,125.34,GREEN,170.37,166.7536,155.58195,-0.46784001815608134,-0.5378780878389295,-0.3817211353586587,False,2014-01-13,122.4,2.401960784313717,True,6.0,0.8377213977979858,-10.27604914632201,0.8377213977979858,-5.473113132280194,-2.2339237274613066,-7.052816339556411,-6.45444391255785,-4.930588798468172,False,,False,,False,,MACD_FAIL
BULL_2013_2014,NUE,legacy,MACD_FAIL,2014-01-16,2014-01-17,46.342,GREEN,171.07,167.0868,155.86885,-0.16750649732639422,-0.1731865524838837,-0.14527827734151072,False,2014-01-15,45.781,1.2253991830672106,True,1.0,0.3495748996590553,-10.651245090846317,0.3495748996590553,-2.893703336066633,-6.7433429718182225,-10.206723922144057,-7.142548875749865,-1.1371973587674278,False,,False,,False,,MACD_FAIL
BULL_2013_2014,XOM,legacy,MACD_FAIL,2014-01-17,2014-01-21,85.527,GREEN,170.34,167.24079999999998,156.00889999999998,-0.3487971466963813,-0.3644766791777272,-0.35552015631203204,False,2014-01-15,85.303,0.2625933437276684,True,1.0,0.446642580705503,-9.267248938931571,0.446642580705503,-0.6804868637974026,-2.903176774585803,-8.617161831936116,-7.131081412887164,-3.9531376056683887,False,,False,,False,,MACD_FAIL
BULL_2013_2014,BMS,legacy,MACD_FAIL,2014-01-22,2014-01-23,34.955,GREEN,170.96,167.58,156.2962,-0.16607675752038342,-0.09881957942702604,-0.0969267878102816,False,2014-01-21,34.412,1.577937928629547,True,1.0,4.663138320698046,-3.7619796881705025,1.1300243169789725,-1.5763124016592633,0.5263910742383304,-1.6020597911600487,1.6020597911600598,1.8023172650550867,False,,False,,False,,MACD_FAIL
BULL_2013_2014,LOW,legacy,MACD_FAIL,2014-01-23,2014-01-24,44.803,GREEN,169.56,167.69979999999998,156.42825,-0.09162039465661792,-0.1170950894960569,-0.11072791297831051,False,2014-01-17,44.241,1.2703148663004926,True,2.0,1.127156663616291,-6.972747360667797,1.127156663616291,-2.5087605740686914,-3.1158627770461855,-3.5801174028524896,-1.0512688882440835,-1.171796531482261,False,,False,,False,,MACD_FAIL
BULL_2013_2014,CINF,legacy,MACD_FAIL,2014-01-28,2014-01-29,43.087,GREEN,166.1,167.8138,156.7375,-0.2003103975059956,-0.2167492069649056,-0.1775864818797464,False,2014-01-08,41.929,2.7618116339526377,True,4.0,0.8796156613363637,-8.051152319725208,0.8796156613363637,-3.6089771856940733,-3.546313273145041,-4.748532039826414,-4.182235941235191,-4.465383990530802,False,,False,,False,,MACD_FAIL
BULL_2013_2014,MHFI,legacy,MACD_FAIL,2014-01-28,2014-01-29,70.814,GREEN,166.1,167.8138,156.7375,-0.4943695766011681,-0.5772092655593266,-0.5385024732212993,False,2014-01-24,69.291,2.1979766492040698,False,,10.290338068743488,-0.4843674979523649,10.290338068743488,-0.4843674979523649,3.3157285282571447,9.55178354562658,8.340158725675728,7.466037789137747,True,0.0,True,1.0,True,4.0,MACD_FAIL
BULL_2013_2014,PEP,legacy,MACD_FAIL,2014-01-28,2014-01-29,73.595,GREEN,166.1,167.8138,156.7375,-0.05404422422805973,-0.06898961184579104,-0.06267740347345821,False,2014-01-27,73.194,0.5478591141350408,True,0.0,0.0,-5.936544602214822,0.0,-2.1604728582104826,-2.9934098783884866,-0.46742305863168854,-4.714994225151159,-3.422786874108308,False,,False,,False,,MACD_FAIL
BULL_2013_2014,PG,legacy,MACD_FAIL,2014-01-28,2014-01-29,69.97,GREEN,166.1,167.8138,156.7375,-0.03418634927453068,-0.0690202180968904,-0.053009793594417376,False,2014-01-22,69.367,0.869289431574094,True,0.0,1.2048020580248675,-4.490495926825777,0.0,-1.8022009432613895,-2.982706874374741,-1.663570101472056,-1.1147634700585995,-0.7731885093611557,False,,False,,False,,MACD_FAIL
BULL_2013_2014,PNR,legacy,MACD_FAIL,2014-01-28,2014-01-29,69.099,GREEN,166.1,167.8138,156.7375,-0.578273265848288,-0.6688587519804453,-0.5083163550321139,False,2014-01-27,65.867,4.906857758817007,False,,8.41112027670443,-4.612223042301622,8.41112027670443,-4.612223042301622,0.0274967799823278,3.8495491975281793,5.61802631007684,8.225878811560229,True,7.0,True,9.0,True,13.0,MACD_FAIL
BULL_2013_2014,ECL,legacy,MACD_FAIL,2014-01-29,2014-01-30,96.461,GREEN,164.52,167.7966,156.85174999999998,-0.4578974602613435,-0.5097437827833557,-0.5059434286044231,False,2014-01-27,93.803,2.8335980725563203,False,,7.44238604202736,-3.0416437731311086,7.44238604202736,-3.0416437731311086,-0.8179471496252422,1.575766371901599,1.4638040244243866,6.97587626087226,True,10.0,True,13.0,True,18.0,MACD_FAIL
BULL_2013_2014,EMR,legacy,MACD_FAIL,2014-01-29,2014-01-30,58.421,GREEN,164.52,167.7966,156.85174999999998,-0.4199811950572405,-0.4134308590172424,-0.4295472521358725,False,2014-01-24,57.123,2.2722896206431864,True,2.0,0.9226134437958944,-5.8506359014737885,0.9226134437958944,-2.9321648037520798,-3.29162458704918,-1.7373889526026587,-3.440543640129401,-0.6418924701733997,False,,False,,False,,MACD_FAIL
BULL_2013_2014,PPG,legacy,MACD_FAIL,2014-01-29,2014-01-30,86.711,GREEN,164.52,167.7966,156.85174999999998,-0.4701929408274292,-0.4942197919297099,-0.45772783635124065,False,2014-01-28,85.741,1.1313140737803318,True,2.0,8.212337535030144,-5.379940261327853,1.0575359527626338,-3.832270415518213,-2.60405254235333,1.9109455547738907,3.686960131932504,8.034736077314285,False,,False,,False,,MACD_FAIL
BULL_2013_2014,BDX,legacy,MACD_FAIL,2014-01-30,2014-01-31,100.33,GREEN,166.26,167.7996,156.96425000000002,-0.5250546190312215,-0.5577327501170127,-0.5469610318611918,False,2014-01-27,100.11,0.21975826590749925,True,1.0,8.880693710754507,-1.5568623542310367,1.5349347154390625,-1.5568623542310367,3.0300009967108688,7.026811521977461,7.604903817402575,7.545101166151702,False,,False,,False,,MACD_FAIL
BULL_2013_2014,BCR,legacy,MACD_FAIL,2014-01-31,2014-02-03,128.0,GREEN,165.27,167.79440000000002,157.0823,-0.5131798969791217,-0.44636983152964727,-0.4435812490875848,False,2014-01-29,123.36,3.761348897535677,True,0.0,11.82812499999999,-4.039062500000002,0.0,-4.039062500000002,2.2265624999999956,7.804687500000007,9.0078125,10.304687499999998,False,,False,,False,,MACD_FAIL
BULL_2013_2014,WAG,legacy,MACD_FAIL,2014-02-05,2014-02-06,53.82,GREEN,162.49,167.6138,157.38925,-0.18350855581173908,-0.31158323775812924,-0.3080797690474323,False,2014-01-27,51.301,4.910235667920704,False,,21.03307320698624,-0.14492753623188692,21.03307320698624,-0.14492753623188692,15.057599405425481,14.934968413229278,17.761055369751013,16.47528799702713,True,0.0,True,1.0,True,1.0,MACD_FAIL
BULL_2013_2014,ADP,legacy,MACD_FAIL,2014-02-06,2014-02-07,59.738,GREEN,164.65,167.5704,157.49205,-0.4389148307914059,-0.47708335399493373,-0.43582423553085564,False,2014-01-24,57.737,3.465715225938304,False,,6.081556128427468,-0.7700291271887205,6.081556128427468,-0.7700291271887205,2.5076165924537097,3.2257524523753744,3.048310957849276,5.117345743078117,True,3.0,True,7.0,True,14.0,MACD_FAIL
BULL_2013_2014,BF-B,legacy,MACD_FAIL,2014-02-06,2014-02-07,36.756,GREEN,164.65,167.5704,157.49205,-0.1756601011507739,-0.20353340828272676,-0.17322990273224614,False,2014-02-05,35.997,2.1085090424201924,False,,15.058765915768845,-0.4080966372837058,15.058765915768845,-0.4080966372837058,4.616933289803038,7.405593644575048,7.48449232778321,14.294264881924024,True,2.0,True,3.0,True,6.0,MACD_FAIL
BULL_2013_2014,GPC,legacy,MACD_FAIL,2014-02-06,2014-02-07,73.213,GREEN,164.65,167.5704,157.49205,-0.4733140888267799,-0.6296041025951065,-0.5915070824622071,False,2014-02-04,69.016,6.081198562652124,False,,10.905167115129832,-0.4316173357190478,10.905167115129832,-0.4316173357190478,5.911518446177588,7.3538852389603,7.180418778085862,7.3538852389603,True,2.0,True,3.0,True,5.0,MACD_FAIL
BULL_2013_2014,KMB,legacy,MACD_FAIL,2014-02-06,2014-02-07,95.023,GREEN,164.65,167.5704,157.49205,-0.11292146867354935,-0.1002239674502457,-0.00949279709198092,False,2014-02-05,93.618,1.5007797645751886,False,,4.462077602264736,-0.04946170927038196,4.462077602264736,-0.04946170927038196,3.470738663270989,3.3981246645548913,2.3404859876030137,3.243425275985823,True,2.0,True,5.0,False,,MACD_FAIL
BULL_2013_2014,NUE,legacy,MACD_FAIL,2014-03-17,2014-03-18,44.013,GREEN,172.84,169.76280000000003,160.42075,-0.11044024476380249,-0.1554195820682163,-0.12474640669180145,False,2014-03-13,42.735,2.9905229905229813,False,,7.720446231795153,-0.5521096039806328,7.720446231795153,-0.5521096039806328,4.076068434326241,3.430804535023757,5.3552359530138816,5.575625383409455,True,3.0,True,3.0,True,6.0,MACD_FAIL
BULL_2013_2014,BEN,legacy,MACD_FAIL,2014-03-18,2014-03-19,48.811,GREEN,174.07,169.85119999999998,160.5447,-0.06680520610754914,-0.09727691544342043,-0.09576410287016845,False,2014-03-14,47.682,2.3677698083134135,False,,5.9126016676568804,-2.544508409989543,5.9126016676568804,-2.544508409989543,2.8149392554956965,5.580709266353878,2.433877609555224,1.1288439081354573,True,5.0,True,5.0,True,5.0,MACD_FAIL
BULL_2013_2014,PNR,legacy,MACD_FAIL,2014-03-18,2014-03-19,73.449,GREEN,174.07,169.85119999999998,160.5447,-0.4593374890876265,-0.4915132951769883,-0.4820937337500293,False,2014-03-14,71.484,2.74886687930167,True,5.0,1.9373987392612646,-4.310473934294546,0.6235619273237125,-2.8795490748682706,-2.840065896063937,1.3233672344075575,0.7569878419039,0.6235619273237125,False,,False,,False,,MACD_FAIL
BULL_2013_2014,CTAS,legacy,MACD_FAIL,2014-03-19,2014-03-20,58.143,GREEN,173.14,169.93079999999998,160.66,-0.1794849137661776,-0.16319365011996168,-0.19205367893128744,False,2014-03-14,55.871,4.066510354208797,True,2.0,0.5004901707858167,-9.791376433964526,0.5004901707858167,-4.5560084618956775,-4.8311920609531604,-4.217188655556125,-7.992363655126155,-6.583767607450596,False,,False,,False,,MACD_FAIL
BULL_2013_2014,ITW,legacy,MACD_FAIL,2014-03-25,2014-03-26,75.259,GREEN,173.59,170.17919999999998,161.15115,-0.17639140858139163,-0.23036600008919367,-0.19909095370229918,False,2014-03-21,73.828,1.938288996044868,False,,6.601203842729775,-2.01703450750077,6.601203842729775,-2.01703450750077,2.5219575067433775,2.7677752826904323,2.7677752826904323,5.551495502199066,True,5.0,True,6.0,True,18.0,MACD_FAIL
BULL_2013_2014,WAG,legacy,MACD_FAIL,2014-03-25,2014-03-26,61.663,GREEN,173.59,170.17919999999998,161.15115,-0.4698344296357875,-0.5626034389252403,-0.4791632166001534,False,2014-03-20,58.828,4.819133745835313,False,,3.3245219986053343,-5.007865332533279,3.3245219986053343,-5.007865332533279,0.36488656082254156,-0.8968100805993862,0.0713555941164179,1.9801177367303024,True,7.0,True,18.0,False,,MACD_FAIL
BULL_2013_2014,BDX,legacy,MACD_FAIL,2014-03-26,2014-03-27,108.28,GREEN,172.33,170.2552,161.26035,-0.34648472692632104,-0.3613347470031494,-0.3458922492248029,False,2014-03-25,106.7,1.480787253983129,True,10.0,3.4540081270779455,-3.186183967491696,3.4540081270779455,-2.2257111193202728,2.271887698559283,-1.8840044329516137,-1.4407092722571124,-1.9486516438862234,True,2.0,True,6.0,False,,MACD_FAIL
BULL_2013_2014,ABBV,legacy,MACD_FAIL,2014-03-27,2014-03-28,45.512,GREEN,171.97,170.2872,161.3754,-0.12090491532210274,-0.09531937284558678,-0.039618490256722594,False,2014-03-26,45.16,0.7794508414526113,True,0.0,5.0360344524521095,-11.425558094568466,0.582264018280898,-1.8127087361574978,0.7140973809105278,-9.557918790648623,-3.7770258393390765,-0.9733696607488129,False,,False,,False,,MACD_FAIL
BULL_2013_2014,ADP,legacy,MACD_FAIL,2014-03-28,2014-03-31,62.321,GREEN,172.82,170.31760000000003,161.50085,-0.14320107201228766,-0.16161545885983325,-0.1571709928190079,False,2014-03-26,61.037,2.103642053180854,True,5.0,1.2756534715425039,-4.876365911971892,1.1135893198119362,-2.748672197172708,-2.4229392981498954,-3.761171996598256,-1.0478009017827028,-0.19576065852602298,False,,False,,False,,MACD_FAIL
BULL_2013_2014,LOW,legacy,MACD_FAIL,2014-03-28,2014-03-31,46.051,GREEN,172.82,170.31760000000003,161.50085,-0.17971804305679773,-0.20801432760915267,-0.20405488820660722,False,2014-03-26,45.159,1.975243030182261,True,5.0,1.748061931336986,-6.764239647347514,1.748061931336986,-5.150811057306026,-4.768626088467142,-5.035721265553416,-2.822957156196404,-5.092180408677338,False,,False,,False,,MACD_FAIL
BULL_2013_2014,SYY,legacy,MACD_FAIL,2014-03-28,2014-03-31,32.663,GREEN,172.82,170.31760000000003,161.50085,-0.05567042112387815,-0.07364213986532425,-0.049951011388848235,False,2014-03-27,32.029,1.9794561178931414,False,,2.737041912867788,-1.2858586167834973,2.737041912867788,-1.2858586167834973,0.2541101552215208,-0.05816979456877425,1.7052934513057671,1.3072895937299212,True,15.0,False,,False,,MACD_FAIL
BULL_2013_2014,SHW,legacy,MACD_FAIL,2014-03-31,2014-04-01,190.49,GREEN,174.23,170.3808,161.62215,-1.3580066652090415,-1.558576300474869,-1.5349894651070817,False,2014-03-24,185.48,2.701099849040345,True,4.0,3.328258701244158,-4.792902514567688,2.6458081789070276,-3.88996797732164,-2.950286104257449,-3.1235235445430276,2.141844716258068,1.065672738726442,True,2.0,False,,False,,MACD_FAIL
BULL_2013_2014,BEN,legacy,MACD_FAIL,2014-04-16,2014-04-17,49.41,GREEN,173.42,171.8876,163.13645,-0.1297556057788567,-0.17846798435914812,-0.16690759871038513,False,2014-04-14,47.946,3.053435114503822,False,,6.520947176684877,-3.2827362882007716,6.520947176684877,-3.2827362882007716,0.07690750860149809,0.4148957700870426,3.9243068204816822,3.0358227079538613,True,0.0,True,3.0,True,16.0,MACD_FAIL
BULL_2013_2014,BF-B,legacy,MACD_FAIL,2014-04-16,2014-04-17,42.103,GREEN,173.42,171.8876,163.13645,-0.210573528840809,-0.25921663824120666,-0.2402672795946178,False,2014-04-14,40.734,3.3608287916728097,False,,4.458114623661014,-0.8431703204047292,4.458114623661014,-0.8431703204047292,0.413272213381477,2.5223855782248172,2.4107545780585715,4.313231836211195,True,7.0,True,11.0,False,,MACD_FAIL
BULL_2013_2014,KMB,legacy,MACD_FAIL,2014-04-28,2014-04-29,99.86,GREEN,174.11,172.9284,163.97154999999998,-0.12737460815561685,-0.251993022345374,-0.25126156206541583,False,2014-04-24,97.587,2.329203684917047,False,,1.2317244141798467,-1.708391748447835,1.2317244141798467,-1.708391748447835,-1.1245744041658345,0.1502102944121786,-1.4029641498097267,-0.5087121970759001,False,,False,,False,,MACD_FAIL
BULL_2013_2014,CLX,legacy,MACD_FAIL,2014-05-08,2014-05-09,80.369,GREEN,174.86,173.59620000000004,164.78709999999998,-0.3224239916816226,-0.3280954562878081,-0.3037225081933085,False,2014-05-07,79.619,0.9419862093218878,False,,5.52202963829338,-0.47779616518807133,5.52202963829338,-0.47779616518807133,0.5337879032960569,0.16921947517076763,0.7701974641963982,5.080317037663784,True,20.0,True,20.0,True,20.0,MACD_FAIL
BULL_2013_2014,LOW,legacy,MACD_FAIL,2014-05-12,2014-05-13,43.582,GREEN,176.83,173.732,164.99779999999998,0.006227477072482834,-0.05662846300137736,-0.09024074258092141,False,2014-05-07,42.058,3.6235674544676355,True,2.0,4.212748382359677,-4.68542058648066,0.7158918819696103,-4.68542058648066,-1.679592492313342,0.8833922261484162,1.876921664907516,1.3193520260657898,False,,False,,False,,MACD_FAIL
BULL_2013_2014,CVX,legacy,MACD_FAIL,2014-05-21,2014-05-22,108.4,GREEN,176.2,173.98440000000002,165.69625,-0.3577141788739848,-0.4246697945859552,-0.36664106816988706,False,2014-05-20,106.78,1.5171380408316226,True,6.0,6.669741697416964,-1.9833948339483487,0.25830258302583786,-1.9833948339483487,-1.0608856088560992,0.06457564575645947,2.527675276752772,6.632841328413286,False,,False,,False,,MACD_FAIL
BULL_2013_2014,HRL,legacy,MACD_FAIL,2014-05-27,2014-05-28,22.469,GREEN,178.44,174.29719999999998,166.02294999999998,-0.09407689707118189,-0.11923169092765963,-0.09583199391906984,False,2014-05-23,21.737,3.3675300179417667,False,,4.361564822644537,-0.3827495660688185,4.361564822644537,-0.3827495660688185,3.760737015443505,1.6511638257154182,2.567982553740711,1.7579776581067241,True,1.0,True,2.0,False,,MACD_FAIL
BULL_2013_2014,CL,legacy,MACD_FAIL,2014-05-29,2014-05-30,61.958,GREEN,179.23,174.50959999999998,166.25709999999998,-0.1240697591318845,-0.1613823834869232,-0.13656638177127728,False,2014-05-28,61.179,1.2733127380310183,False,,3.7767519932857763,-0.13396171600116302,3.7767519932857763,-0.13396171600116302,1.6139965783272592,1.3751250847348295,2.1514574389102314,2.228929274669933,True,0.0,True,14.0,False,,MACD_FAIL
BULL_2013_2014,XOM,legacy,MACD_FAIL,2014-06-05,2014-06-06,88.564,GREEN,181.16,175.1672,166.92239999999998,-0.24822779869495692,-0.2840817247684501,-0.27874414360558963,False,2014-06-02,87.67,1.0197330899965662,False,,3.99710943498488,-0.09033015672281763,3.99710943498488,-0.09033015672281763,2.032428526263508,3.197687547987904,0.5995664152477431,2.032428526263508,True,4.0,True,10.0,False,,MACD_FAIL
BULL_2013_2014,HCP,legacy,MACD_FAIL,2014-06-13,2014-06-16,34.129,GREEN,180.88,176.0982,167.81435,-0.12360476319789934,-0.12701035960217616,-0.12121872620208485,False,2014-06-12,33.777,1.0421292595553133,True,1.0,1.1368630783205047,-3.4545401271645626,0.36625743502594066,-2.9681502534501414,-0.5039702305956739,-0.0439508922031151,-0.5303407659175363,0.36625743502594066,False,,False,,False,,MACD_FAIL
BULL_2013_2014,EMR,legacy,MACD_FAIL,2014-06-17,2014-06-18,60.223,GREEN,181.51,176.36059999999998,168.12095000000002,-0.033827629983632784,-0.06685830229646916,-0.03199873471774531,False,2014-06-16,59.166,1.7864990028056749,False,,2.2615944074523053,-1.9643657738737663,2.2615944074523053,-1.9643657738737663,-0.3885558673596523,-0.9514637264832371,-0.11955565149527336,-0.4466731979476224,True,2.0,False,,False,,MACD_FAIL
BULL_2013_2014,CAH,legacy,MACD_FAIL,2014-06-18,2014-06-19,64.162,GREEN,182.85,176.5828,168.28400000000002,-0.2817885962577089,-0.3208947974917138,-0.31492241785496056,False,2014-06-16,62.747,2.2550878926482554,False,,4.239269349459174,-0.9117546211153127,4.239269349459174,-0.9117546211153127,0.3802873975250254,2.598111031451622,2.6947414357407773,3.542595305632612,True,9.0,True,14.0,False,,MACD_FAIL
BULL_2013_2014,VFC,legacy,MACD_FAIL,2014-06-18,2014-06-19,57.951,GREEN,182.85,176.5828,168.28400000000002,-0.19518290004657535,-0.2324392126383263,-0.22807022044265368,False,2014-06-16,56.848,1.9402617506332653,True,20.0,1.8774481889872519,-3.7548963779745037,1.8774481889872519,-3.7548963779745037,-0.06039585166779382,1.4425980569791719,-0.42967334472227003,-2.4330900243309084,False,,False,,False,,MACD_FAIL
BULL_2013_2014,MKC,legacy,MACD_FAIL,2014-06-26,2014-06-27,65.631,GREEN,182.97,177.97560000000001,169.1909,-0.22327652759417488,-0.16019730640886873,-0.13582943549269075,False,2014-06-25,63.895,2.716957508412232,False,,2.5780500068565138,-1.8664960156023702,2.5780500068565138,-1.8664960156023702,1.7781231430269218,0.722219682771863,0.5210952141518455,-1.6547058554646443,True,1.0,False,,False,,MACD_FAIL
BULL_2013_2014,BMS,legacy,MACD_FAIL,2014-06-27,2014-06-30,37.553,GREEN,183.32,178.1736,169.32985,-0.06388208507352765,-0.07426730529704235,-0.0688752891051444,False,2014-06-25,37.074,1.2920105734476994,True,6.0,0.6311080339786557,-2.870609538518887,0.6311080339786557,-1.8693579740633237,-1.0598354325885961,-0.023966127872609988,-2.2608047293158906,-2.750778899155848,False,,False,,False,,MACD_FAIL
BULL_2013_2014,ECL,legacy,MACD_FAIL,2014-06-27,2014-06-30,104.92,GREEN,183.32,178.1736,169.32985,-0.18098015945742113,-0.2689413852345855,-0.25636566096279845,False,2014-06-26,102.34,2.5210084033613356,False,,3.0022874571101754,-0.28593213877239343,3.0022874571101754,-0.28593213877239343,1.2771635531833914,1.124666412504749,0.9054517727792533,0.7624857033930565,True,0.0,True,1.0,False,,MACD_FAIL
BULL_2013_2014,PG,legacy,MACD_FAIL,2014-06-27,2014-06-30,70.717,GREEN,183.32,178.1736,169.32985,-0.07124124084671662,-0.07720244609776383,-0.04015617351177947,False,2014-06-26,70.278,0.6246620564045458,False,,3.6695561180480007,-0.7339112236096068,3.6695561180480007,-0.7339112236096068,1.9627529448364767,2.8465574048673004,2.186178712332265,0.34079499978789674,True,5.0,True,6.0,False,,MACD_FAIL
BULL_2013_2014,WMT,legacy,MACD_FAIL,2014-07-01,2014-07-02,68.888,GREEN,184.45,178.5686,169.61535,-0.022529262999643196,-0.03474427559044818,-0.026910481103089023,False,2014-06-30,68.422,0.6810674929116578,True,20.0,3.0672976425502263,-2.2834165602136913,3.0672976425502263,-2.2834165602136913,2.3951921960283284,1.7971199628382228,1.4487283706886345,-2.232609453025214,True,3.0,True,5.0,False,,MACD_FAIL
BULL_2013_2014,NUE,legacy,MACD_FAIL,2014-07-02,2014-07-03,45.055,GREEN,184.65,178.7606,169.75674999999998,-0.07219864733011744,-0.10695859570412158,-0.10256157936933485,False,2014-06-27,44.131,2.0937662867372087,False,,6.427699478415283,-1.4315836200199827,6.427699478415283,-1.4315836200199827,-0.6458772611252828,1.0653645544334678,3.1960936633004033,0.13539007879259657,True,0.0,True,14.0,True,14.0,MACD_FAIL
BULL_2013_2014,GWW,legacy,MACD_FAIL,2014-07-07,2014-07-08,231.95,GREEN,184.9,179.1764,170.02925,-1.0026357208232328,-0.9447521601441519,-1.2474795562323364,False,2014-06-25,230.22,0.7514551298757555,True,2.0,0.25005389092478403,-7.704246604871734,0.25005389092478403,-1.6469066609183014,-1.862470359991375,-3.461953007113605,-4.707911187755975,-6.251347273119212,False,,False,,False,,MACD_FAIL
BULL_2013_2014,BF-B,legacy,MACD_FAIL,2014-07-14,2014-07-15,44.83,GREEN,184.99,180.12760000000003,170.70855,-0.11777705687342971,-0.12194311831451471,-0.11838768976888575,False,2014-07-10,44.477,0.7936686377228774,True,1.0,0.2587552977916463,-7.760428284630827,0.2587552977916463,-1.2357796118670383,-1.0238679455721544,-3.9549408877983416,-5.726076288199867,-2.045505242025436,False,,False,,False,,MACD_FAIL
BULL_2013_2014,MHFI,legacy,MACD_FAIL,2014-07-14,2014-07-15,79.129,GREEN,184.99,180.12760000000003,170.70855,-0.2725110838379393,-0.328521814806228,-0.31455461854060773,False,2014-07-10,77.779,1.7356870106326916,True,10.0,1.3585411164048544,-5.8714251412250835,1.3585411164048544,-3.6206700451162144,-0.021483906026875665,-1.9006938037887555,-4.952672218782006,-5.267348254116699,False,,False,,False,,MACD_FAIL
BULL_2013_2014,TROW,legacy,MACD_FAIL,2014-07-15,2014-07-16,73.608,GREEN,184.65,180.31620000000004,170.8491,-0.3330026597216672,-0.32222694259422174,-0.30739508773530866,False,2014-07-14,72.68,1.2768299394606553,True,1.0,0.23231170524942168,-8.485490707531806,0.23231170524942168,-2.9806542767090605,-0.4469622867079748,-3.499619606564519,-5.954515813498551,-4.915226605803724,False,,False,,False,,MACD_FAIL
BULL_2013_2014,CVX,legacy,MACD_FAIL,2014-07-16,2014-07-17,114.11,GREEN,185.33,180.51139999999998,170.99645,-0.3246869979695981,-0.42304823763463784,-0.4169850602504155,False,2014-07-14,112.13,1.7658075448140576,True,11.0,3.4177547980019263,-4.635877661905186,3.4177547980019263,-3.2687757427044106,3.2249583734992537,-1.060380334764699,-3.812111120848294,-2.8043116291297854,True,4.0,True,5.0,False,,MACD_FAIL
BULL_2013_2014,SHW,legacy,MACD_FAIL,2014-07-17,2014-07-18,203.65,GREEN,183.21,180.6952,171.1375,-0.014137714831774673,-0.5864313257314591,-0.5521134091555487,False,2014-07-14,194.65,4.623683534549183,False,,2.27350847041492,-3.3930763564939848,2.27350847041492,-3.3930763564939848,0.9280628529339419,-2.8627547262460196,-0.8986005401424024,1.2128652099189674,True,3.0,False,,False,,MACD_FAIL
BULL_2013_2014,DOV,legacy,MACD_FAIL,2014-07-18,2014-07-21,82.242,GREEN,185.1,180.8964,171.28184999999996,-0.313786519909043,-0.3802162443082813,-0.3104365232724867,False,2014-07-17,80.212,2.5307933974966446,True,8.0,2.096252523041753,-5.277109019722282,2.096252523041753,-3.3170399552540197,-0.6529510469103439,-2.8185112229760945,-2.964422071447681,0.28331023078231876,True,1.0,False,,False,,MACD_FAIL
BULL_2013_2014,GPC,legacy,MACD_FAIL,2014-07-18,2014-07-21,80.255,GREEN,185.1,180.8964,171.28184999999996,-0.1848540529536996,-0.2280200688445298,-0.17558706811231506,False,2014-07-17,78.553,2.1666900054740035,True,1.0,2.4123107594542503,-6.415799638651798,2.4123107594542503,-2.325088779515294,-3.3630303407887308,-5.333001059124043,-4.206591489626799,-1.8715344838327819,True,0.0,False,,False,,MACD_FAIL
BULL_2013_2014,HRL,legacy,MACD_FAIL,2014-07-18,2014-07-21,22.822,GREEN,185.1,180.8964,171.28184999999996,-0.03219078032407927,-0.048558894153098366,-0.04207768903863217,False,2014-07-17,22.527,1.3095396635148804,True,5.0,0.21032337218473973,-7.085268600473227,0.21032337218473973,-2.1426693541319763,-2.011217246516517,-6.108141267198308,-3.2249583734992537,-1.8622381912190011,False,,False,,False,,MACD_FAIL
BULL_2013_2014,JNJ,legacy,MACD_FAIL,2014-07-22,2014-07-23,93.896,GREEN,185.53,181.3022,171.5795,-0.5264411811697896,-0.6214312350348938,-0.6146307037022367,False,2014-07-17,91.648,2.4528631284916225,True,6.0,0.5740393626991525,-3.819119025304596,0.2012865297776223,-2.601814773792277,-0.42067819715428945,-1.963874925449427,-0.9531822441850468,0.48351367470391704,False,,False,,False,,MACD_FAIL
BULL_2013_2014,VFC,legacy,MACD_FAIL,2014-07-23,2014-07-24,56.959,GREEN,185.95,181.4846,171.73005,-0.2221833454982287,-0.2536668864375427,-0.23152626645016006,False,2014-07-21,56.068,1.5891417564386279,False,,3.8097578960304634,-2.57202549202058,3.8097578960304634,-2.57202549202058,-0.2124335048017012,0.5530293720044099,0.8813356976070441,3.45511683842763,True,0.0,True,19.0,False,,MACD_FAIL
BULL_2013_2014,BMS,legacy,MACD_FAIL,2014-07-28,2014-07-29,36.935,GREEN,185.18,182.05519999999996,172.2118,-0.040587753091974266,-0.06131118515823403,-0.05543191549884982,False,2014-07-24,36.475,1.261137765592868,True,1.0,2.282387978881806,-3.118992825233524,0.47380533369432154,-2.2228238797888267,-1.597400839312313,-0.598348449979702,0.9773927169351548,1.1831596047109816,False,,False,,False,,MACD_FAIL
BULL_2013_2014,PG,legacy,MACD_FAIL,2014-08-01,2014-08-04,71.687,GREEN,180.2,182.61019999999996,172.72334999999998,-0.19615108240626578,-0.29899027465428685,-0.22421826074858953,False,2014-07-29,69.729,2.8080138823158185,False,,5.500299914907858,-1.004366203077267,5.500299914907858,-1.004366203077267,2.541604475009418,3.7524237309414454,5.134822213232515,4.42897596495877,True,2.0,True,5.0,True,13.0,MACD_FAIL
BULL_2013_2014,CTAS,legacy,MACD_FAIL,2014-08-04,2014-08-05,59.953,GREEN,181.5,182.70759999999999,172.83715,-0.09980833922499874,-0.17575831038324885,-0.15123665159810615,False,2014-08-01,58.661,2.2024854673462713,False,,5.502643737594437,-1.511183760612489,5.502643737594437,-1.511183760612489,2.607042183043373,3.584474505028923,3.787967241005452,4.320050706386658,True,4.0,True,6.0,True,19.0,MACD_FAIL
BULL_2013_2014,ECL,legacy,MACD_FAIL,2014-08-04,2014-08-05,105.11,GREEN,181.5,182.70759999999999,172.83715,-0.22995031892115134,-0.2673269033319973,-0.20472221345905756,False,2014-07-31,103.29,1.762029238067564,False,,5.75587479783084,-1.503187137284745,5.75587479783084,-1.503187137284745,0.7515935686423836,4.233659975264015,5.204071924650355,5.175530396727246,True,7.0,True,8.0,True,14.0,MACD_FAIL
BULL_2013_2014,EMR,legacy,MACD_FAIL,2014-08-05,2014-08-06,55.55,GREEN,179.75,182.75539999999998,172.9368,-0.42377151315491335,-0.3842638094685155,-0.38968312510241876,False,2014-07-30,54.467,1.9883599243578631,False,,6.241224122412259,-0.8370837083708338,6.241224122412259,-0.8370837083708338,2.2952295229523134,4.619261926192619,4.486048604860504,4.876687668766877,True,5.0,True,8.0,True,12.0,MACD_FAIL
BULL_2013_2014,ADP,legacy,MACD_FAIL,2014-08-08,2014-08-11,66.008,GREEN,180.91,182.8272,173.21645,-0.1878981129268647,-0.22719709485145428,-0.18986239723963733,False,2014-08-07,64.871,1.7527092229193242,False,,4.023754696400439,-0.34692764513392094,4.023754696400439,-0.34692764513392094,2.513331717367606,2.9693370500545546,3.0526602836019823,2.955702339110422,True,3.0,True,3.0,False,,MACD_FAIL
BULL_2013_2014,BDX,legacy,MACD_FAIL,2014-08-08,2014-08-11,110.43,GREEN,180.91,182.8272,173.21645,-0.29901539387640075,-0.38587665516793174,-0.3346607191972747,False,2014-08-07,108.35,1.9197046608214308,False,,1.9378791994928868,-1.276826949198595,1.9378791994928868,-1.276826949198595,1.15004980530653,0.769718373630357,0.2626097980621189,-0.398442452232195,False,,False,,False,,MACD_FAIL
BULL_2013_2014,MCD,legacy,MACD_FAIL,2014-08-13,2014-08-14,84.641,GREEN,182.41,182.95,173.5167,0.032110172987854346,-0.039931082326339684,-0.09355959584710116,False,2014-07-17,83.981,0.7858920470106501,True,17.0,2.059285688968693,-2.4940631608794894,2.059285688968693,-2.0332935574957856,0.9428054961543308,1.392941954844562,0.2374735648208226,0.5292943136305128,True,10.0,False,,False,,MACD_FAIL
BULL_2013_2014,WAG,legacy,MACD_FAIL,2014-09-04,2014-09-05,58.689,GREEN,187.41,184.3302,175.24850000000004,0.35377048325399674,0.19425274640829304,0.1690251982833466,False,2014-08-29,56.361,4.130515782189814,True,16.0,4.658453884032787,-6.260116887321299,4.658453884032787,-4.86121760466186,0.8536523028165321,0.9490705242890529,-3.3839390686499993,-2.438276337984968,True,0.0,True,0.0,False,,MACD_FAIL
BULL_2013_2014,APD,legacy,MACD_FAIL,2014-09-10,2014-09-11,119.88,GREEN,187.29,184.6764,175.69150000000002,-0.31926095754666955,-0.351426421130953,-0.2360271563937894,False,2014-09-09,118.68,1.0111223458038276,True,0.0,5.355355355355362,-5.814147480814147,0.025025025025016134,-1.851851851851849,1.9769769769769852,1.9602936269603077,-1.7517517517517511,-4.938271604938271,False,,False,,False,,MACD_FAIL
BULL_2013_2014,BDX,legacy,MACD_FAIL,2014-09-11,2014-09-12,109.67,GREEN,187.5,184.73739999999998,175.7949,-0.12189224388433839,-0.12301601191856615,-0.09425360939064203,False,2014-09-10,108.39,1.1809207491465967,True,0.0,13.002644296525956,-2.6534147898240157,0.13677395823834537,-1.7780614570985676,-1.2947934713230635,-0.957417707668462,0.5470958329534037,10.987507978480892,False,,False,,False,,MACD_FAIL
BULL_2013_2014,CL,legacy,MACD_FAIL,2014-09-11,2014-09-12,59.712,GREEN,187.5,184.73739999999998,175.7949,0.04735910568397128,0.014584245789718953,0.007581357054300908,False,2014-09-10,58.95,1.2926208651399484,False,,3.394627545551976,-0.1540728831725735,3.394627545551976,-0.1540728831725735,1.7148981779206762,2.3697079314040748,1.9945739549839248,1.729970525187552,True,5.0,True,8.0,False,,MACD_FAIL
BULL_2013_2014,XOM,legacy,MACD_FAIL,2014-09-11,2014-09-12,85.559,GREEN,187.5,184.73739999999998,175.7949,-0.15013890960740917,-0.13389220077599612,-0.07063772469548901,False,2014-09-10,84.937,0.732307474952032,True,0.0,1.5848712584298763,-5.822882455381661,0.07246461506094093,-0.9210018817424226,0.6217931485875239,-1.1325518063558415,-2.6928785983940884,-5.098236304772142,False,,False,,False,,MACD_FAIL
BULL_2013_2014,SYY,legacy,MACD_FAIL,2014-09-24,2014-09-25,34.489,GREEN,187.68,185.2654,176.74275,-0.11507461522497747,-0.15791945679643432,-0.09934108680133752,False,2014-09-23,33.548,2.8049362108024223,True,12.0,1.6179071588042548,-4.436197048334234,1.2438748586505843,-2.861782017454828,-0.8031546290121261,-0.881440459276861,-3.3662907013830345,1.1945837803357673,False,,False,,False,,MACD_FAIL
BULL_2013_2014,CTAS,legacy,MACD_FAIL,2014-09-30,2014-10-01,66.183,GREEN,185.31,185.33540000000002,177.13545000000002,0.10326955077541278,-0.1642037868921145,-0.13752538933239689,False,2014-09-29,62.007,6.734723498959805,False,,2.7741262862064353,-4.943867760603182,2.7741262862064353,-4.943867760603182,1.0803378511097916,-3.0763186921112684,0.1828264055724116,2.263421120227238,True,15.0,False,,False,,MACD_FAIL
BULL_2013_2014,BCR,legacy,MACD_FAIL,2014-10-02,2014-10-03,143.38,GREEN,182.82,185.21800000000002,177.3152,-0.3264607998409914,-0.5192292747992706,-0.5126828043302374,False,2014-09-24,139.49,2.788730374937254,False,,13.5653508160134,-0.5579578741804925,13.5653508160134,-0.5579578741804925,3.075742781419999,0.04184684056354193,8.097363649044498,12.916724787278566,True,1.0,True,1.0,True,7.0,MACD_FAIL
BULL_2013_2014,CAH,legacy,MACD_FAIL,2014-10-03,2014-10-06,71.94,GREEN,184.84,185.1956,177.4153,-0.13434090026202072,-0.19955719689725993,-0.19152248889491486,False,2014-10-02,69.798,3.0688558411415823,True,5.0,3.3041423408395776,-6.370586599944394,0.4587155963302836,-3.5918821239922183,-3.509869335557392,-3.2485404503753146,2.364470391993345,2.5868779538504416,False,,False,,False,,MACD_FAIL
BULL_2013_2014,ECL,legacy,MACD_FAIL,2014-10-03,2014-10-06,110.98,GREEN,184.84,185.1956,177.4153,-0.4979056351185521,-0.5563031773353427,-0.4809074780643595,False,2014-10-02,107.63,3.112515098020996,True,3.0,0.33339340421696395,-10.109929717066136,0.33339340421696395,-3.955667687871689,-6.487655433411432,-4.415209947738341,-3.802486934582805,-4.289061092088664,False,,False,,False,,MACD_FAIL
BULL_2013_2014,JNJ,legacy,MACD_FAIL,2014-10-06,2014-10-07,96.12,GREEN,184.63,185.18599999999998,177.50025000000002,-0.3967605413490247,-0.39322762753376495,-0.3927294830114443,False,2014-10-03,95.84,0.2921535893155358,True,0.0,4.088639200998734,-8.951310861423224,0.0,-2.0214315439034514,-7.123387432376205,-3.916978776529334,0.3193924261339909,3.995006242197241,False,,False,,False,,MACD_FAIL
BULL_2013_2014,MMM,legacy,MACD_FAIL,2014-10-08,2014-10-09,130.81,GREEN,184.95,185.12900000000002,177.6545,-0.4209899040348899,-0.6352093816351656,-0.5629855473090031,False,2014-09-29,127.58,2.531744787584267,True,1.0,11.008332696277057,-7.468847947404633,0.2522742909563336,-5.183089977830447,-4.311596972708509,2.775017200519825,7.7669902912621325,10.580230869199614,False,,False,,False,,MACD_FAIL
BULL_2013_2014,GPC,legacy,MACD_FAIL,2014-10-14,2014-10-15,78.985,YELLOW,176.52,184.8568,177.82045,-0.19895708460903486,-0.23211733404152968,-0.1817052854687976,False,2014-10-13,79.014,-0.03670235654440468,False,,17.321010318414885,-0.9761347091219896,17.321010318414885,-0.9761347091219896,8.040767234284996,9.590428562385256,15.104133696271461,17.203266442995503,True,0.0,True,2.0,True,4.0,MACD_FAIL
BULL_2013_2014,TGT,legacy,MACD_FAIL,2014-10-15,2014-10-16,53.224,YELLOW,175.35,184.7688,177.84470000000002,-0.3336779050067501,-0.2861103450354049,-0.347245347367149,False,2014-10-13,53.676,-0.8420895744839507,True,1.0,15.295731249060584,-0.1164888020441901,2.3466857056966717,-0.1164888020441901,5.514429580640323,5.087930257026918,5.275815421614305,14.816624079362706,True,0.0,False,,False,,MACD_FAIL
BULL_2013_2014,ABBV,legacy,MACD_FAIL,2014-10-16,2014-10-17,48.187,YELLOW,175.2,184.6766,177.86405,-0.5064036372285607,-0.45300923335535886,-0.48905978846508696,False,2014-10-13,46.819,2.9218906854054927,False,,20.92265548799468,-2.484072467678,20.92265548799468,-2.484072467678,12.524124763940492,18.438583020316692,14.777844646896465,19.443003299645124,True,2.0,True,2.0,True,2.0,MACD_FAIL
BULL_2013_2014,CINF,legacy,MACD_FAIL,2014-10-16,2014-10-17,42.079,YELLOW,175.2,184.6766,177.86405,-0.10661669991872344,-0.09872978153412895,-0.07800796066504348,False,2014-10-13,40.899,2.885156116286458,False,,11.380973882459177,-0.7961215808360511,11.380973882459177,-0.7961215808360511,5.066660329380457,8.795361106490173,10.166591411392844,10.026378953872484,True,2.0,True,2.0,True,4.0,MACD_FAIL
BULL_2013_2014,VFC,legacy,MACD_FAIL,2014-10-16,2014-10-17,59.944,YELLOW,175.2,184.6766,177.86405,-0.4051633204556175,-0.45494481372805223,-0.38742804127778474,False,2014-10-13,57.515,4.223246109710521,False,,11.350593887628445,-2.8876951821700247,11.350593887628445,-2.8876951821700247,3.3314426798345176,5.159815828106229,8.439543574002407,10.324636327238746,True,2.0,True,2.0,True,3.0,MACD_FAIL
BULL_2013_2014,PEP,legacy,MACD_FAIL,2014-10-17,2014-10-20,84.196,YELLOW,177.27,184.64520000000002,177.90200000000002,-0.300730305235135,-0.27409483921095346,-0.14676407443444234,False,2014-10-16,82.504,2.0508096577135593,False,,7.961185804551296,-0.07957622689913624,7.961185804551296,-0.07957622689913624,3.2269941564919913,4.546534277162806,5.791248990450848,7.373271889400912,True,0.0,True,2.0,True,9.0,MACD_FAIL
BULL_2013_2014,T,legacy,MACD_FAIL,2014-10-17,2014-10-20,29.194,YELLOW,177.27,184.64520000000002,177.90200000000002,-0.0962162153976624,-0.11919047879443884,-0.10694581302122956,False,2014-10-13,28.37,2.904476559746194,False,,6.131396862368987,-2.181955196273211,6.131396862368987,-2.181955196273211,0.1404398164006393,2.288141398917576,3.110228129067627,5.251078988833324,True,2.0,True,15.0,True,18.0,MACD_FAIL
BULL_2013_2014,WMT,legacy,MACD_FAIL,2014-10-20,2014-10-21,69.278,GREEN,179.0,184.607,177.94875,-0.3450626888400123,-0.36530879363363944,-0.27257611049983804,False,2014-10-17,67.288,2.9574366900487536,False,,11.61118969947168,-0.2396143075724,11.61118969947168,-0.2396143075724,1.5430584023788052,2.7541210773983194,5.080978088281984,11.437974537371165,True,4.0,True,11.0,True,13.0,MACD_FAIL
BULL_2013_2014,HRL,legacy,MACD_FAIL,2014-11-28,2014-12-01,25.163,GREEN,194.87,186.75480000000005,181.07165,-0.183687723964008,-0.19253770606505044,-0.17745360410642164,False,2014-11-25,24.32,3.4662828947368496,True,9.0,0.9776258792671744,-5.686921273298095,0.9776258792671744,-3.99395938481103,-0.2980566705082843,-4.383420100941871,-0.24241942534674044,-0.09537813456265143,False,,False,,False,,MACD_FAIL
BULL_2013_2014,JNJ,legacy,MACD_FAIL,2014-11-28,2014-12-01,99.82,GREEN,194.87,186.75480000000005,181.07165,-0.19826032306930141,-0.2573476476276946,-0.24895836389967574,False,2014-11-26,98.733,1.1009490241358,True,7.0,1.1420557002604692,-4.888799839711478,1.1420557002604692,-1.493688639551194,0.7012622720897754,-3.5363654578240755,-0.9607293127629646,-2.2400320577038557,False,,False,,False,,MACD_FAIL
BULL_2013_2014,ECL,legacy,MACD_FAIL,2014-12-03,2014-12-04,105.38,GREEN,195.51,187.1846,181.43380000000002,-0.6746040158184459,-0.8013344327554431,-0.6391407993199407,False,2014-12-02,100.17,5.201158031346709,True,6.0,1.0912886695767732,-6.985196431960516,1.0912886695767732,-6.1301954830138445,-4.17536534446763,-3.2833554754222782,-1.6037198709432543,-6.32662744353768,False,,False,,False,,MACD_FAIL
BULL_2013_2014,NUE,legacy,MACD_FAIL,2014-12-03,2014-12-04,50.154,GREEN,195.51,187.1846,181.43380000000002,-0.035753859805032484,-0.11783429926062172,-0.0742027664988319,False,2014-12-02,48.33,3.7740533829919487,True,5.0,0.5283726123539445,-13.94305538940065,0.5283726123539445,-3.8880248833592534,-3.6886389919049356,-10.218526937033934,-10.77880129202059,-13.632013398731912,False,,False,,False,,MACD_FAIL
BULL_2013_2014,MMM,legacy,MACD_FAIL,2014-12-16,2014-12-17,148.43,GREEN,186.14,188.398,182.3275,-0.7967916931003014,-0.8908009185035235,-0.7946186081025131,False,2014-12-12,144.96,2.3937637969094983,False,,5.55817557097622,-0.9836286465000343,5.55817557097622,-0.9836286465000343,4.810348312335777,2.991309034561751,1.4754429697500404,1.6977699925890821,True,1.0,True,1.0,True,3.0,MACD_FAIL
BULL_2013_2014,ADP,legacy,MACD_FAIL,2014-12-17,2014-12-18,80.486,GREEN,189.79,188.55880000000002,182.4057,-0.4290903262178838,-0.5513999883845857,-0.5470394024620513,False,2014-12-16,77.261,4.174162902369893,False,,0.6970156300474484,-4.741197226846905,0.6970156300474484,-4.741197226846905,-0.7827448251869984,-3.076311408195209,-2.007802599209796,-1.0486295753298847,False,,False,,False,,MACD_FAIL
BULL_2013_2014,APD,legacy,MACD_FAIL,2014-12-17,2014-12-18,132.15,GREEN,189.79,188.55880000000002,182.4057,-1.0875227072360145,-1.2839699359608203,-1.1311425580576646,False,2014-12-12,125.15,5.5932880543347885,False,,4.631101021566408,-3.6473704124101447,4.631101021566408,-3.6473704124101447,4.275444570563747,-1.0518350359440154,0.0908059023836616,-0.5978055240257185,True,1.0,True,1.0,False,,MACD_FAIL
BULL_2013_2014,BCR,legacy,MACD_FAIL,2014-12-17,2014-12-18,168.5,GREEN,189.79,188.55880000000002,182.4057,-0.8704531268240974,-1.0200952410405049,-0.9085295508532698,False,2014-12-16,163.29,3.190642415334688,True,10.0,3.8456973293768515,-4.4391691394658706,1.2225519287833775,-4.4391691394658706,-1.3175074183976232,-3.317507418397625,2.005934718100888,2.9970326409495707,False,,False,,False,,MACD_FAIL
BULL_2013_2014,CINF,legacy,MACD_FAIL,2014-12-17,2014-12-18,46.572,GREEN,189.79,188.55880000000002,182.4057,-0.15239472284750216,-0.17716891554156233,-0.14053751545367205,False,2014-12-16,45.5,2.3560439560439628,False,,8.741303787683584,-1.5309628102722739,8.741303787683584,-1.5309628102722739,2.7656102379111758,-0.060121961693737624,0.9619513870995355,0.9039766383234449,True,1.0,True,3.0,True,3.0,MACD_FAIL
BULL_2013_2014,CL,legacy,MACD_FAIL,2014-12-17,2014-12-18,64.931,GREEN,189.79,188.55880000000002,182.4057,-0.22204677671753714,-0.26068674029383576,-0.19859197383586857,False,2014-12-16,62.92,3.1961220597584106,False,,2.752152284733045,-2.5503996550183983,2.752152284733045,-2.5503996550183983,2.1330335278988644,-1.2567186705887856,-1.6402026766875522,-0.632979624524499,True,3.0,False,,False,,MACD_FAIL
BULL_2013_2014,KMB,legacy,MACD_FAIL,2014-12-17,2014-12-18,105.22,GREEN,189.79,188.55880000000002,182.4057,-0.25875430711227676,-0.34236358124416655,-0.31881885194774706,False,2014-12-16,102.84,2.3142746013224302,False,,3.8205664322372046,-0.7793195210036075,3.8205664322372046,-0.7793195210036075,3.364379395552186,0.37065196730659,1.1499714883102197,2.680098840524625,True,3.0,True,3.0,False,,MACD_FAIL
BULL_2013_2014,MKC,legacy,MACD_FAIL,2014-12-17,2014-12-18,69.388,GREEN,189.79,188.55880000000002,182.4057,-0.2338005263302259,-0.2960408246349939,-0.27289353831663343,False,2014-12-16,67.508,2.784855128281105,False,,4.868276935493165,-1.4584654407102104,4.868276935493165,-1.4584654407102104,4.160661785899578,-0.5692626967199077,0.7422032628120245,3.4905170922926,True,1.0,True,1.0,False,,MACD_FAIL
BULL_2013_2014,VFC,legacy,MACD_FAIL,2014-12-17,2014-12-18,69.176,GREEN,189.79,188.55880000000002,182.4057,-0.3740179433423829,-0.44415685908410585,-0.36179745850666123,False,2014-12-16,66.67,3.758812059397032,False,,3.9768127674338016,-3.6226436914536864,3.9768127674338016,-3.6226436914536864,1.4759454145946593,-1.0928645773100487,1.8402336070313385,-2.811668786862509,True,6.0,True,16.0,False,,MACD_FAIL
BULL_2017,DOV,yfinance,MACD_FAIL,2017-01-03,2017-01-04,53.23141142026602,GREEN,193.9681854248047,188.38291198730468,182.14964157104492,-0.1904302739117517,-0.24543464069819498,-0.2199235990241022,False,2016-12-30,51.7861454171787,2.790835254187285,False,,7.45331284224775,-1.3053212394127711,7.45331284224775,-1.3053212394127711,3.3285227294262754,2.140687739340552,4.855744264002437,1.5532987001778853,True,2.0,True,2.0,True,7.0,MACD_FAIL
BULL_2017,ITW,yfinance,MACD_FAIL,2017-01-05,2017-01-06,97.33574148539243,GREEN,194.9670867919922,188.84144592285156,182.3661671447754,-0.4005516933715051,-0.3797323416859078,-0.43252748031217686,False,2016-12-29,96.36964649456985,1.002488881057606,False,,6.7672901987622325,-1.51754559685785,6.7672901987622325,-1.51754559685785,1.2139897294783708,1.7553994525821182,5.643480474951201,4.41309860280088,True,9.0,True,11.0,True,12.0,MACD_FAIL
BULL_2017,APD,yfinance,MACD_FAIL,2017-01-06,2017-01-09,114.35349636413758,GREEN,195.6646728515625,189.08765228271486,182.4834832763672,-0.5026783117400988,-0.5758927216432824,-0.5664579310280047,False,2016-12-28,113.19646176796275,1.0221473163592343,True,13.0,3.5758878121880278,-5.024272292206556,3.5758878121880278,-5.024272292206556,0.7207140517091926,1.9611883186994694,-3.1462465925250482,-3.811541479044822,True,0.0,True,11.0,False,,MACD_FAIL
BULL_2017,T,yfinance,MACD_FAIL,2017-01-12,2017-01-13,15.875738006517523,GREEN,195.0790252685547,190.11316375732423,182.92314208984374,-0.10953111426459389,-0.11376729080413012,-0.09966043217025944,False,2017-01-11,15.62743538645884,1.5888891165970698,False,,3.763468245267698,-1.0507974976647794,3.763468245267698,-1.0507974976647794,2.639312261167781,2.1994470522819887,0.34216030000784325,-0.6597909407178637,True,4.0,True,9.0,False,,MACD_FAIL
BULL_2017,ADM,yfinance,MACD_FAIL,2017-01-17,2017-01-18,33.77240371238408,GREEN,194.837890625,190.71624298095702,183.12744468688965,-0.17806808394156448,-0.23980606666222481,-0.23203191976762014,False,2017-01-12,32.70803943510563,3.254136584340994,False,,1.6092567722503448,-6.705466125153626,1.6092567722503448,-6.705466125153626,1.0280990146010804,-2.1681683832977416,-2.861045211553115,-0.603542217702624,False,,False,,False,,MACD_FAIL
BULL_2017,CINF,yfinance,MACD_FAIL,2017-02-02,2017-02-03,55.5651532572179,GREEN,196.1468963623047,193.50803466796876,184.3885962677002,0.057480823165455885,0.008149759673775847,-0.009926966762688227,False,2017-01-30,54.010455190809985,2.8785131710433287,False,,5.414093375319906,-4.532747752158084,5.414093375319906,-4.532747752158084,-0.5875814577168015,1.6648172017384555,2.210420728444551,2.37828342183084,True,9.0,True,15.0,True,17.0,MACD_FAIL
BULL_2017,ADP,yfinance,MACD_FAIL,2017-02-03,2017-02-06,78.62042542221356,GREEN,197.49896240234375,193.68853546142577,184.48589073181154,-0.8020889836563792,-0.8035091169687807,-0.6983684977656854,False,2017-01-30,76.53047693821081,2.730870847296729,False,,8.605684625707122,-0.7964684713753001,8.605684625707122,-0.7964684713753001,1.9652193005397223,2.627183599453553,6.143964158787507,7.850612246241506,True,6.0,True,6.0,True,12.0,MACD_FAIL
BULL_2017,BEN,yfinance,MACD_FAIL,2017-02-03,2017-02-06,24.635934605375354,GREEN,197.49896240234375,193.68853546142577,184.48589073181154,-0.07443097959321768,-0.09025722834785668,-0.08439315224500507,False,2017-02-02,24.21170799371182,1.7521548325864167,False,,10.057381695823398,-1.3726037160291193,10.057381695823398,-1.3726037160291193,3.593701163788987,7.38707895864672,7.412031876983383,5.764914744693117,True,4.0,True,5.0,True,6.0,MACD_FAIL
BULL_2017,DOV,yfinance,MACD_FAIL,2017-02-03,2017-02-06,54.537683814662145,GREEN,197.49896240234375,193.68853546142577,184.48589073181154,-0.204487125780615,-0.22949122452682313,-0.18732213510961881,False,2017-02-02,53.7247329819248,1.5131779864049788,False,,5.7650082276032855,-2.255073195835411,5.7650082276032855,-2.255073195835411,1.414228724835942,3.0449796425303433,2.613573196940333,1.703994355807903,True,5.0,True,10.0,True,16.0,MACD_FAIL
BULL_2017,NUE,yfinance,MACD_FAIL,2017-02-06,2017-02-07,47.71161682241077,GREEN,197.1457977294922,193.85460968017577,184.58620697021485,-0.29408741721545884,-0.3349009219205954,-0.3264711985696601,False,2017-02-02,46.23467019583875,3.1944569309481974,False,,11.852279518376353,-2.171997267900838,11.852279518376353,-2.171997267900838,7.901495983562268,8.158049867105955,9.474983294559514,4.275721520006637,True,2.0,True,2.0,True,3.0,MACD_FAIL
BULL_2017,SYY,yfinance,MACD_FAIL,2017-02-07,2017-02-08,40.72318257905822,GREEN,197.15444946289062,194.0188021850586,184.68656646728516,-0.14240071518065017,-0.18777528289036327,-0.15689940011803677,False,2017-01-23,39.04106523208719,4.308584658157644,False,,2.5744225497368323,-0.730069305831349,2.5744225497368323,-0.730069305831349,1.344847594942289,1.6138414204298401,1.402494481766725,0.7108629832624835,True,11.0,False,,False,,MACD_FAIL
BULL_2017,TGT,yfinance,MACD_FAIL,2017-02-08,2017-02-09,48.38140147732524,GREEN,197.41273498535156,194.17412017822267,184.78974296569825,0.1674039420669764,0.06648391130631981,0.01780296271540238,False,2017-01-09,47.01445634009705,2.907499615309539,True,12.0,4.520582071937618,-15.221160970564684,4.520582071937618,-10.718115280940033,1.5912447852645784,3.6324192820137657,-10.640198501128816,-13.740934000646266,True,0.0,True,1.0,False,,MACD_FAIL
BULL_2017,WBA,legacy_fallback,MACD_FAIL,2017-02-08,2017-02-09,80.14,GREEN,197.41273498535156,194.17412017822267,184.78974296569825,0.003657396926450396,-0.056493582952996446,-0.12763012381526273,False,2017-02-02,78.65,1.8944691671964442,False,,8.15947092587972,-0.40554030446718903,8.15947092587972,-0.40554030446718903,5.270776141751932,7.679061642126284,5.565260793611171,5.245819815323172,True,1.0,True,3.0,True,5.0,MACD_FAIL
BULL_2017,ADM,yfinance,MACD_FAIL,2017-03-13,2017-03-14,33.98675153901205,GREEN,204.79295349121094,198.99801818847655,187.9022886657715,-0.06519402204718205,-0.06421213825490105,-0.08612489735767645,False,2017-03-09,33.53055932382248,1.3605267087371642,False,,3.78074919367406,-1.5436178263832256,3.78074919367406,-1.5436178263832256,0.5593516503000995,2.281909890923539,1.5883745179638753,-0.3579580345336342,True,6.0,True,11.0,False,,MACD_FAIL
BULL_2017,DOV,yfinance,MACD_FAIL,2017-03-13,2017-03-14,53.524725478125816,GREEN,204.79295349121094,198.99801818847655,187.9022886657715,-0.34142976019131044,-0.369235780156293,-0.3285684318112055,False,2017-03-09,52.756189972812926,1.456768401412134,False,,7.3097655947446105,-0.835401870285768,7.3097655947446105,-0.835401870285768,2.1929249049237987,3.5504438270229643,6.017491224060678,5.8739039284248395,True,1.0,True,1.0,True,5.0,MACD_FAIL
BULL_2017,GWW,yfinance,MACD_FAIL,2017-03-15,2017-03-16,215.8361091666954,GREEN,205.77467346191406,199.47975311279296,188.1734348297119,-0.8149169851494288,-1.0204514014795436,-1.00954274167165,False,2017-03-10,211.76520762618372,1.9223656171592607,True,2.0,0.15346914969969205,-10.64215372605487,0.15346914969969205,-2.6655829314987,-2.815031870201512,-5.549270372650417,-7.184996236213026,-10.541184408231208,False,,False,,False,,MACD_FAIL
BULL_2017,MHFI,yfinance,MACD_FAIL,2017-03-23,2017-03-24,112.73810361656784,GREEN,202.4145965576172,200.5318408203125,188.9282482147217,-0.6303642439650199,-0.6583978742270817,-0.6137159746010232,False,2017-03-21,110.8225872718405,1.7284530093388817,False,,3.9311129818289547,-1.4519559229369317,3.9311129818289547,-1.4519559229369317,0.9731281328798858,0.44023905305996536,0.9885915529168177,3.4136618563723964,True,18.0,True,20.0,False,,MACD_FAIL
BULL_2017,BEN,yfinance,MACD_FAIL,2017-03-24,2017-03-27,24.912601532690022,GREEN,202.2674560546875,200.66579193115234,189.03976692199706,-0.15512165851569215,-0.1507265097995062,-0.14588869559490575,False,2017-03-21,24.961778763405793,-0.19701012168197307,False,,5.438871310874105,-0.3455068807177497,5.438871310874105,-0.3455068807177497,3.5294741985607336,4.248617307099556,3.2567464671397817,4.248617307099556,True,1.0,True,1.0,True,3.0,MACD_FAIL
BULL_2017,GD,yfinance,MACD_FAIL,2017-03-28,2017-03-29,152.78676941626074,GREEN,203.5302276611328,200.9654769897461,189.2790547180176,-0.6661405058363296,-0.7497993471550111,-0.5932198249276877,False,2017-03-27,149.30847320554219,2.3296040311993726,False,,5.2422425599775835,-0.9255368228227923,5.2422425599775835,-0.9255368228227923,-0.6992757881256639,-0.4374869963189698,0.518936428125083,4.205681228010683,True,17.0,True,18.0,True,19.0,MACD_FAIL
BULL_2017,T,yfinance,MACD_FAIL,2017-03-30,2017-03-31,16.213271883471556,GREEN,204.36924743652344,201.32514434814453,189.55482231140138,-0.03789471555591489,-0.046888228699091164,-0.04558279451155211,False,2017-03-24,16.00764704556553,1.2845413027955832,True,4.0,0.23929295605873424,-5.048667341425162,0.23929295605873424,-1.3050394978765367,-1.329355932291254,-2.0343090120528706,-2.7150103600554365,-4.951434125235021,False,,False,,False,,MACD_FAIL
BULL_2017,EMR,yfinance,MACD_FAIL,2017-04-20,2017-04-21,47.16841708696092,GREEN,203.54754638671875,203.19344848632812,191.43073501586915,-0.04147320670806742,-0.09578634094094299,-0.09342341411016478,False,2017-04-18,46.124657209432634,2.262910860863454,False,,4.104708565738746,-4.104750864616236,4.104708565738746,-4.104750864616236,1.8243346195354615,-0.43919847194775485,-2.1751016795453104,1.1629472725577905,True,2.0,True,2.0,False,,MACD_FAIL
BULL_2017,MKC,yfinance,MACD_FAIL,2017-05-04,2017-05-05,41.88656587147091,GREEN,206.50555419921875,204.1427032470703,192.6105387878418,-0.04130895843997344,-0.06628371448420446,-0.06147956720209011,False,2017-05-03,41.28640673854367,1.453648259408702,False,,5.323378345056562,-1.2835490729452115,5.323378345056562,-1.2835490729452115,-1.0945310538059694,0.48759157809561415,3.960188737864323,4.87564542705019,True,12.0,True,13.0,True,19.0,MACD_FAIL
BULL_2017,DOV,yfinance,MACD_FAIL,2017-05-05,2017-05-08,54.96398333713641,GREEN,207.31851196289062,204.2168103027344,192.7225308227539,-0.19507714867669498,-0.263352849597291,-0.2287702260772767,False,2017-05-02,53.42691144685861,2.8769619067474217,False,,7.579145313904467,-0.4703205277588607,7.579145313904467,-0.4703205277588607,3.3684719300768995,5.69465787130059,6.569531651037597,6.978513072725923,True,2.0,True,2.0,True,9.0,MACD_FAIL
BULL_2017,ITW,yfinance,MACD_FAIL,2017-05-19,2017-05-22,110.33875435676654,GREEN,206.11636352539062,204.6315719604492,193.8270810699463,-0.39767392850385896,-0.4568426837273216,-0.39204103624761455,False,2017-05-18,107.43424346746158,2.703524309904637,False,,9.285863509523073,-0.23996642001326007,9.285863509523073,-0.23996642001326007,2.6032321053845564,3.970322471548826,6.4717535677105476,8.784127875539372,True,3.0,True,7.0,True,8.0,MACD_FAIL
BULL_2017,PG,yfinance,MACD_FAIL,2017-05-19,2017-05-22,67.22755932737076,GREEN,206.11636352539062,204.6315719604492,193.8270810699463,0.016617258569589954,-0.007530186010911266,-0.007526336711294546,False,2017-04-28,66.65858413387944,0.85356627489801,False,,4.591372764260737,-0.3129596949381974,4.591372764260737,-0.3129596949381974,1.3333749648910764,2.956578216827288,2.0986118385622365,3.9189064264771645,True,6.0,True,10.0,False,,MACD_FAIL
BULL_2017,ABT,yfinance,MACD_FAIL,2017-05-22,2017-05-23,36.89932888578518,GREEN,207.1628875732422,204.68103759765626,193.94119087219238,-0.07484010428007333,-0.10688739229695046,-0.09991570329326509,False,2017-05-18,36.19866001339508,1.9356210205870195,False,,12.788845310645058,-0.709244739830106,12.788845310645058,-0.709244739830106,4.46121274862612,6.520287321061025,8.991108576384343,11.118745567241373,True,3.0,True,4.0,True,6.0,MACD_FAIL
BULL_2017,LOW,yfinance,MACD_FAIL,2017-05-22,2017-05-23,70.72693276485879,GREEN,207.1628875732422,204.68103759765626,193.94119087219238,-0.26090229657595576,-0.2464348130126277,-0.25896802222993753,False,2017-05-19,70.52517875467746,0.28607373103319844,True,0.0,0.059428395674521184,-7.8322112146319895,0.059428395674521184,-2.3651032543439143,-6.382255385392321,-7.54700475554394,-4.2548424298970104,-5.942507915365647,False,,False,,False,,MACD_FAIL
BULL_2017,WBA,legacy_fallback,MACD_FAIL,2017-06-02,2017-06-05,82.363,GREEN,211.1846923828125,205.45555084228516,194.8702264404297,0.014557509226786891,-0.15231208551413022,-0.3029053211931496,False,2017-05-16,79.276,3.893990615066345,True,9.0,0.2998919417699586,-9.69367312992484,0.2998919417699586,-7.086920097616655,-1.728931680487611,-4.131709626895574,-6.870803637555712,-6.149606012408482,False,,False,,False,,MACD_FAIL
BULL_2017,PNR,yfinance,MACD_FAIL,2017-06-09,2017-06-12,38.77194498921699,GREEN,210.5273895263672,206.24573211669923,195.48142631530763,-0.13916134961696325,-0.20385740551346293,-0.2037068247505328,False,2017-06-07,37.23787109034475,4.119660587336882,False,,1.6248214692210494,-2.5424731026460923,1.6248214692210494,-2.5424731026460923,1.158443430491518,-1.2486603273513697,0.8424897858521074,0.21063169061381615,False,,False,,False,,MACD_FAIL
BULL_2017,DOV,yfinance,MACD_FAIL,2017-06-26,2017-06-27,55.27349088344275,GREEN,211.4497528076172,208.00223236083986,196.88332717895508,-0.4533110750558618,-0.48172174424661635,-0.47502389192448347,False,2017-06-22,53.98805265676481,2.3809679427599706,False,,8.412761434148042,-0.8514414657773361,8.412761434148042,-0.8514414657773361,3.7234739729342436,7.256328610792084,8.272974051170845,5.934692298897759,True,3.0,True,4.0,True,6.0,MACD_FAIL
BULL_2017,ECL,yfinance,MACD_FAIL,2017-06-28,2017-06-29,120.6650456812634,GREEN,211.62355041503906,208.326474609375,197.1603968811035,-0.35862422366002455,-0.4257256384845083,-0.4100760246730075,False,2017-06-23,119.23040213818746,1.203253127850057,False,,0.827776715009243,-1.5125250327847617,0.827776715009243,-1.5125250327847617,-0.20316929601061906,-0.12791547813961746,0.12043097273730652,-0.7298891160193333,False,,False,,False,,MACD_FAIL
BULL_2017,EMR,yfinance,MACD_FAIL,2017-06-30,2017-07-03,47.84548966555264,GREEN,210.1547393798828,208.61580688476562,197.444008102417,-0.10423247867172125,-0.16354490969784358,-0.14414676236790874,False,2017-06-29,46.600353919023966,2.6719448283425207,False,,1.8804687843361423,-1.846867892970061,1.8804687843361423,-1.846867892970061,0.4365266775419485,0.4533416304026039,1.4607239414226703,0.6716011536647581,False,,False,,False,,MACD_FAIL
BULL_2017,JNJ,yfinance,MACD_FAIL,2017-07-05,2017-07-06,104.37818663092771,GREEN,210.99778747558594,208.88540008544922,197.7213136291504,-0.3852002740521938,-0.401110852445443,-0.3568540666256812,False,2017-07-03,103.4485428360824,0.8986533491519344,True,2.0,2.5970977242054216,-3.0237454876909875,0.2694413656964434,-1.7813240462921542,-1.3098159682197075,2.215393934026455,-2.0807066587027245,-0.19460248407253689,False,,False,,False,,MACD_FAIL
BULL_2017,PG,yfinance,MACD_FAIL,2017-07-06,2017-07-07,68.35001112873398,GREEN,209.0683135986328,208.94028839111328,197.85313652038573,-0.1921481107485714,-0.19214767514179112,-0.20211247410506394,False,2017-06-30,67.81218890958314,0.7931055283703303,True,2.0,5.450799072434731,-1.5737208036550765,0.20522882952083155,-1.5737208036550765,-0.6728562154896811,1.841919062149322,3.6808205085505863,4.209531324246818,False,,False,,False,,MACD_FAIL
BULL_2017,ABT,yfinance,MACD_FAIL,2017-07-11,2017-07-12,40.889429548546815,GREEN,210.49371337890625,209.20207305908204,198.24392417907714,-0.18436871151538148,-0.17295340101819456,-0.15742216942298382,False,2017-07-10,40.55465346589228,0.8254936340069907,False,,6.144932654028157,-0.7058109924766742,6.144932654028157,-0.7058109924766742,2.6157618168098473,4.629481741932029,2.2005706806561554,1.2456142747639065,True,5.0,True,6.0,True,6.0,MACD_FAIL
BULL_2017,MDT,yfinance,MACD_FAIL,2017-07-11,2017-07-12,69.04981900931341,GREEN,210.49371337890625,209.20207305908204,198.24392417907714,-0.24922671884727143,-0.22886311059506836,-0.18371763984573852,False,2017-07-10,68.2078616429157,1.2343992996079356,True,3.0,1.2193806409880548,-5.606840557411474,1.2193806409880548,-2.176595404832593,-2.3931266558785635,-2.290612958556071,-5.185182998291548,-4.330456539596117,False,,False,,False,,MACD_FAIL
BULL_2017,PEP,yfinance,MACD_FAIL,2017-07-12,2017-07-13,87.04393336077096,GREEN,212.07553100585938,209.3148565673828,198.37973922729492,-0.24063921559307855,-0.28465149799592165,-0.25247527972538547,False,2017-07-03,84.99941744869527,2.4053293227682904,False,,2.7054915513071487,-0.8960407191316744,2.7054915513071487,-0.8960407191316744,0.48718079801475245,2.0791313885165863,1.1744000620424577,1.2439853402404832,True,9.0,False,,False,,MACD_FAIL
BULL_2017,SYY,yfinance,MACD_FAIL,2017-07-13,2017-07-14,40.057788952538274,GREEN,212.43185424804688,209.4332095336914,198.52482704162597,0.05499959446054459,-0.017807974293672424,-0.10428144097248992,False,2017-06-23,38.71832246298507,3.4595158166621065,False,,4.92682225098886,-0.43526863690740436,4.92682225098886,-0.43526863690740436,1.068497713249883,3.383478248467564,3.541788352449804,2.0578120643328424,True,6.0,True,7.0,False,,MACD_FAIL
BULL_2017,ADP,yfinance,MACD_FAIL,2017-07-19,2017-07-20,84.63972639598396,GREEN,214.66551208496094,209.98566833496093,199.10484451293945,-0.15733635586048034,-0.22828625295412136,-0.20648592653426434,False,2017-07-18,82.64975503672038,2.407715979774472,False,,18.303726201637605,-0.45664621147094575,18.303726201637605,-0.45664621147094575,12.3384833257542,8.588358781448946,5.800060259895523,1.700202923410532,True,4.0,True,4.0,True,5.0,MACD_FAIL
BULL_2017,VFC,yfinance,MACD_FAIL,2017-07-19,2017-07-20,41.107330044318836,GREEN,214.66551208496094,209.98566833496093,199.10484451293945,-0.11123385152682908,-0.14440170536275498,-0.1442751108521655,False,2017-07-18,40.15958742975165,2.3599411130032166,False,,13.076412143222328,-0.43998603965863525,13.076412143222328,-0.43998603965863525,7.022209252922318,11.281241356582106,7.778999321921809,11.03487998283532,True,1.0,True,1.0,True,3.0,MACD_FAIL
BULL_2017,GD,yfinance,MACD_FAIL,2017-07-31,2017-08-01,161.46729598623128,GREEN,214.47430419921875,211.29217834472655,200.33061828613282,-0.619438589921216,-0.5715545180111932,-0.5869401975188159,False,2017-07-28,159.07351859321858,1.5048245705396424,False,,2.5182984508459683,-1.5536214018454175,2.5182984508459683,-1.5536214018454175,0.9342187770810417,1.284561602517531,2.1679551051152046,2.0257975477812717,True,4.0,False,,False,,MACD_FAIL
BULL_2017,CL,yfinance,MACD_FAIL,2017-08-16,2017-08-17,58.12792179530442,GREEN,214.6220703125,212.57538482666016,202.22042190551758,0.06029713617715149,0.03502204634265638,0.008425626600126912,False,2017-08-11,57.5142565095222,1.0669794291448653,True,1.0,0.8751054705536054,-1.8474446123459831,0.5000703167581833,-1.3612809329512365,-1.6807707595803856,-0.4861759133991117,-0.23612810379965987,0.4028122350385299,False,,False,,False,,MACD_FAIL
BULL_2017,DOV,yfinance,MACD_FAIL,2017-08-22,2017-08-23,59.1649025328603,GREEN,213.3184051513672,212.65634948730468,202.84908485412598,-0.21226434238430364,-0.2500142722662478,-0.2180475231734822,False,2017-08-21,58.47652662247797,1.177183307802232,False,,10.719261364841914,-0.6821704916808558,10.719261364841914,-0.6821704916808558,1.1683301906426635,3.030748864868271,7.495857274549111,9.88355285827458,True,7.0,True,9.0,True,12.0,MACD_FAIL
BULL_2017,LOW,yfinance,MACD_FAIL,2017-08-22,2017-08-23,60.817843844393614,GREEN,213.3184051513672,212.65634948730468,202.84908485412598,-0.22273669525217554,-0.3369267649409382,-0.318314049876989,False,2017-08-17,61.891371607402995,-1.7345354208969765,True,0.0,10.396161983622498,-1.6539191973388934,2.029196352735707,-1.6539191973388934,2.7241626305219757,7.963899683730102,9.047984509703987,8.464231086900087,True,0.0,False,,False,,MACD_FAIL
BULL_2017,TROW,yfinance,MACD_FAIL,2017-08-22,2017-08-23,59.23738756299022,GREEN,213.3184051513672,212.65634948730468,202.84908485412598,-0.24392194396456923,-0.28909874066129615,-0.2629112324274412,False,2017-08-21,58.270806438974816,1.658774235478755,False,,4.034119175902395,-2.0875659905652766,4.034119175902395,-2.0875659905652766,0.5638793307087608,-1.3197201685290483,1.7874633089503211,3.8408642488628075,True,14.0,True,17.0,False,,MACD_FAIL
BULL_2017,LEG,yfinance,MACD_FAIL,2017-08-30,2017-08-31,32.55885927152398,GREEN,213.8137664794922,212.81670623779297,203.72800483703614,0.03645136655743486,-0.025625724690115925,-0.05043367103755292,False,2017-07-28,31.446096796918297,3.5386346413419867,True,4.0,4.588979221325928,-6.619076724579354,0.7571018773431915,-6.619076724579354,-2.011691856614517,-0.03329312693018949,1.9508173044494592,4.065681768485341,False,,False,,False,,MACD_FAIL
BULL_2017,JNJ,yfinance,MACD_FAIL,2017-08-31,2017-09-01,104.24811756703429,GREEN,215.10006713867188,212.89562225341797,203.87637435913086,-0.07005148103481176,-0.11150691662893221,-0.06541661537454214,False,2017-08-30,102.91157272411643,1.298731335591241,True,1.0,2.405667089281671,-2.6772617908901952,0.037698183007428554,-2.1719462701034864,0.4600167712946135,2.096527663895986,-1.0784628645981065,-1.0407360166448942,False,,False,,False,,MACD_FAIL
BULL_2017,APD,yfinance,MACD_FAIL,2017-09-08,2017-09-11,117.28716309914805,GREEN,214.3091583251953,213.24622894287108,204.557914352417,-0.13635057446375473,-0.16832602960034895,-0.1565388029334694,False,2017-09-06,115.50385989439057,1.5439338619402054,False,,5.688800312759423,-0.4383257405153107,5.688800312759423,-0.4383257405153107,3.383378815637017,3.780567065202156,4.239408610368001,5.2615276218717755,True,0.0,True,1.0,True,16.0,MACD_FAIL
BULL_2017,CINF,yfinance,MACD_FAIL,2017-09-08,2017-09-11,60.045769459189174,GREEN,214.3091583251953,213.24622894287108,204.557914352417,-0.3393350424771064,-0.4240255513534493,-0.35700812130754767,False,2017-08-22,57.4220501731846,4.569184273448013,False,,2.7066065656770943,-1.8764331725629968,2.7066065656770943,-1.8764331725629968,-0.17061054823219735,0.8046294525589248,2.363219371547931,0.8574608555814045,True,13.0,False,,False,,MACD_FAIL
BULL_2017,MDT,yfinance,MACD_FAIL,2017-09-08,2017-09-11,64.72194363976385,GREEN,214.3091583251953,213.24622894287108,204.557914352417,0.14742657589310082,0.011068473617693808,-0.0258135310604517,False,2017-08-23,62.180254460049376,4.087614632306624,True,10.0,0.5957319881268353,-6.413533598062104,0.5957319881268353,-5.288769797191783,0.18232907592579117,-4.838927794220593,-4.542295658058315,-5.912085667690992,False,,False,,False,,MACD_FAIL
BULL_2017,CLX,yfinance,MACD_FAIL,2017-09-12,2017-09-13,102.90996466672796,GREEN,217.32510375976562,213.52626403808594,204.83858039855957,-0.35186144468314373,-0.37351143913935325,-0.34307383536374414,False,2017-09-11,101.64217192582758,1.2473097700288482,True,6.0,1.7777748212347566,-6.314575623022678,1.7777748212347566,-3.5482793712785843,-0.14019889331314817,-4.595778691199904,-3.149944544344907,-3.70319630974284,False,,False,,False,,MACD_FAIL
BULL_2017,MCD,yfinance,MACD_FAIL,2017-09-15,2017-09-18,128.36423547127376,GREEN,217.65243530273438,213.96355133056642,205.2631492614746,-0.3683392158094615,-0.33355961234539266,-0.2691054036562709,False,2017-09-14,127.00502812871665,1.0701996311355488,True,6.0,5.08493209110763,-2.82148923843889,1.502608847369502,-2.82148923843889,-0.9256848087466962,-0.4818798130974744,1.5216498159152714,4.622079717621874,False,,False,,False,,MACD_FAIL
BULL_2017,VFC,yfinance,MACD_FAIL,2017-09-26,2017-09-27,45.51102224803338,GREEN,217.5563507080078,214.81647644042968,206.24705108642578,-0.10744793173773692,-0.1610707222712746,-0.1545669956219216,False,2017-09-19,44.83370276632085,1.5107373246479483,False,,15.138433753165703,-0.8321346860527323,15.138433753165703,-0.8321346860527323,3.872602594440666,2.9764496670650953,4.128653472479016,14.018270787048959,True,2.0,True,4.0,True,7.0,MACD_FAIL
BULL_2017,PG,yfinance,MACD_FAIL,2017-10-02,2017-10-03,72.24060912216527,GREEN,220.38629150390625,215.20414978027344,206.75158241271973,-0.2607821185767993,-0.3074050599759066,-0.2958307797501055,False,2017-09-25,70.96799121880929,1.7932280194210781,True,13.0,1.685495320469621,-6.0870804592788925,1.685495320469621,-4.038339013094861,-0.36974495732808865,0.9134272733756887,-4.706645314252123,-5.407827650985575,False,,False,,False,,MACD_FAIL
BULL_2017,WMT,yfinance,MACD_FAIL,2017-10-03,2017-10-04,23.035051821218143,GREEN,220.85792541503906,215.33095275878907,206.8849938964844,-0.04308875105452363,-0.057884040477255344,-0.054188882301455424,False,2017-10-02,22.520707118127067,2.2838745710478836,False,,12.413271681072512,-1.2867252488720449,12.413271681072512,-1.2867252488720449,8.149363657794506,8.767505516516927,11.618544386961593,10.9373073952443,True,3.0,True,4.0,True,4.0,MACD_FAIL
BULL_2017,TGT,yfinance,MACD_FAIL,2017-10-10,2017-10-11,44.53491515893676,GREEN,222.39517211914062,216.04948486328124,207.57718307495117,-0.26377909716033293,-0.2905937322280579,-0.2092764942518599,False,2017-10-09,42.97823693520622,3.6220150819061825,False,,10.088235964092096,-0.7094670550107596,10.088235964092096,-0.7094670550107596,3.8760875749432433,7.146548935843677,1.8515146247415126,1.0036283384764255,True,0.0,True,0.0,True,2.0,MACD_FAIL
BULL_2017,GD,yfinance,MACD_FAIL,2017-10-30,2017-10-31,169.8486294327047,GREEN,224.25559997558594,218.73728515625,209.60008850097657,-1.071733950529552,-1.0940419940620252,-0.963907018751244,False,2017-10-27,167.98849219723576,1.1073003936989734,True,0.0,0.0,-4.191727861962368,0.0,-1.6621476664205104,-1.2599250870745982,-2.975355622862741,-3.033552404242146,-1.0612403051994845,False,,False,,False,,MACD_FAIL
BULL_2017,ECL,yfinance,MACD_FAIL,2017-11-01,2017-11-02,119.60442133413281,GREEN,224.90199279785156,219.23884063720703,209.89709106445312,-0.2308877247567382,-0.23540738323685073,-0.17094731269510632,False,2017-10-31,117.60118362579153,1.7034162808391429,False,,4.133986780815735,-1.5987770251531752,4.133986780815735,-1.5987770251531752,-0.8374527383189889,0.48724441303333865,1.1496248829925282,2.6951197769023105,True,17.0,True,19.0,False,,MACD_FAIL
BULL_2017,MHFI,yfinance,MACD_FAIL,2017-11-02,2017-11-03,136.81360356936824,GREEN,224.98928833007812,219.48755493164063,210.04931190490723,-0.8366626673710617,-0.7317807200648656,-0.6150741505659183,False,2017-11-01,136.02548657963337,0.5793892082668561,False,,8.437747720780875,-0.9856639334311468,8.437747720780875,-0.9856639334311468,0.44798915204071754,2.7841473757775903,5.486223605685336,7.44961589567692,True,1.0,True,9.0,True,12.0,MACD_FAIL
BULL_2017,TROW,yfinance,MACD_FAIL,2017-11-02,2017-11-03,67.80195709955882,GREEN,224.98928833007812,219.48755493164063,210.04931190490723,-0.4178609063438774,-0.49632621805403554,-0.45074712154501917,False,2017-11-01,66.1562937882948,2.487538550043733,False,,9.592659358992584,-4.020649540107401,9.592659358992584,-4.020649540107401,-1.2557544503460694,1.2874724397692994,3.3875320717809965,8.505717815952728,True,12.0,True,12.0,True,16.0,MACD_FAIL
BULL_2017,CTAS,yfinance,MACD_FAIL,2017-11-03,2017-11-06,33.63080555088745,GREEN,225.74050903320312,219.76120300292968,210.20171508789062,-0.2185147722552817,-0.22828434000672404,-0.21435907206952065,False,2017-11-01,33.06972179315932,1.6966691199809203,False,,9.036105310743237,-1.3976895771805053,9.036105310743237,-1.3976895771805053,0.616701534763342,1.2312353381368712,3.8123839352477873,6.714444902048311,True,6.0,True,15.0,True,16.0,MACD_FAIL
BULL_2017,KO,yfinance,MACD_FAIL,2017-11-03,2017-11-06,35.021665393637754,GREEN,225.74050903320312,219.76120300292968,210.20171508789062,-0.04807763816725712,-0.05312985270479961,-0.05129709713975594,False,2017-11-01,34.80806775273677,0.6136440621131278,True,0.0,3.4197319865982845,-1.5247230744303564,0.02177809097458905,-1.0673092574501997,1.764312131313206,-0.9801895528009141,-0.1742614294202749,1.5884435615050707,False,,False,,False,,MACD_FAIL
BULL_2017,LOW,yfinance,MACD_FAIL,2017-11-03,2017-11-06,66.53307781983054,GREEN,225.74050903320312,219.76120300292968,210.20171508789062,-0.42219823276405627,-0.40050891958244456,-0.2284812802004702,False,2017-10-31,64.02674176782567,3.91451444006532,False,,13.07627996953078,-1.4940227373584247,13.07627996953078,-1.4940227373584247,-0.9960133612447519,4.022515373379276,4.303470052668823,10.215845417876878,True,9.0,True,10.0,True,16.0,MACD_FAIL
BULL_2017,ADP,yfinance,MACD_FAIL,2017-11-08,2017-11-09,92.61951941747311,GREEN,226.31687927246094,220.56956176757814,210.6511651611328,-0.6208380693705438,-0.6319772903840752,-0.6264962988870597,False,2017-11-06,90.47017827584614,2.3757454473821937,False,,4.685842697362275,-2.2581532117159075,4.685842697362275,-2.2581532117159075,-0.9014680461680746,-1.8029636949810413,1.526252157722685,4.118159233617669,True,13.0,True,16.0,False,,MACD_FAIL
BULL_2017,PG,yfinance,MACD_FAIL,2017-11-08,2017-11-09,69.13333109862839,GREEN,226.31687927246094,220.56956176757814,210.6511651611328,0.00862261826488242,-0.08483799394805724,-0.1647141055002851,False,2017-10-24,67.60583061133306,2.2594212266645375,False,,5.22036683767193,-0.057235744976114056,5.22036683767193,-0.057235744976114056,2.175161340856424,1.2592808229132446,3.4458749305827707,3.4573631658244786,True,2.0,True,14.0,True,16.0,MACD_FAIL
BULL_2017,SYY,yfinance,MACD_FAIL,2017-11-09,2017-11-10,43.02230975615286,GREEN,225.49586486816406,220.80320373535156,210.79119285583496,-0.1813471483510078,-0.17957722240622598,-0.16284999014642637,False,2017-11-08,41.945762691871984,2.566521610750172,False,,16.385558287020018,-0.5561080500933069,16.385558287020018,-0.5561080500933069,1.7423206945429648,2.242806578212675,10.342901720042086,14.884142780152487,True,5.0,True,11.0,True,12.0,MACD_FAIL
BULL_2017,TGT,yfinance,MACD_FAIL,2017-11-09,2017-11-10,46.16865313091109,GREEN,225.49586486816406,220.80320373535156,210.79119285583496,-0.21658777847993108,-0.30512959896221103,-0.3043928078578843,False,2017-11-01,44.072526960614844,4.756083471613581,True,3.0,6.416998270875451,-8.862490604262241,3.4051172438897437,-8.862490604262241,-1.947927063652144,-5.826852821443618,5.506317910436231,4.157121672385,True,0.0,True,1.0,False,,MACD_FAIL
BULL_2017,DOV,yfinance,MACD_FAIL,2017-11-16,2017-11-17,66.0508323785113,GREEN,225.88894653320312,221.85394165039062,211.51521492004395,-0.30109695827735544,-0.3454140462761187,-0.3003179959803076,False,2017-11-13,64.87121966347233,1.818391454883006,False,,6.990877762436121,-0.4705423898745509,6.990877762436121,-0.4705423898745509,0.9518002928672775,4.820160670028684,4.0034041389176656,6.6792376063779635,True,6.0,True,6.0,True,8.0,MACD_FAIL
BULL_2017,MMM,yfinance,MACD_FAIL,2017-11-16,2017-11-17,142.2303626741749,GREEN,225.88894653320312,221.85394165039062,211.51521492004395,-0.5856778339532975,-0.6465452809954253,-0.5943639010349058,False,2017-11-14,140.7422920882829,1.057301656675147,False,,7.45618505309249,-0.30206006256906504,7.45618505309249,-0.30206006256906504,2.9551847873000137,5.269487565879105,5.287092578185049,4.899900317896533,True,1.0,True,2.0,True,8.0,MACD_FAIL
BULL_2017,APD,yfinance,MACD_FAIL,2017-12-11,2017-12-12,132.04232730458602,GREEN,232.60568237304688,225.53379943847656,213.77594223022462,-0.25007104404664116,-0.365511795250701,-0.3538690985792825,False,2017-12-08,129.48812876115645,1.9725349094671385,False,,4.99502156617655,-2.050663889603921,4.99502156617655,-2.050663889603921,-0.5142292566932438,0.18977279132599278,2.852375307405297,4.650232050182623,True,14.0,True,15.0,False,,MACD_FAIL
BULL_2017,MCD,yfinance,MACD_FAIL,2017-12-27,2017-12-28,141.85249853981554,GREEN,234.68136596679688,228.2028759765625,215.40009147644042,-0.3558090834791514,-0.4039564585616784,-0.35156009133829036,False,2017-12-26,139.8547580668063,1.428439404296089,False,,3.139741543819574,-0.7734288018151236,3.139741543819574,-0.7734288018151236,0.4559232494236287,0.17888187450953996,1.7026040581371804,2.6029804590082195,True,15.0,True,20.0,False,,MACD_FAIL
CHOP_2015_2016,NUE,legacy,MACD_FAIL,2015-01-08,2015-01-09,44.134,GREEN,194.74,192.6182,183.88665,-0.10890522481840614,-0.19519804099617843,-0.1947057232264069,False,2015-01-05,42.104,4.821394641839261,True,2.0,1.9146236461684785,-10.615398558934164,0.16767118321474594,-5.76879503330765,-7.520279149861786,-7.703811120677928,-7.95531789550007,0.04531653600399199,False,,False,,False,,MACD_FAIL
CHOP_2015_2016,APD,legacy,MACD_FAIL,2015-01-16,2015-01-20,130.95,GREEN,190.69,192.93380000000002,184.3969,-0.7360270714227828,-0.7420963099753988,-0.6726360879963962,False,2015-01-15,127.33,2.8430063614230727,False,,9.400534555173735,-1.8174875906834642,9.400534555173735,-1.8174875906834642,0.6338297059946596,5.276823214967563,6.613211149293652,9.16380297823598,True,2.0,True,7.0,True,7.0,MACD_FAIL
CHOP_2015_2016,ABT,legacy,MACD_FAIL,2015-01-29,2015-01-30,42.599,GREEN,191.02,193.0482,185.19760000000002,-0.02786962403550458,-0.13502881215199555,-0.11674662184995595,False,2015-01-27,40.674,4.732753110094889,False,,5.457874597995271,-2.467194065588385,5.457874597995271,-2.467194065588385,0.21596751097445743,1.5188149956571806,4.225451301673755,4.007136317753934,True,11.0,True,14.0,True,17.0,MACD_FAIL
CHOP_2015_2016,CL,legacy,MACD_FAIL,2015-01-29,2015-01-30,64.285,GREEN,191.02,193.0482,185.19760000000002,-0.1398533471013368,-0.3480941124634146,-0.27354406512375506,False,2015-01-27,61.011,5.366245431151739,False,,4.301158901765567,-2.003577817531299,4.301158901765567,-2.003577817531299,1.390682118690223,2.5309170101890155,3.408260091778792,3.8920432449249587,True,3.0,True,11.0,False,,MACD_FAIL
CHOP_2015_2016,ABBV,legacy,MACD_FAIL,2015-02-02,2015-02-03,55.815,GREEN,190.96,192.9294,185.37035,-0.24727515162158298,-0.22053515481177488,-0.11771498715585904,False,2015-01-22,53.142,5.029919837416719,True,1.0,0.48732419600467924,-10.42192958882021,0.26157842873779646,-8.033682701782663,-7.648481590970169,-3.830511511242496,-1.5909701693093248,-2.157126220550032,False,,False,,False,,MACD_FAIL
CHOP_2015_2016,PEP,legacy,MACD_FAIL,2015-02-02,2015-02-03,88.78,GREEN,190.96,192.9294,185.37035,-0.2722025882034934,-0.2603188178028555,-0.0772612189964168,False,2015-01-30,86.504,2.631092203828711,False,,4.938049110159937,-0.45731020500113795,4.938049110159937,-0.45731020500113795,2.048884883982871,3.4455958549222787,3.623563865735524,2.073665239918898,True,5.0,True,6.0,False,,MACD_FAIL
CHOP_2015_2016,WBA,legacy,MACD_FAIL,2015-02-02,2015-02-03,71.133,GREEN,190.96,192.9294,185.37035,-0.37187843813384525,-0.4358220153637725,-0.40261574577897463,False,2015-01-29,69.128,2.9004166184469327,False,,12.36416290610547,-1.2132203056246738,12.36416290610547,-1.2132203056246738,2.093261917815936,3.992521052113651,6.961607130305203,10.987867796943762,True,3.0,True,6.0,True,6.0,MACD_FAIL
CHOP_2015_2016,BDX,legacy,MACD_FAIL,2015-02-03,2015-02-04,134.46,GREEN,193.72,192.94359999999998,185.47064999999998,-0.5197802811974668,-0.6390787710523327,-0.6262603988126454,False,2015-01-30,130.03,3.4069060985926436,False,,6.63394318012791,-1.100699092666979,6.63394318012791,-1.100699092666979,0.8478357875948195,1.9485348802617874,5.615052803807807,6.299271158708919,True,1.0,True,1.0,True,13.0,MACD_FAIL
CHOP_2015_2016,SYY,legacy,MACD_FAIL,2015-02-03,2015-02-04,36.689,GREEN,193.72,192.94359999999998,185.47064999999998,-0.18656169982897067,-0.212959565546949,-0.1341586187770311,False,2015-01-30,35.245,4.097035040431285,False,,2.2731608929106972,-2.9518384256861707,2.2731608929106972,-2.9518384256861707,-1.668074899833738,-2.5702526642862877,-1.1065987080596362,-1.1583853471067496,True,3.0,False,,False,,MACD_FAIL
CHOP_2015_2016,VFC,legacy,MACD_FAIL,2015-02-04,2015-02-05,64.883,GREEN,192.98,192.9366,185.56425000000002,-0.30365342157735875,-0.26186376145213186,-0.38094701603433206,False,2015-01-20,63.77,1.7453347969264454,False,,12.212752184701703,-2.1746836613596665,12.212752184701703,-2.1746836613596665,2.3642556601883413,9.285945471078726,10.52664026016059,7.849513740116842,True,1.0,True,6.0,True,6.0,MACD_FAIL
CHOP_2015_2016,BCR,legacy,MACD_FAIL,2015-03-05,2015-03-06,167.54,GREEN,199.03,194.9416,187.86195,-0.7368375216916955,-0.9501987944198559,-0.9448241120072038,False,2015-03-02,163.79,2.2895170645338636,True,2.0,2.106959532052044,-3.3424853766264695,0.12534320162349566,-2.5188014802435266,-2.2143965620150308,1.1818073295929432,-1.0325892324220987,-0.907246030798603,False,,False,,False,,MACD_FAIL
CHOP_2015_2016,CB,legacy,MACD_FAIL,2015-03-09,2015-03-10,104.56,GREEN,197.04,194.95300000000003,188.07370000000003,-0.18817214762598733,-0.18159188687486116,-0.08216692655860675,False,2015-03-06,104.6,-0.03824091778201755,True,0.0,3.136954858454466,-1.4824024483550136,0.22953328232593329,-1.4824024483550136,1.4345830145371163,0.5451415455240971,0.35386381025248603,0.11476664116296664,False,,False,,False,,MACD_FAIL
CHOP_2015_2016,CLX,legacy,MACD_FAIL,2015-03-11,2015-03-12,100.37,GREEN,193.38,194.8252,188.23995,-0.3105311042396738,-0.2256742473523785,-0.12093953072172758,False,2015-03-10,99.297,1.0805965940562157,False,,4.652784696622492,-0.2191890006974173,4.652784696622492,-0.2191890006974173,1.7634751419746797,1.8132908239513634,2.3313739165089054,2.759788781508421,True,2.0,True,6.0,False,,MACD_FAIL
CHOP_2015_2016,ABT,legacy,MACD_FAIL,2015-03-12,2015-03-13,44.297,GREEN,194.07,194.75920000000002,188.31810000000002,-0.11795158938653921,-0.1638546926270878,-0.13948014801423103,False,2015-03-11,43.359,2.1633340252311895,True,13.0,1.3522360430729075,-3.5171682055218145,1.3522360430729075,-3.5171682055218145,0.5485698805788308,-0.912025645077541,-1.9324107727385464,-0.936858026502918,False,,False,,False,,MACD_FAIL
CHOP_2015_2016,GPC,legacy,MACD_FAIL,2015-03-12,2015-03-13,88.228,GREEN,194.07,194.75920000000002,188.31810000000002,-0.06785927130784775,-0.20592006164472987,-0.17102123366066035,False,2015-03-05,85.659,2.9991010868676726,True,13.0,2.048102643151828,-4.234483383959731,2.048102643151828,-4.234483383959731,1.2751054087137836,-1.8905562859863,-1.5289930634265647,-1.9948315727433386,True,6.0,False,,False,,MACD_FAIL
CHOP_2015_2016,HRL,legacy,MACD_FAIL,2015-03-13,2015-03-16,26.461,GREEN,196.77,194.76760000000002,188.41044999999997,-0.23312286679150324,-0.21005050643346357,-0.19768023279777514,False,2015-03-12,26.106,1.359840649659061,False,,5.317259362835869,-1.458750614111326,5.317259362835869,-1.458750614111326,2.588715468047331,3.268961868410125,4.406485015683459,4.640792109141767,True,4.0,True,5.0,True,16.0,MACD_FAIL
CHOP_2015_2016,LEG,legacy,MACD_FAIL,2015-03-13,2015-03-16,42.458,GREEN,196.77,194.76760000000002,188.41044999999997,-0.0773689359514555,-0.1536148610989806,-0.13340611875623326,False,2015-03-12,40.967,3.6395147313691423,False,,3.0995336567902543,-2.2327947618823285,3.0995336567902543,-2.2327947618823285,1.6698855339394303,0.9892128691883828,0.3509350416882606,-0.6806726647510475,True,3.0,True,5.0,False,,MACD_FAIL
CHOP_2015_2016,APD,legacy,MACD_FAIL,2015-03-16,2015-03-17,141.51,GREEN,197.24,194.82440000000003,188.50050000000002,-0.7398804785412749,-0.8034824826346811,-0.8000626242860673,False,2015-03-10,140.39,0.79777761948856,True,6.0,2.275457564836403,-2.2330577344357283,2.275457564836403,-1.3002614656208111,-0.09186629920147071,-0.15546604480248805,-0.36746519680587175,0.5299978800084704,True,1.0,False,,False,,MACD_FAIL
CHOP_2015_2016,MKC,legacy,MACD_FAIL,2015-03-16,2015-03-17,68.545,GREEN,197.24,194.82440000000003,188.50050000000002,-0.31970757227233265,-0.36119189839884674,-0.3342876059192231,False,2015-03-10,67.71,1.2332004135283015,False,,9.52658837260194,-1.6879422277335965,9.52658837260194,-1.6879422277335965,4.0002917791231996,6.759063389014508,8.413451017579687,7.939309942373618,True,5.0,True,5.0,True,5.0,MACD_FAIL
CHOP_2015_2016,MMM,legacy,MACD_FAIL,2015-03-16,2015-03-17,155.19,GREEN,197.24,194.82440000000003,188.50050000000002,-0.5433148037854615,-0.7841855170418635,-0.7788837600881362,False,2015-03-10,151.56,2.3950910530482927,False,,1.3209614021522098,-2.6097042335202048,1.3209614021522098,-2.6097042335202048,0.4768348476061668,-0.34151685031251766,0.451059990978786,0.5541594174882425,False,,False,,False,,MACD_FAIL
CHOP_2015_2016,TROW,legacy,MACD_FAIL,2015-04-01,2015-04-02,74.127,GREEN,195.39,196.24020000000002,189.4828,-0.1904388705379225,-0.21622354948858807,-0.18336928600493477,False,2015-03-27,73.032,1.4993427538613213,False,,4.66226880893601,-1.0293145547506155,4.66226880893601,-1.0293145547506155,1.4798926167253645,3.284902936851619,3.4737679927691723,2.1193357346176223,True,4.0,True,7.0,False,,MACD_FAIL
CHOP_2015_2016,VFC,legacy,MACD_FAIL,2015-04-22,2015-04-23,69.346,GREEN,200.09,197.90239999999997,190.53650000000002,-0.17405368806851723,-0.16965663612820267,-0.19050048516590792,False,2015-04-20,69.149,0.28489204471504603,True,2.0,0.7484209615550963,-6.105615320278035,0.7484209615550963,-0.7022755458137575,-1.8818677357021363,-3.8589103913708067,-4.386698583912551,-3.44071756121479,False,,False,,False,,MACD_FAIL
CHOP_2015_2016,CB,legacy,MACD_FAIL,2015-04-24,2015-04-27,102.51,GREEN,201.06,198.1102,190.70355,-0.34519569220004426,-0.3499628839907942,-0.3050066378270789,False,2015-04-23,101.12,1.3746044303797555,True,3.0,0.3414301043800583,-2.4290313140181485,0.14632718759144403,-2.0583357721197904,-1.3559652716808146,-0.6048190420446797,-0.17559262510975504,-1.9900497512437831,False,,False,,False,,MACD_FAIL
CHOP_2015_2016,PEP,legacy,MACD_FAIL,2015-04-30,2015-05-01,88.572,GREEN,198.03,198.22440000000003,191.01170000000002,-0.16767412935143777,-0.20592388067241296,-0.17817671832426704,False,2015-04-27,86.805,2.035597027820968,False,,3.446913245720995,-0.4199972903400573,3.446913245720995,-0.4199972903400573,1.462087341371987,3.2165921510183937,1.1572505983832304,0.8524138553944738,True,6.0,True,10.0,False,,MACD_FAIL
CHOP_2015_2016,GPC,legacy,MACD_FAIL,2015-05-01,2015-05-04,86.225,GREEN,200.17,198.25600000000003,191.0859,-0.09881290754217953,-0.15693459406582366,-0.07466395678533455,False,2015-04-29,83.337,3.465447520309106,False,,2.342708031313445,-3.0895911858509595,2.342708031313445,-3.0895911858509595,1.7732676138011216,1.2861699043201114,0.010437808060315135,-2.4076543925775518,True,5.0,False,,False,,MACD_FAIL
CHOP_2015_2016,TROW,legacy,MACD_FAIL,2015-05-08,2015-05-11,75.988,GREEN,201.03,198.18359999999996,191.44459999999998,-0.1800223067944485,-0.23233347255595566,-0.21249284269326485,False,2015-05-07,74.583,1.8838073019320722,True,15.0,0.8540822235089784,-4.561246512607243,0.8540822235089784,-2.4201189661525513,0.40137916513134364,-1.3831131231247018,-1.8581881349686857,-4.527030583776382,False,,False,,False,,MACD_FAIL
CHOP_2015_2016,LOW,legacy,MACD_FAIL,2015-05-26,2015-05-27,66.887,GREEN,200.16,199.1064,192.48864999999998,-0.2879210989265566,-0.29497636049516185,-0.2722402506070701,False,2015-05-22,65.624,1.9246007558210598,True,9.0,1.7566941259138602,-3.1037421322528957,1.7566941259138602,-3.1037421322528957,1.013649887123047,-1.1033534169569537,-0.38572517828575625,0.20183294212627878,False,,False,,False,,MACD_FAIL
CHOP_2015_2016,AFL,legacy,MACD_FAIL,2015-05-29,2015-06-01,59.176,GREEN,200.57,199.336,192.79324999999997,-0.15136771675465224,-0.14341957899186092,-0.1508665586498121,False,2015-05-26,58.351,1.413857517437589,True,5.0,2.127551710152775,-1.8875895633365003,0.46302555089901,-1.4735703663647404,-1.4093551439772978,-0.7198864404488359,0.5272407732864526,-1.6983236447208339,False,,False,,False,,MACD_FAIL
CHOP_2015_2016,ADP,legacy,MACD_FAIL,2015-06-02,2015-06-03,80.858,GREEN,200.79,199.41099999999997,192.97375,-0.22304732287511717,-0.22490241973733205,-0.1971522221912268,False,2015-06-01,79.509,1.6966632708246943,True,1.0,0.23003289717775655,-6.748868386554219,0.1273838086522039,-2.1482104429988436,-1.2787850305473913,-2.330010635929658,-1.919414281827414,-5.131217690271839,False,,False,,False,,MACD_FAIL
CHOP_2015_2016,ADM,legacy,MACD_FAIL,2015-06-10,2015-06-11,48.789,GREEN,200.39,199.713,193.39115,-0.27807080836378406,-0.3519832652101895,-0.336373577257971,False,2015-06-05,47.516,2.6790975671352912,True,10.0,0.9920268913074626,-10.43062985509028,0.9920268913074626,-3.660661214618055,-1.535182110721689,-2.8203078562790918,-6.751521859435538,-9.508290803254837,False,,False,,False,,MACD_FAIL
CHOP_2015_2016,CINF,legacy,MACD_FAIL,2015-06-10,2015-06-11,47.282,GREEN,200.39,199.713,193.39115,0.03998063751701031,-0.015326298060656773,-0.0034695228031044745,False,2015-06-08,46.056,2.6619767239881797,False,,5.911340467831305,-2.0219110866714574,5.911340467831305,-2.0219110866714574,1.7385051393765227,-0.5900765619051618,3.214754029017386,5.693498582970258,True,14.0,True,14.0,True,20.0,MACD_FAIL
CHOP_2015_2016,ECL,legacy,MACD_FAIL,2015-06-10,2015-06-11,112.52,GREEN,200.39,199.713,193.39115,-0.06151262222921661,-0.1715195906259238,-0.14088290131962267,False,2015-06-08,109.91,2.37467018469657,True,15.0,2.328474937788849,-4.470316388197659,2.328474937788849,-2.97724848915748,1.4219694276573103,0.3199431212228987,-2.4084607180945516,-2.870600782083177,True,6.0,False,,False,,MACD_FAIL
CHOP_2015_2016,HRL,legacy,MACD_FAIL,2015-06-10,2015-06-11,27.241,GREEN,200.39,199.713,193.39115,-0.04985773645162282,-0.06736357897640557,-0.061932714708862385,False,2015-06-08,26.613,2.35974899485214,False,,2.999155684446242,-1.8428104695128678,2.999155684446242,-1.8428104695128678,0.6167174479644544,1.8281267207518104,-0.143166550420315,0.6681105686281663,True,8.0,False,,False,,MACD_FAIL
CHOP_2015_2016,WBA,legacy,MACD_FAIL,2015-06-10,2015-06-11,81.788,GREEN,200.39,199.713,193.39115,-0.1277382588828227,-0.21668033554229224,-0.211876780203702,False,2015-06-08,79.162,3.3172481746292393,False,,9.478163055705014,-2.0785445297598737,9.478163055705014,-2.0785445297598737,2.483249376436647,0.8069643468479493,0.16383821587520053,8.684648114637849,True,5.0,True,6.0,True,19.0,MACD_FAIL
CHOP_2015_2016,PPG,legacy,MACD_FAIL,2015-07-02,2015-07-06,110.5,GREEN,197.89,200.23760000000001,194.38514999999998,-0.2623500164097581,-0.2427891395822751,-0.2605194054819341,False,2015-07-01,110.9,-0.36068530207394867,True,0.0,3.013574660633478,-11.488687782805428,1.031674208144806,-0.5339366515837107,1.4932126696832526,-3.447963800904974,-10.82262443438914,-6.036199095022621,False,,False,,False,,MACD_FAIL
CHOP_2015_2016,GWW,legacy,MACD_FAIL,2015-07-09,2015-07-10,224.06,GREEN,195.58,199.9168,194.55385,-0.42471383333223245,-0.531569722491108,-0.5105772826611426,False,2015-07-02,219.21,2.2124903060991796,True,3.0,0.9818798536106454,-6.721413906989204,0.9818798536106454,-3.258055877889854,-1.807551548692321,-4.998661072926891,-3.7668481656699115,-4.4273855217352605,False,,False,,False,,MACD_FAIL
CHOP_2015_2016,MMM,legacy,MACD_FAIL,2015-07-13,2015-07-14,147.67,GREEN,200.24,199.9216,194.67574999999997,0.021733400364604805,-0.15409824759371515,-0.2608583757707321,False,2015-07-08,144.07,2.4987853126952064,True,7.0,0.9209724385454088,-5.63418432992483,0.9209724385454088,-4.787702309202945,-0.48080178777001326,-3.4468747883794837,-3.900589151486411,-5.119523261325909,False,,False,,False,,MACD_FAIL
CHOP_2015_2016,SWK,legacy,MACD_FAIL,2015-07-28,2015-07-29,101.63,GREEN,199.82,200.1616,195.60525,-0.3124720369074275,-0.36945325775966514,-0.28994072825828765,False,2015-07-27,99.67,1.9664894150697165,True,3.0,4.693496014956233,-14.136573846305211,4.693496014956233,-3.094558693299221,-0.8658860572665517,-1.4365836859195014,-0.42310341434614873,-7.874643313982088,True,0.0,True,1.0,False,,MACD_FAIL
CHOP_2015_2016,ABBV,legacy,MACD_FAIL,2015-08-24,2015-08-25,59.927,YELLOW,180.94,199.14280000000002,197.05655,-0.5229516245378825,-0.3227618203271669,-0.20497249775626541,False,2015-08-21,49.581,20.866864323026956,False,,0.013349575316645712,-12.591986917416186,0.013349575316645712,-12.591986917416186,-7.080281008560418,-8.985932885010095,-8.60046389774225,-11.792681095332657,False,,False,,False,,MACD_FAIL
CHOP_2015_2016,AFL,legacy,MACD_FAIL,2015-08-25,2015-08-26,53.846,YELLOW,178.76,198.745,196.995,-0.9482574605618522,-0.730777960489666,-0.4282049957369047,False,2015-08-21,48.971,9.95487125033183,False,,4.5128700367715435,-1.5897188277680718,4.5128700367715435,-1.5897188277680718,1.6305760873602582,2.0707202020577187,2.795007985737108,1.7011477175649103,True,1.0,True,1.0,False,,MACD_FAIL
CHOP_2015_2016,CAH,legacy,MACD_FAIL,2015-08-25,2015-08-26,77.251,YELLOW,178.76,198.745,196.995,-0.5726881022360165,-0.5058784482274726,-0.307502491328845,False,2015-08-24,71.099,8.65272366699954,False,,5.603810953903499,-1.906771433379506,5.603810953903499,-1.906771433379506,0.5177926499333241,2.1902629092179993,4.361108594063512,0.24595150871833393,True,0.0,True,0.0,True,13.0,MACD_FAIL
CHOP_2015_2016,BCR,legacy,MACD_FAIL,2015-08-26,2015-08-27,191.27,YELLOW,185.61,198.4628,196.9669,-2.2960875985359,-2.466285071444951,-2.055058454987728,False,2015-08-24,179.33,6.658116321864727,False,,3.555183771631709,-3.445391331625458,3.555183771631709,-3.445391331625458,-1.3331939143619076,-0.09933601714853246,1.0142730172008063,0.1097924400062622,True,0.0,True,14.0,False,,MACD_FAIL
CHOP_2015_2016,BDX,legacy,MACD_FAIL,2015-08-26,2015-08-27,136.09,YELLOW,185.61,198.4628,196.9669,-1.360798928155378,-1.4888631353056847,-1.33920822911177,False,2015-08-19,128.69,5.7502525448752895,False,,1.7488426776397947,-5.239179954441909,1.7488426776397947,-5.239179954441909,-3.2772430009552544,-3.2405026085678523,-1.5724887941803378,-3.1229333529282144,False,,False,,False,,MACD_FAIL
CHOP_2015_2016,BF-B,legacy,MACD_FAIL,2015-08-26,2015-08-27,48.135,YELLOW,185.61,198.4628,196.9669,-0.7673312775383445,-0.739109853018353,-0.6366352009383099,False,2015-08-21,45.838,5.011126139883926,False,,1.792874207956796,-4.339877428066896,1.792874207956796,-4.339877428066896,-1.6079775631037685,-2.906409057858106,-0.9701880128804352,0.5796198192583368,False,,False,,False,,MACD_FAIL
CHOP_2015_2016,CINF,legacy,MACD_FAIL,2015-08-26,2015-08-27,49.1,YELLOW,185.61,198.4628,196.9669,-0.6203829221537991,-0.6234207120555042,-0.46322227725073795,False,2015-08-24,46.306,6.033775320692802,False,,4.236252545824848,-3.6822810590631305,4.236252545824848,-3.6822810590631305,0.15071283095722254,1.3441955193482569,1.0386965376782076,2.283095723014239,True,12.0,True,13.0,False,,MACD_FAIL
CHOP_2015_2016,CLX,legacy,MACD_FAIL,2015-08-26,2015-08-27,104.81,YELLOW,185.61,198.4628,196.9669,-1.2120600828299097,-1.2146309519596938,-0.8891904000731929,False,2015-08-25,101.41,3.35272655556651,False,,5.419330216582385,-2.36618643259231,5.419330216582385,-2.36618643259231,0.3816429729987414,-0.9636485068218681,2.2993989123175185,4.789619311134419,True,13.0,True,14.0,True,20.0,MACD_FAIL
CHOP_2015_2016,CTAS,legacy,MACD_FAIL,2015-08-26,2015-08-27,81.612,YELLOW,185.61,198.4628,196.9669,-0.6621130124133774,-0.7464445522061748,-0.5489669154493568,False,2015-08-25,78.32,4.203268641470892,False,,6.151056217222961,-2.152869676028024,6.151056217222961,-2.152869676028024,0.6628927118561112,1.4544429740724452,2.236190756261336,4.577758172817736,True,7.0,True,8.0,True,20.0,MACD_FAIL
CHOP_2015_2016,MHFI,legacy,MACD_FAIL,2015-08-26,2015-08-27,94.739,YELLOW,185.61,198.4628,196.9669,-0.7271400258541609,-0.8642449985567182,-0.6927622703776013,False,2015-08-21,88.218,7.3919154821011634,True,19.0,2.4794435237863954,-8.755633899450066,2.4794435237863954,-8.755633899450066,-3.549752477860224,-2.695827483929536,-5.112994648455238,-8.283811313186751,True,0.0,False,,False,,MACD_FAIL
CHOP_2015_2016,SWK,legacy,MACD_FAIL,2015-08-26,2015-08-27,94.936,YELLOW,185.61,198.4628,196.9669,-0.9485236547734831,-0.98517397754784,-0.6416456081572983,False,2015-08-25,90.508,4.892385203517935,False,,8.241341535350122,-1.828600320215723,8.241341535350122,-1.828600320215723,0.6446448133479388,1.2429426139715094,1.681132552456388,-0.3075756298980381,True,2.0,True,2.0,True,14.0,MACD_FAIL
CHOP_2015_2016,T,legacy,MACD_FAIL,2015-08-26,2015-08-27,29.495,YELLOW,185.61,198.4628,196.9669,-0.19350993391316262,-0.21181719394705584,-0.13924231790028707,False,2015-08-25,28.388,3.899535014794986,False,,1.4816070520427216,-3.2107136802848046,1.4816070520427216,-3.2107136802848046,0.09493134429563455,-0.8815053398881223,-1.3900661129004899,-2.061366333276826,False,,False,,False,,MACD_FAIL
CHOP_2015_2016,VFC,legacy,MACD_FAIL,2015-08-26,2015-08-27,68.39,YELLOW,185.61,198.4628,196.9669,-0.75900022962835,-0.8786543339193144,-0.732904774917884,False,2015-08-21,63.397,7.875766992128974,False,,1.488521713700841,-3.8646000877321285,1.488521713700841,-3.8646000877321285,-0.6477555198128315,-1.5616318175171728,-2.1158064044450975,-2.862991665448167,False,,False,,False,,MACD_FAIL
CHOP_2015_2016,WBA,legacy,MACD_FAIL,2015-08-26,2015-08-27,82.692,YELLOW,185.61,198.4628,196.9669,-1.262170861917081,-1.4784435538190612,-1.263393407156946,False,2015-08-14,72.852,13.506835776643044,False,,6.711652880568875,-2.419822957480766,6.711652880568875,-2.419822957480766,2.296473661297349,4.776761960044507,0.24307067189088816,-1.1101436656508423,True,0.0,True,5.0,True,8.0,MACD_FAIL
CHOP_2015_2016,ADP,legacy,MACD_FAIL,2015-12-14,2015-12-15,81.915,YELLOW,194.7,197.62900000000002,196.908,-0.2602493668839005,-0.27546374144337826,-0.15334474397711637,False,2015-12-11,79.83,2.6118000751597314,True,12.0,2.271867179393272,-9.602636879692362,2.271867179393272,-4.762253555514873,-0.529817493743534,1.2512970762375453,-7.655496551303176,-7.410120246597096,True,9.0,False,,False,,MACD_FAIL
CHOP_2015_2016,CINF,legacy,MACD_FAIL,2015-12-15,2015-12-16,57.331,YELLOW,196.74,197.755,196.89344999999997,-0.24666342860167967,-0.289742690328074,-0.26708502433731873,False,2015-12-11,55.721,2.889395380556703,True,2.0,1.0448099631961805,-9.214909909124213,0.9837609670160896,-3.608867802759419,-1.2105143813992525,-1.5454117318728144,-7.5997278959027526,-8.285220910153324,False,,False,,False,,MACD_FAIL
CHOP_2015_2016,ECL,legacy,MACD_FAIL,2015-12-15,2015-12-16,113.29,YELLOW,196.74,197.755,196.89344999999997,-0.5074597859689371,-0.6014869899503642,-0.5581071459513385,False,2015-12-10,109.46,3.4989950666910463,True,13.0,2.4273987112719553,-13.036455115191103,2.4273987112719553,-7.882425633330392,0.7149792567746394,-1.1121899549827896,-9.78903698472946,-11.316091446729637,True,0.0,False,,False,,MACD_FAIL
CHOP_2015_2016,PEP,legacy,MACD_FAIL,2015-12-15,2015-12-16,95.0,YELLOW,196.74,197.755,196.89344999999997,-0.1970284319607221,-0.26777095526922656,-0.22175021018694197,False,2015-12-11,92.117,3.129715470542882,True,18.0,1.869473684210532,-6.549473684210517,1.869473684210532,-3.4957894736842077,0.8052631578947311,0.07999999999999119,-2.6336842105263103,-5.919999999999992,False,,False,,False,,MACD_FAIL
CHOP_2015_2016,CTAS,legacy,MACD_FAIL,2015-12-16,2015-12-17,89.326,GREEN,199.61,197.9514,196.89735000000002,-0.2063603325606293,-0.27213331123314416,-0.26868714719089115,False,2015-12-15,87.793,1.7461528823482286,True,1.0,2.3733291538857726,-9.69706468441438,0.581017844748466,-3.290195463806722,0.07612565210577404,-3.476031614535513,-6.733761726708898,-8.713028681458912,False,,False,,False,,MACD_FAIL
CHOP_2015_2016,LOW,legacy,MACD_FAIL,2015-12-16,2015-12-17,73.479,GREEN,199.61,197.9514,196.89735000000002,-0.2270912390957841,-0.2723303157469267,-0.2129517436376095,False,2015-12-15,71.233,3.153033004365957,True,13.0,1.9039453449284816,-11.244028906218107,1.9039453449284816,-5.862899603968474,0.07757318417507264,-1.234366281522603,-4.643503586058606,-8.503109732032287,False,,False,,False,,MACD_FAIL
CHOP_2015_2016,MDT,legacy,MACD_FAIL,2016-01-12,2016-01-13,74.145,YELLOW,186.93,197.47660000000005,196.6579,-0.3188122929180761,-0.5033876328905539,-0.41913380218930785,False,2016-01-08,69.657,6.442999267840999,False,,1.1841661609009346,-7.71596196641714,1.1841661609009346,-7.71596196641714,-3.0777530514532248,-3.974644278103723,-1.0007417897363147,-5.651089082203786,False,,False,,False,,MACD_FAIL
CHOP_2015_2016,JNJ,legacy,MACD_FAIL,2016-01-14,2016-01-15,91.907,YELLOW,185.22,196.7988,196.52575000000002,-0.5150634551851914,-0.6556506108855735,-0.6380953059987471,False,2016-01-06,91.63,0.3023027392775379,True,2.0,8.72947653606364,-2.1695844712589896,2.1173577638264662,-1.9084509340964173,0.03046557933563676,8.316015102222906,5.840686781202753,6.1660156462510995,True,1.0,False,,False,,MACD_FAIL
CHOP_2015_2016,GPC,legacy,MACD_FAIL,2016-04-22,2016-04-25,92.709,GREEN,202.76,194.8012,193.73770000000002,-0.470357991372484,-0.4736690965257362,-0.3981404167394793,False,2016-04-21,91.78,1.012203094356079,True,16.0,1.767897399389473,-4.65219126514147,1.767897399389473,-2.8637996311037806,0.009707795359670257,0.26858233828430667,0.19631319505117872,-3.132381969388076,False,,False,,False,,MACD_FAIL
CHOP_2015_2016,CLX,legacy,MACD_FAIL,2016-04-25,2016-04-26,119.02,GREEN,202.4,195.31939999999997,193.7718,-0.4704061116956326,-0.5338559842539825,-0.4708562562153331,False,2016-04-22,114.76,3.7120948065527903,False,,7.754999159805087,-0.27726432532347856,7.754999159805087,-0.27726432532347856,4.67148378423794,7.4357250882204795,4.67148378423794,5.1924046378760025,True,4.0,True,5.0,True,5.0,MACD_FAIL
CHOP_2015_2016,PEP,legacy,MACD_FAIL,2016-04-25,2016-04-26,98.894,GREEN,202.4,195.31939999999997,193.7718,-0.34965379147627673,-0.39581113420894776,-0.36776891136403245,False,2016-04-22,96.734,2.232927409183949,True,16.0,3.636216555099381,-3.097255647460917,3.636216555099381,-2.8404149897870545,0.35088074099540734,3.2721904261127976,-0.7958015653123596,-2.033490403866778,True,9.0,True,10.0,False,,MACD_FAIL
CHOP_2015_2016,PG,legacy,MACD_FAIL,2016-04-25,2016-04-26,77.814,GREEN,202.4,195.31939999999997,193.7718,-0.19114352680925867,-0.2022740673754197,-0.16100711438424184,False,2016-04-22,76.296,1.9896193771626214,True,0.0,1.6989230729688831,-2.9454853882334597,0.0,-2.81054823039556,-0.489629115583301,1.2028683784409022,-1.0782121469144368,-0.6489834734109468,False,,False,,False,,MACD_FAIL
CHOP_2015_2016,T,legacy,MACD_FAIL,2016-04-26,2016-04-27,35.228,GREEN,202.71,195.7708,193.79505,-0.1140272422256969,-0.11295072760576713,-0.11620444340271588,False,2016-04-25,35.228,0.0,False,,4.768933802656972,-0.3491540819802519,4.768933802656972,-0.3491540819802519,2.6910412172135745,3.4801862155103835,1.5555807880095474,2.004087657545117,True,0.0,True,3.0,False,,MACD_FAIL
CHOP_2015_2016,CAH,legacy,MACD_FAIL,2016-05-03,2016-05-04,76.279,GREEN,200.01,197.33700000000002,193.78765000000004,-0.8531518793111785,-0.7968254706607353,-0.6750024374312175,False,2016-05-02,74.398,2.5282937713379416,True,2.0,1.013385073218065,-4.537290735326893,0.4234455092489542,-4.537290735326893,-2.6927463653168004,-1.591525845907782,-2.9824722400660586,1.013385073218065,False,,False,,False,,MACD_FAIL
CHOP_2015_2016,SHW,legacy,MACD_FAIL,2016-05-04,2016-05-05,285.2,GREEN,198.91,197.6028,193.7675,-1.8958860626598808,-1.914175490333431,-1.8361364428477414,False,2016-04-29,278.04,2.5751690404258287,False,,2.8190743338008417,-0.8800841514726487,2.8190743338008417,-0.8800841514726487,2.1248246844319807,-0.2910238429172485,-0.26297335203365746,0.6241234221598946,True,3.0,False,,False,,MACD_FAIL
CHOP_2015_2016,NUE,legacy,MACD_FAIL,2016-05-06,2016-05-09,45.932,GREEN,199.59,198.0674,193.74045,-0.33441655348182975,-0.3398604704701953,-0.29713634046206217,False,2016-05-05,45.922,0.021776055049871346,True,0.0,5.765043978054507,-5.366628929722205,0.500740224679963,-3.0066184794914186,-0.1654619872855534,-2.209788382826794,1.2953931899329474,5.179395628320127,False,,False,,False,,MACD_FAIL
CHOP_2015_2016,DOV,legacy,MACD_FAIL,2016-05-10,2016-05-11,63.554,GREEN,202.24,198.6044,193.7545,-0.3100317420049134,-0.491477717114472,-0.4675304225502223,False,2016-05-04,60.736,4.639752370916761,False,,10.660225949586156,-3.6897756238788992,10.660225949586156,-3.6897756238788992,-0.4389967586619359,1.3091229505617141,2.4561789973880366,10.224376121093881,True,11.0,True,11.0,True,17.0,MACD_FAIL
CHOP_2015_2016,WMT,legacy,MACD_FAIL,2016-05-19,2016-05-20,66.999,GREEN,198.12,199.5756,193.72975000000002,-0.09453534354803694,-0.41220399051814016,-0.28444643298495087,False,2016-05-17,60.611,10.53934104370493,False,,3.5313959909849313,-0.6955327691458013,3.5313959909849313,-0.6955327691458013,2.0477917580859373,2.4806340393140225,1.726891446140999,2.550784340064771,True,3.0,True,10.0,False,,MACD_FAIL
CHOP_2015_2016,GPC,legacy,MACD_FAIL,2016-05-20,2016-05-23,90.063,GREEN,199.36,199.7106,193.72395,-0.3634384006606779,-0.376732566484609,-0.2996794937314577,False,2016-05-19,88.396,1.8858319380967492,False,,5.355140290685401,-0.8394124113120793,5.355140290685401,-0.8394124113120793,3.117817527730571,4.412466828775408,2.388328170280807,4.497962537334987,True,2.0,True,3.0,True,19.0,MACD_FAIL
CHOP_2015_2016,CL,legacy,MACD_FAIL,2016-05-23,2016-05-24,68.151,GREEN,199.09,199.7782,193.72494999999998,-0.2731399596557902,-0.25864511116813144,-0.21379522604097378,False,2016-05-20,67.571,0.8583563954950968,False,,2.9390617892620874,-0.4695455679300298,2.9390617892620874,-0.4695455679300298,1.0931607753371209,2.2288741177679094,1.8312277149271639,2.585435283414772,True,8.0,False,,False,,MACD_FAIL
CHOP_2015_2016,PG,legacy,MACD_FAIL,2016-05-23,2016-05-24,76.668,GREEN,199.09,199.7782,193.72494999999998,-0.15749978832428463,-0.16263281089380785,-0.13779810915190133,False,2016-05-20,76.182,0.6379459714893398,False,,4.335576772577876,0.0,4.335576772577876,0.0,1.8573590024521192,2.9282099441748644,3.3025512599780926,4.072103093859236,True,6.0,True,8.0,False,,MACD_FAIL
CHOP_2015_2016,ABBV,legacy,MACD_FAIL,2016-05-24,2016-05-25,57.883,GREEN,201.66,199.90240000000003,193.74070000000003,-0.42194248816971414,-0.5131841268986795,-0.48971625134479235,False,2016-05-23,56.035,3.2979387882573485,False,,7.0245149698529685,-3.1425461707237035,7.0245149698529685,-3.1425461707237035,6.566694884508406,-0.5407459875956699,-0.29542352676951156,0.37662180605704254,True,2.0,True,2.0,True,5.0,MACD_FAIL
CHOP_2015_2016,HRL,legacy,MACD_FAIL,2016-06-09,2016-06-10,33.707,GREEN,205.76,201.3826,194.16694999999999,0.09847268405837095,0.032022596961820415,-0.022411570717686624,False,2016-05-19,32.969,2.2384664381691843,False,,7.790666627110099,-2.8243391580383803,7.790666627110099,-2.8243391580383803,0.581481591360844,1.9076156288011514,4.616251817129968,5.022695582519954,True,10.0,True,11.0,True,14.0,MACD_FAIL
CHOP_2015_2016,AFL,legacy,MACD_FAIL,2016-06-16,2016-06-17,66.815,GREEN,202.16,201.641,194.55715,-0.22115424750423773,-0.2547253475738083,-0.22923374711654998,False,2016-06-14,65.493,2.0185363321270966,True,6.0,7.793160218513817,-2.3991618648506963,4.636683379480644,-2.3991618648506963,0.6974481778043939,5.4089650527576305,5.640948888722597,6.4401706203696785,True,1.0,True,3.0,False,,MACD_FAIL
CHOP_2015_2016,CB,legacy,MACD_FAIL,2016-06-16,2016-06-17,121.41,GREEN,202.16,201.641,194.55715,-0.4901208378427797,-0.5494525306393871,-0.5098439447246421,False,2016-06-14,119.45,1.640853913771445,True,6.0,5.164319248826299,-3.352277407132853,2.7921917469730717,-3.352277407132853,-1.0625154435384143,4.620706696318266,4.315954204760741,3.7970513137303374,True,4.0,False,,False,,MACD_FAIL
CHOP_2015_2016,LOW,legacy,MACD_FAIL,2016-06-16,2016-06-17,75.645,GREEN,202.16,201.641,194.55715,-0.39230174366101667,-0.4816226835471866,-0.4804061932979664,False,2016-06-13,73.451,2.987025363848006,False,,7.4241522903033985,-3.236168947055318,7.4241522903033985,-3.236168947055318,-1.0390640491770742,2.2222222222222143,6.3335316279992115,5.652719941833584,True,1.0,True,10.0,True,14.0,MACD_FAIL
CHOP_2015_2016,MMM,legacy,MACD_FAIL,2016-06-16,2016-06-17,164.83,GREEN,202.16,201.641,194.55715,-0.14129322974975567,-0.25588061558284736,-0.21645928044508933,False,2016-06-15,161.58,2.011387547963861,False,,6.970818418977109,-2.845355821149076,6.970818418977109,-2.845355821149076,-0.515682824728525,3.270035794454884,4.71394770369471,6.54613844567129,True,4.0,True,9.0,True,16.0,MACD_FAIL
CHOP_2015_2016,SWK,legacy,MACD_FAIL,2016-06-16,2016-06-17,109.61,GREEN,202.16,201.641,194.55715,-0.41034319650318973,-0.4232204531449686,-0.40174460102060516,False,2016-06-15,108.06,1.4343883027947424,True,5.0,5.647294954839888,-7.380713438554876,2.700483532524389,-4.744092692272606,-4.379162485174703,0.1642185931940654,3.3117416294133672,4.634613630143236,True,1.0,False,,False,,MACD_FAIL
CHOP_2015_2016,TGT,legacy,MACD_FAIL,2016-06-16,2016-06-17,63.897,GREEN,202.16,201.641,194.55715,0.23098009219456017,0.2226904527727287,0.19545222945951046,False,2016-06-13,62.862,1.6464636823518175,False,,10.761068594769707,-0.20814748736246447,10.761068594769707,-0.20814748736246447,3.4899917054008744,4.536989217021148,8.253908634208184,10.371378937978303,True,1.0,True,3.0,True,7.0,MACD_FAIL
CHOP_2015_2016,ITW,legacy,MACD_FAIL,2016-06-17,2016-06-20,103.76,GREEN,201.41,201.7118,194.64884999999998,-0.2780485051975743,-0.2980679505696666,-0.22642209887811526,False,2016-06-16,100.7,3.038728897715992,True,4.0,5.021202775636069,-8.139938319198158,1.089051657671547,-5.436584425597535,-7.7843099460293,-2.3804934464147998,3.373168851195074,4.394757131842697,False,,False,,False,,MACD_FAIL
CHOP_2015_2016,SHW,legacy,MACD_FAIL,2016-06-22,2016-06-23,288.72,GREEN,202.96,201.9684,194.90849999999998,-0.43737164506569237,-0.5444026913852398,-0.4247882809524076,False,2016-06-21,283.28,1.920361479807986,True,1.0,6.743557772236075,-4.783180936547515,0.17664172901079578,-3.809919645331117,0.31518426156829094,4.703518980326948,4.492241618176762,0.2840121917428551,False,,False,,False,,MACD_FAIL
CHOP_2015_2016,APD,legacy,MACD_FAIL,2016-06-29,2016-06-30,134.41,GREEN,201.54,201.6938,195.21765000000002,-0.7215280535750155,-0.8910688599845733,-0.7486078736901253,False,2016-06-28,128.55,4.5585375340334355,False,,9.389182352503544,-1.629343054832233,9.389182352503544,-1.629343054832233,3.4149244847853533,6.993527267316435,6.4876125288297,7.045606725690057,True,1.0,True,5.0,True,7.0,MACD_FAIL
CHOP_2015_2016,BDX,legacy,MACD_FAIL,2016-06-29,2016-06-30,165.17,GREEN,201.54,201.6938,195.21765000000002,-0.5530022137531458,-0.7446750882010664,-0.5947429220199931,False,2016-06-28,159.72,3.4122213874279828,False,,5.376278985287897,-0.2240116243869772,5.376278985287897,-0.2240116243869772,4.2743839680329465,3.9413937155657885,3.105890900284569,4.492341224193264,True,3.0,True,5.0,True,6.0,MACD_FAIL
CHOP_2015_2016,DOV,legacy,MACD_FAIL,2016-06-29,2016-06-30,66.232,GREEN,201.54,201.6938,195.21765000000002,-0.5866160105049225,-0.6640856328158894,-0.5724649707000862,False,2016-06-28,63.374,4.509735853820174,False,,7.968957603575322,-2.7131899987921204,7.968957603575322,-2.7131899987921204,3.2129484237226613,7.2774489672665865,4.577847566131177,4.814893103031781,True,1.0,True,5.0,True,6.0,MACD_FAIL
CHOP_2015_2016,ECL,legacy,MACD_FAIL,2016-06-29,2016-06-30,115.15,GREEN,201.54,201.6938,195.21765000000002,-0.5645500344521364,-0.6353114536502917,-0.5482322801809476,False,2016-06-28,112.87,2.0200230353504045,False,,4.203213200173672,-0.2344767694311911,4.203213200173672,-0.2344767694311911,2.023447676943113,3.508467216673905,2.726877985236653,1.320017368649573,True,1.0,True,7.0,False,,MACD_FAIL
CHOP_2015_2016,EMR,legacy,MACD_FAIL,2016-06-29,2016-06-30,48.804,GREEN,201.54,201.6938,195.21765000000002,-0.2763367384561629,-0.3029434212389108,-0.2272730053527784,False,2016-06-28,47.084,3.6530456205929873,False,,11.435538070649942,-0.6843701335956132,11.435538070649942,-0.6843701335956132,4.991394148020656,10.472502253913607,9.648799278747644,9.825014343086625,True,0.0,True,1.0,True,5.0,MACD_FAIL
CHOP_2015_2016,GWW,legacy,MACD_FAIL,2016-06-29,2016-06-30,212.6,GREEN,201.54,201.6938,195.21765000000002,-0.3983245739748744,-0.5042490101477268,-0.43735253711845856,False,2016-06-28,207.71,2.3542438977420366,True,14.0,5.73377234242709,-2.62935089369708,5.73377234242709,-2.615239887111953,4.482596425211671,4.858889934148647,-1.2417685794919975,-0.7949200376293541,True,0.0,True,0.0,True,6.0,MACD_FAIL
CHOP_2015_2016,NUE,legacy,MACD_FAIL,2016-06-29,2016-06-30,46.666,GREEN,201.54,201.6938,195.21765000000002,-0.3747970237993397,-0.4212289576393641,-0.40652940640366486,False,2016-06-27,44.216,5.54098064049211,False,,18.27454677923972,-0.3728624694638527,18.27454677923972,-0.3728624694638527,10.215145930656156,17.425963228046125,9.240132001885758,11.14515921656023,True,0.0,True,1.0,True,3.0,MACD_FAIL
CHOP_2015_2016,PEP,legacy,MACD_FAIL,2016-06-29,2016-06-30,100.16,GREEN,201.54,201.6938,195.21765000000002,-0.10706827396066326,-0.13934339499950632,-0.08611641340340703,False,2016-06-28,97.99,2.214511684865794,False,,6.938897763578278,-0.19968051118210983,6.938897763578278,-0.19968051118210983,4.363019169329085,5.700878594249215,5.251597444089473,5.001996805111819,True,0.0,True,2.0,True,4.0,MACD_FAIL
CHOP_2015_2016,ED,legacy,MACD_FAIL,2016-07-21,2016-07-22,76.325,GREEN,210.92,203.7214,196.84575,-0.25158331697557323,-0.3139805145714665,-0.3055236119287703,False,2016-07-20,74.939,1.8495042634676384,True,10.0,1.8539141827710326,-6.3465443825745265,1.8539141827710326,-2.6767114313789753,0.3629217163445775,-2.5561742548313227,-1.2538486734359755,-3.3003603013429528,False,,False,,False,,MACD_FAIL
CHOP_2015_2016,BCR,legacy,MACD_FAIL,2016-07-28,2016-07-29,222.98,GREEN,211.41,204.8872,197.3278,-1.557304437778189,-1.4160098979620672,-1.035889699900082,False,2016-07-22,220.14,1.2900881257381647,True,3.0,1.1974168086823944,-4.3322271055700075,1.1974168086823944,-2.1975065028253526,-0.6009507579155082,-0.6099201722127523,-2.139205309893255,-3.0406314467665285,False,,False,,False,,MACD_FAIL
CHOP_2015_2016,CB,legacy,MACD_FAIL,2016-08-03,2016-08-04,122.58,GREEN,210.83,205.8666,197.68685000000002,-0.5422911036294346,-0.5888702471898518,-0.574568681116724,False,2016-07-27,119.59,2.500209047579216,False,,1.3786914667971883,-0.693424702235268,1.3786914667971883,-0.693424702235268,0.6526350138684966,1.1910589003100158,0.23658019252732476,1.0605318975362987,False,,False,,False,,MACD_FAIL
CHOP_2015_2016,LEG,legacy,MACD_FAIL,2016-08-04,2016-08-05,51.198,GREEN,211.06,206.0546,197.76649999999998,-0.25172220387711497,-0.3081178485935908,-0.26980451741208,False,2016-08-02,49.238,3.980665339778211,False,,0.373061447712808,-2.9063635298253843,0.373061447712808,-2.9063635298253843,-0.3418102269619805,-1.0937927262783753,-2.5274424782217975,-2.2637603031368414,False,,False,,False,,MACD_FAIL
CHOP_2015_2016,EMR,legacy,MACD_FAIL,2016-08-05,2016-08-08,51.883,GREEN,212.79,206.24940000000004,197.8561,-0.3959431796709515,-0.42127151245255656,-0.3611676418713249,False,2016-08-04,50.675,2.383818450912689,False,,2.530694061638683,-2.9161767823757345,2.530694061638683,-2.9161767823757345,1.998727907021558,-1.33569762735386,0.17346722433166928,-2.00836497504,True,5.0,False,,False,,MACD_FAIL
CHOP_2015_2016,GWW,legacy,MACD_FAIL,2016-08-05,2016-08-08,215.07,GREEN,212.79,206.24940000000004,197.8561,0.06830047958104579,-0.2661550013943532,-0.49297405758489266,False,2016-08-02,207.37,3.713169696677432,False,,6.146835913888493,-1.25075556795462,6.146835913888493,-1.25075556795462,4.100990375226665,3.9940484493420803,5.784163295671174,3.8313107360394394,True,3.0,True,3.0,True,14.0,MACD_FAIL
CHOP_2015_2016,SYY,legacy,MACD_FAIL,2016-08-09,2016-08-10,50.269,GREEN,212.79,206.61739999999998,198.03024999999997,-0.14162051400355713,-0.17932465241707962,-0.17037715026255262,False,2016-08-05,49.551,1.4490121289176816,False,,4.026338299946297,-0.5967892737074432,4.026338299946297,-0.5967892737074432,0.6922755575006434,1.0404026338300065,-0.037796654001465146,1.4064333883705649,True,3.0,True,3.0,False,,MACD_FAIL
CHOP_2015_2016,LOW,legacy,MACD_FAIL,2016-08-23,2016-08-24,76.137,GREEN,213.54,208.3482,198.6645,-0.5685229950717368,-0.5989264017635487,-0.5952305432925011,False,2016-08-19,74.312,2.455861771988377,True,8.0,0.12871534208072077,-9.781052576276982,0.12871534208072077,-3.1797943181370525,-1.8978945847616946,-5.012017810000402,-8.623927919408436,-7.637548104075542,False,,False,,False,,MACD_FAIL
CHOP_2015_2016,ABT,legacy,MACD_FAIL,2016-08-29,2016-08-30,41.761,GREEN,212.96,209.20239999999998,198.90970000000002,-0.36262419690033343,-0.39362720332584933,-0.3914051648704491,False,2016-08-24,40.867,2.187584114322072,True,1.0,0.8117621704461175,-5.883479801728885,0.8117621704461175,-2.511913028902568,-2.581355810445163,-5.117214626086541,-2.535858815641401,-1.6762050717176402,False,,False,,False,,MACD_FAIL
CHOP_2015_2016,BCR,legacy,MACD_FAIL,2016-08-29,2016-08-30,219.99,GREEN,212.96,209.20239999999998,198.90970000000002,0.0854668072217617,-0.2572159447063975,-0.40849792352818515,False,2016-08-16,213.32,3.1267579223701603,True,7.0,5.041138233556075,-3.8774489749534125,0.8000363652893361,-3.327423973817001,-0.5136597118050812,-1.7955361607345899,3.463793808809501,2.918314468839478,False,,False,,False,,MACD_FAIL
CHOP_2015_2016,PEP,legacy,MACD_FAIL,2016-08-29,2016-08-30,104.19,GREEN,212.96,209.20239999999998,198.90970000000002,-0.15391787991735625,-0.18242781133020092,-0.16415541801762257,False,2016-08-26,103.63,0.5403840586702735,True,0.0,1.0269699587292624,-2.8889528745560944,0.13436990114215064,-0.8158172569344369,0.047989250407898254,-1.9675592667242503,-0.01919570016315486,0.20155485171322596,False,,False,,False,,MACD_FAIL
CHOP_2015_2016,PNR,legacy,MACD_FAIL,2016-08-30,2016-08-31,62.357,GREEN,212.61,209.4002,198.9899,-0.32171827694829636,-0.31108562473551726,-0.34221025202443645,False,2016-08-26,61.675,1.1057965139845916,True,1.0,1.6838526548743404,-9.148932758150641,0.311111823852972,-2.5594560354090135,-2.952354988213035,-7.885241432397327,-2.8272687909937866,-1.7335663999230144,False,,False,,False,,MACD_FAIL
CHOP_2015_2016,DOV,legacy,MACD_FAIL,2016-09-12,2016-09-13,67.599,GREEN,210.99,211.15279999999998,199.51375,-0.47984481340357155,-0.44316707704420183,-0.2591375128112672,False,2016-09-09,66.651,1.4223342485484292,True,1.0,7.463128152783338,-4.310714655542247,0.4482314827142453,-2.9497477773339886,-0.23225195638990614,0.4482314827142453,5.019305019305009,-3.224899776623924,False,,False,,False,,MACD_FAIL
CHOP_2015_2016,EMR,legacy,MACD_FAIL,2016-09-12,2016-09-13,49.941,GREEN,210.99,211.15279999999998,199.51375,-0.18963200334110436,-0.21669120953014162,-0.11712118739020957,False,2016-09-09,48.762,2.417866371354749,False,,6.335475861516571,-2.1285116437396168,6.335475861516571,-2.1285116437396168,-0.7949380268717166,0.3704371157966291,3.3339340421697505,-1.623916221140942,True,7.0,True,12.0,True,13.0,MACD_FAIL
CHOP_2015_2016,CL,legacy,MACD_FAIL,2016-09-13,2016-09-14,70.066,GREEN,207.96,211.21880000000002,199.54930000000002,-0.343373813727606,-0.31682968784624344,-0.34088232889885445,False,2016-09-09,68.928,1.6509981429897902,False,,3.4281962720863257,-0.9034339051751106,3.4281962720863257,-0.9034339051751106,1.347301116090538,2.179373733337142,1.3059115690919887,0.5551908200839062,True,6.0,True,12.0,False,,MACD_FAIL
CHOP_2015_2016,ADP,legacy,MACD_FAIL,2016-09-14,2016-09-15,84.567,GREEN,207.88,211.31119999999999,199.58329999999998,-0.24117793996777415,-0.19567714379610923,-0.10123901795105156,False,2016-09-13,84.449,0.13972930407701867,True,18.0,3.8502016152872853,-0.879775799070559,3.8502016152872853,-0.879775799070559,3.445788546359685,0.8431184741092945,1.247531543036895,0.47299774143578777,True,4.0,True,5.0,False,,MACD_FAIL
CHOP_2015_2016,BDX,legacy,MACD_FAIL,2016-09-14,2016-09-15,170.02,GREEN,207.88,211.31119999999999,199.58329999999998,-0.5207662656616107,-0.5237281328864769,-0.3218243712095392,False,2016-09-13,167.93,1.2445661882927395,False,,5.211151629220079,-0.9822373838372034,5.211151629220079,-0.9822373838372034,5.099400070579918,2.1350429361251644,2.5291142218562435,0.06469827079165213,True,0.0,True,4.0,True,5.0,MACD_FAIL
CHOP_2015_2016,SWK,legacy,MACD_FAIL,2016-09-14,2016-09-15,117.73,GREEN,207.88,211.31119999999999,199.58329999999998,-0.528942646734698,-0.5120051797789256,-0.41900172025722204,False,2016-09-13,117.41,0.27254918661103744,True,18.0,4.153571731928984,-2.4462753758600297,4.153571731928984,-2.4462753758600297,2.760553809564259,1.5459101333559877,3.567484923129194,0.7899430901214588,True,3.0,True,5.0,False,,MACD_FAIL
CHOP_2015_2016,MKC,legacy,MACD_FAIL,2016-09-15,2016-09-16,93.44,GREEN,209.95,211.4206,199.6318,-0.3971873108165457,-0.48579843689404045,-0.4633156144726802,False,2016-09-09,93.85,-0.4368673415023894,True,0.0,5.35958904109588,-1.4490582191780788,0.866866438356162,-0.627140410958904,1.055222602739736,4.409246575342474,0.3028681506849429,-0.8722174657534221,False,,False,,False,,MACD_FAIL
CHOP_2015_2016,MMM,legacy,MACD_FAIL,2016-09-19,2016-09-20,173.4,GREEN,209.18,211.55180000000001,199.71220000000002,-0.49696397326267516,-0.6032186700114976,-0.5581810084987815,False,2016-09-16,170.15,1.9100793417572648,True,10.0,2.220299884659749,-5.207612456747402,2.220299884659749,-3.662053056516723,-0.7900807381776231,-3.39677047289505,-4.521337946943483,-4.371395617070362,True,2.0,False,,False,,MACD_FAIL
CHOP_2015_2016,BEN,legacy,MACD_FAIL,2016-09-21,2016-09-22,35.166,GREEN,211.54,211.6112,199.82379999999998,-0.12144534685524735,-0.17044540071026,-0.16515094768276334,False,2016-09-20,34.151,2.972094521390267,True,2.0,3.1479269749189687,-5.7555593470966055,2.3602343172382634,-4.470226923733134,-3.0483990217823886,1.026559745208444,-3.9953364044815864,-3.4948529829949337,True,0.0,False,,False,,MACD_FAIL
CHOP_2015_2016,CLX,legacy,MACD_FAIL,2016-09-22,2016-09-23,122.44,GREEN,212.88,211.67680000000001,199.88865,0.03293816575026964,-0.26082774088486715,-0.46630464864326715,False,2016-09-09,117.88,3.868340685442817,True,8.0,0.3348578895785659,-6.239790918000654,0.3348578895785659,-4.173472721332894,-1.0045736687357087,-3.005553740607636,-3.7079385821626842,-5.063704671675929,False,,False,,False,,MACD_FAIL
CHOP_2015_2016,LOW,legacy,MACD_FAIL,2016-09-22,2016-09-23,70.43,GREEN,212.88,211.67680000000001,199.88865,0.0037141670056763942,-0.10235043330747207,-0.23268363205929488,False,2016-08-26,68.69,2.53311981365556,True,12.0,1.9238960670168836,-4.10052534431351,1.9238960670168836,-3.0768138577310866,0.028396989919055038,-1.2338492119835287,-1.1642765866818228,-1.652704813289796,False,,False,,False,,MACD_FAIL
CHOP_2015_2016,WBA,legacy,MACD_FAIL,2016-09-22,2016-09-23,80.553,GREEN,212.88,211.67680000000001,199.88865,-0.11360686672572229,-0.22245178714691463,-0.200289691623464,False,2016-09-20,77.743,3.6144733287884367,True,4.0,0.07324370290366922,-7.598723821583297,0.07324370290366922,-4.399587848993825,-2.3140044442789276,-3.2103087408290154,-5.113403597631372,-1.1632093156058732,False,,False,,False,,MACD_FAIL
CHOP_2015_2016,XOM,legacy,MACD_FAIL,2016-09-28,2016-09-29,83.046,GREEN,212.35,211.7202,200.18114999999997,0.10046013014850153,-0.17614900379724352,-0.23066356882741346,False,2016-09-14,78.577,5.687414892398546,False,,1.9543385593526308,-1.771307468150185,1.9543385593526308,-1.771307468150185,0.07947402644317147,-0.47202755099584603,0.27575078871950875,-0.05900344387448353,False,,False,,False,,MACD_FAIL
CHOP_2015_2016,ADM,legacy,MACD_FAIL,2016-09-30,2016-10-03,40.751,GREEN,212.01,211.7166,200.33615,-0.03894698682106412,-0.07267531240044733,-0.05299643414007155,False,2016-09-29,40.163,1.4640340612006142,False,,5.285759858653782,-1.1680694952271087,5.285759858653782,-1.1680694952271087,3.0723172437486346,-0.30919486638364413,1.2613187406444126,3.7888640769551785,True,0.0,True,1.0,True,20.0,MACD_FAIL
CHOP_2015_2016,CB,legacy,MACD_FAIL,2016-10-07,2016-10-10,122.94,GREEN,210.78,211.68560000000002,200.71220000000002,-0.14160972386964865,-0.25619535865579035,-0.1575861554237965,False,2016-10-05,119.16,3.1722054380664666,False,,2.489019033674955,-3.156011062306807,2.489019033674955,-3.156011062306807,0.18708312998210186,-2.521555230193584,1.2363754677078287,-0.7483325199284185,True,14.0,False,,False,,MACD_FAIL
CHOP_2015_2016,T,legacy,MACD_FAIL,2016-10-11,2016-10-12,37.283,GREEN,209.2,211.6408,200.8305,-0.0918854055715459,-0.10365862099244466,-0.10117514238622455,False,2016-10-06,36.388,2.459602066615374,True,7.0,1.0862859748410836,-7.354558377812959,1.0862859748410836,-5.5923611297374105,0.5900812702840375,-6.946865863798523,-7.099750556553919,-4.3666014001019215,False,,False,,False,,MACD_FAIL
CHOP_2015_2016,NUE,legacy,MACD_FAIL,2016-10-17,2016-10-18,46.167,GREEN,208.18,211.4496,201.03800000000004,-0.0898724994170188,-0.08430723747157487,-0.0706156973962781,False,2016-10-13,44.725,3.2241475684740006,False,,27.374531591829655,-4.388415968115755,27.374531591829655,-4.388415968115755,-0.8014382567634981,0.9487296120605615,8.423765893387047,27.333376654320183,True,2.0,True,2.0,True,13.0,MACD_FAIL
CHOP_2015_2016,WBA,legacy,MACD_FAIL,2016-10-20,2016-10-21,78.766,GREEN,209.64,211.2782,201.28215,0.024765454793249098,-0.21839775641789938,-0.19617472046149476,False,2016-10-11,74.432,5.822764402407565,False,,4.69364954421958,-4.5590737120077325,4.69364954421958,-4.5590737120077325,0.49767666251936404,-0.43292791305894474,0.43546707970443244,3.6614783028210196,True,1.0,True,1.0,False,,MACD_FAIL
CHOP_2015_2016,AFL,legacy,MACD_FAIL,2016-10-24,2016-10-25,68.384,GREEN,210.63,211.15960000000004,201.52129999999997,-0.14266923875534498,-0.17656922261275798,-0.14545959680716752,False,2016-10-18,67.086,1.934829919804426,True,3.0,5.713324754328486,-2.969992980814229,1.4155357978474559,-2.54153018249883,-2.2987833411324377,0.13014740290127058,4.19103883949461,2.292934019653714,False,,False,,False,,MACD_FAIL
CHOP_2015_2016,MMM,legacy,MACD_FAIL,2016-10-24,2016-10-25,165.35,GREEN,210.63,211.15960000000004,201.52129999999997,0.1004978911805614,-0.056698849251211936,-0.0996706140053063,False,2016-10-03,163.64,1.0449767782938268,True,0.0,3.5621409132144066,-3.3081342606592123,0.24795887511339654,-2.5703054127608094,-3.0843664953129735,0.9253099485938998,2.818264287874195,2.0925309948593984,False,,False,,False,,MACD_FAIL
CHOP_2015_2016,MKC,legacy,MACD_FAIL,2016-10-25,2016-10-26,93.969,GREEN,209.93,211.085,201.64385,0.14434747465130648,-0.008751447045213023,-0.03437468171668767,False,2016-10-06,91.076,3.1764680047432936,True,11.0,0.6470218901978297,-5.3751769200480854,0.6470218901978297,-4.540859219529835,-1.0546031137928513,-1.3153273952047906,-4.113058561866145,-4.936734454979829,False,,False,,False,,MACD_FAIL
CHOP_2015_2016,SWK,legacy,MACD_FAIL,2016-10-28,2016-10-31,112.3,GREEN,208.32,210.84079999999997,202.00560000000002,-0.6618906038823419,-0.5775993004976537,-0.4491416126799428,False,2016-10-26,109.88,2.202402621041144,False,,10.819234194122895,-1.3089937666963536,10.819234194122895,-1.3089937666963536,2.5556544968833528,6.598397150489754,5.921638468388246,4.87978628673198,True,5.0,True,6.0,True,7.0,MACD_FAIL
CHOP_2015_2016,SYY,legacy,MACD_FAIL,2016-10-31,2016-11-01,46.908,GREEN,208.33,210.7446,202.14114999999998,0.08453194208327608,0.046891415801190606,0.0034649763375478315,False,2016-10-21,45.977,2.02492550623139,False,,13.641596316193393,-1.0595207640487714,13.641596316193393,-1.0595207640487714,12.663085188027633,11.228361899889139,12.473352093459544,10.710326596742558,True,4.0,True,4.0,True,4.0,MACD_FAIL
CHOP_2015_2016,CTAS,legacy,MACD_FAIL,2016-11-07,2016-11-08,103.66,GREEN,208.93,210.08539999999996,202.7637,0.009838542528361582,-0.15342631081693758,-0.19915030355779795,False,2016-10-03,100.96,2.6743264659271127,False,,14.981670846999817,-1.8618560679143248,14.981670846999817,-1.8618560679143248,4.148176731622599,9.589041095890405,9.357514952730073,14.865907775419629,True,1.0,True,2.0,True,7.0,MACD_FAIL
CHOP_2015_2016,PNR,legacy,MACD_FAIL,2016-11-08,2016-11-09,54.512,GREEN,209.87,210.02360000000002,202.89520000000002,0.03841677849949865,-0.08705674158761667,-0.21480877768152595,False,2016-10-10,52.671,3.495282033756708,False,,10.505943645435867,-0.5778544173759892,10.505943645435867,-0.5778544173759892,4.6833724684473,3.861535074845901,5.618946287056059,8.9062958614617,True,0.0,True,0.0,True,1.0,MACD_FAIL
CHOP_2015_2016,T,legacy,MACD_FAIL,2016-11-09,2016-11-10,35.684,GREEN,212.09,210.01319999999998,203.04775,0.10378505705882479,0.040464882843343375,-0.008966668813969236,False,2016-10-24,34.541,3.309110911670188,True,2.0,8.751821544669891,-3.657101221836112,0.0,-3.657101221836112,-0.16253783208159955,4.643537719986557,3.037776034076911,7.765385046519446,False,,False,,False,,MACD_FAIL
CHOP_2015_2016,HCP,legacy,MACD_FAIL,2016-11-16,2016-11-17,27.77,GREEN,213.54,210.021,203.7473,0.0076170480701145404,-0.08098175434494226,-0.1983095955629266,False,2016-10-25,26.249,5.794506457388859,False,,5.034209578682036,-3.114872164205973,5.034209578682036,-3.114872164205973,0.1728483975513173,-0.4429240187252437,2.8411955347497297,-0.23766654663305298,True,7.0,True,13.0,True,17.0,MACD_FAIL
CHOP_2015_2016,BDX,legacy,MACD_FAIL,2016-12-06,2016-12-07,161.64,GREEN,217.31,211.5392,205.91685,-0.5549787227823253,-0.5319931209355842,-0.4014239510130082,False,2016-12-05,159.51,1.335339477148767,False,,5.153427369463004,-1.3548626577579825,5.153427369463004,-1.3548626577579825,2.5921801534273925,1.5095273447166768,1.6208859193268976,2.6787923781242284,True,2.0,True,3.0,True,4.0,MACD_FAIL
CHOP_2015_2016,SWK,legacy,MACD_FAIL,2016-12-07,2016-12-08,118.86,GREEN,220.14,211.71599999999998,206.08505000000002,-0.11491905223821189,-0.2479040023059713,-0.24780888850250304,False,2016-12-01,116.45,2.0695577501073315,True,6.0,0.9759380784115645,-5.12367491166078,0.9759380784115645,-3.070839643277812,-1.9013966010432481,-3.8532727578663994,-4.787144539794719,-2.3136463065791646,False,,False,,False,,MACD_FAIL
COVID_2020,HRL,yfinance,MACD_FAIL,2020-01-07,2020-01-08,36.222244197221485,GREEN,294.17462158203125,284.81135925292966,268.5792478942871,-0.15582353744953087,-0.16917909966352845,-0.15877163003817346,False,2020-01-06,35.91300039800501,0.861091515020429,False,,8.431264337894584,-0.4717815211306542,8.431264337894584,-0.4717815211306542,2.310697820556573,6.127591487194106,8.137681803613273,5.90173580273361,True,2.0,True,3.0,True,7.0,MACD_FAIL
COVID_2020,ABT,yfinance,MACD_FAIL,2020-01-08,2020-01-09,76.2071155869388,GREEN,295.7424621582031,285.25482360839845,268.8043450927734,-0.1914066787492804,-0.19128691890379246,-0.15206188344974914,False,2020-01-07,75.53602044512724,0.8884438680471396,True,1.0,7.581317570255175,-2.24008290515858,0.7995674390416596,-1.3093552702653333,2.728815107568261,5.195802772856273,1.4022153115320402,2.251732142031515,False,,False,,False,,MACD_FAIL
COVID_2020,ADM,yfinance,MACD_FAIL,2020-01-10,2020-01-13,36.539763540734036,GREEN,296.89105224609375,286.14478515625,269.258224029541,-0.30250779253582805,-0.26459411924629594,-0.20719748852256226,False,2020-01-08,35.701770471191566,2.34720311761194,False,,5.608527712076983,-1.521375182331397,5.608527712076983,-1.521375182331397,2.4523236179654573,-0.2724777760506947,3.019980135200062,4.722970566608087,True,3.0,True,3.0,True,17.0,MACD_FAIL
COVID_2020,CB,yfinance,MACD_FAIL,2020-01-13,2020-01-14,135.80895953381156,GREEN,298.9327697753906,286.6059765625,269.4917700958252,-0.5410315585581185,-0.4285931593356884,-0.2322267197661646,False,2020-01-09,135.0413450221371,0.5684292551652481,False,,11.544114727401977,-0.857781341766628,11.544114727401977,-0.857781341766628,2.2942067687289125,0.33916576206516336,9.94152416454057,8.983935403480924,True,3.0,True,14.0,True,15.0,MACD_FAIL
COVID_2020,AFL,yfinance,MACD_FAIL,2020-01-15,2020-01-16,45.04183988290779,GREEN,299.15155029296875,287.50203186035156,269.9267227935791,-0.036622915763850294,-0.042767097706973095,-0.03805721473203419,False,2020-01-08,44.613289262034726,0.9605896089749821,True,6.0,1.731701237461647,-1.960020424686637,1.731701237461647,-1.7126250599868165,-0.30445252893662733,-1.8648743816617297,0.7231530911503636,0.4947887584816568,False,,False,,False,,MACD_FAIL
COVID_2020,VFC,yfinance,MACD_FAIL,2020-01-15,2020-01-16,78.53525882319671,GREEN,299.15155029296875,287.50203186035156,269.9267227935791,-0.6297831897054229,-0.6196451307618056,-0.6448927463967467,False,2020-01-10,77.32137582184257,1.569919040435952,True,1.0,0.23858477582836546,-14.688821445566557,0.23858477582836546,-3.0601852897462534,-12.313292606555926,-13.931533001087082,-13.941888775922717,-13.215750781889767,False,,False,,False,,MACD_FAIL
COVID_2020,CAT,yfinance,MACD_FAIL,2020-01-16,2020-01-17,130.06099875563322,GREEN,301.6400146484375,287.9587738037109,270.1501737213135,-0.2994901066181508,-0.4042078242495173,-0.3453045971256836,False,2020-01-15,127.39155705434241,2.095462025126271,True,2.0,0.7200580872563256,-12.166290539681391,0.7200580872563256,-3.18587619616153,-7.798389902996517,-11.847017920262282,-8.756186568858283,-7.220974822015879,False,,False,,False,,MACD_FAIL
COVID_2020,WMT,yfinance,MACD_FAIL,2020-01-16,2020-01-17,35.40818764781676,GREEN,301.6400146484375,287.9587738037109,270.1501737213135,-0.0931142333932064,-0.10983477678336298,-0.10569669248894265,False,2020-01-02,34.941362932563166,1.3360232002242345,True,4.0,3.3605920623220875,-2.9039264881005056,0.41361399569173063,-1.6372399322623576,-0.16373487179134338,-1.5338425849674153,-0.6893626354706139,3.0848491885711926,False,,False,,False,,MACD_FAIL
COVID_2020,T,yfinance,MACD_FAIL,2020-01-17,2020-01-21,18.621262405164064,GREEN,302.5787658691406,288.4404571533203,270.3762964630127,-0.03361424064560184,-0.04389870556610005,-0.04068462286883602,False,2020-01-15,18.339637228113705,1.5356093119368808,True,6.0,2.0599924360072963,-5.293348878604387,2.0599924360072963,-3.4419819879572877,0.5997761893287157,-1.8774476930281891,-0.4693421331318559,0.23469016110926333,True,1.0,False,,False,,MACD_FAIL
COVID_2020,GWW,yfinance,MACD_FAIL,2020-01-27,2020-01-28,299.92049873267393,GREEN,294.87646484375,290.49323486328126,271.410997543335,-2.3532766939500944,-1.8814843935683054,-1.6545877667806819,False,2020-01-24,295.78144890661764,1.3993608596335694,True,2.0,1.6849994277516878,-12.25909867689009,1.6849994277516878,-5.452379511651295,-5.0796328924881955,-6.886548907344481,-4.946113622598891,-11.844395553873788,False,,False,,False,,MACD_FAIL
COVID_2020,LOW,yfinance,MACD_FAIL,2020-02-04,2020-02-05,106.8375206224803,GREEN,299.94451904296875,292.3174621582031,272.51810722351075,-0.40226622889281377,-0.49983411592609245,-0.42501593179194774,False,2020-02-03,103.46894059042154,3.2556436867302807,True,14.0,5.152664242742877,-14.595088564540282,5.152664242742877,-7.102575778875231,3.7421141736887042,5.019903168697848,-10.703612693592223,-10.786592496882863,True,4.0,True,5.0,True,10.0,MACD_FAIL
COVID_2020,BDX,yfinance,MACD_FAIL,2020-02-11,2020-02-12,176.88362073763295,GREEN,305.5959777832031,294.3678857421875,273.5616750335693,-2.610567704013356,-2.7367413039185977,-2.411747205792892,False,2020-02-10,169.84294152692416,4.145405836363625,True,8.0,1.9589852366011629,-13.82186920934786,1.9589852366011629,-5.3006793480463665,-1.285272775586599,-5.4798528704216976,-4.915121878478567,-13.810146119146072,False,,False,,False,,MACD_FAIL
COVID_2020,NUE,yfinance,MACD_FAIL,2020-02-20,2020-02-21,42.035107202018,GREEN,307.13641357421875,297.2741369628906,274.8899291229248,0.11481462276094367,0.07776387784416716,0.04418430251399208,False,2020-02-10,41.40692927451825,1.5170840690336584,True,2.0,2.399501672533244,-42.05429658383929,2.399501672533244,-5.451492230910626,-12.965655505144092,-16.628045941535895,-24.56323580791614,-35.52935759230959,True,0.0,False,,False,,MACD_FAIL
COVID_2020,ABT,yfinance,MACD_FAIL,2020-03-02,2020-03-03,72.34511311086489,GREEN,281.7414855957031,296.8803271484375,275.85561630249026,-0.9604652265401397,-1.1786833859368995,-1.0057346810363386,False,2020-02-25,65.6408823141395,10.21349890551555,True,9.0,3.4567344218957574,-24.4790437625517,2.3535157218082414,-14.194656149707585,-0.8580581446153257,-2.5619272279852168,-14.574653518212155,-3.2728323501569734,True,0.0,False,,False,,MACD_FAIL
COVID_2020,CAH,yfinance,MACD_FAIL,2020-03-02,2020-03-03,45.80284464540796,GREEN,281.7414855957031,296.8803271484375,275.85561630249026,-0.7501324906204521,-0.7933408591029073,-0.6456144557010834,False,2020-02-27,41.99302407195751,9.07250825023247,True,4.0,3.9088666552661744,-27.658383472974702,3.9088666552661744,-12.726914114363586,-7.910315492548059,-11.52277601325432,-19.3404958412431,-10.298592425262608,True,1.0,True,1.0,False,,MACD_FAIL
COVID_2020,CAT,yfinance,MACD_FAIL,2020-03-02,2020-03-03,112.20533842941077,GREEN,281.7414855957031,296.8803271484375,275.85561630249026,-0.8217221043597589,-1.0030724692827349,-0.8756851529145016,False,2020-02-26,105.16379226463279,6.695789504298899,True,4.0,2.0157461091289353,-31.102361780296906,2.0157461091289353,-18.08662066378296,-16.149599866560738,-21.10237122533367,-20.2047293104874,-8.629917773610208,True,0.0,False,,False,,MACD_FAIL
COVID_2020,CL,yfinance,MACD_FAIL,2020-03-02,2020-03-03,62.24508351346909,GREEN,281.7414855957031,296.8803271484375,275.85561630249026,-0.7505544635468664,-0.901363637549936,-0.6535013783754753,False,2020-02-28,56.90000227415144,9.393815510875324,True,7.0,4.024823029651925,-19.379707311200832,4.024823029651925,-12.887643507040636,-1.0199631418725708,-3.2391156371466945,-15.671917139530523,-8.532017079135535,True,0.0,True,1.0,False,,MACD_FAIL
COVID_2020,CTAS,yfinance,MACD_FAIL,2020-03-02,2020-03-03,65.05550109554619,GREEN,281.7414855957031,296.8803271484375,275.85561630249026,-0.8004201716476904,-0.9315909955971731,-0.7655546900931537,False,2020-02-26,59.80441238100272,8.780436936809565,True,4.0,3.3310464495579284,-44.3635529608433,3.3310464495579284,-10.371696469694458,-3.2337235419902854,-24.611572692674734,-37.34454766310936,-37.55361996094025,True,0.0,True,0.0,False,,MACD_FAIL
COVID_2020,ECL,yfinance,MACD_FAIL,2020-03-02,2020-03-03,179.30285571312785,GREEN,281.7414855957031,296.8803271484375,275.85561630249026,-2.685732753646986,-3.0927897730661487,-2.479945149597258,False,2020-02-26,162.33346264481145,10.453416561097907,True,7.0,6.415205795624623,-35.0020290059057,6.415205795624623,-14.1519321470284,-0.702360763024068,-11.579797834665529,-20.202731541071593,-18.71079805509127,True,0.0,True,1.0,True,1.0,MACD_FAIL
COVID_2020,GWW,yfinance,MACD_FAIL,2020-03-02,2020-03-03,267.6081365159694,GREEN,281.7414855957031,296.8803271484375,275.85561630249026,-1.4260914201951351,-2.1028688627167087,-1.8290847341272807,False,2020-02-26,249.62907955966963,7.202308716602146,True,4.0,2.823342711319987,-30.418633055720555,2.823342711319987,-12.722391104084485,-3.0141055670396155,-14.526027211252934,-17.210625742185037,-13.808036344998232,True,1.0,False,,False,,MACD_FAIL
COVID_2020,JNJ,yfinance,MACD_FAIL,2020-03-02,2020-03-03,117.69563582190735,GREEN,281.7414855957031,296.8803271484375,275.85561630249026,-1.276525374800447,-1.4209258513677077,-1.0573134532626307,False,2020-02-19,109.97815605521055,7.0172841985298495,True,7.0,2.5999790130451172,-22.02859059301079,2.5999790130451172,-11.071431365035133,1.171415565902012,-2.435729976251688,-14.871423545951856,-6.3357073351060444,True,1.0,False,,False,,MACD_FAIL
COVID_2020,KMB,yfinance,MACD_FAIL,2020-03-02,2020-03-03,111.61853105876592,GREEN,281.7414855957031,296.8803271484375,275.85561630249026,-0.7894602566399375,-1.2076727630054322,-0.9769938951846397,False,2020-02-20,99.95714633023232,11.66638420229349,True,7.0,5.252027930084013,-21.315457547157802,5.252027930084013,-13.40860937436692,0.2719666625209838,2.440651623623502,-16.53722147703558,-9.07830679065964,True,1.0,True,1.0,True,1.0,MACD_FAIL
COVID_2020,KO,yfinance,MACD_FAIL,2020-03-02,2020-03-03,46.59425375625285,GREEN,281.7414855957031,296.8803271484375,275.85561630249026,-0.5619455670041574,-0.614095464116998,-0.44855198019334475,False,2020-02-26,42.342001672416394,10.042633592843519,True,7.0,3.946437698776517,-35.5389537760044,3.946437698776517,-17.741352335944484,-5.461601348568113,-16.149073237842714,-29.88728749875382,-21.35644149787822,True,1.0,True,1.0,False,,MACD_FAIL
COVID_2020,MCD,yfinance,MACD_FAIL,2020-03-02,2020-03-03,174.75018820142458,GREEN,281.7414855957031,296.8803271484375,275.85561630249026,-1.905024215135222,-2.0787885459819786,-1.4594812490128954,False,2020-02-27,163.3395491041355,6.985839718471576,True,4.0,2.5544360359391893,-38.49999619498239,2.5544360359391893,-8.861376195452586,-1.0594026911192045,-26.920791329677705,-19.826732530023396,-18.143569847151554,True,1.0,False,,False,,MACD_FAIL
COVID_2020,PEP,yfinance,MACD_FAIL,2020-03-02,2020-03-03,112.06422784089203,GREEN,281.7414855957031,296.8803271484375,275.85561630249026,-1.1712868366842666,-1.2821323090045467,-0.8995843056166029,False,2020-02-26,104.84324838330643,6.8874053111991795,True,7.0,4.02361960451858,-25.57415151815883,4.02361960451858,-16.64335554254056,-1.5629897234509582,-6.274211603177515,-16.459892819032618,-11.866069043796346,True,1.0,True,1.0,False,,MACD_FAIL
COVID_2020,PG,yfinance,MACD_FAIL,2020-03-02,2020-03-03,101.4585286360292,GREEN,281.7414855957031,296.8803271484375,275.85561630249026,-0.9293381757713424,-1.1862300569569608,-0.944232475922735,False,2020-02-26,90.39155116858085,12.243375984120863,True,7.0,4.142644157452846,-21.20604979347499,4.142644157452846,-15.643541430738706,0.6848788167516995,-1.2444550511826913,-13.747594283706544,-8.12661312087737,True,1.0,True,1.0,False,,MACD_FAIL
COVID_2020,SHW,yfinance,MACD_FAIL,2020-03-02,2020-03-03,170.43932760349793,GREEN,281.7414855957031,296.8803271484375,275.85561630249026,-1.81488700745034,-2.096978117422551,-1.6598332525619484,False,2020-02-26,156.92763520237085,8.610142110217023,True,7.0,6.3531374059190515,-39.79317936078187,6.3531374059190515,-12.859858343688735,1.0175391576818127,-22.22674470572964,-16.00310557521143,-14.985550537163883,True,0.0,True,1.0,True,1.0,MACD_FAIL
COVID_2020,SPGI,yfinance,MACD_FAIL,2020-03-02,2020-03-03,260.2519744232535,GREEN,281.7414855957031,296.8803271484375,275.85561630249026,-2.9070684987320456,-4.099247679712566,-3.5310909028363597,False,2020-02-25,230.77234718034455,12.774332628281115,True,4.0,2.6946899522804824,-35.803748706558004,2.6946899522804824,-16.520028447788583,-10.578633846135354,-21.450495737748376,-24.555772071063263,-15.450433611045078,True,0.0,False,,False,,MACD_FAIL
COVID_2020,T,yfinance,MACD_FAIL,2020-03-02,2020-03-03,18.0920052874345,GREEN,281.7414855957031,296.8803271484375,275.85561630249026,-0.11002868866659457,-0.15031341002154675,-0.1042427043679293,False,2020-02-27,16.02836816759172,12.874904658200425,True,7.0,2.5764839108932014,-30.005375505141018,2.5764839108932014,-16.63985355545441,-3.7842417114796634,-9.447121459417485,-24.610839119816973,-21.765973379310346,True,1.0,False,,False,,MACD_FAIL
COVID_2020,TROW,yfinance,MACD_FAIL,2020-03-02,2020-03-03,94.37272364624415,GREEN,281.7414855957031,296.8803271484375,275.85561630249026,-1.6434226037751591,-1.9356611509799648,-1.6687406366870299,False,2020-02-26,86.22014707636517,9.455535447716468,True,4.0,3.616202510929023,-33.037955644609106,3.616202510929023,-16.827385317822507,-9.36192446339571,-12.261948495019581,-27.365134795407997,-20.750898529951023,True,1.0,True,1.0,False,,MACD_FAIL
COVID_2020,WMT,yfinance,MACD_FAIL,2020-03-02,2020-03-03,35.41733430411764,GREEN,281.7414855957031,296.8803271484375,275.85561630249026,-0.15745212500464648,-0.2658094013580613,-0.16012582624530275,False,2020-02-26,31.844482492288538,11.219688725336653,True,7.0,10.337739503097843,-12.129553279879534,3.962801143426553,-11.285321615091693,3.1960921968906097,2.739511161179209,-0.46606662298316337,-1.686139987194435,True,4.0,True,4.0,False,,MACD_FAIL
COVID_2020,ADP,yfinance,MACD_FAIL,2020-03-03,2020-03-04,137.22808363031118,YELLOW,273.6745300292969,296.55607360839844,275.93146774291995,-2.3565340955494913,-2.236464057792563,-2.5322818372441636,False,2020-02-26,130.39352743438974,5.2414842441933285,True,5.0,3.9136453856224884,-34.510892616307686,3.9136453856224884,-8.035619793110204,-6.571163558593007,-25.307740444135074,-22.138392436343402,-17.609855733869082,True,0.0,True,0.0,False,,MACD_FAIL
COVID_2020,ALB,yfinance,MACD_FAIL,2020-03-03,2020-03-04,78.44230569043783,YELLOW,273.6745300292969,296.55607360839844,275.93146774291995,-1.1227896937003017,-1.1055575901820847,-1.1603891393114942,False,2020-02-27,70.70504590773254,10.943009347313248,True,3.0,2.022111922258163,-42.20538193304949,2.022111922258163,-18.18717215957346,-17.6228376212766,-18.85817672097687,-29.048191213487662,-35.17166050808698,True,1.0,False,,False,,MACD_FAIL
COVID_2020,CB,yfinance,MACD_FAIL,2020-03-03,2020-03-04,133.56926614534035,YELLOW,273.6745300292969,296.55607360839844,275.93146774291995,-1.9174433299760565,-1.740280839756375,-1.842363724201864,False,2020-02-27,128.45771328709372,3.979171610211263,True,3.0,2.954706258497297,-40.939821090644735,2.954706258497297,-10.7775337877566,-11.230550171072984,-32.515209894373484,-30.648576904770263,-29.03400034370852,True,0.0,False,,False,,MACD_FAIL
COVID_2020,ESS,yfinance,MACD_FAIL,2020-03-03,2020-03-04,233.9937049434766,YELLOW,273.6745300292969,296.55607360839844,275.93146774291995,-3.413202414234117,-3.3374690393287687,-3.0834054647887426,False,2020-02-28,220.46617051785168,6.135877624149844,True,5.0,2.6924552114448552,-40.45789338029924,2.6924552114448552,-7.024083252330571,-6.004674012455813,-30.148672944272082,-32.00460895697338,-31.534651694481262,True,0.0,False,,False,,MACD_FAIL
COVID_2020,ITW,yfinance,MACD_FAIL,2020-03-03,2020-03-04,147.22695349544014,YELLOW,273.6745300292969,296.55607360839844,275.93146774291995,-1.9172623992676572,-1.8577721759361066,-1.9987910874827945,False,2020-02-26,139.27636645413065,5.708496885527192,True,3.0,3.4370230517399625,-32.459514122581915,3.4370230517399625,-12.61798295096278,-7.707082546275668,-17.41816111907256,-16.387065174057337,-19.432190908964454,True,0.0,True,0.0,False,,MACD_FAIL
COVID_2020,O,yfinance,MACD_FAIL,2020-03-03,2020-03-04,53.40971949096061,YELLOW,273.6745300292969,296.55607360839844,275.93146774291995,-0.6314787525058233,-0.6402748341265982,-0.6357305098158229,False,2020-02-28,48.71899448856228,9.628123592533445,True,6.0,2.984479633465531,-50.03943715360919,2.984479633465531,-13.147518078403653,-3.286867177045494,-44.1230337643608,-28.346017246722234,-38.634354802836725,True,0.0,False,,False,,MACD_FAIL
COVID_2020,TGT,yfinance,MACD_FAIL,2020-03-03,2020-03-04,89.34400962682128,YELLOW,273.6745300292969,296.55607360839844,275.93146774291995,-0.7834972626867138,-0.768415779942625,-0.9344187358602685,False,2020-02-26,84.11694785693064,6.214041168946149,True,6.0,2.4205432762732126,-15.401883988976694,2.4205432762732126,-13.635518692895666,-1.3271427859954388,-3.9065633984336046,-14.915898754782065,-10.962608307000476,True,4.0,False,,False,,MACD_FAIL
COVID_2020,GD,yfinance,MACD_FAIL,2020-03-04,2020-03-05,141.9794435815749,GREEN,285.1778869628906,296.4381219482422,276.07319213867186,-2.0763486872714707,-2.5925555453464035,-2.5423223376615107,False,2020-02-26,134.05526995276264,5.9111242934384745,True,2.0,1.9859036444466627,-38.93477993807875,1.9859036444466627,-10.974161495518208,-19.695138470282114,-28.318972774446248,-19.130331072702845,-22.312646863603746,False,,False,,False,,MACD_FAIL
COVID_2020,VFC,yfinance,MACD_FAIL,2020-03-04,2020-03-05,59.52874227162491,GREEN,285.1778869628906,296.4381219482422,276.07319213867186,-0.49877138217831307,-0.6663266920231266,-0.6081755769630295,False,2020-02-26,57.02765888637966,4.385737437036186,True,2.0,0.0,-37.894334351737825,0.0,-14.537536823474895,-23.72868481312187,-21.344778669082842,-14.661560840955145,-32.31351782020243,False,,False,,False,,MACD_FAIL
COVID_2020,ABBV,yfinance,MACD_FAIL,2020-03-19,2020-03-20,56.355745077117085,YELLOW,219.2295379638672,285.1708309936523,275.53876892089846,-1.5374946693077216,-1.5217610188140749,-1.3471259113103886,False,2020-03-18,49.940442386971185,12.845906811229145,True,1.0,18.633741444960506,-14.315064881968132,0.0,-14.315064881968132,-0.4520205039775127,0.5068296109937531,10.000017049346832,16.770742724945563,False,,False,,False,,MACD_FAIL
COVID_2020,CLX,yfinance,MACD_FAIL,2020-03-26,2020-03-27,138.35987743218115,YELLOW,239.48892211914062,277.47310943603514,274.6141396331787,-1.1227038264297002,-1.177927774469496,-0.5970159824113823,False,2020-03-25,130.77829239166795,5.797280956848039,False,,16.60313077022444,-1.138165137072622,16.60313077022444,-1.138165137072622,4.159590527065338,8.811981347144894,12.89528808893805,11.526627756942087,True,0.0,True,0.0,True,1.0,MACD_FAIL
COVID_2020,MMM,yfinance,MACD_FAIL,2020-08-05,2020-08-06,105.51599810337501,GREEN,305.8447570800781,289.9389978027344,278.5564655303955,-0.48058633009259855,-0.6932053567306946,-0.6892860089876038,False,2020-08-03,101.03629150675681,4.433759919146096,False,,10.287414343219602,-0.8016419762420512,10.287414343219602,-0.8016419762420512,6.368205438244878,4.514847341288153,6.184455289729285,7.6276311108767425,True,2.0,True,2.0,True,3.0,MACD_FAIL
COVID_2020,CAH,yfinance,MACD_FAIL,2020-08-12,2020-08-13,46.214464126214544,GREEN,310.7532653808594,292.82954833984377,279.4609828948975,-0.4205492702577669,-0.44750001832086783,-0.39467978831029693,False,2020-08-10,45.288792108335485,2.0439317870627915,True,3.0,0.6739206182338364,-10.408063587396466,0.6739206182338364,-2.8079453471439697,-6.102575108452724,-5.147878577649689,-6.364650284425377,-9.434644294618376,False,,False,,False,,MACD_FAIL
COVID_2020,KMB,yfinance,MACD_FAIL,2020-08-28,2020-08-31,125.08927659358115,GREEN,322.8540954589844,299.47924743652345,281.66170738220217,-0.5524715913811957,-0.5564480770715625,-0.526027118989437,False,2020-08-27,123.67382200088161,1.1445062259735517,True,1.0,0.9525671337463848,-7.074704717822544,0.9525671337463848,-1.59186200536805,-4.107214656436476,-5.71006158194689,-5.401053763645159,-5.8001583664872625,False,,False,,False,,MACD_FAIL
COVID_2020,CL,yfinance,MACD_FAIL,2020-09-09,2020-09-10,66.95236087539294,GREEN,312.9173889160156,304.5131506347656,282.941169052124,-0.312979711412828,-0.3445425139252264,-0.20610640452077944,False,2020-09-08,65.61523143400943,2.037833917766929,True,7.0,2.2435050428737613,-3.579311292024545,0.8688862192219649,-3.579311292024545,-0.5187331830523556,-1.7507429409693298,-0.06486004070679341,2.1138222046191535,False,,False,,False,,MACD_FAIL
COVID_2020,DOV,yfinance,MACD_FAIL,2020-09-09,2020-09-10,103.66554132330283,GREEN,312.9173889160156,304.5131506347656,282.941169052124,-0.43606138016140283,-0.5584936157125928,-0.41350570334231707,False,2020-09-08,99.97515537532537,3.6913030383629364,True,7.0,4.348990713294754,-5.487829625835072,4.348990713294754,-5.0035898724620775,3.4612620539653305,-3.927558031840428,-3.927558031840428,1.264355276975948,True,2.0,True,4.0,False,,MACD_FAIL
COVID_2020,ITW,yfinance,MACD_FAIL,2020-09-09,2020-09-10,170.0713488225828,GREEN,312.9173889160156,304.5131506347656,282.941169052124,-1.0577275587456496,-1.1138824419673075,-0.7778228381779737,False,2020-09-08,164.818545114769,3.1870222517472735,False,,3.8964936105190473,-3.23049168194518,3.8964936105190473,-3.23049168194518,2.751055966411764,-1.6465662731733999,-1.8108703761490652,3.3737481502660316,True,3.0,True,5.0,False,,MACD_FAIL
COVID_2020,SPGI,yfinance,MACD_FAIL,2020-09-09,2020-09-10,316.96988952494684,GREEN,312.9173889160156,304.5131506347656,282.941169052124,-2.2253838244679303,-2.303454910590363,-1.2669360866463313,False,2020-09-08,302.0671142028,4.9335974097933555,False,,4.710165402185096,-2.699257290512058,4.710165402185096,-2.699257290512058,0.04265799957159366,-1.6241162846797885,3.455829390126053,1.5984706122214032,True,3.0,True,14.0,False,,MACD_FAIL
COVID_2020,CTAS,yfinance,MACD_FAIL,2020-09-11,2020-09-14,76.06654621785881,GREEN,307.64056396484375,305.41693725585935,283.18526863098145,-0.6440371098476607,-0.6087391494286458,-0.4480003022814918,False,2020-09-10,73.83617709539155,3.020699622064371,False,,8.315332860583169,-5.145833045368309,8.315332860583169,-5.145833045368309,-2.389465416648995,3.5949715893089262,3.718309205140824,7.603118132266218,True,1.0,True,7.0,True,13.0,MACD_FAIL
COVID_2020,MKC,yfinance,MACD_FAIL,2020-09-11,2020-09-14,87.9790028088067,GREEN,307.64056396484375,305.41693725585935,283.18526863098145,-0.5868109657726999,-0.556408536630113,-0.4584949901185382,False,2020-09-10,86.5889174493383,1.6053848464865128,True,3.0,1.579997611774031,-8.390001540325265,1.579997611774031,-4.445012908335677,-4.799998534983796,-2.4099972703017225,-2.1459572183903264,0.7733815662839705,False,,False,,False,,MACD_FAIL
COVID_2020,PNR,yfinance,MACD_FAIL,2020-09-11,2020-09-14,41.31799978679255,GREEN,307.64056396484375,305.41693725585935,283.18526863098145,-0.39118917199616743,-0.38542488459288127,-0.3291281725436642,False,2020-09-08,39.90470916486294,3.5416637572540877,False,,12.944334327365393,-1.5202332039679245,12.944334327365393,-1.5202332039679245,-0.20122058344748117,2.503901856889379,3.2640438569653263,12.340711570162611,True,1.0,True,2.0,True,4.0,MACD_FAIL
COVID_2020,SWK,yfinance,MACD_FAIL,2020-09-11,2020-09-14,133.59621524603614,GREEN,307.64056396484375,305.41693725585935,283.18526863098145,-0.7627489815745863,-0.8382142127258696,-0.7687520737021307,False,2020-09-10,129.4959810265167,3.1663022952657105,True,5.0,11.069873570704436,-5.828862080122721,3.5517515924077037,-5.828862080122721,-4.4428155204499165,1.5221808566839856,4.764502695456163,10.123150612599495,True,2.0,True,2.0,False,,MACD_FAIL
COVID_2020,TGT,yfinance,MACD_FAIL,2020-09-11,2020-09-14,125.31161898522323,GREEN,307.64056396484375,305.41693725585935,283.18526863098145,-1.141764437088442,-1.2107464456748414,-1.1484445745546186,False,2020-09-10,122.57845304290502,2.229727879957455,False,,11.403551586747195,-1.4136757571724168,11.403551586747195,-1.4136757571724168,0.8818499082924536,5.324808250760027,8.710861611568621,10.784232835935704,True,6.0,True,6.0,True,10.0,MACD_FAIL
COVID_2020,PEP,yfinance,MACD_FAIL,2020-09-15,2020-09-16,113.75460036525259,GREEN,313.2674255371094,306.3258801269531,283.4548264312744,-0.3540582300109694,-0.33174040806976324,-0.3656652415509113,False,2020-09-10,111.75131674268022,1.7926264145818882,True,1.0,5.745539714135495,-5.077788466956578,0.23481606037947245,-3.368082498908398,-3.8743951300819757,1.702382892402432,0.5356525198331186,4.578826646467493,False,,False,,False,,MACD_FAIL
COVID_2020,ALB,yfinance,MACD_FAIL,2020-09-28,2020-09-29,79.4497770036343,GREEN,308.9921875,308.55052673339844,284.41033988952637,-1.7114102484255698,-1.7437367804756454,-1.6340801530106954,False,2020-09-25,77.19578749316429,2.9198348558457266,False,,16.69216123689583,-0.44733599410796687,16.69216123689583,-0.44733599410796687,10.34726289145489,11.995283955124702,10.135367747030678,12.042376032903013,True,0.0,True,0.0,True,1.0,MACD_FAIL
COVID_2020,ECL,yfinance,MACD_FAIL,2020-09-28,2020-09-29,186.9937795607648,GREEN,308.9921875,308.55052673339844,284.41033988952637,-0.9625631541967103,-1.1247179336866688,-1.086745358953139,False,2020-09-23,180.8107786793265,3.4195975077371044,True,20.0,4.391974445214886,-5.005015871273111,4.391974445214886,-5.005015871273111,-1.2914533324859145,1.0301548127583438,2.015081211357783,-4.638176130885108,True,2.0,True,9.0,False,,MACD_FAIL
COVID_2020,LEG,yfinance,MACD_FAIL,2020-09-28,2020-09-29,33.46678977175439,GREEN,308.9921875,308.55052673339844,284.41033988952637,-0.3370722177523394,-0.3877446969607842,-0.3548275811859667,False,2020-09-24,32.061094303104696,4.384427603625407,False,,9.4684888787961,-3.749402086478304,9.4684888787961,-3.749402086478304,0.3797265869383226,5.315668326146827,5.030866507600873,-0.3084551866433527,True,4.0,True,4.0,True,7.0,MACD_FAIL
COVID_2020,LIN,yfinance,MACD_FAIL,2020-09-28,2020-09-29,219.6348159079781,GREEN,308.9921875,308.55052673339844,284.41033988952637,-1.8462021889670286,-2.190214451292436,-2.1472860291649623,False,2020-09-22,211.0530082314554,4.066185906770525,True,19.0,2.132410704900556,-5.291045452644106,2.132410704900556,-4.828391696112289,-2.388950943818413,-0.7486549288542199,-1.901080567395963,-5.169070112948204,True,9.0,False,,False,,MACD_FAIL
COVID_2020,NUE,yfinance,MACD_FAIL,2020-09-28,2020-09-29,41.619523243186826,GREEN,308.9921875,308.55052673339844,284.41033988952637,-0.24236918899768106,-0.3110179859752711,-0.3068396703291423,False,2020-09-23,39.84592600985532,4.451138198903526,False,,11.159846451713108,-3.0914367003800125,11.159846451713108,-3.0914367003800125,2.8940951091849465,6.709056048093376,6.358250196014259,5.722447814579734,True,3.0,True,4.0,True,5.0,MACD_FAIL
GFC_2007_2009,FITB,legacy,MACD_FAIL,2007-08-01,2007-08-02,31.348,GREEN,127.57,132.15339999999998,126.3529,-0.14710066169244684,-0.17359423796808393,-0.16561785365893344,False,2007-07-24,30.444,2.9693864144002102,True,18.0,11.005486793415864,-5.4676534388158675,11.005486793415864,-4.89664412402705,4.10552507336992,-1.891667729998725,-0.20734975118029686,-4.497894602526475,True,0.0,True,2.0,True,3.0,MACD_FAIL
GFC_2007_2009,KO,legacy,MACD_FAIL,2007-08-01,2007-08-02,21.683,GREEN,127.57,132.15339999999998,126.3529,-0.0434145229248907,-0.06486509589473079,-0.046980770029395436,False,2007-07-31,21.227,2.1482074716163257,False,,6.940921459207661,-0.6226075727528535,6.940921459207661,-0.6226075727528535,5.059263017110194,0.4058478992759351,1.5449891620163303,0.4473550707927876,True,1.0,True,3.0,True,4.0,MACD_FAIL
GFC_2007_2009,PPG,legacy,MACD_FAIL,2007-08-01,2007-08-02,35.216,GREEN,127.57,132.15339999999998,126.3529,-0.1765716881120063,-0.228388757056451,-0.1769360096509099,False,2007-07-30,33.696,4.5109211775878455,True,5.0,0.8632439800090985,-14.198091776465239,0.8632439800090985,-8.88232621535665,-8.6579963652885,-9.717174011812812,-7.908337119491149,-6.993980009086787,False,,False,,False,,MACD_FAIL
GFC_2007_2009,STT,legacy,MACD_FAIL,2007-08-01,2007-08-02,59.961,GREEN,127.57,132.15339999999998,126.3529,-0.34338869738172634,-0.34960616958360863,-0.31613096019006504,False,2007-07-27,57.134,4.948016942626099,True,9.0,7.137973015793597,-13.133536798919298,7.137973015793597,-8.904121011991128,3.657377295241915,-8.817397975350637,-6.4491919747836075,-12.616534080485643,True,3.0,True,3.0,True,4.0,MACD_FAIL
GFC_2007_2009,TGT,legacy,MACD_FAIL,2007-08-03,2007-08-06,50.126,YELLOW,125.27,131.9184,126.43084999999999,-0.6182749908190438,-0.6156246450151466,-0.7776331351295138,False,2007-07-26,48.781,2.7572210491789706,True,7.0,9.5439492478953,-7.638750349120215,9.164904440809174,-4.508638231656226,4.23732194868931,-2.6493237042652384,2.5575549614970328,5.837290029126607,True,0.0,True,1.0,True,2.0,MACD_FAIL
GFC_2007_2009,LLY,legacy,MACD_FAIL,2007-08-06,2007-08-07,43.859,GREEN,127.37,131.8338,126.47345,-0.07246817079199641,-0.18558507861904266,-0.17898150072852337,False,2007-07-30,42.045,4.31442502081103,False,,5.693244260015051,-3.8669372306710303,5.693244260015051,-3.8669372306710303,-0.5358079299573659,-0.9986547800907464,0.4674069176223705,2.601518502473832,True,0.0,True,1.0,True,2.0,MACD_FAIL
GFC_2007_2009,SHW,legacy,MACD_FAIL,2007-08-10,2007-08-13,63.222,YELLOW,126.07,131.4312,126.64744999999999,-0.324983428849326,-0.41177248485856477,-0.2337982325918121,False,2007-08-09,58.799,7.522236772734225,False,,3.427604314953636,-9.036411375786912,3.427604314953636,-9.036411375786912,-1.1182816108316729,1.1420075290247134,0.32267248742525734,-2.5639808927272134,True,0.0,True,10.0,False,,MACD_FAIL
GFC_2007_2009,SHW,legacy,MACD_FAIL,2007-09-13,2007-09-14,62.256,GREEN,129.73,129.2278,127.37449999999998,-0.16918131685186055,-0.23639746361090083,-0.2085136426653043,False,2007-09-11,60.882,2.2568246772445066,True,5.0,3.9241197635569325,-7.093292212798763,3.9241197635569325,-3.535402210228733,-2.486507324595222,-2.725841685941921,-2.1042148547931183,-3.6719352351580636,True,2.0,True,3.0,False,,MACD_FAIL
GFC_2007_2009,SWK,legacy,MACD_FAIL,2007-09-13,2007-09-14,46.234,GREEN,129.73,129.2278,127.37449999999998,-0.09607223258203079,-0.12803943691414976,-0.12100849824859161,False,2007-09-10,45.094,2.5280525125293885,False,,9.07557208980403,-0.44772245533589716,9.07557208980403,-0.44772245533589716,6.019379677293779,4.2328156767746705,5.666825280096899,6.979711900333085,True,2.0,True,2.0,True,2.0,MACD_FAIL
GFC_2007_2009,GWW,legacy,MACD_FAIL,2007-09-18,2007-09-19,79.202,GREEN,132.82,129.07659999999998,127.51175,-0.10363422236092784,-0.27914832254245564,-0.24239892856039974,False,2007-09-13,75.335,5.133072277162021,False,,6.690487613949148,-0.6552864826645632,6.690487613949148,-0.6552864826645632,1.467134668316472,1.1881013105729643,4.525138254084493,3.0340142925683766,True,0.0,True,8.0,True,12.0,MACD_FAIL
GFC_2007_2009,SVU,legacy,MACD_FAIL,2007-09-20,2007-09-21,260.3,GREEN,132.67,129.12439999999998,127.62025,-0.32530890191190487,-0.28655213519713474,-0.24766633660310644,False,2007-09-17,256.14,1.624111813851803,True,2.0,0.2766039185555069,-12.604686899731076,0.2766039185555069,-6.661544371878603,-2.6469458317326167,-6.066077602766051,-11.42912024587015,-6.865155589704186,False,,False,,False,,MACD_FAIL
GFC_2007_2009,KMB,legacy,MACD_FAIL,2007-10-22,2007-10-23,55.935,GREEN,131.13,130.60139999999998,128.76515,-0.1325935765646476,-0.23826434342952735,-0.14037351640497575,False,2007-10-17,53.432,4.684458751310072,False,,1.4409582551175415,-3.507642799678201,1.4409582551175415,-3.507642799678201,-0.2842585143470133,-0.8688656476267154,-1.21212121212122,-1.7538213998391061,False,,False,,False,,MACD_FAIL
GFC_2007_2009,JNJ,legacy,MACD_FAIL,2007-10-23,2007-10-24,52.356,GREEN,132.21,130.7152,128.81125,-0.25578002724449195,-0.2694496427169423,-0.2582892232722478,False,2007-10-18,51.722,1.225783999071961,False,,5.7204522881808995,-0.9320803728321447,5.7204522881808995,-0.9320803728321447,1.3045305218122083,-0.655130262052106,3.9747115898846275,4.366261746504696,True,12.0,True,13.0,True,17.0,MACD_FAIL
GFC_2007_2009,BDX,legacy,MACD_FAIL,2007-10-24,2007-10-25,71.998,GREEN,131.96,130.8628,128.8566,-0.32898848252601776,-0.32342711008568914,-0.30546863454867834,False,2007-10-23,70.812,1.6748573688075474,True,5.0,4.766799077752171,-3.745937387149645,3.312592016444893,-1.734770410289188,-1.7111586432956516,-1.211144754020943,1.7556043223422746,1.8778299397205434,True,0.0,True,1.0,False,,MACD_FAIL
GFC_2007_2009,BCR,legacy,MACD_FAIL,2007-10-25,2007-10-26,79.064,GREEN,132.28,131.0512,128.9015,-0.837825278675908,-0.7481325567306991,-0.3562199300010936,False,2007-10-16,75.336,4.948497398322171,False,,4.572245269654984,-3.3415966811696785,4.572245269654984,-3.3415966811696785,-1.6138824243650651,1.5342001416573936,3.1341697865020945,-1.0915207932813864,True,9.0,True,11.0,False,,MACD_FAIL
GFC_2007_2009,ADP,legacy,MACD_FAIL,2007-10-29,2007-10-30,35.902,GREEN,134.28,131.416,128.999,-0.12549807660100565,-0.15036776197032692,-0.13496856768695775,False,2007-10-26,34.241,4.850909728103736,True,14.0,2.448331569271911,-8.350509720906906,2.448331569271911,-5.531725252075104,1.935825302211569,-3.0081889588323696,-5.308896440309729,-6.211353127959452,True,0.0,False,,False,,MACD_FAIL
GFC_2007_2009,PPG,legacy,MACD_FAIL,2007-11-08,2007-11-09,31.474,YELLOW,128.21,132.0934,129.27935000000002,-0.1568570343250303,-0.16501826635516037,-0.10807086411359096,False,2007-10-19,31.117,1.1472828357489417,True,0.0,0.619559001080261,-8.076507593569303,0.37808985194127676,-2.011183834275909,-5.439410306920001,-6.55779373451103,-3.1200355849272388,0.3050136620702748,False,,False,,False,,MACD_FAIL
GFC_2007_2009,MCD,legacy,MACD_FAIL,2007-11-16,2007-11-19,46.861,YELLOW,127.01,131.93779999999998,129.34765,-0.2747724451001661,-0.32706794323795685,-0.31440557023526794,False,2007-11-15,45.532,2.9188263199507958,False,,10.033930133799984,-1.9568511128656985,10.033930133799984,-1.9568511128656985,-0.7276840016218089,3.717376923241078,9.069375386782186,3.365271761166011,True,8.0,True,9.0,True,14.0,MACD_FAIL
GFC_2007_2009,EMR,legacy,MACD_FAIL,2007-12-20,2007-12-21,45.721,YELLOW,127.89,129.7908,129.69715,-0.3041198862849537,-0.3146130874316414,-0.29775417299648066,False,2007-12-19,44.433,2.898746427205001,True,8.0,4.29343190218936,-20.034557424378285,4.29343190218936,-4.208131930622693,0.9754817261214965,-5.166116226679196,-10.997134795826858,-9.947288991929303,True,1.0,True,2.0,False,,MACD_FAIL
GFC_2007_2009,MMM,legacy,MACD_FAIL,2009-06-25,2009-06-26,49.961,GREEN,80.218,78.77706,78.17735499999999,-0.29191170658909843,-0.37836847865437984,-0.36870108843913085,False,2009-06-23,48.093,3.8841411432017026,False,,19.53924060767398,-1.7033285963051203,19.53924060767398,-1.7033285963051203,3.1584636016092515,2.8562278577290323,8.556674205880576,18.876723844598796,True,1.0,True,3.0,True,12.0,MACD_FAIL
GFC_2007_2009,NUE,legacy,MACD_FAIL,2009-06-25,2009-06-26,35.886,GREEN,80.218,78.77706,78.17735499999999,-0.37712367569833394,-0.41658913873822423,-0.3848920133485456,False,2009-06-24,34.946,2.689864362158767,True,4.0,3.4581731037173213,-12.166304408404404,3.4581731037173213,-5.458953352282236,-7.4430139887421305,-4.592320124839777,0.4068438945549646,1.0533355626149543,True,0.0,True,0.0,False,,MACD_FAIL
GFC_2007_2009,VFC,legacy,MACD_FAIL,2009-07-01,2009-07-02,11.773,GREEN,80.434,79.24306,77.62592,-0.038163474856703225,-0.04795093487868772,-0.04742948542044449,False,2009-06-25,11.578,1.6842287096217046,True,0.0,20.130807780514747,-3.2362184659814885,0.9513293128344591,-3.2362184659814885,-1.1466915824343782,8.451541663127493,18.02429287352416,16.945553384863675,False,,False,,False,,MACD_FAIL
GFC_2007_2009,GWW,legacy,MACD_FAIL,2009-08-17,2009-08-18,76.112,GREEN,85.646,82.50484,76.44485,-0.5849586863420524,-0.49768436036006625,-0.40617206859292754,False,2009-08-14,74.387,2.3189535805987482,False,,5.575993273071256,-1.020863989909604,5.575993273071256,-1.020863989909604,3.2964578515871423,-0.220727349169636,2.8103321421063754,4.996583981500957,True,2.0,True,3.0,True,20.0,MACD_FAIL
GFC_2007_2009,PFE,legacy,MACD_FAIL,2009-08-17,2009-08-18,12.428,GREEN,85.646,82.50484,76.44485,-0.04799788159837573,-0.05185059952337859,-0.04771742940016627,False,2009-08-13,12.163,2.1787387979939288,False,,6.927904731251999,-0.5069198583843026,6.927904731251999,-0.5069198583843026,5.801416157064687,3.1541680077244783,1.8265207595751454,3.4036047634373956,True,1.0,True,1.0,True,3.0,MACD_FAIL
GFC_2007_2009,TGT,legacy,MACD_FAIL,2009-08-18,2009-08-19,36.338,GREEN,86.323,82.59074000000001,76.457005,-0.041432473488712596,-0.1713071768548151,-0.124830500702386,False,2009-08-17,34.033,6.772838127699576,False,,11.679233859871218,-0.11833342506466504,11.679233859871218,-0.11833342506466504,7.771478892619288,5.154383840607624,9.469425945291432,10.605977213935812,True,0.0,True,0.0,True,4.0,MACD_FAIL
GFC_2007_2009,EMR,legacy,MACD_FAIL,2009-08-20,2009-08-21,28.793,GREEN,87.98,82.7982,76.48754,-0.19165133905558118,-0.22235769748133083,-0.2175250929641232,False,2009-08-18,27.474,4.800902671616791,False,,17.875872607925537,-0.6980863404299709,17.875872607925537,-0.6980863404299709,5.275587816483185,5.866009099433889,12.013336574861967,13.822804153787382,True,0.0,True,1.0,True,2.0,MACD_FAIL
GFC_2007_2009,MTB,legacy,MACD_FAIL,2009-08-20,2009-08-21,50.199,GREEN,87.98,82.7982,76.48754,-0.3508062101876015,-0.40402861615107977,-0.3784723275209838,False,2009-08-19,48.028,4.520279836761887,True,8.0,12.607820872925757,-5.155481184884159,4.589732863204454,-5.155481184884159,2.8845196119444694,-2.4183748680252526,-0.9880674913842813,9.283053447279844,True,0.0,True,3.0,False,,MACD_FAIL
GFC_2007_2009,LOW,legacy,MACD_FAIL,2009-08-21,2009-08-24,18.733,GREEN,89.705,82.94026,76.4987,-0.3265361050879087,-0.37805867737313387,-0.3655346688700807,False,2009-08-19,17.413,7.580543272267848,False,,5.679816366839274,-2.9199807825762036,5.679816366839274,-2.9199807825762036,1.5640847701916316,2.839908183419637,0.20285058452997884,-0.4697592483852042,True,2.0,True,2.0,True,19.0,MACD_FAIL
GFC_2007_2009,PPG,legacy,MACD_FAIL,2009-08-21,2009-08-24,24.454,GREEN,89.705,82.94026,76.4987,-0.26576565883215486,-0.30725675241095773,-0.2970746388017056,False,2009-08-20,23.462,4.228113545307299,False,,10.145579455303832,-3.3164308497587336,10.145579455303832,-3.3164308497587336,0.9446307352580341,0.9282734930890602,8.256317984787763,9.55262942667865,True,4.0,True,11.0,True,13.0,MACD_FAIL
GFC_2007_2009,CMA,legacy,MACD_FAIL,2009-08-28,2009-08-31,23.489,GREEN,90.061,83.85814,76.728515,-0.196330478138385,-0.20850453751093778,-0.18968001722205452,False,2009-08-27,23.427,0.26465189738336115,True,1.0,21.401507088424367,-6.432798331133716,3.129124270935324,-2.626761462812388,-0.19157903699604795,10.11537315339095,13.546766571586687,13.738345608582737,True,0.0,True,0.0,False,,MACD_FAIL
GFC_2007_2009,BAC,legacy,MACD_FAIL,2009-09-04,2009-09-08,16.46,GREEN,88.912,84.76974,77.02921,-0.20771888109533354,-0.2210271978296815,-0.21172673756864102,False,2009-09-03,15.566,5.743286650391877,True,17.0,3.5601458080194215,-10.540704738760642,3.5601458080194215,-7.314702308626975,-3.8396111786148324,0.8748481166463984,-1.7132442284325644,-2.6306196840826246,True,10.0,True,10.0,False,,MACD_FAIL
GFC_2007_2009,FHN,legacy,MACD_FAIL,2009-09-04,2009-09-08,11.723,GREEN,88.912,84.76974,77.02921,-0.12313885755564444,-0.13016012430422297,-0.12657784030289163,False,2009-09-03,11.206,4.613599857219364,False,,14.603770365947288,-3.9665614603770494,14.603770365947288,-3.9665614603770494,5.8688049134180575,7.276294463874433,3.241491085899506,-0.7847820523756766,True,1.0,True,1.0,True,5.0,MACD_FAIL
GFC_2007_2009,GE,legacy,MACD_FAIL,2009-09-04,2009-09-08,11.689,GREEN,88.912,84.76974,77.02921,-0.09575692718964618,-0.12045680298873426,-0.11858821974841427,False,2009-09-03,10.7,9.242990654205618,False,,20.660449995722473,-1.0864915732740288,20.660449995722473,-1.0864915732740288,10.189066643853195,17.1528787749166,15.091111301223359,10.753700059885363,True,1.0,True,1.0,True,4.0,MACD_FAIL
GFC_2007_2009,USB,legacy,MACD_FAIL,2009-09-08,2009-09-09,17.997,GREEN,89.678,84.96314000000001,77.12260500000001,-0.21603263326153943,-0.21260806333836824,-0.23458987807108433,False,2009-09-03,17.792,1.1522032374100544,False,,9.473801189087073,-1.183530588431414,9.473801189087073,-1.183530588431414,8.612546535533694,5.045285325332016,4.045118630882927,5.556481635828203,True,0.0,True,0.0,True,2.0,MACD_FAIL
GFC_2007_2009,BBT,legacy,MACD_FAIL,2009-09-09,2009-09-10,22.346,GREEN,90.365,85.15530000000001,77.24579,-0.2483287511016976,-0.27808984042839935,-0.2741526623284548,False,2009-09-04,21.787,2.5657502180199243,True,15.0,10.932605387988904,-5.884722097914619,10.932605387988904,-5.249261612816625,7.549449565917832,3.450281929651844,-4.994182404009662,-0.5996598943882603,True,3.0,True,3.0,True,3.0,MACD_FAIL
GFC_2007_2009,MO,legacy,MACD_FAIL,2009-09-16,2009-09-17,13.332,GREEN,93.493,86.47832,77.67532499999999,-0.04516364867564304,-0.05019963629064106,-0.032637277534304204,False,2009-09-15,12.987,2.6565026565026573,True,4.0,0.3225322532253161,-5.288028802880285,0.3225322532253161,-2.7902790279027867,-4.035403540354032,-3.862886288628864,-2.1452145214521545,0.060006000600054676,False,,False,,False,,MACD_FAIL
GFC_2007_2009,CLX,legacy,MACD_FAIL,2009-09-18,2009-09-21,47.275,GREEN,92.971,87.13532,77.877875,-0.11449175531126901,-0.15806312035812187,-0.14165567200232215,False,2009-09-15,46.679,1.2768054157115571,True,10.0,4.173453199365418,-2.371232152300362,4.173453199365418,-2.371232152300362,2.1195134849286035,-1.455314648334205,1.5060814383923926,0.8672659968270935,True,1.0,True,1.0,False,,MACD_FAIL
GFC_2007_2009,BDX,legacy,MACD_FAIL,2009-09-28,2009-09-29,61.932,GREEN,92.622,88.62082000000001,78.33223,-0.14755567535410763,-0.23185198454805156,-0.17421087849291345,False,2009-09-25,59.825,3.521938988717088,True,3.0,0.0855777304139993,-5.3316540722082255,0.0855777304139993,-5.189562746237808,-4.196538138603634,-2.425240586449662,-4.253051734160051,-4.367693599431643,False,,False,,False,,MACD_FAIL
GFC_2007_2009,PGR,legacy,MACD_FAIL,2009-09-28,2009-09-29,13.005,GREEN,92.622,88.62082000000001,78.33223,-0.05634548402779829,-0.07426363697023836,-0.051994515762960214,False,2009-09-25,12.528,3.8074712643678232,True,2.0,1.5378700499807607,-5.859284890426764,0.29219530949633477,-4.429065743944638,-1.7839292579777122,-2.7758554402153024,-1.3610149942330008,-3.6063052672049345,False,,False,,False,,MACD_FAIL
GFC_2007_2009,ADM,legacy,MACD_FAIL,2009-09-29,2009-09-30,24.573,GREEN,92.341,88.81013999999999,78.410885,-0.10644783154889748,-0.13125743604052853,-0.11618808113866747,False,2009-09-28,23.147,6.160625567028144,False,,9.481951735644811,-4.248565498718104,9.481951735644811,-4.248565498718104,2.1120742278110116,3.528262727383713,8.525617547714969,2.392870223415944,True,4.0,True,6.0,True,13.0,MACD_FAIL
GFC_2007_2009,BAC,legacy,MACD_FAIL,2009-10-05,2009-10-06,16.224,GREEN,90.618,89.30254,78.65260500000001,-0.1260723278295629,-0.16131577977430567,-0.14727555944133996,False,2009-10-02,14.725,10.179966044142619,True,14.0,10.996055226824453,-17.948717948717952,10.996055226824453,-12.432199211045358,3.500986193293887,-1.152613412228809,-10.219428007889542,-13.97928994082841,True,2.0,True,4.0,True,6.0,MACD_FAIL
GFC_2007_2009,TGT,legacy,MACD_FAIL,2009-10-05,2009-10-06,39.301,GREEN,90.618,89.30254,78.65260500000001,-0.2839651164060476,-0.3256129071631715,-0.2965987853470414,False,2009-10-02,37.767,4.061747027828533,False,,8.783491514210828,-0.14757894201165023,8.783491514210828,-0.14757894201165023,5.274674944657898,4.997328312256677,1.8116587364189085,3.4884608534133887,True,1.0,True,2.0,True,4.0,MACD_FAIL
GFC_2007_2009,JNJ,legacy,MACD_FAIL,2009-10-06,2009-10-07,48.97,GREEN,91.918,89.42730000000002,78.723255,-0.09059671573412895,-0.10880463311583571,-0.09106376237542035,False,2009-10-05,48.296,1.3955607089614075,True,17.0,4.272003267306501,-2.311619358791095,4.272003267306501,-2.311619358791095,0.6309985705534205,0.23483765570757598,-1.0006126199714194,-1.0782111496834723,True,2.0,True,3.0,False,,MACD_FAIL
GFC_2007_2009,LEG,legacy,MACD_FAIL,2009-10-06,2009-10-07,14.616,GREEN,91.918,89.42730000000002,78.723255,-0.11683918893992026,-0.12549245703938178,-0.11302233714790771,False,2009-10-05,14.241,2.633242047609019,False,,14.538861521620138,-1.388888888888884,14.538861521620138,-1.388888888888884,5.890804597701149,2.8872468527640915,4.0161466885604735,3.0582922824302194,True,3.0,True,4.0,True,5.0,MACD_FAIL
GFC_2007_2009,MTB,legacy,MACD_FAIL,2009-10-06,2009-10-07,51.909,GREEN,91.918,89.42730000000002,78.723255,-0.3695397171214744,-0.4726015614603254,-0.4483635203166717,False,2009-10-05,50.452,2.8878934432728043,False,,12.81280702768306,-2.0015796875301084,12.81280702768306,-2.0015796875301084,8.584253212352388,6.973742510932612,4.679342695871624,-1.6124371496272216,True,1.0,True,2.0,True,2.0,MACD_FAIL
GFC_2007_2009,LOW,legacy,MACD_FAIL,2009-10-07,2009-10-08,18.317,GREEN,92.167,89.5651,78.799955,-0.10538453031556128,-0.10044940525635954,-0.12559095617298266,False,2009-09-29,17.645,3.808444318503823,True,13.0,6.22918600207456,-7.47939072992303,6.22918600207456,-3.9580717366381024,4.574984986624453,2.2711142654364913,-3.483103128241538,-3.040890975596433,True,2.0,True,2.0,True,4.0,MACD_FAIL
GFC_2007_2009,EMR,legacy,MACD_FAIL,2009-10-08,2009-10-09,31.869,GREEN,92.872,89.72116,78.8851,-0.22126089824395967,-0.24210911428019954,-0.2405272131010956,False,2009-10-05,31.175,2.2261427425821934,True,15.0,6.084282531613794,-4.242367190686879,3.548903322978436,-3.583419624086104,0.02824060999717659,1.4559603376321784,-3.473595029652643,5.415921428347303,True,3.0,True,10.0,False,,MACD_FAIL
GFC_2007_2009,SNV,legacy,MACD_FAIL,2009-10-22,2009-10-23,20.286,GREEN,95.237,91.20504,79.71601,-0.21015207860237298,-0.2852772412538109,-0.21308239494141917,False,2009-10-21,20.286,0.0,True,0.0,1.552795031055898,-51.70068027210885,1.552795031055898,-13.92586019915214,-31.262939958592128,-34.358671004633734,-40.25929212264616,-47.98876072167998,False,,False,,False,,MACD_FAIL
GFC_2007_2009,BDX,legacy,MACD_FAIL,2009-10-29,2009-10-30,59.535,GREEN,92.909,91.77566,80.12507000000001,-0.05845638979679674,-0.12448095597344988,-0.0838477411138916,False,2009-10-27,58.139,2.4011420905072134,False,,12.23985890652559,-0.3812883177962467,12.23985890652559,-0.3812883177962467,4.058117073990086,7.269673301419344,8.717561098513471,10.338456370202408,True,1.0,True,2.0,True,6.0,MACD_FAIL
GFC_2007_2009,CINF,legacy,MACD_FAIL,2009-10-29,2009-10-30,19.836,GREEN,92.909,91.77566,80.12507000000001,-0.06895127270033971,-0.09119068892642716,-0.07980572744933827,False,2009-10-27,19.365,2.4322230828814906,False,,3.5944746924783333,-2.374470659407135,3.5944746924783333,-2.374470659407135,0.4688445251058715,1.7090139140955918,-0.8923169993950375,-0.5444646098003436,True,6.0,True,8.0,False,,MACD_FAIL
GFC_2007_2009,PGR,legacy,MACD_FAIL,2009-10-29,2009-10-30,12.652,GREEN,92.909,91.77566,80.12507000000001,-0.03018441243746633,-0.04522596509334896,-0.030074036826957147,False,2009-10-28,12.351,2.4370496316087564,True,0.0,5.951628201074932,-3.4065760354094143,0.5374644325008004,-2.8612077141953796,-2.0075877331647174,3.8808093582042513,2.3632627252608396,1.8732216250395117,False,,False,,False,,MACD_FAIL
GFC_2007_2009,CTL,legacy,MACD_FAIL,2009-11-02,2009-11-03,20.733,GREEN,90.881,91.84395999999998,80.29243000000001,-0.1017538075399734,-0.11338928565452105,-0.10626482999237044,False,2009-10-28,20.535,0.9642074506939435,False,,12.815318574253599,-0.7958327304297463,12.815318574253599,-0.7958327304297463,6.694641392948419,6.82486856701876,9.55963922249554,12.255824048618136,True,1.0,True,2.0,True,2.0,MACD_FAIL
GFC_2007_2009,TGT,legacy,MACD_FAIL,2009-11-02,2009-11-03,40.564,GREEN,90.881,91.84395999999998,80.29243000000001,-0.1548047107708974,-0.19631290021313225,-0.17605481944946144,False,2009-10-30,39.895,1.6769018674019254,True,11.0,3.8704269795878155,-6.37018045557638,3.8704269795878155,-3.3354698747658063,2.7881865693718533,-0.709989152943491,-3.379844196824777,-2.847352332117148,True,4.0,True,5.0,False,,MACD_FAIL
GFC_2007_2009,SWK,legacy,MACD_FAIL,2009-11-03,2009-11-04,42.484,GREEN,91.168,91.8734,80.397325,-0.011232874404559334,-0.23614045268563655,-0.1915044608938623,False,2009-11-02,38.29,10.953251501697569,False,,3.469541474437432,-2.7516241408530373,3.469541474437432,-2.7516241408530373,1.610017889087656,0.7202711609076262,1.0474531588362757,-1.7018171546935301,True,4.0,True,5.0,False,,MACD_FAIL
GFC_2007_2009,WMT,legacy,MACD_FAIL,2009-11-04,2009-11-05,42.935,GREEN,91.403,91.90405999999999,80.488235,-0.03032293391272524,-0.05461714929497628,-0.0473660067044198,False,2009-11-03,42.094,1.9979094407754028,False,,9.067194596483063,-0.03726563409807149,9.067194596483063,-0.03726563409807149,5.403516944218012,7.977174799114928,8.158844765342966,7.387911959939442,True,2.0,True,2.0,True,5.0,MACD_FAIL
GFC_2007_2009,LOW,legacy,MACD_FAIL,2009-11-06,2009-11-09,18.609,GREEN,93.325,92.03310000000002,80.69783000000001,0.010927225344849856,-0.07619190862762748,-0.1263906887981085,False,2009-10-27,16.947,9.807045494777844,False,,10.081143532699222,-0.6663442420334342,10.081143532699222,-0.6663442420334342,3.374711161266042,4.051802891074208,7.378150357353963,7.990757160513717,True,1.0,True,3.0,True,5.0,MACD_FAIL
GFC_2007_2009,RF,legacy,MACD_FAIL,2009-11-13,2009-11-16,4.4026,GREEN,95.492,92.75496,81.24213,0.004210724166687857,-0.005823441508206073,-0.012343858487365078,False,2009-10-26,4.142,6.291646547561536,False,,22.24140280743199,-1.0221232907827171,22.24140280743199,-1.0221232907827171,16.12229137327943,17.96211329668833,16.12229137327943,8.976513878162894,True,0.0,True,1.0,True,1.0,MACD_FAIL
GFC_2007_2009,ADM,legacy,MACD_FAIL,2009-12-01,2009-12-02,26.369,GREEN,96.944,93.80136,82.532955,-0.1614542748405116,-0.2088933020817232,-0.1983388486777049,False,2009-11-25,25.543,3.2337626747054093,False,,3.159012476771972,-3.52307633964124,3.159012476771972,-3.52307633964124,-1.6762107019606343,0.7698433766923252,1.0656452652736181,0.9935909590807368,True,0.0,True,2.0,False,,MACD_FAIL
GFC_2007_2009,MTB,legacy,MACD_FAIL,2009-12-08,2009-12-09,53.058,GREEN,95.482,94.22126,83.257605,-0.23747089355319156,-0.28542837494705636,-0.1418349161070539,False,2009-12-07,51.296,3.434965689332503,False,,17.41490444419316,-1.9111161370575669,17.41490444419316,-1.9111161370575669,-0.46175882995965756,4.64208978853331,5.63345772550794,16.61012476912058,True,2.0,True,8.0,True,9.0,MACD_FAIL
GFC_2007_2009,WMT,legacy,MACD_FAIL,2009-12-21,2009-12-22,45.442,GREEN,96.973,95.1258,84.79754500000001,-0.2591180258621359,-0.28816123396342813,-0.269143524215509,False,2009-12-17,44.464,2.1995322058294464,False,,3.2546982967298854,-1.4413978257999283,3.2546982967298854,-1.4413978257999283,1.5734342678579205,0.2596716693807455,1.406188107917794,-0.9704678491263663,True,7.0,True,14.0,False,,MACD_FAIL
GFC_2007_2009,KO,legacy,MACD_FAIL,2009-12-22,2009-12-23,23.331,GREEN,97.32,95.19619999999999,84.96978500000002,-0.10866671680684403,-0.10597155683374143,-0.09341525604316442,False,2009-12-21,23.208,0.5299896587383612,True,7.0,1.3415627277013398,-5.8034374866058,1.3415627277013398,-1.8558998757018497,-0.35574986070034953,-3.591787750203601,-1.5987313017016058,-4.993356478504984,False,,False,,False,,MACD_FAIL
